{
    "app_entry": {},
    "app_summary": {},
    "app_type": {},
    "builds": [
        "py27ha92aebf_1",
        "py27h470a237_1",
        "py27ha92aebf_0",
        "py27_0"
    ],
    "conda_platforms": [
        "linux-64",
        "osx-64"
    ],
    "created_at": "2017-04-18 20:01:38.341000+00:00",
    "description": "",
    "dev_url": null,
    "doc_url": null,
    "files": [
        {
            "attrs": {
                "arch": "x86_64",
                "build": "py27_0",
                "build_number": 0,
                "depends": [
                    "libgcc",
                    "matplotlib",
                    "mpmath",
                    "pymix",
                    "python 2.7*",
                    "samtools"
                ],
                "has_prefix": true,
                "license": "NCSA",
                "machine": "x86_64",
                "operatingsystem": "linux",
                "platform": "linux",
                "subdir": "linux-64",
                "target-triplet": "x86_64-any-linux"
            },
            "basename": "linux-64/ale-20160127-py27_0.tar.bz2",
            "dependencies": {
                "depends": [
                    {
                        "name": "libgcc",
                        "specs": []
                    },
                    {
                        "name": "matplotlib",
                        "specs": []
                    },
                    {
                        "name": "mpmath",
                        "specs": []
                    },
                    {
                        "name": "pymix",
                        "specs": []
                    },
                    {
                        "name": "python",
                        "specs": [
                            [
                                "==",
                                "2.7"
                            ]
                        ]
                    },
                    {
                        "name": "samtools",
                        "specs": []
                    }
                ]
            },
            "description": null,
            "distribution_type": "conda",
            "download_url": "//api.anaconda.org/download/bioconda/ale/20160127/linux-64/ale-20160127-py27_0.tar.bz2",
            "full_name": "bioconda/ale/20160127/linux-64/ale-20160127-py27_0.tar.bz2",
            "labels": [
                "main",
                "cf201901"
            ],
            "md5": "82d646f98bc79b764c6c6c01aff767e6",
            "ndownloads": 538,
            "owner": "bioconda",
            "size": 431468,
            "type": "conda",
            "upload_time": "2017-04-18 20:03:29.011000+00:00",
            "version": "20160127"
        },
        {
            "attrs": {
                "arch": "x86_64",
                "build": "py27_0",
                "build_number": 0,
                "depends": [
                    "matplotlib",
                    "mpmath",
                    "pymix",
                    "python 2.7*",
                    "samtools"
                ],
                "has_prefix": true,
                "license": "NCSA",
                "machine": "x86_64",
                "operatingsystem": "darwin",
                "platform": "osx",
                "subdir": "osx-64",
                "target-triplet": "x86_64-any-darwin"
            },
            "basename": "osx-64/ale-20160127-py27_0.tar.bz2",
            "dependencies": {
                "depends": [
                    {
                        "name": "matplotlib",
                        "specs": []
                    },
                    {
                        "name": "mpmath",
                        "specs": []
                    },
                    {
                        "name": "pymix",
                        "specs": []
                    },
                    {
                        "name": "python",
                        "specs": [
                            [
                                "==",
                                "2.7"
                            ]
                        ]
                    },
                    {
                        "name": "samtools",
                        "specs": []
                    }
                ]
            },
            "description": null,
            "distribution_type": "conda",
            "download_url": "//api.anaconda.org/download/bioconda/ale/20160127/osx-64/ale-20160127-py27_0.tar.bz2",
            "full_name": "bioconda/ale/20160127/osx-64/ale-20160127-py27_0.tar.bz2",
            "labels": [
                "main",
                "cf201901"
            ],
            "md5": "7f60c9b9a610dcaf6784c5ce7548584f",
            "ndownloads": 72,
            "owner": "bioconda",
            "size": 203622,
            "type": "conda",
            "upload_time": "2017-04-18 20:01:38.878000+00:00",
            "version": "20160127"
        },
        {
            "attrs": {
                "arch": "x86_64",
                "build": "py27ha92aebf_1",
                "build_number": 1,
                "depends": [
                    "libgcc-ng >=4.9",
                    "matplotlib",
                    "mpmath",
                    "pymix",
                    "python >=2.7,<2.8.0a0",
                    "samtools",
                    "zlib >=1.2.11,<1.3.0a0"
                ],
                "has_prefix": true,
                "license": "NCSA",
                "machine": "x86_64",
                "operatingsystem": "linux",
                "platform": "linux",
                "subdir": "linux-64",
                "target-triplet": "x86_64-any-linux",
                "timestamp": 1532345466285
            },
            "basename": "linux-64/ale-20160127-py27ha92aebf_1.tar.bz2",
            "dependencies": {
                "depends": [
                    {
                        "name": "libgcc-ng",
                        "specs": [
                            [
                                ">=",
                                "4.9"
                            ]
                        ]
                    },
                    {
                        "name": "matplotlib",
                        "specs": []
                    },
                    {
                        "name": "mpmath",
                        "specs": []
                    },
                    {
                        "name": "pymix",
                        "specs": []
                    },
                    {
                        "name": "python",
                        "specs": [
                            [
                                ">=",
                                "2.7,<2.8.0a0"
                            ]
                        ]
                    },
                    {
                        "name": "samtools",
                        "specs": []
                    },
                    {
                        "name": "zlib",
                        "specs": [
                            [
                                ">=",
                                "1.2.11,<1.3.0a0"
                            ]
                        ]
                    }
                ]
            },
            "description": null,
            "distribution_type": "conda",
            "download_url": "//api.anaconda.org/download/bioconda/ale/20160127/linux-64/ale-20160127-py27ha92aebf_1.tar.bz2",
            "full_name": "bioconda/ale/20160127/linux-64/ale-20160127-py27ha92aebf_1.tar.bz2",
            "labels": [
                "main",
                "cf201901"
            ],
            "md5": "4b23f8860ca142c7f02010681feaa9ac",
            "ndownloads": 306,
            "owner": "bioconda",
            "size": 438929,
            "type": "conda",
            "upload_time": "2018-07-23 11:36:10.573000+00:00",
            "version": "20160127"
        },
        {
            "attrs": {
                "arch": "x86_64",
                "build": "py27h470a237_1",
                "build_number": 1,
                "depends": [
                    "matplotlib",
                    "mpmath",
                    "pymix",
                    "python >=2.7,<2.8.0a0",
                    "samtools"
                ],
                "has_prefix": true,
                "license": "NCSA",
                "machine": "x86_64",
                "operatingsystem": "darwin",
                "platform": "osx",
                "subdir": "osx-64",
                "target-triplet": "x86_64-any-darwin",
                "timestamp": 1529857791066
            },
            "basename": "osx-64/ale-20160127-py27h470a237_1.tar.bz2",
            "dependencies": {
                "depends": [
                    {
                        "name": "matplotlib",
                        "specs": []
                    },
                    {
                        "name": "mpmath",
                        "specs": []
                    },
                    {
                        "name": "pymix",
                        "specs": []
                    },
                    {
                        "name": "python",
                        "specs": [
                            [
                                ">=",
                                "2.7,<2.8.0a0"
                            ]
                        ]
                    },
                    {
                        "name": "samtools",
                        "specs": []
                    }
                ]
            },
            "description": null,
            "distribution_type": "conda",
            "download_url": "//api.anaconda.org/download/bioconda/ale/20160127/osx-64/ale-20160127-py27h470a237_1.tar.bz2",
            "full_name": "bioconda/ale/20160127/osx-64/ale-20160127-py27h470a237_1.tar.bz2",
            "labels": [
                "main",
                "cf201901"
            ],
            "md5": "71602e64a72b87301bab1370ad7fe788",
            "ndownloads": 758,
            "owner": "bioconda",
            "size": 201951,
            "type": "conda",
            "upload_time": "2018-06-24 16:30:46.498000+00:00",
            "version": "20160127"
        },
        {
            "attrs": {
                "arch": "x86_64",
                "build": "py27ha92aebf_0",
                "build_number": 0,
                "depends": [
                    "matplotlib",
                    "mpmath",
                    "pymix",
                    "python >=2.7,<2.8.0a0",
                    "samtools",
                    "zlib >=1.2.11,<1.3.0a0"
                ],
                "has_prefix": false,
                "license": "NCSA",
                "machine": "x86_64",
                "operatingsystem": "darwin",
                "platform": "osx",
                "subdir": "osx-64",
                "target-triplet": "x86_64-any-darwin",
                "timestamp": 1536169397717
            },
            "basename": "osx-64/ale-20180904-py27ha92aebf_0.tar.bz2",
            "dependencies": {
                "depends": [
                    {
                        "name": "matplotlib",
                        "specs": []
                    },
                    {
                        "name": "mpmath",
                        "specs": []
                    },
                    {
                        "name": "pymix",
                        "specs": []
                    },
                    {
                        "name": "python",
                        "specs": [
                            [
                                ">=",
                                "2.7,<2.8.0a0"
                            ]
                        ]
                    },
                    {
                        "name": "samtools",
                        "specs": []
                    },
                    {
                        "name": "zlib",
                        "specs": [
                            [
                                ">=",
                                "1.2.11,<1.3.0a0"
                            ]
                        ]
                    }
                ]
            },
            "description": null,
            "distribution_type": "conda",
            "download_url": "//api.anaconda.org/download/bioconda/ale/20180904/osx-64/ale-20180904-py27ha92aebf_0.tar.bz2",
            "full_name": "bioconda/ale/20180904/osx-64/ale-20180904-py27ha92aebf_0.tar.bz2",
            "labels": [
                "main",
                "cf201901"
            ],
            "md5": "6a2d9730e4128caa836a5571bf28245f",
            "ndownloads": 774,
            "owner": "bioconda",
            "size": 202151,
            "type": "conda",
            "upload_time": "2018-09-05 17:44:18.836000+00:00",
            "version": "20180904"
        },
        {
            "attrs": {
                "arch": "x86_64",
                "build": "py27ha92aebf_0",
                "build_number": 0,
                "depends": [
                    "libgcc-ng >=4.9",
                    "matplotlib",
                    "mpmath",
                    "pymix",
                    "python >=2.7,<2.8.0a0",
                    "samtools",
                    "zlib >=1.2.11,<1.3.0a0"
                ],
                "has_prefix": true,
                "license": "NCSA",
                "machine": "x86_64",
                "operatingsystem": "linux",
                "platform": "linux",
                "subdir": "linux-64",
                "target-triplet": "x86_64-any-linux",
                "timestamp": 1536169518098
            },
            "basename": "linux-64/ale-20180904-py27ha92aebf_0.tar.bz2",
            "dependencies": {
                "depends": [
                    {
                        "name": "libgcc-ng",
                        "specs": [
                            [
                                ">=",
                                "4.9"
                            ]
                        ]
                    },
                    {
                        "name": "matplotlib",
                        "specs": []
                    },
                    {
                        "name": "mpmath",
                        "specs": []
                    },
                    {
                        "name": "pymix",
                        "specs": []
                    },
                    {
                        "name": "python",
                        "specs": [
                            [
                                ">=",
                                "2.7,<2.8.0a0"
                            ]
                        ]
                    },
                    {
                        "name": "samtools",
                        "specs": []
                    },
                    {
                        "name": "zlib",
                        "specs": [
                            [
                                ">=",
                                "1.2.11,<1.3.0a0"
                            ]
                        ]
                    }
                ]
            },
            "description": null,
            "distribution_type": "conda",
            "download_url": "//api.anaconda.org/download/bioconda/ale/20180904/linux-64/ale-20180904-py27ha92aebf_0.tar.bz2",
            "full_name": "bioconda/ale/20180904/linux-64/ale-20180904-py27ha92aebf_0.tar.bz2",
            "labels": [
                "main",
                "cf201901"
            ],
            "md5": "eb9287c041f9e66d7cdabd829b3968eb",
            "ndownloads": 332,
            "owner": "bioconda",
            "size": 439616,
            "type": "conda",
            "upload_time": "2018-09-05 17:49:25.235000+00:00",
            "version": "20180904"
        }
    ],
    "full_name": "bioconda/ale",
    "home": "None",
    "html_url": "http://anaconda.org/bioconda/ale",
    "id": "58f670a2716f8946e191e84a",
    "latest_version": "20180904",
    "license": "NCSA",
    "license_url": null,
    "modified_at": "2018-09-05 17:49:25.872000+00:00",
    "name": "ale",
    "owner": {
        "company": "",
        "created_at": "2015-09-11 22:59:20.880000+00:00",
        "description": "Bioconda is a distribution of bioinformatics software realized as a channel for the versatile Conda package manager.",
        "location": "",
        "login": "bioconda",
        "name": "bioconda",
        "url": "",
        "user_type": "org"
    },
    "package_types": [
        "conda"
    ],
    "public": true,
    "releases": [
        {
            "distributions": [],
            "full_name": "bioconda/ale/20160127",
            "version": "20160127"
        },
        {
            "distributions": [],
            "full_name": "bioconda/ale/20180904",
            "version": "20180904"
        }
    ],
    "revision": 4,
    "source_git_tag": null,
    "source_git_url": null,
    "summary": "ALE: Assembly Likelihood Estimator",
    "upvoted": 0,
    "url": "http://api.anaconda.org/packages/bioconda/ale",
    "versions": [
        "20160127",
        "20180904"
    ],
    "watchers": 1
}