{
    "app_entry": {},
    "app_summary": {},
    "app_type": {},
    "builds": [
        "haa8b8d8_8",
        "h82bc0eb_7",
        "h82bc0eb_8",
        "haa8b8d8_7",
        "3",
        "2",
        "h5901010_5",
        "4",
        "h5901010_6"
    ],
    "conda_platforms": [
        "linux-64",
        "osx-64"
    ],
    "created_at": "2018-09-05 22:57:47.346000+00:00",
    "description": "",
    "dev_url": null,
    "doc_url": null,
    "files": [
        {
            "attrs": {
                "arch": "x86_64",
                "build": "2",
                "build_number": 2,
                "depends": [
                    "libarbdb 6.0.6 2"
                ],
                "has_prefix": false,
                "license": "ARB",
                "machine": "x86_64",
                "operatingsystem": "linux",
                "platform": "linux",
                "subdir": "linux-64",
                "target-triplet": "x86_64-any-linux",
                "timestamp": 1536187855691
            },
            "basename": "linux-64/arb-bio-tools-6.0.6-2.tar.bz2",
            "dependencies": {
                "depends": [
                    {
                        "name": "libarbdb",
                        "specs": [
                            [
                                "==",
                                "6.0.6 2"
                            ]
                        ]
                    }
                ]
            },
            "description": null,
            "distribution_type": "conda",
            "download_url": "//api.anaconda.org/download/bioconda/arb-bio-tools/6.0.6/linux-64/arb-bio-tools-6.0.6-2.tar.bz2",
            "full_name": "bioconda/arb-bio-tools/6.0.6/linux-64/arb-bio-tools-6.0.6-2.tar.bz2",
            "labels": [
                "broken"
            ],
            "md5": "be16edccee004ad868ac3d4fd3631528",
            "ndownloads": 30,
            "owner": "bioconda",
            "size": 665346,
            "type": "conda",
            "upload_time": "2018-09-05 22:57:47.991000+00:00",
            "version": "6.0.6"
        },
        {
            "attrs": {
                "arch": "x86_64",
                "build": "2",
                "build_number": 2,
                "depends": [
                    "libarbdb 6.0.6 2"
                ],
                "has_prefix": false,
                "license": "ARB",
                "machine": "x86_64",
                "operatingsystem": "darwin",
                "platform": "osx",
                "subdir": "osx-64",
                "target-triplet": "x86_64-any-darwin",
                "timestamp": 1536188783986
            },
            "basename": "osx-64/arb-bio-tools-6.0.6-2.tar.bz2",
            "dependencies": {
                "depends": [
                    {
                        "name": "libarbdb",
                        "specs": [
                            [
                                "==",
                                "6.0.6 2"
                            ]
                        ]
                    }
                ]
            },
            "description": null,
            "distribution_type": "conda",
            "download_url": "//api.anaconda.org/download/bioconda/arb-bio-tools/6.0.6/osx-64/arb-bio-tools-6.0.6-2.tar.bz2",
            "full_name": "bioconda/arb-bio-tools/6.0.6/osx-64/arb-bio-tools-6.0.6-2.tar.bz2",
            "labels": [
                "broken"
            ],
            "md5": "e0f58c8f7dcca6c70ed7c76e81b3534f",
            "ndownloads": 23,
            "owner": "bioconda",
            "size": 2357287,
            "type": "conda",
            "upload_time": "2018-09-05 23:09:06.980000+00:00",
            "version": "6.0.6"
        },
        {
            "attrs": {
                "arch": "x86_64",
                "build": "3",
                "build_number": 3,
                "depends": [
                    "libarbdb 6.0.6 3"
                ],
                "has_prefix": false,
                "license": "ARB",
                "machine": "x86_64",
                "operatingsystem": "darwin",
                "platform": "osx",
                "subdir": "osx-64",
                "target-triplet": "x86_64-any-darwin",
                "timestamp": 1536286412839
            },
            "basename": "osx-64/arb-bio-tools-6.0.6-3.tar.bz2",
            "dependencies": {
                "depends": [
                    {
                        "name": "libarbdb",
                        "specs": [
                            [
                                "==",
                                "6.0.6 3"
                            ]
                        ]
                    }
                ]
            },
            "description": null,
            "distribution_type": "conda",
            "download_url": "//api.anaconda.org/download/bioconda/arb-bio-tools/6.0.6/osx-64/arb-bio-tools-6.0.6-3.tar.bz2",
            "full_name": "bioconda/arb-bio-tools/6.0.6/osx-64/arb-bio-tools-6.0.6-3.tar.bz2",
            "labels": [
                "main",
                "cf201901"
            ],
            "md5": "ef7d3caedae837646a882713b62b27e8",
            "ndownloads": 127,
            "owner": "bioconda",
            "size": 2357161,
            "type": "conda",
            "upload_time": "2018-09-07 02:16:12.491000+00:00",
            "version": "6.0.6"
        },
        {
            "attrs": {
                "arch": "x86_64",
                "build": "3",
                "build_number": 3,
                "depends": [
                    "libarbdb 6.0.6 3"
                ],
                "has_prefix": false,
                "license": "ARB",
                "machine": "x86_64",
                "operatingsystem": "linux",
                "platform": "linux",
                "subdir": "linux-64",
                "target-triplet": "x86_64-any-linux",
                "timestamp": 1536285482433
            },
            "basename": "linux-64/arb-bio-tools-6.0.6-3.tar.bz2",
            "dependencies": {
                "depends": [
                    {
                        "name": "libarbdb",
                        "specs": [
                            [
                                "==",
                                "6.0.6 3"
                            ]
                        ]
                    }
                ]
            },
            "description": null,
            "distribution_type": "conda",
            "download_url": "//api.anaconda.org/download/bioconda/arb-bio-tools/6.0.6/linux-64/arb-bio-tools-6.0.6-3.tar.bz2",
            "full_name": "bioconda/arb-bio-tools/6.0.6/linux-64/arb-bio-tools-6.0.6-3.tar.bz2",
            "labels": [
                "main",
                "cf201901"
            ],
            "md5": "41b22ea9144e9c28318852c42a551fb4",
            "ndownloads": 222,
            "owner": "bioconda",
            "size": 665428,
            "type": "conda",
            "upload_time": "2018-09-07 02:03:44.869000+00:00",
            "version": "6.0.6"
        },
        {
            "attrs": {
                "arch": "x86_64",
                "build": "4",
                "build_number": 4,
                "depends": [
                    "libarbdb 6.0.6 4"
                ],
                "has_prefix": false,
                "license": "ARB",
                "machine": "x86_64",
                "operatingsystem": "linux",
                "platform": "linux",
                "subdir": "linux-64",
                "target-triplet": "x86_64-any-linux",
                "timestamp": 1536611714179
            },
            "basename": "linux-64/arb-bio-tools-6.0.6-4.tar.bz2",
            "dependencies": {
                "depends": [
                    {
                        "name": "libarbdb",
                        "specs": [
                            [
                                "==",
                                "6.0.6 4"
                            ]
                        ]
                    }
                ]
            },
            "description": null,
            "distribution_type": "conda",
            "download_url": "//api.anaconda.org/download/bioconda/arb-bio-tools/6.0.6/linux-64/arb-bio-tools-6.0.6-4.tar.bz2",
            "full_name": "bioconda/arb-bio-tools/6.0.6/linux-64/arb-bio-tools-6.0.6-4.tar.bz2",
            "labels": [
                "main",
                "cf201901"
            ],
            "md5": "dbbe39f0c61110801841761cb8c0bee7",
            "ndownloads": 2580,
            "owner": "bioconda",
            "size": 665190,
            "type": "conda",
            "upload_time": "2018-09-10 20:41:21.219000+00:00",
            "version": "6.0.6"
        },
        {
            "attrs": {
                "arch": "x86_64",
                "build": "h5901010_5",
                "build_number": 5,
                "depends": [
                    "glib >=2.56.2,<2.57.0a0",
                    "libarbdb 6.0.6 h5901010_5",
                    "libstdcxx-ng >=4.9"
                ],
                "has_prefix": false,
                "license": "ARB",
                "machine": "x86_64",
                "operatingsystem": "linux",
                "platform": "linux",
                "subdir": "linux-64",
                "target-triplet": "x86_64-any-linux",
                "timestamp": 1543522079421
            },
            "basename": "linux-64/arb-bio-tools-6.0.6-h5901010_5.tar.bz2",
            "dependencies": {
                "depends": [
                    {
                        "name": "glib",
                        "specs": [
                            [
                                ">=",
                                "2.56.2,<2.57.0a0"
                            ]
                        ]
                    },
                    {
                        "name": "libarbdb",
                        "specs": [
                            [
                                "==",
                                "6.0.6 h5901010_5"
                            ]
                        ]
                    },
                    {
                        "name": "libstdcxx-ng",
                        "specs": [
                            [
                                ">=",
                                "4.9"
                            ]
                        ]
                    }
                ]
            },
            "description": null,
            "distribution_type": "conda",
            "download_url": "//api.anaconda.org/download/bioconda/arb-bio-tools/6.0.6/linux-64/arb-bio-tools-6.0.6-h5901010_5.tar.bz2",
            "full_name": "bioconda/arb-bio-tools/6.0.6/linux-64/arb-bio-tools-6.0.6-h5901010_5.tar.bz2",
            "labels": [
                "main",
                "cf201901"
            ],
            "md5": "5fb2cfd1b5c3ecaa09eac63886a3924a",
            "ndownloads": 2713,
            "owner": "bioconda",
            "size": 667090,
            "type": "conda",
            "upload_time": "2018-11-29 20:19:44.621000+00:00",
            "version": "6.0.6"
        },
        {
            "attrs": {
                "arch": "x86_64",
                "build": "h5901010_5",
                "build_number": 5,
                "depends": [
                    "glib >=2.56.2,<2.57.0a0",
                    "libarbdb 6.0.6 h5901010_5"
                ],
                "has_prefix": false,
                "license": "ARB",
                "machine": "x86_64",
                "operatingsystem": "darwin",
                "platform": "osx",
                "subdir": "osx-64",
                "target-triplet": "x86_64-any-darwin",
                "timestamp": 1543522039836
            },
            "basename": "osx-64/arb-bio-tools-6.0.6-h5901010_5.tar.bz2",
            "dependencies": {
                "depends": [
                    {
                        "name": "glib",
                        "specs": [
                            [
                                ">=",
                                "2.56.2,<2.57.0a0"
                            ]
                        ]
                    },
                    {
                        "name": "libarbdb",
                        "specs": [
                            [
                                "==",
                                "6.0.6 h5901010_5"
                            ]
                        ]
                    }
                ]
            },
            "description": null,
            "distribution_type": "conda",
            "download_url": "//api.anaconda.org/download/bioconda/arb-bio-tools/6.0.6/osx-64/arb-bio-tools-6.0.6-h5901010_5.tar.bz2",
            "full_name": "bioconda/arb-bio-tools/6.0.6/osx-64/arb-bio-tools-6.0.6-h5901010_5.tar.bz2",
            "labels": [
                "main",
                "cf201901"
            ],
            "md5": "4096c8776491595e5b948d93826407aa",
            "ndownloads": 34,
            "owner": "bioconda",
            "size": 387272,
            "type": "conda",
            "upload_time": "2018-11-29 20:17:56.412000+00:00",
            "version": "6.0.6"
        },
        {
            "attrs": {
                "arch": "x86_64",
                "build": "4",
                "build_number": 4,
                "depends": [
                    "libarbdb 6.0.6 4"
                ],
                "has_prefix": false,
                "license": "ARB",
                "machine": "x86_64",
                "operatingsystem": "darwin",
                "platform": "osx",
                "subdir": "osx-64",
                "target-triplet": "x86_64-any-darwin",
                "timestamp": 1536611699883
            },
            "basename": "osx-64/arb-bio-tools-6.0.6-4.tar.bz2",
            "dependencies": {
                "depends": [
                    {
                        "name": "libarbdb",
                        "specs": [
                            [
                                "==",
                                "6.0.6 4"
                            ]
                        ]
                    }
                ]
            },
            "description": null,
            "distribution_type": "conda",
            "download_url": "//api.anaconda.org/download/bioconda/arb-bio-tools/6.0.6/osx-64/arb-bio-tools-6.0.6-4.tar.bz2",
            "full_name": "bioconda/arb-bio-tools/6.0.6/osx-64/arb-bio-tools-6.0.6-4.tar.bz2",
            "labels": [
                "main",
                "cf201901"
            ],
            "md5": "c3e8cf9a73b89196e1dd5b8ba851b9ab",
            "ndownloads": 3548,
            "owner": "bioconda",
            "size": 384794,
            "type": "conda",
            "upload_time": "2018-09-10 20:45:42.123000+00:00",
            "version": "6.0.6"
        },
        {
            "attrs": {
                "arch": "x86_64",
                "build": "h5901010_6",
                "build_number": 6,
                "depends": [
                    "glib >=2.56.2,<2.57.0a0",
                    "libarbdb 6.0.6 h5901010_6",
                    "libstdcxx-ng >=4.9"
                ],
                "has_prefix": false,
                "license": "ARB",
                "machine": "x86_64",
                "operatingsystem": "linux",
                "platform": "linux",
                "subdir": "linux-64",
                "target-triplet": "x86_64-any-linux",
                "timestamp": 1548455046190
            },
            "basename": "linux-64/arb-bio-tools-6.0.6-h5901010_6.tar.bz2",
            "dependencies": {
                "depends": [
                    {
                        "name": "glib",
                        "specs": [
                            [
                                ">=",
                                "2.56.2,<2.57.0a0"
                            ]
                        ]
                    },
                    {
                        "name": "libarbdb",
                        "specs": [
                            [
                                "==",
                                "6.0.6 h5901010_6"
                            ]
                        ]
                    },
                    {
                        "name": "libstdcxx-ng",
                        "specs": [
                            [
                                ">=",
                                "4.9"
                            ]
                        ]
                    }
                ]
            },
            "description": null,
            "distribution_type": "conda",
            "download_url": "//api.anaconda.org/download/bioconda/arb-bio-tools/6.0.6/linux-64/arb-bio-tools-6.0.6-h5901010_6.tar.bz2",
            "full_name": "bioconda/arb-bio-tools/6.0.6/linux-64/arb-bio-tools-6.0.6-h5901010_6.tar.bz2",
            "labels": [
                "main"
            ],
            "md5": "79e0e52fca632429c18e7fc438cefb1f",
            "ndownloads": 5919,
            "owner": "bioconda",
            "size": 667906,
            "type": "conda",
            "upload_time": "2019-01-25 22:36:12.217000+00:00",
            "version": "6.0.6"
        },
        {
            "attrs": {
                "arch": "x86_64",
                "build": "h5901010_6",
                "build_number": 6,
                "depends": [
                    "glib >=2.56.2,<2.57.0a0",
                    "libarbdb 6.0.6 h5901010_6"
                ],
                "has_prefix": false,
                "license": "ARB",
                "machine": "x86_64",
                "operatingsystem": "darwin",
                "platform": "osx",
                "subdir": "osx-64",
                "target-triplet": "x86_64-any-darwin",
                "timestamp": 1548455677327
            },
            "basename": "osx-64/arb-bio-tools-6.0.6-h5901010_6.tar.bz2",
            "dependencies": {
                "depends": [
                    {
                        "name": "glib",
                        "specs": [
                            [
                                ">=",
                                "2.56.2,<2.57.0a0"
                            ]
                        ]
                    },
                    {
                        "name": "libarbdb",
                        "specs": [
                            [
                                "==",
                                "6.0.6 h5901010_6"
                            ]
                        ]
                    }
                ]
            },
            "description": null,
            "distribution_type": "conda",
            "download_url": "//api.anaconda.org/download/bioconda/arb-bio-tools/6.0.6/osx-64/arb-bio-tools-6.0.6-h5901010_6.tar.bz2",
            "full_name": "bioconda/arb-bio-tools/6.0.6/osx-64/arb-bio-tools-6.0.6-h5901010_6.tar.bz2",
            "labels": [
                "main"
            ],
            "md5": "91205271e89e6bb31025213d5b3fe142",
            "ndownloads": 1868,
            "owner": "bioconda",
            "size": 388097,
            "type": "conda",
            "upload_time": "2019-01-25 22:44:37.150000+00:00",
            "version": "6.0.6"
        },
        {
            "attrs": {
                "arch": "x86_64",
                "build": "h82bc0eb_7",
                "build_number": 7,
                "depends": [
                    "glib >=2.58.2,<3.0a0",
                    "libarbdb 6.0.6 h82bc0eb_7",
                    "libcxx >=4.0.1"
                ],
                "has_prefix": false,
                "license": "ARB",
                "machine": "x86_64",
                "operatingsystem": "darwin",
                "platform": "osx",
                "subdir": "osx-64",
                "target-triplet": "x86_64-any-darwin",
                "timestamp": 1550120510122
            },
            "basename": "osx-64/arb-bio-tools-6.0.6-h82bc0eb_7.tar.bz2",
            "dependencies": {
                "depends": [
                    {
                        "name": "glib",
                        "specs": [
                            [
                                ">=",
                                "2.58.2,<3.0a0"
                            ]
                        ]
                    },
                    {
                        "name": "libarbdb",
                        "specs": [
                            [
                                "==",
                                "6.0.6 h82bc0eb_7"
                            ]
                        ]
                    },
                    {
                        "name": "libcxx",
                        "specs": [
                            [
                                ">=",
                                "4.0.1"
                            ]
                        ]
                    }
                ]
            },
            "description": null,
            "distribution_type": "conda",
            "download_url": "//api.anaconda.org/download/bioconda/arb-bio-tools/6.0.6/osx-64/arb-bio-tools-6.0.6-h82bc0eb_7.tar.bz2",
            "full_name": "bioconda/arb-bio-tools/6.0.6/osx-64/arb-bio-tools-6.0.6-h82bc0eb_7.tar.bz2",
            "labels": [
                "main"
            ],
            "md5": "8d993961b162c048848a5a6a7ca55f37",
            "ndownloads": 137,
            "owner": "bioconda",
            "size": 528525,
            "type": "conda",
            "upload_time": "2019-02-14 05:05:46.617000+00:00",
            "version": "6.0.6"
        },
        {
            "attrs": {
                "arch": "x86_64",
                "build": "haa8b8d8_7",
                "build_number": 7,
                "depends": [
                    "glib >=2.58.2,<3.0a0",
                    "libarbdb 6.0.6 haa8b8d8_7",
                    "libgcc-ng >=7.3.0",
                    "libstdcxx-ng >=7.3.0"
                ],
                "has_prefix": false,
                "license": "ARB",
                "machine": "x86_64",
                "operatingsystem": "linux",
                "platform": "linux",
                "subdir": "linux-64",
                "target-triplet": "x86_64-any-linux",
                "timestamp": 1550120593776
            },
            "basename": "linux-64/arb-bio-tools-6.0.6-haa8b8d8_7.tar.bz2",
            "dependencies": {
                "depends": [
                    {
                        "name": "glib",
                        "specs": [
                            [
                                ">=",
                                "2.58.2,<3.0a0"
                            ]
                        ]
                    },
                    {
                        "name": "libarbdb",
                        "specs": [
                            [
                                "==",
                                "6.0.6 haa8b8d8_7"
                            ]
                        ]
                    },
                    {
                        "name": "libgcc-ng",
                        "specs": [
                            [
                                ">=",
                                "7.3.0"
                            ]
                        ]
                    },
                    {
                        "name": "libstdcxx-ng",
                        "specs": [
                            [
                                ">=",
                                "7.3.0"
                            ]
                        ]
                    }
                ]
            },
            "description": null,
            "distribution_type": "conda",
            "download_url": "//api.anaconda.org/download/bioconda/arb-bio-tools/6.0.6/linux-64/arb-bio-tools-6.0.6-haa8b8d8_7.tar.bz2",
            "full_name": "bioconda/arb-bio-tools/6.0.6/linux-64/arb-bio-tools-6.0.6-haa8b8d8_7.tar.bz2",
            "labels": [
                "main"
            ],
            "md5": "6dbc5e414ab5ea5a66f3541d71444587",
            "ndownloads": 93,
            "owner": "bioconda",
            "size": 688497,
            "type": "conda",
            "upload_time": "2019-02-14 05:14:07.635000+00:00",
            "version": "6.0.6"
        },
        {
            "attrs": {
                "arch": "x86_64",
                "build": "h82bc0eb_8",
                "build_number": 8,
                "depends": [
                    "glib >=2.58.2,<3.0a0",
                    "libarbdb 6.0.6 h82bc0eb_8",
                    "libcxx >=4.0.1"
                ],
                "has_prefix": false,
                "license": "ARB",
                "machine": "x86_64",
                "operatingsystem": "darwin",
                "platform": "osx",
                "subdir": "osx-64",
                "target-triplet": "x86_64-any-darwin",
                "timestamp": 1550177488892
            },
            "basename": "osx-64/arb-bio-tools-6.0.6-h82bc0eb_8.tar.bz2",
            "dependencies": {
                "depends": [
                    {
                        "name": "glib",
                        "specs": [
                            [
                                ">=",
                                "2.58.2,<3.0a0"
                            ]
                        ]
                    },
                    {
                        "name": "libarbdb",
                        "specs": [
                            [
                                "==",
                                "6.0.6 h82bc0eb_8"
                            ]
                        ]
                    },
                    {
                        "name": "libcxx",
                        "specs": [
                            [
                                ">=",
                                "4.0.1"
                            ]
                        ]
                    }
                ]
            },
            "description": null,
            "distribution_type": "conda",
            "download_url": "//api.anaconda.org/download/bioconda/arb-bio-tools/6.0.6/osx-64/arb-bio-tools-6.0.6-h82bc0eb_8.tar.bz2",
            "full_name": "bioconda/arb-bio-tools/6.0.6/osx-64/arb-bio-tools-6.0.6-h82bc0eb_8.tar.bz2",
            "labels": [
                "main"
            ],
            "md5": "2d260a37e7394d2fa8ee85ce6d4dadaa",
            "ndownloads": 1700,
            "owner": "bioconda",
            "size": 528485,
            "type": "conda",
            "upload_time": "2019-02-14 20:55:43.346000+00:00",
            "version": "6.0.6"
        },
        {
            "attrs": {
                "arch": "x86_64",
                "build": "haa8b8d8_8",
                "build_number": 8,
                "depends": [
                    "glib >=2.58.2,<3.0a0",
                    "libarbdb 6.0.6 haa8b8d8_8",
                    "libgcc-ng >=7.3.0",
                    "libstdcxx-ng >=7.3.0"
                ],
                "has_prefix": false,
                "license": "ARB",
                "machine": "x86_64",
                "operatingsystem": "linux",
                "platform": "linux",
                "subdir": "linux-64",
                "target-triplet": "x86_64-any-linux",
                "timestamp": 1550177548497
            },
            "basename": "linux-64/arb-bio-tools-6.0.6-haa8b8d8_8.tar.bz2",
            "dependencies": {
                "depends": [
                    {
                        "name": "glib",
                        "specs": [
                            [
                                ">=",
                                "2.58.2,<3.0a0"
                            ]
                        ]
                    },
                    {
                        "name": "libarbdb",
                        "specs": [
                            [
                                "==",
                                "6.0.6 haa8b8d8_8"
                            ]
                        ]
                    },
                    {
                        "name": "libgcc-ng",
                        "specs": [
                            [
                                ">=",
                                "7.3.0"
                            ]
                        ]
                    },
                    {
                        "name": "libstdcxx-ng",
                        "specs": [
                            [
                                ">=",
                                "7.3.0"
                            ]
                        ]
                    }
                ]
            },
            "description": null,
            "distribution_type": "conda",
            "download_url": "//api.anaconda.org/download/bioconda/arb-bio-tools/6.0.6/linux-64/arb-bio-tools-6.0.6-haa8b8d8_8.tar.bz2",
            "full_name": "bioconda/arb-bio-tools/6.0.6/linux-64/arb-bio-tools-6.0.6-haa8b8d8_8.tar.bz2",
            "labels": [
                "main"
            ],
            "md5": "b666afce3d3be82e21804df08f9c2240",
            "ndownloads": 9051,
            "owner": "bioconda",
            "size": 688698,
            "type": "conda",
            "upload_time": "2019-02-14 21:03:45.891000+00:00",
            "version": "6.0.6"
        }
    ],
    "full_name": "bioconda/arb-bio-tools",
    "home": "http://www.arb-home.de",
    "html_url": "http://anaconda.org/bioconda/arb-bio-tools",
    "id": "5b905f6bdc5508135e559f27",
    "latest_version": "6.0.6",
    "license": "ARB",
    "license_url": null,
    "modified_at": "2019-02-14 21:03:46.387000+00:00",
    "name": "arb-bio-tools",
    "owner": {
        "company": "",
        "created_at": "2015-09-11 22:59:20.880000+00:00",
        "description": "Bioconda is a distribution of bioinformatics software realized as a channel for the versatile Conda package manager.",
        "location": "",
        "login": "bioconda",
        "name": "bioconda",
        "url": "",
        "user_type": "org"
    },
    "package_types": [
        "conda"
    ],
    "public": true,
    "releases": [
        {
            "distributions": [],
            "full_name": "bioconda/arb-bio-tools/6.0.6",
            "version": "6.0.6"
        }
    ],
    "revision": 2,
    "source_git_tag": null,
    "source_git_url": null,
    "summary": "ARB 6 Sequence Analysis Suite",
    "upvoted": 0,
    "url": "http://api.anaconda.org/packages/bioconda/arb-bio-tools",
    "versions": [
        "6.0.6"
    ],
    "watchers": 1
}