{
    "app_entry": {},
    "app_summary": {},
    "app_type": {},
    "builds": [
        "py_0"
    ],
    "conda_platforms": [
        "noarch"
    ],
    "created_at": "2019-10-08 18:59:37.851000+00:00",
    "description": "",
    "dev_url": null,
    "doc_url": null,
    "files": [
        {
            "attrs": {
                "arch": null,
                "build": "py_0",
                "build_number": 0,
                "depends": [
                    "multisplitby",
                    "python >=3.5",
                    "requests",
                    "requests-file"
                ],
                "has_prefix": false,
                "license": "MIT",
                "license_family": "MIT",
                "machine": null,
                "noarch": "python",
                "operatingsystem": null,
                "platform": null,
                "subdir": "noarch",
                "target-triplet": "None-any-None",
                "timestamp": 1570561007448
            },
            "basename": "noarch/bel-resources-0.0.2-py_0.tar.bz2",
            "dependencies": {
                "depends": [
                    {
                        "name": "multisplitby",
                        "specs": []
                    },
                    {
                        "name": "python",
                        "specs": [
                            [
                                ">=",
                                "3.5"
                            ]
                        ]
                    },
                    {
                        "name": "requests",
                        "specs": []
                    },
                    {
                        "name": "requests-file",
                        "specs": []
                    }
                ]
            },
            "description": null,
            "distribution_type": "conda",
            "download_url": "//api.anaconda.org/download/bioconda/bel-resources/0.0.2/noarch/bel-resources-0.0.2-py_0.tar.bz2",
            "full_name": "bioconda/bel-resources/0.0.2/noarch/bel-resources-0.0.2-py_0.tar.bz2",
            "labels": [
                "main"
            ],
            "md5": "0e4dee2fdbdcee61b14b004a2999a854",
            "ndownloads": 39,
            "owner": "bioconda",
            "size": 15173,
            "type": "conda",
            "upload_time": "2019-10-08 18:59:38.697000+00:00",
            "version": "0.0.2"
        },
        {
            "attrs": {
                "arch": null,
                "build": "py_0",
                "build_number": 0,
                "depends": [
                    "multisplitby",
                    "python >=3.5",
                    "requests",
                    "requests-file"
                ],
                "has_prefix": false,
                "license": "MIT",
                "license_family": "MIT",
                "machine": null,
                "noarch": "python",
                "operatingsystem": null,
                "platform": null,
                "subdir": "noarch",
                "target-triplet": "None-any-None",
                "timestamp": 1573829205250
            },
            "basename": "noarch/bel-resources-0.0.3-py_0.tar.bz2",
            "dependencies": {
                "depends": [
                    {
                        "name": "multisplitby",
                        "specs": []
                    },
                    {
                        "name": "python",
                        "specs": [
                            [
                                ">=",
                                "3.5"
                            ]
                        ]
                    },
                    {
                        "name": "requests",
                        "specs": []
                    },
                    {
                        "name": "requests-file",
                        "specs": []
                    }
                ]
            },
            "description": null,
            "distribution_type": "conda",
            "download_url": "//api.anaconda.org/download/bioconda/bel-resources/0.0.3/noarch/bel-resources-0.0.3-py_0.tar.bz2",
            "full_name": "bioconda/bel-resources/0.0.3/noarch/bel-resources-0.0.3-py_0.tar.bz2",
            "labels": [
                "main"
            ],
            "md5": "2c68d550b839e25ecd72c08fc90d59da",
            "ndownloads": 35,
            "owner": "bioconda",
            "size": 18454,
            "type": "conda",
            "upload_time": "2019-11-15 14:49:46.589000+00:00",
            "version": "0.0.3"
        }
    ],
    "full_name": "bioconda/bel-resources",
    "home": "https://github.com/pybel/bel-resources",
    "html_url": "http://anaconda.org/bioconda/bel-resources",
    "id": "5d9cdc99fe6b2a65c40a3ca7",
    "latest_version": "0.0.3",
    "license": "MIT",
    "license_url": null,
    "modified_at": "2019-11-15 14:49:46.911000+00:00",
    "name": "bel-resources",
    "owner": {
        "company": "",
        "created_at": "2015-09-11 22:59:20.880000+00:00",
        "description": "Bioconda is a distribution of bioinformatics software realized as a channel for the versatile Conda package manager.",
        "location": "",
        "login": "bioconda",
        "name": "bioconda",
        "url": "",
        "user_type": "org"
    },
    "package_types": [
        "conda"
    ],
    "public": true,
    "releases": [
        {
            "distributions": [],
            "full_name": "bioconda/bel-resources/0.0.2",
            "version": "0.0.2"
        },
        {
            "distributions": [],
            "full_name": "bioconda/bel-resources/0.0.3",
            "version": "0.0.3"
        }
    ],
    "revision": 4,
    "source_git_tag": null,
    "source_git_url": null,
    "summary": "Utilities for BEL resource files.",
    "upvoted": 0,
    "url": "http://api.anaconda.org/packages/bioconda/bel-resources",
    "versions": [
        "0.0.2",
        "0.0.3"
    ],
    "watchers": 1
}