{
    "app_entry": {},
    "app_summary": {},
    "app_type": {},
    "builds": [
        "py_0",
        "py27_2",
        "py27_1",
        "py27_0"
    ],
    "conda_platforms": [
        "linux-64",
        "noarch",
        "osx-64"
    ],
    "created_at": "2017-10-26 07:34:49.042000+00:00",
    "description": "",
    "dev_url": null,
    "doc_url": null,
    "files": [
        {
            "attrs": {
                "arch": "x86_64",
                "build": "py27_0",
                "build_number": 0,
                "depends": [
                    "biopython",
                    "checkm-genome",
                    "pandas >=0.13.0",
                    "python 2.7*",
                    "scikit-learn",
                    "scipy >=0.13.0"
                ],
                "has_prefix": true,
                "license": "GPL3",
                "license_family": "GPL3",
                "machine": "x86_64",
                "operatingsystem": "linux",
                "platform": "linux",
                "subdir": "linux-64",
                "target-triplet": "x86_64-any-linux"
            },
            "basename": "linux-64/binsanity-0.2.6.1-py27_0.tar.bz2",
            "dependencies": {
                "depends": [
                    {
                        "name": "biopython",
                        "specs": []
                    },
                    {
                        "name": "checkm-genome",
                        "specs": []
                    },
                    {
                        "name": "pandas",
                        "specs": [
                            [
                                ">=",
                                "0.13.0"
                            ]
                        ]
                    },
                    {
                        "name": "python",
                        "specs": [
                            [
                                "==",
                                "2.7"
                            ]
                        ]
                    },
                    {
                        "name": "scikit-learn",
                        "specs": []
                    },
                    {
                        "name": "scipy",
                        "specs": [
                            [
                                ">=",
                                "0.13.0"
                            ]
                        ]
                    }
                ]
            },
            "description": null,
            "distribution_type": "conda",
            "download_url": "//api.anaconda.org/download/bioconda/binsanity/0.2.6.1/linux-64/binsanity-0.2.6.1-py27_0.tar.bz2",
            "full_name": "bioconda/binsanity/0.2.6.1/linux-64/binsanity-0.2.6.1-py27_0.tar.bz2",
            "labels": [
                "main",
                "cf201901"
            ],
            "md5": "6443d8897e1550ea167c8bb0cf2688c5",
            "ndownloads": 605,
            "owner": "bioconda",
            "size": 20511,
            "type": "conda",
            "upload_time": "2017-10-26 07:34:49.604000+00:00",
            "version": "0.2.6.1"
        },
        {
            "attrs": {
                "arch": "x86_64",
                "build": "py27_0",
                "build_number": 0,
                "depends": [
                    "biopython",
                    "checkm-genome",
                    "pandas >=0.13.0",
                    "python 2.7*",
                    "scikit-learn",
                    "scipy >=0.13.0"
                ],
                "has_prefix": true,
                "license": "GPL3",
                "license_family": "GPL3",
                "machine": "x86_64",
                "operatingsystem": "darwin",
                "platform": "osx",
                "subdir": "osx-64",
                "target-triplet": "x86_64-any-darwin"
            },
            "basename": "osx-64/binsanity-0.2.6.1-py27_0.tar.bz2",
            "dependencies": {
                "depends": [
                    {
                        "name": "biopython",
                        "specs": []
                    },
                    {
                        "name": "checkm-genome",
                        "specs": []
                    },
                    {
                        "name": "pandas",
                        "specs": [
                            [
                                ">=",
                                "0.13.0"
                            ]
                        ]
                    },
                    {
                        "name": "python",
                        "specs": [
                            [
                                "==",
                                "2.7"
                            ]
                        ]
                    },
                    {
                        "name": "scikit-learn",
                        "specs": []
                    },
                    {
                        "name": "scipy",
                        "specs": [
                            [
                                ">=",
                                "0.13.0"
                            ]
                        ]
                    }
                ]
            },
            "description": null,
            "distribution_type": "conda",
            "download_url": "//api.anaconda.org/download/bioconda/binsanity/0.2.6.1/osx-64/binsanity-0.2.6.1-py27_0.tar.bz2",
            "full_name": "bioconda/binsanity/0.2.6.1/osx-64/binsanity-0.2.6.1-py27_0.tar.bz2",
            "labels": [
                "main",
                "cf201901"
            ],
            "md5": "d651aac9a8f6f139940afac0bd0f0777",
            "ndownloads": 286,
            "owner": "bioconda",
            "size": 20035,
            "type": "conda",
            "upload_time": "2017-10-26 07:38:00.484000+00:00",
            "version": "0.2.6.1"
        },
        {
            "attrs": {
                "arch": "x86_64",
                "build": "py27_1",
                "build_number": 1,
                "depends": [
                    "biopython",
                    "checkm-genome",
                    "pandas >=0.13.0",
                    "python 2.7*",
                    "scikit-learn",
                    "scipy >=0.13.0",
                    "subread"
                ],
                "has_prefix": true,
                "license": "GPL3",
                "license_family": "GPL3",
                "machine": "x86_64",
                "operatingsystem": "darwin",
                "platform": "osx",
                "subdir": "osx-64",
                "target-triplet": "x86_64-any-darwin"
            },
            "basename": "osx-64/binsanity-0.2.6.1-py27_1.tar.bz2",
            "dependencies": {
                "depends": [
                    {
                        "name": "biopython",
                        "specs": []
                    },
                    {
                        "name": "checkm-genome",
                        "specs": []
                    },
                    {
                        "name": "pandas",
                        "specs": [
                            [
                                ">=",
                                "0.13.0"
                            ]
                        ]
                    },
                    {
                        "name": "python",
                        "specs": [
                            [
                                "==",
                                "2.7"
                            ]
                        ]
                    },
                    {
                        "name": "scikit-learn",
                        "specs": []
                    },
                    {
                        "name": "scipy",
                        "specs": [
                            [
                                ">=",
                                "0.13.0"
                            ]
                        ]
                    },
                    {
                        "name": "subread",
                        "specs": []
                    }
                ]
            },
            "description": null,
            "distribution_type": "conda",
            "download_url": "//api.anaconda.org/download/bioconda/binsanity/0.2.6.1/osx-64/binsanity-0.2.6.1-py27_1.tar.bz2",
            "full_name": "bioconda/binsanity/0.2.6.1/osx-64/binsanity-0.2.6.1-py27_1.tar.bz2",
            "labels": [
                "main",
                "cf201901"
            ],
            "md5": "d69e2fabeaf44da56344601131d6004b",
            "ndownloads": 57,
            "owner": "bioconda",
            "size": 20105,
            "type": "conda",
            "upload_time": "2017-12-09 11:39:42.029000+00:00",
            "version": "0.2.6.1"
        },
        {
            "attrs": {
                "arch": "x86_64",
                "build": "py27_1",
                "build_number": 1,
                "depends": [
                    "biopython",
                    "checkm-genome",
                    "pandas >=0.13.0",
                    "python 2.7*",
                    "scikit-learn",
                    "scipy >=0.13.0",
                    "subread"
                ],
                "has_prefix": true,
                "license": "GPL3",
                "license_family": "GPL3",
                "machine": "x86_64",
                "operatingsystem": "linux",
                "platform": "linux",
                "subdir": "linux-64",
                "target-triplet": "x86_64-any-linux"
            },
            "basename": "linux-64/binsanity-0.2.6.1-py27_1.tar.bz2",
            "dependencies": {
                "depends": [
                    {
                        "name": "biopython",
                        "specs": []
                    },
                    {
                        "name": "checkm-genome",
                        "specs": []
                    },
                    {
                        "name": "pandas",
                        "specs": [
                            [
                                ">=",
                                "0.13.0"
                            ]
                        ]
                    },
                    {
                        "name": "python",
                        "specs": [
                            [
                                "==",
                                "2.7"
                            ]
                        ]
                    },
                    {
                        "name": "scikit-learn",
                        "specs": []
                    },
                    {
                        "name": "scipy",
                        "specs": [
                            [
                                ">=",
                                "0.13.0"
                            ]
                        ]
                    },
                    {
                        "name": "subread",
                        "specs": []
                    }
                ]
            },
            "description": null,
            "distribution_type": "conda",
            "download_url": "//api.anaconda.org/download/bioconda/binsanity/0.2.6.1/linux-64/binsanity-0.2.6.1-py27_1.tar.bz2",
            "full_name": "bioconda/binsanity/0.2.6.1/linux-64/binsanity-0.2.6.1-py27_1.tar.bz2",
            "labels": [
                "main",
                "cf201901"
            ],
            "md5": "9ed3fc67e2bc142c9b489fdb5a342efc",
            "ndownloads": 465,
            "owner": "bioconda",
            "size": 20527,
            "type": "conda",
            "upload_time": "2017-12-09 11:45:43.800000+00:00",
            "version": "0.2.6.1"
        },
        {
            "attrs": {
                "arch": "x86_64",
                "build": "py27_2",
                "build_number": 2,
                "depends": [
                    "biopython",
                    "checkm-genome",
                    "pandas >=0.13.0",
                    "python >=2.7,<2.8.0a0",
                    "scikit-learn",
                    "scipy >=0.13.0",
                    "subread"
                ],
                "has_prefix": true,
                "license": "GPL3",
                "license_family": "GPL3",
                "machine": "x86_64",
                "operatingsystem": "darwin",
                "platform": "osx",
                "subdir": "osx-64",
                "target-triplet": "x86_64-any-darwin",
                "timestamp": 1529849104539
            },
            "basename": "osx-64/binsanity-0.2.6.1-py27_2.tar.bz2",
            "dependencies": {
                "depends": [
                    {
                        "name": "biopython",
                        "specs": []
                    },
                    {
                        "name": "checkm-genome",
                        "specs": []
                    },
                    {
                        "name": "pandas",
                        "specs": [
                            [
                                ">=",
                                "0.13.0"
                            ]
                        ]
                    },
                    {
                        "name": "python",
                        "specs": [
                            [
                                ">=",
                                "2.7,<2.8.0a0"
                            ]
                        ]
                    },
                    {
                        "name": "scikit-learn",
                        "specs": []
                    },
                    {
                        "name": "scipy",
                        "specs": [
                            [
                                ">=",
                                "0.13.0"
                            ]
                        ]
                    },
                    {
                        "name": "subread",
                        "specs": []
                    }
                ]
            },
            "description": null,
            "distribution_type": "conda",
            "download_url": "//api.anaconda.org/download/bioconda/binsanity/0.2.6.1/osx-64/binsanity-0.2.6.1-py27_2.tar.bz2",
            "full_name": "bioconda/binsanity/0.2.6.1/osx-64/binsanity-0.2.6.1-py27_2.tar.bz2",
            "labels": [
                "main",
                "cf201901"
            ],
            "md5": "0788a319c0cde8c226e578c6d92366ae",
            "ndownloads": 632,
            "owner": "bioconda",
            "size": 20831,
            "type": "conda",
            "upload_time": "2018-06-24 14:06:12.668000+00:00",
            "version": "0.2.6.1"
        },
        {
            "attrs": {
                "arch": "x86_64",
                "build": "py27_2",
                "build_number": 2,
                "depends": [
                    "biopython",
                    "checkm-genome",
                    "pandas >=0.13.0",
                    "python >=2.7,<2.8.0a0",
                    "scikit-learn",
                    "scipy >=0.13.0",
                    "subread"
                ],
                "has_prefix": true,
                "license": "GPL3",
                "license_family": "GPL3",
                "machine": "x86_64",
                "operatingsystem": "linux",
                "platform": "linux",
                "subdir": "linux-64",
                "target-triplet": "x86_64-any-linux",
                "timestamp": 1529904934888
            },
            "basename": "linux-64/binsanity-0.2.6.1-py27_2.tar.bz2",
            "dependencies": {
                "depends": [
                    {
                        "name": "biopython",
                        "specs": []
                    },
                    {
                        "name": "checkm-genome",
                        "specs": []
                    },
                    {
                        "name": "pandas",
                        "specs": [
                            [
                                ">=",
                                "0.13.0"
                            ]
                        ]
                    },
                    {
                        "name": "python",
                        "specs": [
                            [
                                ">=",
                                "2.7,<2.8.0a0"
                            ]
                        ]
                    },
                    {
                        "name": "scikit-learn",
                        "specs": []
                    },
                    {
                        "name": "scipy",
                        "specs": [
                            [
                                ">=",
                                "0.13.0"
                            ]
                        ]
                    },
                    {
                        "name": "subread",
                        "specs": []
                    }
                ]
            },
            "description": null,
            "distribution_type": "conda",
            "download_url": "//api.anaconda.org/download/bioconda/binsanity/0.2.6.1/linux-64/binsanity-0.2.6.1-py27_2.tar.bz2",
            "full_name": "bioconda/binsanity/0.2.6.1/linux-64/binsanity-0.2.6.1-py27_2.tar.bz2",
            "labels": [
                "main",
                "cf201901"
            ],
            "md5": "4c6c91314d6eb14ef51e79e4ce97a237",
            "ndownloads": 183,
            "owner": "bioconda",
            "size": 20803,
            "type": "conda",
            "upload_time": "2018-06-25 05:41:55.941000+00:00",
            "version": "0.2.6.1"
        },
        {
            "attrs": {
                "arch": null,
                "build": "py_0",
                "build_number": 0,
                "depends": [
                    "biopython",
                    "checkm-genome",
                    "pandas >=0.13.0",
                    "python <3",
                    "scikit-learn",
                    "scipy >=0.13.0",
                    "subread"
                ],
                "has_prefix": false,
                "license": "GPL-3.0",
                "license_family": "GPL",
                "machine": null,
                "noarch": "python",
                "operatingsystem": null,
                "platform": null,
                "subdir": "noarch",
                "target-triplet": "None-any-None",
                "timestamp": 1533877281017
            },
            "basename": "noarch/binsanity-0.2.6.3-py_0.tar.bz2",
            "dependencies": {
                "depends": [
                    {
                        "name": "biopython",
                        "specs": []
                    },
                    {
                        "name": "checkm-genome",
                        "specs": []
                    },
                    {
                        "name": "pandas",
                        "specs": [
                            [
                                ">=",
                                "0.13.0"
                            ]
                        ]
                    },
                    {
                        "name": "python",
                        "specs": [
                            [
                                "<",
                                "3"
                            ]
                        ]
                    },
                    {
                        "name": "scikit-learn",
                        "specs": []
                    },
                    {
                        "name": "scipy",
                        "specs": [
                            [
                                ">=",
                                "0.13.0"
                            ]
                        ]
                    },
                    {
                        "name": "subread",
                        "specs": []
                    }
                ]
            },
            "description": null,
            "distribution_type": "conda",
            "download_url": "//api.anaconda.org/download/bioconda/binsanity/0.2.6.3/noarch/binsanity-0.2.6.3-py_0.tar.bz2",
            "full_name": "bioconda/binsanity/0.2.6.3/noarch/binsanity-0.2.6.3-py_0.tar.bz2",
            "labels": [
                "main",
                "cf201901"
            ],
            "md5": "acf92854966155136daf489f8bd0e89f",
            "ndownloads": 118,
            "owner": "bioconda",
            "size": 20964,
            "type": "conda",
            "upload_time": "2018-08-10 05:09:00.344000+00:00",
            "version": "0.2.6.3"
        },
        {
            "attrs": {
                "arch": null,
                "build": "py_0",
                "build_number": 0,
                "depends": [
                    "biopython",
                    "checkm-genome",
                    "pandas >=0.13.0",
                    "python <3",
                    "scikit-learn",
                    "scipy >=0.13.0",
                    "subread"
                ],
                "has_prefix": false,
                "license": "GPL-3.0",
                "license_family": "GPL",
                "machine": null,
                "noarch": "python",
                "operatingsystem": null,
                "platform": null,
                "subdir": "noarch",
                "target-triplet": "None-any-None",
                "timestamp": 1540766123174
            },
            "basename": "noarch/binsanity-0.2.7.1-py_0.tar.bz2",
            "dependencies": {
                "depends": [
                    {
                        "name": "biopython",
                        "specs": []
                    },
                    {
                        "name": "checkm-genome",
                        "specs": []
                    },
                    {
                        "name": "pandas",
                        "specs": [
                            [
                                ">=",
                                "0.13.0"
                            ]
                        ]
                    },
                    {
                        "name": "python",
                        "specs": [
                            [
                                "<",
                                "3"
                            ]
                        ]
                    },
                    {
                        "name": "scikit-learn",
                        "specs": []
                    },
                    {
                        "name": "scipy",
                        "specs": [
                            [
                                ">=",
                                "0.13.0"
                            ]
                        ]
                    },
                    {
                        "name": "subread",
                        "specs": []
                    }
                ]
            },
            "description": null,
            "distribution_type": "conda",
            "download_url": "//api.anaconda.org/download/bioconda/binsanity/0.2.7.1/noarch/binsanity-0.2.7.1-py_0.tar.bz2",
            "full_name": "bioconda/binsanity/0.2.7.1/noarch/binsanity-0.2.7.1-py_0.tar.bz2",
            "labels": [
                "main",
                "cf201901"
            ],
            "md5": "c7cd834968a054120a15846ab6326de0",
            "ndownloads": 134,
            "owner": "bioconda",
            "size": 21325,
            "type": "conda",
            "upload_time": "2018-10-28 22:42:39.529000+00:00",
            "version": "0.2.7.1"
        },
        {
            "attrs": {
                "arch": null,
                "build": "py_0",
                "build_number": 0,
                "depends": [
                    "biopython",
                    "checkm-genome",
                    "pandas >=0.13.0",
                    "python <3",
                    "scikit-learn",
                    "scipy >=0.13.0",
                    "subread"
                ],
                "has_prefix": false,
                "license": "GPL-3.0",
                "license_family": "GPL",
                "machine": null,
                "noarch": "python",
                "operatingsystem": null,
                "platform": null,
                "subdir": "noarch",
                "target-triplet": "None-any-None",
                "timestamp": 1556422794754
            },
            "basename": "noarch/binsanity-0.2.8.2-py_0.tar.bz2",
            "dependencies": {
                "depends": [
                    {
                        "name": "biopython",
                        "specs": []
                    },
                    {
                        "name": "checkm-genome",
                        "specs": []
                    },
                    {
                        "name": "pandas",
                        "specs": [
                            [
                                ">=",
                                "0.13.0"
                            ]
                        ]
                    },
                    {
                        "name": "python",
                        "specs": [
                            [
                                "<",
                                "3"
                            ]
                        ]
                    },
                    {
                        "name": "scikit-learn",
                        "specs": []
                    },
                    {
                        "name": "scipy",
                        "specs": [
                            [
                                ">=",
                                "0.13.0"
                            ]
                        ]
                    },
                    {
                        "name": "subread",
                        "specs": []
                    }
                ]
            },
            "description": null,
            "distribution_type": "conda",
            "download_url": "//api.anaconda.org/download/bioconda/binsanity/0.2.8.2/noarch/binsanity-0.2.8.2-py_0.tar.bz2",
            "full_name": "bioconda/binsanity/0.2.8.2/noarch/binsanity-0.2.8.2-py_0.tar.bz2",
            "labels": [
                "main"
            ],
            "md5": "b13625945871e92a1f8b9832dcfbab3a",
            "ndownloads": 101,
            "owner": "bioconda",
            "size": 23925,
            "type": "conda",
            "upload_time": "2019-04-28 03:46:53.379000+00:00",
            "version": "0.2.8.2"
        },
        {
            "attrs": {
                "arch": null,
                "build": "py_0",
                "build_number": 0,
                "depends": [
                    "biopython",
                    "checkm-genome",
                    "pandas >=0.13.0",
                    "python <3",
                    "scikit-learn",
                    "scipy >=0.13.0",
                    "subread"
                ],
                "has_prefix": false,
                "license": "GPL-3.0",
                "license_family": "GPL",
                "machine": null,
                "noarch": "python",
                "operatingsystem": null,
                "platform": null,
                "subdir": "noarch",
                "target-triplet": "None-any-None",
                "timestamp": 1568434114778
            },
            "basename": "noarch/binsanity-0.2.9-py_0.tar.bz2",
            "dependencies": {
                "depends": [
                    {
                        "name": "biopython",
                        "specs": []
                    },
                    {
                        "name": "checkm-genome",
                        "specs": []
                    },
                    {
                        "name": "pandas",
                        "specs": [
                            [
                                ">=",
                                "0.13.0"
                            ]
                        ]
                    },
                    {
                        "name": "python",
                        "specs": [
                            [
                                "<",
                                "3"
                            ]
                        ]
                    },
                    {
                        "name": "scikit-learn",
                        "specs": []
                    },
                    {
                        "name": "scipy",
                        "specs": [
                            [
                                ">=",
                                "0.13.0"
                            ]
                        ]
                    },
                    {
                        "name": "subread",
                        "specs": []
                    }
                ]
            },
            "description": null,
            "distribution_type": "conda",
            "download_url": "//api.anaconda.org/download/bioconda/binsanity/0.2.9/noarch/binsanity-0.2.9-py_0.tar.bz2",
            "full_name": "bioconda/binsanity/0.2.9/noarch/binsanity-0.2.9-py_0.tar.bz2",
            "labels": [
                "main"
            ],
            "md5": "7fff743f371ad8a4924860a3b8a5858f",
            "ndownloads": 29,
            "owner": "bioconda",
            "size": 24175,
            "type": "conda",
            "upload_time": "2019-09-14 15:05:08.036000+00:00",
            "version": "0.2.9"
        },
        {
            "attrs": {
                "arch": null,
                "build": "py_0",
                "build_number": 0,
                "depends": [
                    "biopython",
                    "checkm-genome",
                    "pandas >=0.13.0",
                    "python <3",
                    "scikit-learn",
                    "scipy >=0.13.0",
                    "subread"
                ],
                "has_prefix": false,
                "license": "GPL-3.0",
                "license_family": "GPL",
                "machine": null,
                "noarch": "python",
                "operatingsystem": null,
                "platform": null,
                "subdir": "noarch",
                "target-triplet": "None-any-None",
                "timestamp": 1568567746703
            },
            "basename": "noarch/binsanity-0.2.9.1-py_0.tar.bz2",
            "dependencies": {
                "depends": [
                    {
                        "name": "biopython",
                        "specs": []
                    },
                    {
                        "name": "checkm-genome",
                        "specs": []
                    },
                    {
                        "name": "pandas",
                        "specs": [
                            [
                                ">=",
                                "0.13.0"
                            ]
                        ]
                    },
                    {
                        "name": "python",
                        "specs": [
                            [
                                "<",
                                "3"
                            ]
                        ]
                    },
                    {
                        "name": "scikit-learn",
                        "specs": []
                    },
                    {
                        "name": "scipy",
                        "specs": [
                            [
                                ">=",
                                "0.13.0"
                            ]
                        ]
                    },
                    {
                        "name": "subread",
                        "specs": []
                    }
                ]
            },
            "description": null,
            "distribution_type": "conda",
            "download_url": "//api.anaconda.org/download/bioconda/binsanity/0.2.9.1/noarch/binsanity-0.2.9.1-py_0.tar.bz2",
            "full_name": "bioconda/binsanity/0.2.9.1/noarch/binsanity-0.2.9.1-py_0.tar.bz2",
            "labels": [
                "main"
            ],
            "md5": "e93588e71c03923aa53004ed382e7871",
            "ndownloads": 28,
            "owner": "bioconda",
            "size": 23995,
            "type": "conda",
            "upload_time": "2019-09-16 06:42:12.719000+00:00",
            "version": "0.2.9.1"
        },
        {
            "attrs": {
                "arch": null,
                "build": "py_0",
                "build_number": 0,
                "depends": [
                    "biopython",
                    "checkm-genome",
                    "pandas >=0.13.0",
                    "python <3",
                    "scikit-learn",
                    "scipy >=0.13.0",
                    "subread"
                ],
                "has_prefix": false,
                "license": "GPL-3.0",
                "license_family": "GPL",
                "machine": null,
                "noarch": "python",
                "operatingsystem": null,
                "platform": null,
                "subdir": "noarch",
                "target-triplet": "None-any-None",
                "timestamp": 1568920522966
            },
            "basename": "noarch/binsanity-0.2.9.2-py_0.tar.bz2",
            "dependencies": {
                "depends": [
                    {
                        "name": "biopython",
                        "specs": []
                    },
                    {
                        "name": "checkm-genome",
                        "specs": []
                    },
                    {
                        "name": "pandas",
                        "specs": [
                            [
                                ">=",
                                "0.13.0"
                            ]
                        ]
                    },
                    {
                        "name": "python",
                        "specs": [
                            [
                                "<",
                                "3"
                            ]
                        ]
                    },
                    {
                        "name": "scikit-learn",
                        "specs": []
                    },
                    {
                        "name": "scipy",
                        "specs": [
                            [
                                ">=",
                                "0.13.0"
                            ]
                        ]
                    },
                    {
                        "name": "subread",
                        "specs": []
                    }
                ]
            },
            "description": null,
            "distribution_type": "conda",
            "download_url": "//api.anaconda.org/download/bioconda/binsanity/0.2.9.2/noarch/binsanity-0.2.9.2-py_0.tar.bz2",
            "full_name": "bioconda/binsanity/0.2.9.2/noarch/binsanity-0.2.9.2-py_0.tar.bz2",
            "labels": [
                "main"
            ],
            "md5": "e7e64ee349b999f4ce08cea848d00fba",
            "ndownloads": 25,
            "owner": "bioconda",
            "size": 24000,
            "type": "conda",
            "upload_time": "2019-09-19 20:49:25.485000+00:00",
            "version": "0.2.9.2"
        },
        {
            "attrs": {
                "arch": null,
                "build": "py_0",
                "build_number": 0,
                "depends": [
                    "biopython",
                    "checkm-genome",
                    "pandas >=0.13.0",
                    "python <3",
                    "scikit-learn",
                    "scipy >=0.13.0",
                    "subread"
                ],
                "has_prefix": false,
                "license": "GPL-3.0",
                "license_family": "GPL",
                "machine": null,
                "noarch": "python",
                "operatingsystem": null,
                "platform": null,
                "subdir": "noarch",
                "target-triplet": "None-any-None",
                "timestamp": 1572573257798
            },
            "basename": "noarch/binsanity-0.2.9.4-py_0.tar.bz2",
            "dependencies": {
                "depends": [
                    {
                        "name": "biopython",
                        "specs": []
                    },
                    {
                        "name": "checkm-genome",
                        "specs": []
                    },
                    {
                        "name": "pandas",
                        "specs": [
                            [
                                ">=",
                                "0.13.0"
                            ]
                        ]
                    },
                    {
                        "name": "python",
                        "specs": [
                            [
                                "<",
                                "3"
                            ]
                        ]
                    },
                    {
                        "name": "scikit-learn",
                        "specs": []
                    },
                    {
                        "name": "scipy",
                        "specs": [
                            [
                                ">=",
                                "0.13.0"
                            ]
                        ]
                    },
                    {
                        "name": "subread",
                        "specs": []
                    }
                ]
            },
            "description": null,
            "distribution_type": "conda",
            "download_url": "//api.anaconda.org/download/bioconda/binsanity/0.2.9.4/noarch/binsanity-0.2.9.4-py_0.tar.bz2",
            "full_name": "bioconda/binsanity/0.2.9.4/noarch/binsanity-0.2.9.4-py_0.tar.bz2",
            "labels": [
                "main"
            ],
            "md5": "b3bbecee31658e1b623579f2559154ee",
            "ndownloads": 23,
            "owner": "bioconda",
            "size": 23975,
            "type": "conda",
            "upload_time": "2019-11-01 02:02:58.908000+00:00",
            "version": "0.2.9.4"
        },
        {
            "attrs": {
                "arch": null,
                "build": "py_0",
                "build_number": 0,
                "depends": [
                    "biopython",
                    "checkm-genome",
                    "pandas >=0.13.0",
                    "python <3",
                    "scikit-learn",
                    "scipy >=0.13.0",
                    "subread"
                ],
                "has_prefix": false,
                "license": "GPL-3.0",
                "license_family": "GPL",
                "machine": null,
                "noarch": "python",
                "operatingsystem": null,
                "platform": null,
                "subdir": "noarch",
                "target-triplet": "None-any-None",
                "timestamp": 1574113861033
            },
            "basename": "noarch/binsanity-0.2.9.5-py_0.tar.bz2",
            "dependencies": {
                "depends": [
                    {
                        "name": "biopython",
                        "specs": []
                    },
                    {
                        "name": "checkm-genome",
                        "specs": []
                    },
                    {
                        "name": "pandas",
                        "specs": [
                            [
                                ">=",
                                "0.13.0"
                            ]
                        ]
                    },
                    {
                        "name": "python",
                        "specs": [
                            [
                                "<",
                                "3"
                            ]
                        ]
                    },
                    {
                        "name": "scikit-learn",
                        "specs": []
                    },
                    {
                        "name": "scipy",
                        "specs": [
                            [
                                ">=",
                                "0.13.0"
                            ]
                        ]
                    },
                    {
                        "name": "subread",
                        "specs": []
                    }
                ]
            },
            "description": null,
            "distribution_type": "conda",
            "download_url": "//api.anaconda.org/download/bioconda/binsanity/0.2.9.5/noarch/binsanity-0.2.9.5-py_0.tar.bz2",
            "full_name": "bioconda/binsanity/0.2.9.5/noarch/binsanity-0.2.9.5-py_0.tar.bz2",
            "labels": [
                "main"
            ],
            "md5": "2e492b3a86fd139de630cd4b967eb79c",
            "ndownloads": 22,
            "owner": "bioconda",
            "size": 23961,
            "type": "conda",
            "upload_time": "2019-11-18 21:58:02.153000+00:00",
            "version": "0.2.9.5"
        },
        {
            "attrs": {
                "arch": null,
                "build": "py_0",
                "build_number": 0,
                "depends": [
                    "biopython",
                    "checkm-genome",
                    "pandas >=0.13.0",
                    "python <3",
                    "scikit-learn",
                    "scipy >=0.13.0",
                    "subread"
                ],
                "has_prefix": false,
                "license": "GPL-3.0",
                "license_family": "GPL",
                "machine": null,
                "noarch": "python",
                "operatingsystem": null,
                "platform": null,
                "subdir": "noarch",
                "target-triplet": "None-any-None",
                "timestamp": 1576278919469
            },
            "basename": "noarch/binsanity-0.3.1-py_0.tar.bz2",
            "dependencies": {
                "depends": [
                    {
                        "name": "biopython",
                        "specs": []
                    },
                    {
                        "name": "checkm-genome",
                        "specs": []
                    },
                    {
                        "name": "pandas",
                        "specs": [
                            [
                                ">=",
                                "0.13.0"
                            ]
                        ]
                    },
                    {
                        "name": "python",
                        "specs": [
                            [
                                "<",
                                "3"
                            ]
                        ]
                    },
                    {
                        "name": "scikit-learn",
                        "specs": []
                    },
                    {
                        "name": "scipy",
                        "specs": [
                            [
                                ">=",
                                "0.13.0"
                            ]
                        ]
                    },
                    {
                        "name": "subread",
                        "specs": []
                    }
                ]
            },
            "description": null,
            "distribution_type": "conda",
            "download_url": "//api.anaconda.org/download/bioconda/binsanity/0.3.1/noarch/binsanity-0.3.1-py_0.tar.bz2",
            "full_name": "bioconda/binsanity/0.3.1/noarch/binsanity-0.3.1-py_0.tar.bz2",
            "labels": [
                "main"
            ],
            "md5": "d8c534b7f50ba158c9d47b34b0e01f35",
            "ndownloads": 28,
            "owner": "bioconda",
            "size": 24036,
            "type": "conda",
            "upload_time": "2019-12-14 07:57:29.891000+00:00",
            "version": "0.3.1"
        },
        {
            "attrs": {
                "arch": null,
                "build": "py_0",
                "build_number": 0,
                "depends": [
                    "biopython",
                    "checkm-genome",
                    "pandas >=0.13.0",
                    "python",
                    "scikit-learn",
                    "scipy >=0.13.0",
                    "subread"
                ],
                "has_prefix": false,
                "license": "GPL-3.0",
                "license_family": "GPL",
                "machine": null,
                "noarch": "python",
                "operatingsystem": null,
                "platform": null,
                "subdir": "noarch",
                "target-triplet": "None-any-None",
                "timestamp": 1579910133722
            },
            "basename": "noarch/binsanity-0.3.4-py_0.tar.bz2",
            "dependencies": {
                "depends": [
                    {
                        "name": "biopython",
                        "specs": []
                    },
                    {
                        "name": "checkm-genome",
                        "specs": []
                    },
                    {
                        "name": "pandas",
                        "specs": [
                            [
                                ">=",
                                "0.13.0"
                            ]
                        ]
                    },
                    {
                        "name": "python",
                        "specs": []
                    },
                    {
                        "name": "scikit-learn",
                        "specs": []
                    },
                    {
                        "name": "scipy",
                        "specs": [
                            [
                                ">=",
                                "0.13.0"
                            ]
                        ]
                    },
                    {
                        "name": "subread",
                        "specs": []
                    }
                ]
            },
            "description": null,
            "distribution_type": "conda",
            "download_url": "//api.anaconda.org/download/bioconda/binsanity/0.3.4/noarch/binsanity-0.3.4-py_0.tar.bz2",
            "full_name": "bioconda/binsanity/0.3.4/noarch/binsanity-0.3.4-py_0.tar.bz2",
            "labels": [
                "main"
            ],
            "md5": "ccf9c09ded3577641a60c552ce774f15",
            "ndownloads": 13,
            "owner": "bioconda",
            "size": 24088,
            "type": "conda",
            "upload_time": "2020-01-25 12:34:53.935000+00:00",
            "version": "0.3.4"
        }
    ],
    "full_name": "bioconda/binsanity",
    "home": "https://github.com/edgraham/BinSanity",
    "html_url": "http://anaconda.org/bioconda/binsanity",
    "id": "59f19019f53dda123fc18db7",
    "latest_version": "0.3.4",
    "license": "GPL-3.0",
    "license_url": null,
    "modified_at": "2020-01-25 12:34:54.268000+00:00",
    "name": "binsanity",
    "owner": {
        "company": "",
        "created_at": "2015-09-11 22:59:20.880000+00:00",
        "description": "Bioconda is a distribution of bioinformatics software realized as a channel for the versatile Conda package manager.",
        "location": "",
        "login": "bioconda",
        "name": "bioconda",
        "url": "",
        "user_type": "org"
    },
    "package_types": [
        "conda"
    ],
    "public": true,
    "releases": [
        {
            "distributions": [],
            "full_name": "bioconda/binsanity/0.2.6.1",
            "version": "0.2.6.1"
        },
        {
            "distributions": [],
            "full_name": "bioconda/binsanity/0.2.6.3",
            "version": "0.2.6.3"
        },
        {
            "distributions": [],
            "full_name": "bioconda/binsanity/0.2.7.1",
            "version": "0.2.7.1"
        },
        {
            "distributions": [],
            "full_name": "bioconda/binsanity/0.2.8.2",
            "version": "0.2.8.2"
        },
        {
            "distributions": [],
            "full_name": "bioconda/binsanity/0.2.9",
            "version": "0.2.9"
        },
        {
            "distributions": [],
            "full_name": "bioconda/binsanity/0.2.9.1",
            "version": "0.2.9.1"
        },
        {
            "distributions": [],
            "full_name": "bioconda/binsanity/0.2.9.2",
            "version": "0.2.9.2"
        },
        {
            "distributions": [],
            "full_name": "bioconda/binsanity/0.2.9.4",
            "version": "0.2.9.4"
        },
        {
            "distributions": [],
            "full_name": "bioconda/binsanity/0.2.9.5",
            "version": "0.2.9.5"
        },
        {
            "distributions": [],
            "full_name": "bioconda/binsanity/0.3.1",
            "version": "0.3.1"
        },
        {
            "distributions": [],
            "full_name": "bioconda/binsanity/0.3.4",
            "version": "0.3.4"
        }
    ],
    "revision": 22,
    "source_git_tag": null,
    "source_git_url": null,
    "summary": "Method to cluster contigs based a biphasic method with coverage and composition",
    "upvoted": 0,
    "url": "http://api.anaconda.org/packages/bioconda/binsanity",
    "versions": [
        "0.2.6.1",
        "0.2.6.3",
        "0.2.7.1",
        "0.2.8.2",
        "0.2.9",
        "0.2.9.1",
        "0.2.9.2",
        "0.2.9.4",
        "0.2.9.5",
        "0.3.1",
        "0.3.4"
    ],
    "watchers": 1
}