{
    "app_entry": {},
    "app_summary": {},
    "app_type": {},
    "builds": [
        "r36h516909a_0",
        "r36h516909a_1",
        "r351h14c3975_0",
        "r351h1de35cc_0",
        "r36h01d97ff_0",
        "r36h01d97ff_1"
    ],
    "conda_platforms": [
        "linux-64",
        "osx-64"
    ],
    "created_at": "2018-12-13 01:36:19.688000+00:00",
    "description": "The package provides functionality that can be useful for the analysis of high-density tiling microarray data (such as from Affymetrix genechips) for measuring transcript abundance and architecture. The main functionalities of the package are: 1. the class 'segmentation' for representing partitionings of a linear series of data; 2. the function 'segment' for fitting piecewise constant models using a dynamic programming algorithm that is both fast and exact; 3. the function 'confint' for calculating confidence intervals using the strucchange package; 4. the function 'plotAlongChrom' for generating pretty plots; 5. the function 'normalizeByReference' for probe-sequence dependent response adjustment from a (set of) reference hybridizations.",
    "dev_url": null,
    "doc_url": null,
    "files": [
        {
            "attrs": {
                "arch": "x86_64",
                "build": "r351h1de35cc_0",
                "build_number": 0,
                "depends": [
                    "bioconductor-affy >=1.60.0,<1.61.0",
                    "bioconductor-biobase >=2.42.0,<2.43.0",
                    "bioconductor-genefilter >=1.64.0,<1.65.0",
                    "bioconductor-vsn >=3.50.0,<3.51.0",
                    "r-base >=3.5.1,<3.5.2.0a0",
                    "r-pixmap",
                    "r-rcolorbrewer",
                    "r-strucchange"
                ],
                "has_prefix": true,
                "license": "Artistic-2.0",
                "machine": "x86_64",
                "operatingsystem": "darwin",
                "platform": "osx",
                "subdir": "osx-64",
                "target-triplet": "x86_64-any-darwin",
                "timestamp": 1544664903038
            },
            "basename": "osx-64/bioconductor-tilingarray-1.60.0-r351h1de35cc_0.tar.bz2",
            "dependencies": {
                "depends": [
                    {
                        "name": "bioconductor-affy",
                        "specs": [
                            [
                                ">=",
                                "1.60.0,<1.61.0"
                            ]
                        ]
                    },
                    {
                        "name": "bioconductor-biobase",
                        "specs": [
                            [
                                ">=",
                                "2.42.0,<2.43.0"
                            ]
                        ]
                    },
                    {
                        "name": "bioconductor-genefilter",
                        "specs": [
                            [
                                ">=",
                                "1.64.0,<1.65.0"
                            ]
                        ]
                    },
                    {
                        "name": "bioconductor-vsn",
                        "specs": [
                            [
                                ">=",
                                "3.50.0,<3.51.0"
                            ]
                        ]
                    },
                    {
                        "name": "r-base",
                        "specs": [
                            [
                                ">=",
                                "3.5.1,<3.5.2.0a0"
                            ]
                        ]
                    },
                    {
                        "name": "r-pixmap",
                        "specs": []
                    },
                    {
                        "name": "r-rcolorbrewer",
                        "specs": []
                    },
                    {
                        "name": "r-strucchange",
                        "specs": []
                    }
                ]
            },
            "description": null,
            "distribution_type": "conda",
            "download_url": "//api.anaconda.org/download/bioconda/bioconductor-tilingarray/1.60.0/osx-64/bioconductor-tilingarray-1.60.0-r351h1de35cc_0.tar.bz2",
            "full_name": "bioconda/bioconductor-tilingarray/1.60.0/osx-64/bioconductor-tilingarray-1.60.0-r351h1de35cc_0.tar.bz2",
            "labels": [
                "gcc7",
                "main"
            ],
            "md5": "adf6ff009891dd930c99b24d307f6a13",
            "ndownloads": 710,
            "owner": "bioconda",
            "size": 2868185,
            "type": "conda",
            "upload_time": "2018-12-13 01:36:20.703000+00:00",
            "version": "1.60.0"
        },
        {
            "attrs": {
                "arch": "x86_64",
                "build": "r351h14c3975_0",
                "build_number": 0,
                "depends": [
                    "bioconductor-affy >=1.60.0,<1.61.0",
                    "bioconductor-biobase >=2.42.0,<2.43.0",
                    "bioconductor-genefilter >=1.64.0,<1.65.0",
                    "bioconductor-vsn >=3.50.0,<3.51.0",
                    "libgcc-ng >=7.3.0",
                    "r-base >=3.5.1,<3.5.2.0a0",
                    "r-pixmap",
                    "r-rcolorbrewer",
                    "r-strucchange"
                ],
                "has_prefix": false,
                "license": "Artistic-2.0",
                "machine": "x86_64",
                "operatingsystem": "linux",
                "platform": "linux",
                "subdir": "linux-64",
                "target-triplet": "x86_64-any-linux",
                "timestamp": 1546721968753
            },
            "basename": "linux-64/bioconductor-tilingarray-1.60.0-r351h14c3975_0.tar.bz2",
            "dependencies": {
                "depends": [
                    {
                        "name": "bioconductor-affy",
                        "specs": [
                            [
                                ">=",
                                "1.60.0,<1.61.0"
                            ]
                        ]
                    },
                    {
                        "name": "bioconductor-biobase",
                        "specs": [
                            [
                                ">=",
                                "2.42.0,<2.43.0"
                            ]
                        ]
                    },
                    {
                        "name": "bioconductor-genefilter",
                        "specs": [
                            [
                                ">=",
                                "1.64.0,<1.65.0"
                            ]
                        ]
                    },
                    {
                        "name": "bioconductor-vsn",
                        "specs": [
                            [
                                ">=",
                                "3.50.0,<3.51.0"
                            ]
                        ]
                    },
                    {
                        "name": "libgcc-ng",
                        "specs": [
                            [
                                ">=",
                                "7.3.0"
                            ]
                        ]
                    },
                    {
                        "name": "r-base",
                        "specs": [
                            [
                                ">=",
                                "3.5.1,<3.5.2.0a0"
                            ]
                        ]
                    },
                    {
                        "name": "r-pixmap",
                        "specs": []
                    },
                    {
                        "name": "r-rcolorbrewer",
                        "specs": []
                    },
                    {
                        "name": "r-strucchange",
                        "specs": []
                    }
                ]
            },
            "description": null,
            "distribution_type": "conda",
            "download_url": "//api.anaconda.org/download/bioconda/bioconductor-tilingarray/1.60.0/linux-64/bioconductor-tilingarray-1.60.0-r351h14c3975_0.tar.bz2",
            "full_name": "bioconda/bioconductor-tilingarray/1.60.0/linux-64/bioconductor-tilingarray-1.60.0-r351h14c3975_0.tar.bz2",
            "labels": [
                "gcc7",
                "main"
            ],
            "md5": "315c820a7603c4784b3c1bb20f6c1342",
            "ndownloads": 112,
            "owner": "bioconda",
            "size": 2875143,
            "type": "conda",
            "upload_time": "2019-01-05 21:03:24.240000+00:00",
            "version": "1.60.0"
        },
        {
            "attrs": {
                "arch": "x86_64",
                "build": "r36h01d97ff_1",
                "build_number": 1,
                "depends": [
                    "bioconductor-affy >=1.62.0,<1.63.0",
                    "bioconductor-biobase >=2.44.0,<2.45.0",
                    "bioconductor-genefilter >=1.66.0,<1.67.0",
                    "bioconductor-vsn >=3.52.0,<3.53.0",
                    "r-base >=3.6,<3.7.0a0",
                    "r-pixmap",
                    "r-rcolorbrewer",
                    "r-strucchange"
                ],
                "has_prefix": true,
                "license": "Artistic-2.0",
                "machine": "x86_64",
                "operatingsystem": "darwin",
                "platform": "osx",
                "subdir": "osx-64",
                "target-triplet": "x86_64-any-darwin",
                "timestamp": 1563873131104
            },
            "basename": "osx-64/bioconductor-tilingarray-1.62.0-r36h01d97ff_1.tar.bz2",
            "dependencies": {
                "depends": [
                    {
                        "name": "bioconductor-affy",
                        "specs": [
                            [
                                ">=",
                                "1.62.0,<1.63.0"
                            ]
                        ]
                    },
                    {
                        "name": "bioconductor-biobase",
                        "specs": [
                            [
                                ">=",
                                "2.44.0,<2.45.0"
                            ]
                        ]
                    },
                    {
                        "name": "bioconductor-genefilter",
                        "specs": [
                            [
                                ">=",
                                "1.66.0,<1.67.0"
                            ]
                        ]
                    },
                    {
                        "name": "bioconductor-vsn",
                        "specs": [
                            [
                                ">=",
                                "3.52.0,<3.53.0"
                            ]
                        ]
                    },
                    {
                        "name": "r-base",
                        "specs": [
                            [
                                ">=",
                                "3.6,<3.7.0a0"
                            ]
                        ]
                    },
                    {
                        "name": "r-pixmap",
                        "specs": []
                    },
                    {
                        "name": "r-rcolorbrewer",
                        "specs": []
                    },
                    {
                        "name": "r-strucchange",
                        "specs": []
                    }
                ]
            },
            "description": null,
            "distribution_type": "conda",
            "download_url": "//api.anaconda.org/download/bioconda/bioconductor-tilingarray/1.62.0/osx-64/bioconductor-tilingarray-1.62.0-r36h01d97ff_1.tar.bz2",
            "full_name": "bioconda/bioconductor-tilingarray/1.62.0/osx-64/bioconductor-tilingarray-1.62.0-r36h01d97ff_1.tar.bz2",
            "labels": [
                "main"
            ],
            "md5": "68ec2eac21fd2f7cba6eed1f8246c962",
            "ndownloads": 346,
            "owner": "bioconda",
            "size": 3104335,
            "type": "conda",
            "upload_time": "2019-07-23 09:13:16.139000+00:00",
            "version": "1.62.0"
        },
        {
            "attrs": {
                "arch": "x86_64",
                "build": "r36h516909a_1",
                "build_number": 1,
                "depends": [
                    "bioconductor-affy >=1.62.0,<1.63.0",
                    "bioconductor-biobase >=2.44.0,<2.45.0",
                    "bioconductor-genefilter >=1.66.0,<1.67.0",
                    "bioconductor-vsn >=3.52.0,<3.53.0",
                    "libgcc-ng >=7.3.0",
                    "r-base >=3.6,<3.7.0a0",
                    "r-pixmap",
                    "r-rcolorbrewer",
                    "r-strucchange"
                ],
                "has_prefix": false,
                "license": "Artistic-2.0",
                "machine": "x86_64",
                "operatingsystem": "linux",
                "platform": "linux",
                "subdir": "linux-64",
                "target-triplet": "x86_64-any-linux",
                "timestamp": 1564523951197
            },
            "basename": "linux-64/bioconductor-tilingarray-1.62.0-r36h516909a_1.tar.bz2",
            "dependencies": {
                "depends": [
                    {
                        "name": "bioconductor-affy",
                        "specs": [
                            [
                                ">=",
                                "1.62.0,<1.63.0"
                            ]
                        ]
                    },
                    {
                        "name": "bioconductor-biobase",
                        "specs": [
                            [
                                ">=",
                                "2.44.0,<2.45.0"
                            ]
                        ]
                    },
                    {
                        "name": "bioconductor-genefilter",
                        "specs": [
                            [
                                ">=",
                                "1.66.0,<1.67.0"
                            ]
                        ]
                    },
                    {
                        "name": "bioconductor-vsn",
                        "specs": [
                            [
                                ">=",
                                "3.52.0,<3.53.0"
                            ]
                        ]
                    },
                    {
                        "name": "libgcc-ng",
                        "specs": [
                            [
                                ">=",
                                "7.3.0"
                            ]
                        ]
                    },
                    {
                        "name": "r-base",
                        "specs": [
                            [
                                ">=",
                                "3.6,<3.7.0a0"
                            ]
                        ]
                    },
                    {
                        "name": "r-pixmap",
                        "specs": []
                    },
                    {
                        "name": "r-rcolorbrewer",
                        "specs": []
                    },
                    {
                        "name": "r-strucchange",
                        "specs": []
                    }
                ]
            },
            "description": null,
            "distribution_type": "conda",
            "download_url": "//api.anaconda.org/download/bioconda/bioconductor-tilingarray/1.62.0/linux-64/bioconductor-tilingarray-1.62.0-r36h516909a_1.tar.bz2",
            "full_name": "bioconda/bioconductor-tilingarray/1.62.0/linux-64/bioconductor-tilingarray-1.62.0-r36h516909a_1.tar.bz2",
            "labels": [
                "main"
            ],
            "md5": "2b05ec42bb338b80d2b33b36118a23de",
            "ndownloads": 47,
            "owner": "bioconda",
            "size": 3037512,
            "type": "conda",
            "upload_time": "2019-07-30 22:04:50.540000+00:00",
            "version": "1.62.0"
        },
        {
            "attrs": {
                "arch": "x86_64",
                "build": "r36h01d97ff_0",
                "build_number": 0,
                "depends": [
                    "bioconductor-affy >=1.64.0,<1.65.0",
                    "bioconductor-biobase >=2.46.0,<2.47.0",
                    "bioconductor-genefilter >=1.68.0,<1.69.0",
                    "bioconductor-vsn >=3.54.0,<3.55.0",
                    "r-base >=3.6,<3.7.0a0",
                    "r-pixmap",
                    "r-rcolorbrewer",
                    "r-strucchange"
                ],
                "has_prefix": true,
                "license": "Artistic-2.0",
                "machine": "x86_64",
                "operatingsystem": "darwin",
                "platform": "osx",
                "subdir": "osx-64",
                "target-triplet": "x86_64-any-darwin",
                "timestamp": 1572638822217
            },
            "basename": "osx-64/bioconductor-tilingarray-1.64.0-r36h01d97ff_0.tar.bz2",
            "dependencies": {
                "depends": [
                    {
                        "name": "bioconductor-affy",
                        "specs": [
                            [
                                ">=",
                                "1.64.0,<1.65.0"
                            ]
                        ]
                    },
                    {
                        "name": "bioconductor-biobase",
                        "specs": [
                            [
                                ">=",
                                "2.46.0,<2.47.0"
                            ]
                        ]
                    },
                    {
                        "name": "bioconductor-genefilter",
                        "specs": [
                            [
                                ">=",
                                "1.68.0,<1.69.0"
                            ]
                        ]
                    },
                    {
                        "name": "bioconductor-vsn",
                        "specs": [
                            [
                                ">=",
                                "3.54.0,<3.55.0"
                            ]
                        ]
                    },
                    {
                        "name": "r-base",
                        "specs": [
                            [
                                ">=",
                                "3.6,<3.7.0a0"
                            ]
                        ]
                    },
                    {
                        "name": "r-pixmap",
                        "specs": []
                    },
                    {
                        "name": "r-rcolorbrewer",
                        "specs": []
                    },
                    {
                        "name": "r-strucchange",
                        "specs": []
                    }
                ]
            },
            "description": null,
            "distribution_type": "conda",
            "download_url": "//api.anaconda.org/download/bioconda/bioconductor-tilingarray/1.64.0/osx-64/bioconductor-tilingarray-1.64.0-r36h01d97ff_0.tar.bz2",
            "full_name": "bioconda/bioconductor-tilingarray/1.64.0/osx-64/bioconductor-tilingarray-1.64.0-r36h01d97ff_0.tar.bz2",
            "labels": [
                "main"
            ],
            "md5": "1fc18a602827472110271ade152f8953",
            "ndownloads": 161,
            "owner": "bioconda",
            "size": 3103684,
            "type": "conda",
            "upload_time": "2019-11-01 20:08:04.113000+00:00",
            "version": "1.64.0"
        },
        {
            "attrs": {
                "arch": "x86_64",
                "build": "r36h516909a_0",
                "build_number": 0,
                "depends": [
                    "bioconductor-affy >=1.64.0,<1.65.0",
                    "bioconductor-biobase >=2.46.0,<2.47.0",
                    "bioconductor-genefilter >=1.68.0,<1.69.0",
                    "bioconductor-vsn >=3.54.0,<3.55.0",
                    "libgcc-ng >=7.3.0",
                    "r-base >=3.6,<3.7.0a0",
                    "r-pixmap",
                    "r-rcolorbrewer",
                    "r-strucchange"
                ],
                "has_prefix": false,
                "license": "Artistic-2.0",
                "machine": "x86_64",
                "operatingsystem": "linux",
                "platform": "linux",
                "subdir": "linux-64",
                "target-triplet": "x86_64-any-linux",
                "timestamp": 1572817380592
            },
            "basename": "linux-64/bioconductor-tilingarray-1.64.0-r36h516909a_0.tar.bz2",
            "dependencies": {
                "depends": [
                    {
                        "name": "bioconductor-affy",
                        "specs": [
                            [
                                ">=",
                                "1.64.0,<1.65.0"
                            ]
                        ]
                    },
                    {
                        "name": "bioconductor-biobase",
                        "specs": [
                            [
                                ">=",
                                "2.46.0,<2.47.0"
                            ]
                        ]
                    },
                    {
                        "name": "bioconductor-genefilter",
                        "specs": [
                            [
                                ">=",
                                "1.68.0,<1.69.0"
                            ]
                        ]
                    },
                    {
                        "name": "bioconductor-vsn",
                        "specs": [
                            [
                                ">=",
                                "3.54.0,<3.55.0"
                            ]
                        ]
                    },
                    {
                        "name": "libgcc-ng",
                        "specs": [
                            [
                                ">=",
                                "7.3.0"
                            ]
                        ]
                    },
                    {
                        "name": "r-base",
                        "specs": [
                            [
                                ">=",
                                "3.6,<3.7.0a0"
                            ]
                        ]
                    },
                    {
                        "name": "r-pixmap",
                        "specs": []
                    },
                    {
                        "name": "r-rcolorbrewer",
                        "specs": []
                    },
                    {
                        "name": "r-strucchange",
                        "specs": []
                    }
                ]
            },
            "description": null,
            "distribution_type": "conda",
            "download_url": "//api.anaconda.org/download/bioconda/bioconductor-tilingarray/1.64.0/linux-64/bioconductor-tilingarray-1.64.0-r36h516909a_0.tar.bz2",
            "full_name": "bioconda/bioconductor-tilingarray/1.64.0/linux-64/bioconductor-tilingarray-1.64.0-r36h516909a_0.tar.bz2",
            "labels": [
                "main"
            ],
            "md5": "5881acf867adbdbf38b12fa85ad9ef0b",
            "ndownloads": 41,
            "owner": "bioconda",
            "size": 2997972,
            "type": "conda",
            "upload_time": "2019-11-03 21:48:22.984000+00:00",
            "version": "1.64.0"
        }
    ],
    "full_name": "bioconda/bioconductor-tilingarray",
    "home": "https://bioconductor.org/packages/3.8/bioc/html/tilingArray.html",
    "html_url": "http://anaconda.org/bioconda/bioconductor-tilingarray",
    "id": "5c11b793036b8613585d23a4",
    "latest_version": "1.64.0",
    "license": "Artistic-2.0",
    "license_url": null,
    "modified_at": "2019-11-03 21:48:23.334000+00:00",
    "name": "bioconductor-tilingarray",
    "owner": {
        "company": "",
        "created_at": "2015-09-11 22:59:20.880000+00:00",
        "description": "Bioconda is a distribution of bioinformatics software realized as a channel for the versatile Conda package manager.",
        "location": "",
        "login": "bioconda",
        "name": "bioconda",
        "url": "",
        "user_type": "org"
    },
    "package_types": [
        "conda"
    ],
    "public": true,
    "releases": [
        {
            "distributions": [],
            "full_name": "bioconda/bioconductor-tilingarray/1.60.0",
            "version": "1.60.0"
        },
        {
            "distributions": [],
            "full_name": "bioconda/bioconductor-tilingarray/1.62.0",
            "version": "1.62.0"
        },
        {
            "distributions": [],
            "full_name": "bioconda/bioconductor-tilingarray/1.64.0",
            "version": "1.64.0"
        }
    ],
    "revision": 6,
    "source_git_tag": null,
    "source_git_url": null,
    "summary": "Transcript mapping with high-density oligonucleotide tiling arrays",
    "upvoted": 0,
    "url": "http://api.anaconda.org/packages/bioconda/bioconductor-tilingarray",
    "versions": [
        "1.60.0",
        "1.62.0",
        "1.64.0"
    ],
    "watchers": 1
}