{
    "app_entry": {},
    "app_summary": {},
    "app_type": {},
    "builds": [
        "r351_0",
        "r36_1",
        "r36_0"
    ],
    "conda_platforms": [
        "noarch"
    ],
    "created_at": "2018-12-23 03:09:50.070000+00:00",
    "description": "In recent years, large-scale transcriptional sequence data has yielded considerable insights into the nature of gene expression and regulation in eukaryotes. Techniques that identify the 5' end of mRNAs, most notably CAGE, have mapped the promoter landscape across a number of model organisms. Due to the variability of TSS distributions and the transcriptional noise present in datasets, precisely identifying the active promoter(s) for genes from these datasets is not straightforward. TSRchitect allows the user to efficiently identify the putative promoter (the transcription start region, or TSR) from a variety of TSS profiling data types, including both single-end (e.g. CAGE) as well as paired-end (RAMPAGE, PEAT, STRIPE-seq). In addition, (new with version 1.3.0) TSRchitect provides the ability to import aligned EST and cDNA data. Along with the coordiantes of identified TSRs, TSRchitect also calculates the width, abundance and two forms of the Shape Index, and handles biological replicates for expression profiling. Finally, TSRchitect imports annotation files, allowing the user to associate identified promoters with genes and other genomic features. Three detailed examples of TSRchitect's utility are provided in the User's Guide, included with this package.",
    "dev_url": null,
    "doc_url": null,
    "files": [
        {
            "attrs": {
                "arch": null,
                "build": "r351_0",
                "build_number": 0,
                "depends": [
                    "bioconductor-annotationhub >=2.14.0,<2.15.0",
                    "bioconductor-biocgenerics >=0.28.0,<0.29.0",
                    "bioconductor-biocparallel >=1.16.0,<1.17.0",
                    "bioconductor-genomeinfodb >=1.18.0,<1.19.0",
                    "bioconductor-genomicalignments >=1.18.0,<1.19.0",
                    "bioconductor-genomicranges >=1.34.0,<1.35.0",
                    "bioconductor-iranges >=2.16.0,<2.17.0",
                    "bioconductor-rsamtools >=1.34.0,<1.35.0",
                    "bioconductor-rtracklayer >=1.42.0,<1.43.0",
                    "bioconductor-s4vectors >=0.20.0,<0.21.0",
                    "bioconductor-summarizedexperiment >=1.12.0,<1.13.0",
                    "r-base >=3.5.1,<3.5.2.0a0",
                    "r-gtools"
                ],
                "has_prefix": false,
                "license": "GPL-3",
                "machine": null,
                "noarch": "generic",
                "operatingsystem": null,
                "platform": null,
                "subdir": "noarch",
                "target-triplet": "None-any-None",
                "timestamp": 1545534347371
            },
            "basename": "noarch/bioconductor-tsrchitect-1.8.9-r351_0.tar.bz2",
            "dependencies": {
                "depends": [
                    {
                        "name": "bioconductor-annotationhub",
                        "specs": [
                            [
                                ">=",
                                "2.14.0,<2.15.0"
                            ]
                        ]
                    },
                    {
                        "name": "bioconductor-biocgenerics",
                        "specs": [
                            [
                                ">=",
                                "0.28.0,<0.29.0"
                            ]
                        ]
                    },
                    {
                        "name": "bioconductor-biocparallel",
                        "specs": [
                            [
                                ">=",
                                "1.16.0,<1.17.0"
                            ]
                        ]
                    },
                    {
                        "name": "bioconductor-genomeinfodb",
                        "specs": [
                            [
                                ">=",
                                "1.18.0,<1.19.0"
                            ]
                        ]
                    },
                    {
                        "name": "bioconductor-genomicalignments",
                        "specs": [
                            [
                                ">=",
                                "1.18.0,<1.19.0"
                            ]
                        ]
                    },
                    {
                        "name": "bioconductor-genomicranges",
                        "specs": [
                            [
                                ">=",
                                "1.34.0,<1.35.0"
                            ]
                        ]
                    },
                    {
                        "name": "bioconductor-iranges",
                        "specs": [
                            [
                                ">=",
                                "2.16.0,<2.17.0"
                            ]
                        ]
                    },
                    {
                        "name": "bioconductor-rsamtools",
                        "specs": [
                            [
                                ">=",
                                "1.34.0,<1.35.0"
                            ]
                        ]
                    },
                    {
                        "name": "bioconductor-rtracklayer",
                        "specs": [
                            [
                                ">=",
                                "1.42.0,<1.43.0"
                            ]
                        ]
                    },
                    {
                        "name": "bioconductor-s4vectors",
                        "specs": [
                            [
                                ">=",
                                "0.20.0,<0.21.0"
                            ]
                        ]
                    },
                    {
                        "name": "bioconductor-summarizedexperiment",
                        "specs": [
                            [
                                ">=",
                                "1.12.0,<1.13.0"
                            ]
                        ]
                    },
                    {
                        "name": "r-base",
                        "specs": [
                            [
                                ">=",
                                "3.5.1,<3.5.2.0a0"
                            ]
                        ]
                    },
                    {
                        "name": "r-gtools",
                        "specs": []
                    }
                ]
            },
            "description": null,
            "distribution_type": "conda",
            "download_url": "//api.anaconda.org/download/bioconda/bioconductor-tsrchitect/1.8.9/noarch/bioconductor-tsrchitect-1.8.9-r351_0.tar.bz2",
            "full_name": "bioconda/bioconductor-tsrchitect/1.8.9/noarch/bioconductor-tsrchitect-1.8.9-r351_0.tar.bz2",
            "labels": [
                "gcc7",
                "main"
            ],
            "md5": "59d0f6d78e544b6ea7b431842d1ff5b4",
            "ndownloads": 93,
            "owner": "bioconda",
            "size": 2346735,
            "type": "conda",
            "upload_time": "2018-12-23 03:09:50.847000+00:00",
            "version": "1.8.9"
        },
        {
            "attrs": {
                "arch": null,
                "build": "r36_1",
                "build_number": 1,
                "depends": [
                    "bioconductor-annotationhub >=2.16.0,<2.17.0",
                    "bioconductor-biocgenerics >=0.30.0,<0.31.0",
                    "bioconductor-biocparallel >=1.18.0,<1.19.0",
                    "bioconductor-genomeinfodb >=1.20.0,<1.21.0",
                    "bioconductor-genomicalignments >=1.20.0,<1.21.0",
                    "bioconductor-genomicranges >=1.36.0,<1.37.0",
                    "bioconductor-iranges >=2.18.0,<2.19.0",
                    "bioconductor-rsamtools >=2.0.0,<2.1.0",
                    "bioconductor-rtracklayer >=1.44.0,<1.45.0",
                    "bioconductor-s4vectors >=0.22.0,<0.23.0",
                    "bioconductor-summarizedexperiment >=1.14.0,<1.15.0",
                    "r-base >=3.6,<3.7.0a0",
                    "r-gtools"
                ],
                "has_prefix": false,
                "license": "GPL-3",
                "machine": null,
                "noarch": "generic",
                "operatingsystem": null,
                "platform": null,
                "subdir": "noarch",
                "target-triplet": "None-any-None",
                "timestamp": 1565357519174
            },
            "basename": "noarch/bioconductor-tsrchitect-1.10.0-r36_1.tar.bz2",
            "dependencies": {
                "depends": [
                    {
                        "name": "bioconductor-annotationhub",
                        "specs": [
                            [
                                ">=",
                                "2.16.0,<2.17.0"
                            ]
                        ]
                    },
                    {
                        "name": "bioconductor-biocgenerics",
                        "specs": [
                            [
                                ">=",
                                "0.30.0,<0.31.0"
                            ]
                        ]
                    },
                    {
                        "name": "bioconductor-biocparallel",
                        "specs": [
                            [
                                ">=",
                                "1.18.0,<1.19.0"
                            ]
                        ]
                    },
                    {
                        "name": "bioconductor-genomeinfodb",
                        "specs": [
                            [
                                ">=",
                                "1.20.0,<1.21.0"
                            ]
                        ]
                    },
                    {
                        "name": "bioconductor-genomicalignments",
                        "specs": [
                            [
                                ">=",
                                "1.20.0,<1.21.0"
                            ]
                        ]
                    },
                    {
                        "name": "bioconductor-genomicranges",
                        "specs": [
                            [
                                ">=",
                                "1.36.0,<1.37.0"
                            ]
                        ]
                    },
                    {
                        "name": "bioconductor-iranges",
                        "specs": [
                            [
                                ">=",
                                "2.18.0,<2.19.0"
                            ]
                        ]
                    },
                    {
                        "name": "bioconductor-rsamtools",
                        "specs": [
                            [
                                ">=",
                                "2.0.0,<2.1.0"
                            ]
                        ]
                    },
                    {
                        "name": "bioconductor-rtracklayer",
                        "specs": [
                            [
                                ">=",
                                "1.44.0,<1.45.0"
                            ]
                        ]
                    },
                    {
                        "name": "bioconductor-s4vectors",
                        "specs": [
                            [
                                ">=",
                                "0.22.0,<0.23.0"
                            ]
                        ]
                    },
                    {
                        "name": "bioconductor-summarizedexperiment",
                        "specs": [
                            [
                                ">=",
                                "1.14.0,<1.15.0"
                            ]
                        ]
                    },
                    {
                        "name": "r-base",
                        "specs": [
                            [
                                ">=",
                                "3.6,<3.7.0a0"
                            ]
                        ]
                    },
                    {
                        "name": "r-gtools",
                        "specs": []
                    }
                ]
            },
            "description": null,
            "distribution_type": "conda",
            "download_url": "//api.anaconda.org/download/bioconda/bioconductor-tsrchitect/1.10.0/noarch/bioconductor-tsrchitect-1.10.0-r36_1.tar.bz2",
            "full_name": "bioconda/bioconductor-tsrchitect/1.10.0/noarch/bioconductor-tsrchitect-1.10.0-r36_1.tar.bz2",
            "labels": [
                "main"
            ],
            "md5": "22f750c37d5a1f513430bf1fef216c22",
            "ndownloads": 28,
            "owner": "bioconda",
            "size": 2355628,
            "type": "conda",
            "upload_time": "2019-08-09 13:37:25.597000+00:00",
            "version": "1.10.0"
        },
        {
            "attrs": {
                "arch": null,
                "build": "r36_0",
                "build_number": 0,
                "depends": [
                    "bioconductor-annotationhub >=2.18.0,<2.19.0",
                    "bioconductor-biocgenerics >=0.32.0,<0.33.0",
                    "bioconductor-biocparallel >=1.20.0,<1.21.0",
                    "bioconductor-genomeinfodb >=1.22.0,<1.23.0",
                    "bioconductor-genomicalignments >=1.22.0,<1.23.0",
                    "bioconductor-genomicranges >=1.38.0,<1.39.0",
                    "bioconductor-iranges >=2.20.0,<2.21.0",
                    "bioconductor-rsamtools >=2.2.0,<2.3.0",
                    "bioconductor-rtracklayer >=1.46.0,<1.47.0",
                    "bioconductor-s4vectors >=0.24.0,<0.25.0",
                    "bioconductor-summarizedexperiment >=1.16.0,<1.17.0",
                    "r-base >=3.6,<3.7.0a0",
                    "r-dplyr",
                    "r-gtools",
                    "r-readxl"
                ],
                "has_prefix": false,
                "license": "GPL-3",
                "machine": null,
                "noarch": "generic",
                "operatingsystem": null,
                "platform": null,
                "subdir": "noarch",
                "target-triplet": "None-any-None",
                "timestamp": 1572810187862
            },
            "basename": "noarch/bioconductor-tsrchitect-1.12.0-r36_0.tar.bz2",
            "dependencies": {
                "depends": [
                    {
                        "name": "bioconductor-annotationhub",
                        "specs": [
                            [
                                ">=",
                                "2.18.0,<2.19.0"
                            ]
                        ]
                    },
                    {
                        "name": "bioconductor-biocgenerics",
                        "specs": [
                            [
                                ">=",
                                "0.32.0,<0.33.0"
                            ]
                        ]
                    },
                    {
                        "name": "bioconductor-biocparallel",
                        "specs": [
                            [
                                ">=",
                                "1.20.0,<1.21.0"
                            ]
                        ]
                    },
                    {
                        "name": "bioconductor-genomeinfodb",
                        "specs": [
                            [
                                ">=",
                                "1.22.0,<1.23.0"
                            ]
                        ]
                    },
                    {
                        "name": "bioconductor-genomicalignments",
                        "specs": [
                            [
                                ">=",
                                "1.22.0,<1.23.0"
                            ]
                        ]
                    },
                    {
                        "name": "bioconductor-genomicranges",
                        "specs": [
                            [
                                ">=",
                                "1.38.0,<1.39.0"
                            ]
                        ]
                    },
                    {
                        "name": "bioconductor-iranges",
                        "specs": [
                            [
                                ">=",
                                "2.20.0,<2.21.0"
                            ]
                        ]
                    },
                    {
                        "name": "bioconductor-rsamtools",
                        "specs": [
                            [
                                ">=",
                                "2.2.0,<2.3.0"
                            ]
                        ]
                    },
                    {
                        "name": "bioconductor-rtracklayer",
                        "specs": [
                            [
                                ">=",
                                "1.46.0,<1.47.0"
                            ]
                        ]
                    },
                    {
                        "name": "bioconductor-s4vectors",
                        "specs": [
                            [
                                ">=",
                                "0.24.0,<0.25.0"
                            ]
                        ]
                    },
                    {
                        "name": "bioconductor-summarizedexperiment",
                        "specs": [
                            [
                                ">=",
                                "1.16.0,<1.17.0"
                            ]
                        ]
                    },
                    {
                        "name": "r-base",
                        "specs": [
                            [
                                ">=",
                                "3.6,<3.7.0a0"
                            ]
                        ]
                    },
                    {
                        "name": "r-dplyr",
                        "specs": []
                    },
                    {
                        "name": "r-gtools",
                        "specs": []
                    },
                    {
                        "name": "r-readxl",
                        "specs": []
                    }
                ]
            },
            "description": null,
            "distribution_type": "conda",
            "download_url": "//api.anaconda.org/download/bioconda/bioconductor-tsrchitect/1.12.0/noarch/bioconductor-tsrchitect-1.12.0-r36_0.tar.bz2",
            "full_name": "bioconda/bioconductor-tsrchitect/1.12.0/noarch/bioconductor-tsrchitect-1.12.0-r36_0.tar.bz2",
            "labels": [
                "main"
            ],
            "md5": "695fe359c1ff1486cd67fdf31d38f475",
            "ndownloads": 19,
            "owner": "bioconda",
            "size": 1163606,
            "type": "conda",
            "upload_time": "2019-11-03 19:48:39.141000+00:00",
            "version": "1.12.0"
        }
    ],
    "full_name": "bioconda/bioconductor-tsrchitect",
    "home": "https://bioconductor.org/packages/3.8/bioc/html/TSRchitect.html",
    "html_url": "http://anaconda.org/bioconda/bioconductor-tsrchitect",
    "id": "5c1efc7e036b86135864b556",
    "latest_version": "1.12.0",
    "license": "GPL-3",
    "license_url": null,
    "modified_at": "2019-11-03 19:48:39.483000+00:00",
    "name": "bioconductor-tsrchitect",
    "owner": {
        "company": "",
        "created_at": "2015-09-11 22:59:20.880000+00:00",
        "description": "Bioconda is a distribution of bioinformatics software realized as a channel for the versatile Conda package manager.",
        "location": "",
        "login": "bioconda",
        "name": "bioconda",
        "url": "",
        "user_type": "org"
    },
    "package_types": [
        "conda"
    ],
    "public": true,
    "releases": [
        {
            "distributions": [],
            "full_name": "bioconda/bioconductor-tsrchitect/1.8.9",
            "version": "1.8.9"
        },
        {
            "distributions": [],
            "full_name": "bioconda/bioconductor-tsrchitect/1.10.0",
            "version": "1.10.0"
        },
        {
            "distributions": [],
            "full_name": "bioconda/bioconductor-tsrchitect/1.12.0",
            "version": "1.12.0"
        }
    ],
    "revision": 6,
    "source_git_tag": null,
    "source_git_url": null,
    "summary": "Promoter identification from large-scale TSS profiling data",
    "upvoted": 0,
    "url": "http://api.anaconda.org/packages/bioconda/bioconductor-tsrchitect",
    "versions": [
        "1.8.9",
        "1.10.0",
        "1.12.0"
    ],
    "watchers": 1
}