{
    "app_entry": {},
    "app_summary": {},
    "app_type": {},
    "builds": [
        "r351_0",
        "r36_1",
        "r36_0"
    ],
    "conda_platforms": [
        "noarch"
    ],
    "created_at": "2019-01-10 10:59:53.160000+00:00",
    "description": "The data employed in the vignette of the QUBIC package. These data belong to Many Microbe Microarrays Database and STRING v10.",
    "dev_url": null,
    "doc_url": null,
    "files": [
        {
            "attrs": {
                "arch": null,
                "build": "r351_0",
                "build_number": 0,
                "depends": [
                    "r-base >=3.5.1,<3.5.2.0a0",
                    "wget"
                ],
                "has_prefix": false,
                "license": "Unlimited | file LICENSE",
                "machine": null,
                "noarch": "generic",
                "operatingsystem": null,
                "platform": null,
                "subdir": "noarch",
                "target-triplet": "None-any-None",
                "timestamp": 1547117835046
            },
            "basename": "noarch/bioconductor-qubicdata-1.10.0-r351_0.tar.bz2",
            "dependencies": {
                "depends": [
                    {
                        "name": "r-base",
                        "specs": [
                            [
                                ">=",
                                "3.5.1,<3.5.2.0a0"
                            ]
                        ]
                    },
                    {
                        "name": "wget",
                        "specs": []
                    }
                ]
            },
            "description": null,
            "distribution_type": "conda",
            "download_url": "//api.anaconda.org/download/bioconda/bioconductor-qubicdata/1.10.0/noarch/bioconductor-qubicdata-1.10.0-r351_0.tar.bz2",
            "full_name": "bioconda/bioconductor-qubicdata/1.10.0/noarch/bioconductor-qubicdata-1.10.0-r351_0.tar.bz2",
            "labels": [
                "gcc7",
                "main"
            ],
            "md5": "c7585c50d2b499c326aeb39e998f0942",
            "ndownloads": 70,
            "owner": "bioconda",
            "size": 6218,
            "type": "conda",
            "upload_time": "2019-01-10 10:59:54.495000+00:00",
            "version": "1.10.0"
        },
        {
            "attrs": {
                "arch": null,
                "build": "r351_0",
                "build_number": 0,
                "depends": [
                    "curl >=7.64.1,<8.0a0",
                    "r-base >=3.5.1,<3.5.2.0a0"
                ],
                "has_prefix": false,
                "license": "Unlimited | file LICENSE",
                "machine": null,
                "noarch": "generic",
                "operatingsystem": null,
                "platform": null,
                "subdir": "noarch",
                "target-triplet": "None-any-None",
                "timestamp": 1557607666694
            },
            "basename": "noarch/bioconductor-qubicdata-1.12.0-r351_0.tar.bz2",
            "dependencies": {
                "depends": [
                    {
                        "name": "curl",
                        "specs": [
                            [
                                ">=",
                                "7.64.1,<8.0a0"
                            ]
                        ]
                    },
                    {
                        "name": "r-base",
                        "specs": [
                            [
                                ">=",
                                "3.5.1,<3.5.2.0a0"
                            ]
                        ]
                    }
                ]
            },
            "description": null,
            "distribution_type": "conda",
            "download_url": "//api.anaconda.org/download/bioconda/bioconductor-qubicdata/1.12.0/noarch/bioconductor-qubicdata-1.12.0-r351_0.tar.bz2",
            "full_name": "bioconda/bioconductor-qubicdata/1.12.0/noarch/bioconductor-qubicdata-1.12.0-r351_0.tar.bz2",
            "labels": [
                "main"
            ],
            "md5": "c4b9ad74f627bce3caa423a0fe2ae533",
            "ndownloads": 56,
            "owner": "bioconda",
            "size": 6140,
            "type": "conda",
            "upload_time": "2019-05-11 20:51:47.394000+00:00",
            "version": "1.12.0"
        },
        {
            "attrs": {
                "arch": null,
                "build": "r36_1",
                "build_number": 1,
                "depends": [
                    "curl >=7.65.2,<8.0a0",
                    "r-base >=3.6,<3.7.0a0"
                ],
                "has_prefix": false,
                "license": "Unlimited | file LICENSE",
                "machine": null,
                "noarch": "generic",
                "operatingsystem": null,
                "platform": null,
                "subdir": "noarch",
                "target-triplet": "None-any-None",
                "timestamp": 1563427910246
            },
            "basename": "noarch/bioconductor-qubicdata-1.12.0-r36_1.tar.bz2",
            "dependencies": {
                "depends": [
                    {
                        "name": "curl",
                        "specs": [
                            [
                                ">=",
                                "7.65.2,<8.0a0"
                            ]
                        ]
                    },
                    {
                        "name": "r-base",
                        "specs": [
                            [
                                ">=",
                                "3.6,<3.7.0a0"
                            ]
                        ]
                    }
                ]
            },
            "description": null,
            "distribution_type": "conda",
            "download_url": "//api.anaconda.org/download/bioconda/bioconductor-qubicdata/1.12.0/noarch/bioconductor-qubicdata-1.12.0-r36_1.tar.bz2",
            "full_name": "bioconda/bioconductor-qubicdata/1.12.0/noarch/bioconductor-qubicdata-1.12.0-r36_1.tar.bz2",
            "labels": [
                "main"
            ],
            "md5": "b1ed5601e8a27756bd860d1f85f004ba",
            "ndownloads": 27,
            "owner": "bioconda",
            "size": 6452,
            "type": "conda",
            "upload_time": "2019-07-18 05:35:46.134000+00:00",
            "version": "1.12.0"
        },
        {
            "attrs": {
                "arch": null,
                "build": "r36_0",
                "build_number": 0,
                "depends": [
                    "curl >=7.65.3,<8.0a0",
                    "r-base >=3.6,<3.7.0a0"
                ],
                "has_prefix": false,
                "license": "Unlimited | file LICENSE",
                "machine": null,
                "noarch": "generic",
                "operatingsystem": null,
                "platform": null,
                "subdir": "noarch",
                "target-triplet": "None-any-None",
                "timestamp": 1573076661484
            },
            "basename": "noarch/bioconductor-qubicdata-1.14.0-r36_0.tar.bz2",
            "dependencies": {
                "depends": [
                    {
                        "name": "curl",
                        "specs": [
                            [
                                ">=",
                                "7.65.3,<8.0a0"
                            ]
                        ]
                    },
                    {
                        "name": "r-base",
                        "specs": [
                            [
                                ">=",
                                "3.6,<3.7.0a0"
                            ]
                        ]
                    }
                ]
            },
            "description": null,
            "distribution_type": "conda",
            "download_url": "//api.anaconda.org/download/bioconda/bioconductor-qubicdata/1.14.0/noarch/bioconductor-qubicdata-1.14.0-r36_0.tar.bz2",
            "full_name": "bioconda/bioconductor-qubicdata/1.14.0/noarch/bioconductor-qubicdata-1.14.0-r36_0.tar.bz2",
            "labels": [
                "main"
            ],
            "md5": "ce57a0f7b08b189f4fd07a274c6e7324",
            "ndownloads": 15,
            "owner": "bioconda",
            "size": 12465,
            "type": "conda",
            "upload_time": "2019-11-06 21:49:27.853000+00:00",
            "version": "1.14.0"
        }
    ],
    "full_name": "bioconda/bioconductor-qubicdata",
    "home": "https://bioconductor.org/packages/3.8/data/experiment/html/QUBICdata.html",
    "html_url": "http://anaconda.org/bioconda/bioconductor-qubicdata",
    "id": "5c3725a937f339207ac2d80e",
    "latest_version": "1.14.0",
    "license": "Unlimited | file LICENSE",
    "license_url": null,
    "modified_at": "2019-11-06 23:26:44.835000+00:00",
    "name": "bioconductor-qubicdata",
    "owner": {
        "company": "",
        "created_at": "2015-09-11 22:59:20.880000+00:00",
        "description": "Bioconda is a distribution of bioinformatics software realized as a channel for the versatile Conda package manager.",
        "location": "",
        "login": "bioconda",
        "name": "bioconda",
        "url": "",
        "user_type": "org"
    },
    "package_types": [
        "conda"
    ],
    "public": true,
    "releases": [
        {
            "distributions": [],
            "full_name": "bioconda/bioconductor-qubicdata/1.10.0",
            "version": "1.10.0"
        },
        {
            "distributions": [],
            "full_name": "bioconda/bioconductor-qubicdata/1.12.0",
            "version": "1.12.0"
        },
        {
            "distributions": [],
            "full_name": "bioconda/bioconductor-qubicdata/1.13.0",
            "version": "1.13.0"
        },
        {
            "distributions": [],
            "full_name": "bioconda/bioconductor-qubicdata/1.14.0",
            "version": "1.14.0"
        }
    ],
    "revision": 8,
    "source_git_tag": null,
    "source_git_url": null,
    "summary": "Data employed in the vignette of the QUBIC package",
    "upvoted": 0,
    "url": "http://api.anaconda.org/packages/bioconda/bioconductor-qubicdata",
    "versions": [
        "1.10.0",
        "1.12.0",
        "1.13.0",
        "1.14.0"
    ],
    "watchers": 1
}