{
    "app_entry": {},
    "app_summary": {},
    "app_type": {},
    "builds": [
        "r351_0",
        "r36_1",
        "r36_0"
    ],
    "conda_platforms": [
        "noarch"
    ],
    "created_at": "2019-01-08 13:44:00.962000+00:00",
    "description": "Microarray data (from the Illumina Ref-8 BeadChips platform) and phenotype-level data from an epidemiological investigation of benzene exposure, packaged using \"SummarizedExperiemnt\", for use as an example with the \"biotmle\" R package.",
    "dev_url": null,
    "doc_url": null,
    "files": [
        {
            "attrs": {
                "arch": null,
                "build": "r351_0",
                "build_number": 0,
                "depends": [
                    "r-base >=3.5.1,<3.5.2.0a0",
                    "wget"
                ],
                "has_prefix": false,
                "license": "file LICENSE",
                "machine": null,
                "noarch": "generic",
                "operatingsystem": null,
                "platform": null,
                "subdir": "noarch",
                "target-triplet": "None-any-None",
                "timestamp": 1546954865781
            },
            "basename": "noarch/bioconductor-biotmledata-1.6.0-r351_0.tar.bz2",
            "dependencies": {
                "depends": [
                    {
                        "name": "r-base",
                        "specs": [
                            [
                                ">=",
                                "3.5.1,<3.5.2.0a0"
                            ]
                        ]
                    },
                    {
                        "name": "wget",
                        "specs": []
                    }
                ]
            },
            "description": null,
            "distribution_type": "conda",
            "download_url": "//api.anaconda.org/download/bioconda/bioconductor-biotmledata/1.6.0/noarch/bioconductor-biotmledata-1.6.0-r351_0.tar.bz2",
            "full_name": "bioconda/bioconductor-biotmledata/1.6.0/noarch/bioconductor-biotmledata-1.6.0-r351_0.tar.bz2",
            "labels": [
                "gcc7",
                "main"
            ],
            "md5": "e25dc807cba070223f9e70dcbc77a74c",
            "ndownloads": 71,
            "owner": "bioconda",
            "size": 6305,
            "type": "conda",
            "upload_time": "2019-01-08 13:44:01.789000+00:00",
            "version": "1.6.0"
        },
        {
            "attrs": {
                "arch": null,
                "build": "r351_0",
                "build_number": 0,
                "depends": [
                    "curl >=7.64.1,<8.0a0",
                    "r-base >=3.5.1,<3.5.2.0a0"
                ],
                "has_prefix": false,
                "license": "file LICENSE",
                "machine": null,
                "noarch": "generic",
                "operatingsystem": null,
                "platform": null,
                "subdir": "noarch",
                "target-triplet": "None-any-None",
                "timestamp": 1557750350392
            },
            "basename": "noarch/bioconductor-biotmledata-1.8.0-r351_0.tar.bz2",
            "dependencies": {
                "depends": [
                    {
                        "name": "curl",
                        "specs": [
                            [
                                ">=",
                                "7.64.1,<8.0a0"
                            ]
                        ]
                    },
                    {
                        "name": "r-base",
                        "specs": [
                            [
                                ">=",
                                "3.5.1,<3.5.2.0a0"
                            ]
                        ]
                    }
                ]
            },
            "description": null,
            "distribution_type": "conda",
            "download_url": "//api.anaconda.org/download/bioconda/bioconductor-biotmledata/1.8.0/noarch/bioconductor-biotmledata-1.8.0-r351_0.tar.bz2",
            "full_name": "bioconda/bioconductor-biotmledata/1.8.0/noarch/bioconductor-biotmledata-1.8.0-r351_0.tar.bz2",
            "labels": [
                "main"
            ],
            "md5": "0863abfe43b6ed1147c8fdb48d035674",
            "ndownloads": 54,
            "owner": "bioconda",
            "size": 6274,
            "type": "conda",
            "upload_time": "2019-05-13 12:30:01.660000+00:00",
            "version": "1.8.0"
        },
        {
            "attrs": {
                "arch": null,
                "build": "r36_1",
                "build_number": 1,
                "depends": [
                    "curl >=7.64.1,<8.0a0",
                    "r-base >=3.6,<3.7.0a0"
                ],
                "has_prefix": false,
                "license": "file LICENSE",
                "machine": null,
                "noarch": "generic",
                "operatingsystem": null,
                "platform": null,
                "subdir": "noarch",
                "target-triplet": "None-any-None",
                "timestamp": 1563299893385
            },
            "basename": "noarch/bioconductor-biotmledata-1.8.0-r36_1.tar.bz2",
            "dependencies": {
                "depends": [
                    {
                        "name": "curl",
                        "specs": [
                            [
                                ">=",
                                "7.64.1,<8.0a0"
                            ]
                        ]
                    },
                    {
                        "name": "r-base",
                        "specs": [
                            [
                                ">=",
                                "3.6,<3.7.0a0"
                            ]
                        ]
                    }
                ]
            },
            "description": null,
            "distribution_type": "conda",
            "download_url": "//api.anaconda.org/download/bioconda/bioconductor-biotmledata/1.8.0/noarch/bioconductor-biotmledata-1.8.0-r36_1.tar.bz2",
            "full_name": "bioconda/bioconductor-biotmledata/1.8.0/noarch/bioconductor-biotmledata-1.8.0-r36_1.tar.bz2",
            "labels": [
                "main"
            ],
            "md5": "f78a8759f54335baf85f5c2630108e1b",
            "ndownloads": 25,
            "owner": "bioconda",
            "size": 6574,
            "type": "conda",
            "upload_time": "2019-07-16 18:02:25.085000+00:00",
            "version": "1.8.0"
        },
        {
            "attrs": {
                "arch": null,
                "build": "r36_0",
                "build_number": 0,
                "depends": [
                    "curl >=7.65.3,<8.0a0",
                    "r-base >=3.6,<3.7.0a0"
                ],
                "has_prefix": false,
                "license": "file LICENSE",
                "machine": null,
                "noarch": "generic",
                "operatingsystem": null,
                "platform": null,
                "subdir": "noarch",
                "target-triplet": "None-any-None",
                "timestamp": 1573069880060
            },
            "basename": "noarch/bioconductor-biotmledata-1.10.0-r36_0.tar.bz2",
            "dependencies": {
                "depends": [
                    {
                        "name": "curl",
                        "specs": [
                            [
                                ">=",
                                "7.65.3,<8.0a0"
                            ]
                        ]
                    },
                    {
                        "name": "r-base",
                        "specs": [
                            [
                                ">=",
                                "3.6,<3.7.0a0"
                            ]
                        ]
                    }
                ]
            },
            "description": null,
            "distribution_type": "conda",
            "download_url": "//api.anaconda.org/download/bioconda/bioconductor-biotmledata/1.10.0/noarch/bioconductor-biotmledata-1.10.0-r36_0.tar.bz2",
            "full_name": "bioconda/bioconductor-biotmledata/1.10.0/noarch/bioconductor-biotmledata-1.10.0-r36_0.tar.bz2",
            "labels": [
                "main"
            ],
            "md5": "544ad78ba1205f84599363c7cb27f6a2",
            "ndownloads": 21,
            "owner": "bioconda",
            "size": 7342,
            "type": "conda",
            "upload_time": "2019-11-06 19:56:38.997000+00:00",
            "version": "1.10.0"
        }
    ],
    "full_name": "bioconda/bioconductor-biotmledata",
    "home": "https://bioconductor.org/packages/3.8/data/experiment/html/biotmleData.html",
    "html_url": "http://anaconda.org/bioconda/bioconductor-biotmledata",
    "id": "5c34a92037f339133df7283d",
    "latest_version": "1.10.0",
    "license": "file LICENSE",
    "license_url": null,
    "modified_at": "2019-11-06 23:18:18.854000+00:00",
    "name": "bioconductor-biotmledata",
    "owner": {
        "company": "",
        "created_at": "2015-09-11 22:59:20.880000+00:00",
        "description": "Bioconda is a distribution of bioinformatics software realized as a channel for the versatile Conda package manager.",
        "location": "",
        "login": "bioconda",
        "name": "bioconda",
        "url": "",
        "user_type": "org"
    },
    "package_types": [
        "conda"
    ],
    "public": true,
    "releases": [
        {
            "distributions": [],
            "full_name": "bioconda/bioconductor-biotmledata/1.6.0",
            "version": "1.6.0"
        },
        {
            "distributions": [],
            "full_name": "bioconda/bioconductor-biotmledata/1.8.0",
            "version": "1.8.0"
        },
        {
            "distributions": [],
            "full_name": "bioconda/bioconductor-biotmledata/1.9.0",
            "version": "1.9.0"
        },
        {
            "distributions": [],
            "full_name": "bioconda/bioconductor-biotmledata/1.10.0",
            "version": "1.10.0"
        }
    ],
    "revision": 8,
    "source_git_tag": null,
    "source_git_url": null,
    "summary": "Example experimental microarray data set for the \"biotmle\" R package",
    "upvoted": 0,
    "url": "http://api.anaconda.org/packages/bioconda/bioconductor-biotmledata",
    "versions": [
        "1.6.0",
        "1.8.0",
        "1.9.0",
        "1.10.0"
    ],
    "watchers": 1
}