{
    "app_entry": {},
    "app_summary": {},
    "app_type": {},
    "builds": [
        "r341_3",
        "r36_0",
        "r3.3.2_0",
        "r36_1",
        "r351_3",
        "r351_4",
        "r3.4.1_0",
        "r3.4.1_1"
    ],
    "conda_platforms": [
        "linux-64",
        "noarch",
        "osx-64"
    ],
    "created_at": "2017-08-26 19:16:54.400000+00:00",
    "description": "Exposes an annotation databases generated from UCSC by exposing these as TxDb objects",
    "dev_url": null,
    "doc_url": null,
    "files": [
        {
            "attrs": {
                "arch": "x86_64",
                "build": "r3.3.2_0",
                "build_number": 0,
                "depends": [
                    "bioconductor-annotationdbi",
                    "bioconductor-genomicfeatures >=1.25.18",
                    "r-base 3.3.2*",
                    "wget"
                ],
                "has_prefix": false,
                "license": "Artistic-2.0",
                "machine": "x86_64",
                "operatingsystem": "darwin",
                "platform": "osx",
                "subdir": "osx-64",
                "target-triplet": "x86_64-any-darwin"
            },
            "basename": "osx-64/bioconductor-txdb.hsapiens.ucsc.hg38.knowngene-3.4.0-r3.3.2_0.tar.bz2",
            "dependencies": {
                "depends": [
                    {
                        "name": "bioconductor-annotationdbi",
                        "specs": []
                    },
                    {
                        "name": "bioconductor-genomicfeatures",
                        "specs": [
                            [
                                ">=",
                                "1.25.18"
                            ]
                        ]
                    },
                    {
                        "name": "r-base",
                        "specs": [
                            [
                                "==",
                                "3.3.2"
                            ]
                        ]
                    },
                    {
                        "name": "wget",
                        "specs": []
                    }
                ]
            },
            "description": null,
            "distribution_type": "conda",
            "download_url": "//api.anaconda.org/download/bioconda/bioconductor-txdb.hsapiens.ucsc.hg38.knowngene/3.4.0/osx-64/bioconductor-txdb.hsapiens.ucsc.hg38.knowngene-3.4.0-r3.3.2_0.tar.bz2",
            "full_name": "bioconda/bioconductor-txdb.hsapiens.ucsc.hg38.knowngene/3.4.0/osx-64/bioconductor-txdb.hsapiens.ucsc.hg38.knowngene-3.4.0-r3.3.2_0.tar.bz2",
            "labels": [
                "main",
                "cf201901"
            ],
            "md5": "118a421083bf6e23a7e7e5221e3f9351",
            "ndownloads": 26,
            "owner": "bioconda",
            "size": 3869,
            "type": "conda",
            "upload_time": "2017-08-26 19:16:54.856000+00:00",
            "version": "3.4.0"
        },
        {
            "attrs": {
                "arch": "x86_64",
                "build": "r3.3.2_0",
                "build_number": 0,
                "depends": [
                    "bioconductor-annotationdbi",
                    "bioconductor-genomicfeatures >=1.25.18",
                    "r-base 3.3.2*",
                    "wget"
                ],
                "has_prefix": false,
                "license": "Artistic-2.0",
                "machine": "x86_64",
                "operatingsystem": "linux",
                "platform": "linux",
                "subdir": "linux-64",
                "target-triplet": "x86_64-any-linux"
            },
            "basename": "linux-64/bioconductor-txdb.hsapiens.ucsc.hg38.knowngene-3.4.0-r3.3.2_0.tar.bz2",
            "dependencies": {
                "depends": [
                    {
                        "name": "bioconductor-annotationdbi",
                        "specs": []
                    },
                    {
                        "name": "bioconductor-genomicfeatures",
                        "specs": [
                            [
                                ">=",
                                "1.25.18"
                            ]
                        ]
                    },
                    {
                        "name": "r-base",
                        "specs": [
                            [
                                "==",
                                "3.3.2"
                            ]
                        ]
                    },
                    {
                        "name": "wget",
                        "specs": []
                    }
                ]
            },
            "description": null,
            "distribution_type": "conda",
            "download_url": "//api.anaconda.org/download/bioconda/bioconductor-txdb.hsapiens.ucsc.hg38.knowngene/3.4.0/linux-64/bioconductor-txdb.hsapiens.ucsc.hg38.knowngene-3.4.0-r3.3.2_0.tar.bz2",
            "full_name": "bioconda/bioconductor-txdb.hsapiens.ucsc.hg38.knowngene/3.4.0/linux-64/bioconductor-txdb.hsapiens.ucsc.hg38.knowngene-3.4.0-r3.3.2_0.tar.bz2",
            "labels": [
                "main",
                "cf201901"
            ],
            "md5": "3b510c51a8cb41b1defb224550e0b604",
            "ndownloads": 437,
            "owner": "bioconda",
            "size": 4007,
            "type": "conda",
            "upload_time": "2017-08-26 19:21:15.210000+00:00",
            "version": "3.4.0"
        },
        {
            "attrs": {
                "arch": "x86_64",
                "build": "r3.4.1_0",
                "build_number": 0,
                "depends": [
                    "bioconductor-annotationdbi",
                    "bioconductor-genomicfeatures >=1.25.18",
                    "r-base 3.4.1*",
                    "wget"
                ],
                "has_prefix": false,
                "license": "Artistic-2.0",
                "machine": "x86_64",
                "operatingsystem": "linux",
                "platform": "linux",
                "subdir": "linux-64",
                "target-triplet": "x86_64-any-linux"
            },
            "basename": "linux-64/bioconductor-txdb.hsapiens.ucsc.hg38.knowngene-3.4.0-r3.4.1_0.tar.bz2",
            "dependencies": {
                "depends": [
                    {
                        "name": "bioconductor-annotationdbi",
                        "specs": []
                    },
                    {
                        "name": "bioconductor-genomicfeatures",
                        "specs": [
                            [
                                ">=",
                                "1.25.18"
                            ]
                        ]
                    },
                    {
                        "name": "r-base",
                        "specs": [
                            [
                                "==",
                                "3.4.1"
                            ]
                        ]
                    },
                    {
                        "name": "wget",
                        "specs": []
                    }
                ]
            },
            "description": null,
            "distribution_type": "conda",
            "download_url": "//api.anaconda.org/download/bioconda/bioconductor-txdb.hsapiens.ucsc.hg38.knowngene/3.4.0/linux-64/bioconductor-txdb.hsapiens.ucsc.hg38.knowngene-3.4.0-r3.4.1_0.tar.bz2",
            "full_name": "bioconda/bioconductor-txdb.hsapiens.ucsc.hg38.knowngene/3.4.0/linux-64/bioconductor-txdb.hsapiens.ucsc.hg38.knowngene-3.4.0-r3.4.1_0.tar.bz2",
            "labels": [
                "main",
                "cf201901"
            ],
            "md5": "42b3fc8cae7ec26bce12cd9f0b0d5477",
            "ndownloads": 694,
            "owner": "bioconda",
            "size": 4052,
            "type": "conda",
            "upload_time": "2017-09-22 02:05:35.318000+00:00",
            "version": "3.4.0"
        },
        {
            "attrs": {
                "arch": "x86_64",
                "build": "r3.4.1_0",
                "build_number": 0,
                "depends": [
                    "bioconductor-annotationdbi",
                    "bioconductor-genomicfeatures >=1.25.18",
                    "r-base 3.4.1*",
                    "wget"
                ],
                "has_prefix": false,
                "license": "Artistic-2.0",
                "machine": "x86_64",
                "operatingsystem": "darwin",
                "platform": "osx",
                "subdir": "osx-64",
                "target-triplet": "x86_64-any-darwin"
            },
            "basename": "osx-64/bioconductor-txdb.hsapiens.ucsc.hg38.knowngene-3.4.0-r3.4.1_0.tar.bz2",
            "dependencies": {
                "depends": [
                    {
                        "name": "bioconductor-annotationdbi",
                        "specs": []
                    },
                    {
                        "name": "bioconductor-genomicfeatures",
                        "specs": [
                            [
                                ">=",
                                "1.25.18"
                            ]
                        ]
                    },
                    {
                        "name": "r-base",
                        "specs": [
                            [
                                "==",
                                "3.4.1"
                            ]
                        ]
                    },
                    {
                        "name": "wget",
                        "specs": []
                    }
                ]
            },
            "description": null,
            "distribution_type": "conda",
            "download_url": "//api.anaconda.org/download/bioconda/bioconductor-txdb.hsapiens.ucsc.hg38.knowngene/3.4.0/osx-64/bioconductor-txdb.hsapiens.ucsc.hg38.knowngene-3.4.0-r3.4.1_0.tar.bz2",
            "full_name": "bioconda/bioconductor-txdb.hsapiens.ucsc.hg38.knowngene/3.4.0/osx-64/bioconductor-txdb.hsapiens.ucsc.hg38.knowngene-3.4.0-r3.4.1_0.tar.bz2",
            "labels": [
                "main",
                "cf201901"
            ],
            "md5": "4f76cdc616c3ff5a091ac776c2c4a147",
            "ndownloads": 187,
            "owner": "bioconda",
            "size": 3861,
            "type": "conda",
            "upload_time": "2017-09-23 10:51:18.264000+00:00",
            "version": "3.4.0"
        },
        {
            "attrs": {
                "arch": "x86_64",
                "build": "r3.4.1_1",
                "build_number": 1,
                "depends": [
                    "bioconductor-annotationdbi",
                    "bioconductor-genomicfeatures >=1.25.18",
                    "r-base 3.4.1*",
                    "wget"
                ],
                "has_prefix": false,
                "license": "Artistic-2.0",
                "machine": "x86_64",
                "operatingsystem": "linux",
                "platform": "linux",
                "subdir": "linux-64",
                "target-triplet": "x86_64-any-linux"
            },
            "basename": "linux-64/bioconductor-txdb.hsapiens.ucsc.hg38.knowngene-3.4.0-r3.4.1_1.tar.bz2",
            "dependencies": {
                "depends": [
                    {
                        "name": "bioconductor-annotationdbi",
                        "specs": []
                    },
                    {
                        "name": "bioconductor-genomicfeatures",
                        "specs": [
                            [
                                ">=",
                                "1.25.18"
                            ]
                        ]
                    },
                    {
                        "name": "r-base",
                        "specs": [
                            [
                                "==",
                                "3.4.1"
                            ]
                        ]
                    },
                    {
                        "name": "wget",
                        "specs": []
                    }
                ]
            },
            "description": null,
            "distribution_type": "conda",
            "download_url": "//api.anaconda.org/download/bioconda/bioconductor-txdb.hsapiens.ucsc.hg38.knowngene/3.4.0/linux-64/bioconductor-txdb.hsapiens.ucsc.hg38.knowngene-3.4.0-r3.4.1_1.tar.bz2",
            "full_name": "bioconda/bioconductor-txdb.hsapiens.ucsc.hg38.knowngene/3.4.0/linux-64/bioconductor-txdb.hsapiens.ucsc.hg38.knowngene-3.4.0-r3.4.1_1.tar.bz2",
            "labels": [
                "main",
                "cf201901"
            ],
            "md5": "04e8d28c8f7083cd0fca5553bac8d867",
            "ndownloads": 713,
            "owner": "bioconda",
            "size": 5194,
            "type": "conda",
            "upload_time": "2017-12-19 20:52:01.152000+00:00",
            "version": "3.4.0"
        },
        {
            "attrs": {
                "arch": "x86_64",
                "build": "r3.4.1_1",
                "build_number": 1,
                "depends": [
                    "bioconductor-annotationdbi",
                    "bioconductor-genomicfeatures >=1.25.18",
                    "r-base 3.4.1*",
                    "wget"
                ],
                "has_prefix": false,
                "license": "Artistic-2.0",
                "machine": "x86_64",
                "operatingsystem": "darwin",
                "platform": "osx",
                "subdir": "osx-64",
                "target-triplet": "x86_64-any-darwin"
            },
            "basename": "osx-64/bioconductor-txdb.hsapiens.ucsc.hg38.knowngene-3.4.0-r3.4.1_1.tar.bz2",
            "dependencies": {
                "depends": [
                    {
                        "name": "bioconductor-annotationdbi",
                        "specs": []
                    },
                    {
                        "name": "bioconductor-genomicfeatures",
                        "specs": [
                            [
                                ">=",
                                "1.25.18"
                            ]
                        ]
                    },
                    {
                        "name": "r-base",
                        "specs": [
                            [
                                "==",
                                "3.4.1"
                            ]
                        ]
                    },
                    {
                        "name": "wget",
                        "specs": []
                    }
                ]
            },
            "description": null,
            "distribution_type": "conda",
            "download_url": "//api.anaconda.org/download/bioconda/bioconductor-txdb.hsapiens.ucsc.hg38.knowngene/3.4.0/osx-64/bioconductor-txdb.hsapiens.ucsc.hg38.knowngene-3.4.0-r3.4.1_1.tar.bz2",
            "full_name": "bioconda/bioconductor-txdb.hsapiens.ucsc.hg38.knowngene/3.4.0/osx-64/bioconductor-txdb.hsapiens.ucsc.hg38.knowngene-3.4.0-r3.4.1_1.tar.bz2",
            "labels": [
                "main",
                "cf201901"
            ],
            "md5": "a5de49be7836abe6a87a4c856f0d4a06",
            "ndownloads": 61,
            "owner": "bioconda",
            "size": 5006,
            "type": "conda",
            "upload_time": "2017-12-20 10:08:08.249000+00:00",
            "version": "3.4.0"
        },
        {
            "attrs": {
                "arch": "x86_64",
                "build": "r341_3",
                "build_number": 3,
                "depends": [
                    "bioconductor-annotationdbi >=1.42.1,<1.44.0",
                    "bioconductor-genomicfeatures >=1.32.2,<1.34.0",
                    "r-base >=3.4.1,<3.4.2.0a0",
                    "wget"
                ],
                "has_prefix": false,
                "license": "Artistic-2.0",
                "machine": "x86_64",
                "operatingsystem": "darwin",
                "platform": "osx",
                "subdir": "osx-64",
                "target-triplet": "x86_64-any-darwin",
                "timestamp": 1540126227820
            },
            "basename": "osx-64/bioconductor-txdb.hsapiens.ucsc.hg38.knowngene-3.4.0-r341_3.tar.bz2",
            "dependencies": {
                "depends": [
                    {
                        "name": "bioconductor-annotationdbi",
                        "specs": [
                            [
                                ">=",
                                "1.42.1,<1.44.0"
                            ]
                        ]
                    },
                    {
                        "name": "bioconductor-genomicfeatures",
                        "specs": [
                            [
                                ">=",
                                "1.32.2,<1.34.0"
                            ]
                        ]
                    },
                    {
                        "name": "r-base",
                        "specs": [
                            [
                                ">=",
                                "3.4.1,<3.4.2.0a0"
                            ]
                        ]
                    },
                    {
                        "name": "wget",
                        "specs": []
                    }
                ]
            },
            "description": null,
            "distribution_type": "conda",
            "download_url": "//api.anaconda.org/download/bioconda/bioconductor-txdb.hsapiens.ucsc.hg38.knowngene/3.4.0/osx-64/bioconductor-txdb.hsapiens.ucsc.hg38.knowngene-3.4.0-r341_3.tar.bz2",
            "full_name": "bioconda/bioconductor-txdb.hsapiens.ucsc.hg38.knowngene/3.4.0/osx-64/bioconductor-txdb.hsapiens.ucsc.hg38.knowngene-3.4.0-r341_3.tar.bz2",
            "labels": [
                "main",
                "cf201901"
            ],
            "md5": "2c19741ae1d6033d069ebe6475c9676d",
            "ndownloads": 24,
            "owner": "bioconda",
            "size": 6120,
            "type": "conda",
            "upload_time": "2018-10-21 12:55:11.119000+00:00",
            "version": "3.4.0"
        },
        {
            "attrs": {
                "arch": "x86_64",
                "build": "r351_3",
                "build_number": 3,
                "depends": [
                    "bioconductor-annotationdbi >=1.42.1,<1.44.0",
                    "bioconductor-genomicfeatures >=1.32.2,<1.34.0",
                    "r-base >=3.5.1,<3.5.2.0a0",
                    "wget"
                ],
                "has_prefix": false,
                "license": "Artistic-2.0",
                "machine": "x86_64",
                "operatingsystem": "darwin",
                "platform": "osx",
                "subdir": "osx-64",
                "target-triplet": "x86_64-any-darwin",
                "timestamp": 1540126393236
            },
            "basename": "osx-64/bioconductor-txdb.hsapiens.ucsc.hg38.knowngene-3.4.0-r351_3.tar.bz2",
            "dependencies": {
                "depends": [
                    {
                        "name": "bioconductor-annotationdbi",
                        "specs": [
                            [
                                ">=",
                                "1.42.1,<1.44.0"
                            ]
                        ]
                    },
                    {
                        "name": "bioconductor-genomicfeatures",
                        "specs": [
                            [
                                ">=",
                                "1.32.2,<1.34.0"
                            ]
                        ]
                    },
                    {
                        "name": "r-base",
                        "specs": [
                            [
                                ">=",
                                "3.5.1,<3.5.2.0a0"
                            ]
                        ]
                    },
                    {
                        "name": "wget",
                        "specs": []
                    }
                ]
            },
            "description": null,
            "distribution_type": "conda",
            "download_url": "//api.anaconda.org/download/bioconda/bioconductor-txdb.hsapiens.ucsc.hg38.knowngene/3.4.0/osx-64/bioconductor-txdb.hsapiens.ucsc.hg38.knowngene-3.4.0-r351_3.tar.bz2",
            "full_name": "bioconda/bioconductor-txdb.hsapiens.ucsc.hg38.knowngene/3.4.0/osx-64/bioconductor-txdb.hsapiens.ucsc.hg38.knowngene-3.4.0-r351_3.tar.bz2",
            "labels": [
                "main",
                "cf201901"
            ],
            "md5": "526ef25f9be53049d5cd3a0420857f0b",
            "ndownloads": 605,
            "owner": "bioconda",
            "size": 6131,
            "type": "conda",
            "upload_time": "2018-10-21 12:55:14.927000+00:00",
            "version": "3.4.0"
        },
        {
            "attrs": {
                "arch": "x86_64",
                "build": "r351_3",
                "build_number": 3,
                "depends": [
                    "bioconductor-annotationdbi >=1.42.1,<1.44.0",
                    "bioconductor-genomicfeatures >=1.32.2,<1.34.0",
                    "r-base >=3.5.1,<3.5.2.0a0",
                    "wget"
                ],
                "has_prefix": false,
                "license": "Artistic-2.0",
                "machine": "x86_64",
                "operatingsystem": "linux",
                "platform": "linux",
                "subdir": "linux-64",
                "target-triplet": "x86_64-any-linux",
                "timestamp": 1540221012719
            },
            "basename": "linux-64/bioconductor-txdb.hsapiens.ucsc.hg38.knowngene-3.4.0-r351_3.tar.bz2",
            "dependencies": {
                "depends": [
                    {
                        "name": "bioconductor-annotationdbi",
                        "specs": [
                            [
                                ">=",
                                "1.42.1,<1.44.0"
                            ]
                        ]
                    },
                    {
                        "name": "bioconductor-genomicfeatures",
                        "specs": [
                            [
                                ">=",
                                "1.32.2,<1.34.0"
                            ]
                        ]
                    },
                    {
                        "name": "r-base",
                        "specs": [
                            [
                                ">=",
                                "3.5.1,<3.5.2.0a0"
                            ]
                        ]
                    },
                    {
                        "name": "wget",
                        "specs": []
                    }
                ]
            },
            "description": null,
            "distribution_type": "conda",
            "download_url": "//api.anaconda.org/download/bioconda/bioconductor-txdb.hsapiens.ucsc.hg38.knowngene/3.4.0/linux-64/bioconductor-txdb.hsapiens.ucsc.hg38.knowngene-3.4.0-r351_3.tar.bz2",
            "full_name": "bioconda/bioconductor-txdb.hsapiens.ucsc.hg38.knowngene/3.4.0/linux-64/bioconductor-txdb.hsapiens.ucsc.hg38.knowngene-3.4.0-r351_3.tar.bz2",
            "labels": [
                "main",
                "cf201901"
            ],
            "md5": "00306bfbcd4046a13d844f2ce8ba1e05",
            "ndownloads": 231,
            "owner": "bioconda",
            "size": 6203,
            "type": "conda",
            "upload_time": "2018-10-22 15:20:34.971000+00:00",
            "version": "3.4.0"
        },
        {
            "attrs": {
                "arch": "x86_64",
                "build": "r341_3",
                "build_number": 3,
                "depends": [
                    "bioconductor-annotationdbi >=1.42.1,<1.44.0",
                    "bioconductor-genomicfeatures >=1.32.2,<1.34.0",
                    "r-base >=3.4.1,<3.4.2.0a0",
                    "wget"
                ],
                "has_prefix": false,
                "license": "Artistic-2.0",
                "machine": "x86_64",
                "operatingsystem": "linux",
                "platform": "linux",
                "subdir": "linux-64",
                "target-triplet": "x86_64-any-linux",
                "timestamp": 1540221164413
            },
            "basename": "linux-64/bioconductor-txdb.hsapiens.ucsc.hg38.knowngene-3.4.0-r341_3.tar.bz2",
            "dependencies": {
                "depends": [
                    {
                        "name": "bioconductor-annotationdbi",
                        "specs": [
                            [
                                ">=",
                                "1.42.1,<1.44.0"
                            ]
                        ]
                    },
                    {
                        "name": "bioconductor-genomicfeatures",
                        "specs": [
                            [
                                ">=",
                                "1.32.2,<1.34.0"
                            ]
                        ]
                    },
                    {
                        "name": "r-base",
                        "specs": [
                            [
                                ">=",
                                "3.4.1,<3.4.2.0a0"
                            ]
                        ]
                    },
                    {
                        "name": "wget",
                        "specs": []
                    }
                ]
            },
            "description": null,
            "distribution_type": "conda",
            "download_url": "//api.anaconda.org/download/bioconda/bioconductor-txdb.hsapiens.ucsc.hg38.knowngene/3.4.0/linux-64/bioconductor-txdb.hsapiens.ucsc.hg38.knowngene-3.4.0-r341_3.tar.bz2",
            "full_name": "bioconda/bioconductor-txdb.hsapiens.ucsc.hg38.knowngene/3.4.0/linux-64/bioconductor-txdb.hsapiens.ucsc.hg38.knowngene-3.4.0-r341_3.tar.bz2",
            "labels": [
                "main",
                "cf201901"
            ],
            "md5": "d47b5316a4f21ccc8909acb91ff562c1",
            "ndownloads": 297,
            "owner": "bioconda",
            "size": 6189,
            "type": "conda",
            "upload_time": "2018-10-22 15:20:37.659000+00:00",
            "version": "3.4.0"
        },
        {
            "attrs": {
                "arch": null,
                "build": "r351_4",
                "build_number": 4,
                "depends": [
                    "bioconductor-annotationdbi >=1.44.0,<1.45.0",
                    "bioconductor-genomicfeatures >=1.34.0,<1.35.0",
                    "r-base >=3.5.1,<3.5.2.0a0",
                    "wget"
                ],
                "has_prefix": false,
                "license": "Artistic-2.0",
                "machine": null,
                "noarch": "generic",
                "operatingsystem": null,
                "platform": null,
                "subdir": "noarch",
                "target-triplet": "None-any-None",
                "timestamp": 1546115319705
            },
            "basename": "noarch/bioconductor-txdb.hsapiens.ucsc.hg38.knowngene-3.4.0-r351_4.tar.bz2",
            "dependencies": {
                "depends": [
                    {
                        "name": "bioconductor-annotationdbi",
                        "specs": [
                            [
                                ">=",
                                "1.44.0,<1.45.0"
                            ]
                        ]
                    },
                    {
                        "name": "bioconductor-genomicfeatures",
                        "specs": [
                            [
                                ">=",
                                "1.34.0,<1.35.0"
                            ]
                        ]
                    },
                    {
                        "name": "r-base",
                        "specs": [
                            [
                                ">=",
                                "3.5.1,<3.5.2.0a0"
                            ]
                        ]
                    },
                    {
                        "name": "wget",
                        "specs": []
                    }
                ]
            },
            "description": null,
            "distribution_type": "conda",
            "download_url": "//api.anaconda.org/download/bioconda/bioconductor-txdb.hsapiens.ucsc.hg38.knowngene/3.4.0/noarch/bioconductor-txdb.hsapiens.ucsc.hg38.knowngene-3.4.0-r351_4.tar.bz2",
            "full_name": "bioconda/bioconductor-txdb.hsapiens.ucsc.hg38.knowngene/3.4.0/noarch/bioconductor-txdb.hsapiens.ucsc.hg38.knowngene-3.4.0-r351_4.tar.bz2",
            "labels": [
                "gcc7",
                "main"
            ],
            "md5": "cd57461bb39be29eeeb9fcc7a851bc23",
            "ndownloads": 380,
            "owner": "bioconda",
            "size": 6850,
            "type": "conda",
            "upload_time": "2018-12-29 20:32:57.642000+00:00",
            "version": "3.4.0"
        },
        {
            "attrs": {
                "arch": null,
                "build": "r36_1",
                "build_number": 1,
                "depends": [
                    "bioconductor-annotationdbi >=1.46.0,<1.47.0",
                    "bioconductor-genomicfeatures >=1.36.0,<1.37.0",
                    "curl >=7.65.3,<8.0a0",
                    "r-base >=3.6,<3.7.0a0"
                ],
                "has_prefix": false,
                "license": "Artistic-2.0",
                "machine": null,
                "noarch": "generic",
                "operatingsystem": null,
                "platform": null,
                "subdir": "noarch",
                "target-triplet": "None-any-None",
                "timestamp": 1565452299893
            },
            "basename": "noarch/bioconductor-txdb.hsapiens.ucsc.hg38.knowngene-3.4.6-r36_1.tar.bz2",
            "dependencies": {
                "depends": [
                    {
                        "name": "bioconductor-annotationdbi",
                        "specs": [
                            [
                                ">=",
                                "1.46.0,<1.47.0"
                            ]
                        ]
                    },
                    {
                        "name": "bioconductor-genomicfeatures",
                        "specs": [
                            [
                                ">=",
                                "1.36.0,<1.37.0"
                            ]
                        ]
                    },
                    {
                        "name": "curl",
                        "specs": [
                            [
                                ">=",
                                "7.65.3,<8.0a0"
                            ]
                        ]
                    },
                    {
                        "name": "r-base",
                        "specs": [
                            [
                                ">=",
                                "3.6,<3.7.0a0"
                            ]
                        ]
                    }
                ]
            },
            "description": null,
            "distribution_type": "conda",
            "download_url": "//api.anaconda.org/download/bioconda/bioconductor-txdb.hsapiens.ucsc.hg38.knowngene/3.4.6/noarch/bioconductor-txdb.hsapiens.ucsc.hg38.knowngene-3.4.6-r36_1.tar.bz2",
            "full_name": "bioconda/bioconductor-txdb.hsapiens.ucsc.hg38.knowngene/3.4.6/noarch/bioconductor-txdb.hsapiens.ucsc.hg38.knowngene-3.4.6-r36_1.tar.bz2",
            "labels": [
                "main"
            ],
            "md5": "2b2a7094c947a53c8e29486be0005792",
            "ndownloads": 117,
            "owner": "bioconda",
            "size": 7208,
            "type": "conda",
            "upload_time": "2019-08-10 15:57:35.053000+00:00",
            "version": "3.4.6"
        },
        {
            "attrs": {
                "arch": null,
                "build": "r36_0",
                "build_number": 0,
                "depends": [
                    "bioconductor-annotationdbi >=1.48.0,<1.49.0",
                    "bioconductor-genomicfeatures >=1.38.0,<1.39.0",
                    "curl >=7.65.3,<8.0a0",
                    "r-base >=3.6,<3.7.0a0"
                ],
                "has_prefix": false,
                "license": "Artistic-2.0",
                "machine": null,
                "noarch": "generic",
                "operatingsystem": null,
                "platform": null,
                "subdir": "noarch",
                "target-triplet": "None-any-None",
                "timestamp": 1572826479485
            },
            "basename": "noarch/bioconductor-txdb.hsapiens.ucsc.hg38.knowngene-3.10.0-r36_0.tar.bz2",
            "dependencies": {
                "depends": [
                    {
                        "name": "bioconductor-annotationdbi",
                        "specs": [
                            [
                                ">=",
                                "1.48.0,<1.49.0"
                            ]
                        ]
                    },
                    {
                        "name": "bioconductor-genomicfeatures",
                        "specs": [
                            [
                                ">=",
                                "1.38.0,<1.39.0"
                            ]
                        ]
                    },
                    {
                        "name": "curl",
                        "specs": [
                            [
                                ">=",
                                "7.65.3,<8.0a0"
                            ]
                        ]
                    },
                    {
                        "name": "r-base",
                        "specs": [
                            [
                                ">=",
                                "3.6,<3.7.0a0"
                            ]
                        ]
                    }
                ]
            },
            "description": null,
            "distribution_type": "conda",
            "download_url": "//api.anaconda.org/download/bioconda/bioconductor-txdb.hsapiens.ucsc.hg38.knowngene/3.10.0/noarch/bioconductor-txdb.hsapiens.ucsc.hg38.knowngene-3.10.0-r36_0.tar.bz2",
            "full_name": "bioconda/bioconductor-txdb.hsapiens.ucsc.hg38.knowngene/3.10.0/noarch/bioconductor-txdb.hsapiens.ucsc.hg38.knowngene-3.10.0-r36_0.tar.bz2",
            "labels": [
                "main"
            ],
            "md5": "8c3213df7fa1239060c6438cc14a1317",
            "ndownloads": 39,
            "owner": "bioconda",
            "size": 7434,
            "type": "conda",
            "upload_time": "2019-11-04 00:21:34.778000+00:00",
            "version": "3.10.0"
        }
    ],
    "full_name": "bioconda/bioconductor-txdb.hsapiens.ucsc.hg38.knowngene",
    "home": "http://bioconductor.org/packages/3.5/data/annotation/html/TxDb.Hsapiens.UCSC.hg38.knownGene.html",
    "html_url": "http://anaconda.org/bioconda/bioconductor-txdb.hsapiens.ucsc.hg38.knowngene",
    "id": "59a1c926449cc46ccb5c92f2",
    "latest_version": "3.10.0",
    "license": "Artistic-2.0",
    "license_url": null,
    "modified_at": "2019-11-04 00:21:35.094000+00:00",
    "name": "bioconductor-txdb.hsapiens.ucsc.hg38.knowngene",
    "owner": {
        "company": "",
        "created_at": "2015-09-11 22:59:20.880000+00:00",
        "description": "Bioconda is a distribution of bioinformatics software realized as a channel for the versatile Conda package manager.",
        "location": "",
        "login": "bioconda",
        "name": "bioconda",
        "url": "",
        "user_type": "org"
    },
    "package_types": [
        "conda"
    ],
    "public": true,
    "releases": [
        {
            "distributions": [],
            "full_name": "bioconda/bioconductor-txdb.hsapiens.ucsc.hg38.knowngene/3.4.0",
            "version": "3.4.0"
        },
        {
            "distributions": [],
            "full_name": "bioconda/bioconductor-txdb.hsapiens.ucsc.hg38.knowngene/3.4.6",
            "version": "3.4.6"
        },
        {
            "distributions": [],
            "full_name": "bioconda/bioconductor-txdb.hsapiens.ucsc.hg38.knowngene/3.10.0",
            "version": "3.10.0"
        }
    ],
    "revision": 6,
    "source_git_tag": null,
    "source_git_url": null,
    "summary": "Annotation package for TxDb object(s)",
    "upvoted": 0,
    "url": "http://api.anaconda.org/packages/bioconda/bioconductor-txdb.hsapiens.ucsc.hg38.knowngene",
    "versions": [
        "3.4.0",
        "3.4.6",
        "3.10.0"
    ],
    "watchers": 1
}