{
    "app_entry": {},
    "app_summary": {},
    "app_type": {},
    "builds": [
        "r36_1",
        "r36_0",
        "r341_0",
        "r3.3.2_0",
        "r351_0",
        "r3.4.1_0"
    ],
    "conda_platforms": [
        "linux-64",
        "noarch",
        "osx-64"
    ],
    "created_at": "2017-08-18 23:09:47.300000+00:00",
    "description": "This package provides functions to identify genomic regions of interests based on segmented copy number data from multiple samples.",
    "dev_url": null,
    "doc_url": null,
    "files": [
        {
            "attrs": {
                "arch": "x86_64",
                "build": "r3.3.2_0",
                "build_number": 0,
                "depends": [
                    "bioconductor-biocgenerics >=0.1.6",
                    "bioconductor-cntools",
                    "bioconductor-dnacopy",
                    "bioconductor-limma",
                    "r-base 3.3.2*"
                ],
                "has_prefix": false,
                "license": "LGPL",
                "machine": "x86_64",
                "operatingsystem": "linux",
                "platform": "linux",
                "subdir": "linux-64",
                "target-triplet": "x86_64-any-linux"
            },
            "basename": "linux-64/bioconductor-cghmcr-1.34.0-r3.3.2_0.tar.bz2",
            "dependencies": {
                "depends": [
                    {
                        "name": "bioconductor-biocgenerics",
                        "specs": [
                            [
                                ">=",
                                "0.1.6"
                            ]
                        ]
                    },
                    {
                        "name": "bioconductor-cntools",
                        "specs": []
                    },
                    {
                        "name": "bioconductor-dnacopy",
                        "specs": []
                    },
                    {
                        "name": "bioconductor-limma",
                        "specs": []
                    },
                    {
                        "name": "r-base",
                        "specs": [
                            [
                                "==",
                                "3.3.2"
                            ]
                        ]
                    }
                ]
            },
            "description": null,
            "distribution_type": "conda",
            "download_url": "//api.anaconda.org/download/bioconda/bioconductor-cghmcr/1.34.0/linux-64/bioconductor-cghmcr-1.34.0-r3.3.2_0.tar.bz2",
            "full_name": "bioconda/bioconductor-cghmcr/1.34.0/linux-64/bioconductor-cghmcr-1.34.0-r3.3.2_0.tar.bz2",
            "labels": [
                "main",
                "cf201901"
            ],
            "md5": "cfd7db47dbfd7d3c1da9bb2c8cfb882f",
            "ndownloads": 588,
            "owner": "bioconda",
            "size": 30291525,
            "type": "conda",
            "upload_time": "2017-08-18 23:09:47.772000+00:00",
            "version": "1.34.0"
        },
        {
            "attrs": {
                "arch": "x86_64",
                "build": "r3.3.2_0",
                "build_number": 0,
                "depends": [
                    "bioconductor-biocgenerics >=0.1.6",
                    "bioconductor-cntools",
                    "bioconductor-dnacopy",
                    "bioconductor-limma",
                    "r-base 3.3.2*"
                ],
                "has_prefix": false,
                "license": "LGPL",
                "machine": "x86_64",
                "operatingsystem": "darwin",
                "platform": "osx",
                "subdir": "osx-64",
                "target-triplet": "x86_64-any-darwin"
            },
            "basename": "osx-64/bioconductor-cghmcr-1.34.0-r3.3.2_0.tar.bz2",
            "dependencies": {
                "depends": [
                    {
                        "name": "bioconductor-biocgenerics",
                        "specs": [
                            [
                                ">=",
                                "0.1.6"
                            ]
                        ]
                    },
                    {
                        "name": "bioconductor-cntools",
                        "specs": []
                    },
                    {
                        "name": "bioconductor-dnacopy",
                        "specs": []
                    },
                    {
                        "name": "bioconductor-limma",
                        "specs": []
                    },
                    {
                        "name": "r-base",
                        "specs": [
                            [
                                "==",
                                "3.3.2"
                            ]
                        ]
                    }
                ]
            },
            "description": null,
            "distribution_type": "conda",
            "download_url": "//api.anaconda.org/download/bioconda/bioconductor-cghmcr/1.34.0/osx-64/bioconductor-cghmcr-1.34.0-r3.3.2_0.tar.bz2",
            "full_name": "bioconda/bioconductor-cghmcr/1.34.0/osx-64/bioconductor-cghmcr-1.34.0-r3.3.2_0.tar.bz2",
            "labels": [
                "main",
                "cf201901"
            ],
            "md5": "a435c105a6b71801686e7402a5ad4150",
            "ndownloads": 41,
            "owner": "bioconda",
            "size": 30290327,
            "type": "conda",
            "upload_time": "2017-08-19 09:01:04.129000+00:00",
            "version": "1.34.0"
        },
        {
            "attrs": {
                "arch": "x86_64",
                "build": "r3.4.1_0",
                "build_number": 0,
                "depends": [
                    "bioconductor-biocgenerics >=0.1.6",
                    "bioconductor-cntools",
                    "bioconductor-dnacopy",
                    "bioconductor-limma",
                    "r-base 3.4.1*"
                ],
                "has_prefix": false,
                "license": "LGPL",
                "machine": "x86_64",
                "operatingsystem": "darwin",
                "platform": "osx",
                "subdir": "osx-64",
                "target-triplet": "x86_64-any-darwin"
            },
            "basename": "osx-64/bioconductor-cghmcr-1.34.0-r3.4.1_0.tar.bz2",
            "dependencies": {
                "depends": [
                    {
                        "name": "bioconductor-biocgenerics",
                        "specs": [
                            [
                                ">=",
                                "0.1.6"
                            ]
                        ]
                    },
                    {
                        "name": "bioconductor-cntools",
                        "specs": []
                    },
                    {
                        "name": "bioconductor-dnacopy",
                        "specs": []
                    },
                    {
                        "name": "bioconductor-limma",
                        "specs": []
                    },
                    {
                        "name": "r-base",
                        "specs": [
                            [
                                "==",
                                "3.4.1"
                            ]
                        ]
                    }
                ]
            },
            "description": null,
            "distribution_type": "conda",
            "download_url": "//api.anaconda.org/download/bioconda/bioconductor-cghmcr/1.34.0/osx-64/bioconductor-cghmcr-1.34.0-r3.4.1_0.tar.bz2",
            "full_name": "bioconda/bioconductor-cghmcr/1.34.0/osx-64/bioconductor-cghmcr-1.34.0-r3.4.1_0.tar.bz2",
            "labels": [
                "main",
                "cf201901"
            ],
            "md5": "053a5f2f3fe3914bcd58686e8259ba9a",
            "ndownloads": 758,
            "owner": "bioconda",
            "size": 30305680,
            "type": "conda",
            "upload_time": "2017-09-22 07:23:20.770000+00:00",
            "version": "1.34.0"
        },
        {
            "attrs": {
                "arch": "x86_64",
                "build": "r3.4.1_0",
                "build_number": 0,
                "depends": [
                    "bioconductor-biocgenerics >=0.1.6",
                    "bioconductor-cntools",
                    "bioconductor-dnacopy",
                    "bioconductor-limma",
                    "r-base 3.4.1*"
                ],
                "has_prefix": false,
                "license": "LGPL",
                "machine": "x86_64",
                "operatingsystem": "linux",
                "platform": "linux",
                "subdir": "linux-64",
                "target-triplet": "x86_64-any-linux"
            },
            "basename": "linux-64/bioconductor-cghmcr-1.34.0-r3.4.1_0.tar.bz2",
            "dependencies": {
                "depends": [
                    {
                        "name": "bioconductor-biocgenerics",
                        "specs": [
                            [
                                ">=",
                                "0.1.6"
                            ]
                        ]
                    },
                    {
                        "name": "bioconductor-cntools",
                        "specs": []
                    },
                    {
                        "name": "bioconductor-dnacopy",
                        "specs": []
                    },
                    {
                        "name": "bioconductor-limma",
                        "specs": []
                    },
                    {
                        "name": "r-base",
                        "specs": [
                            [
                                "==",
                                "3.4.1"
                            ]
                        ]
                    }
                ]
            },
            "description": null,
            "distribution_type": "conda",
            "download_url": "//api.anaconda.org/download/bioconda/bioconductor-cghmcr/1.34.0/linux-64/bioconductor-cghmcr-1.34.0-r3.4.1_0.tar.bz2",
            "full_name": "bioconda/bioconductor-cghmcr/1.34.0/linux-64/bioconductor-cghmcr-1.34.0-r3.4.1_0.tar.bz2",
            "labels": [
                "main",
                "cf201901"
            ],
            "md5": "109415b94dad909e1f7d2d80831df4af",
            "ndownloads": 523,
            "owner": "bioconda",
            "size": 30306133,
            "type": "conda",
            "upload_time": "2017-09-22 07:58:31.028000+00:00",
            "version": "1.34.0"
        },
        {
            "attrs": {
                "arch": "x86_64",
                "build": "r3.4.1_0",
                "build_number": 0,
                "depends": [
                    "bioconductor-biocgenerics >=0.1.6",
                    "bioconductor-cntools",
                    "bioconductor-dnacopy",
                    "bioconductor-limma",
                    "r-base 3.4.1*"
                ],
                "has_prefix": false,
                "license": "LGPL",
                "machine": "x86_64",
                "operatingsystem": "darwin",
                "platform": "osx",
                "subdir": "osx-64",
                "target-triplet": "x86_64-any-darwin"
            },
            "basename": "osx-64/bioconductor-cghmcr-1.36.0-r3.4.1_0.tar.bz2",
            "dependencies": {
                "depends": [
                    {
                        "name": "bioconductor-biocgenerics",
                        "specs": [
                            [
                                ">=",
                                "0.1.6"
                            ]
                        ]
                    },
                    {
                        "name": "bioconductor-cntools",
                        "specs": []
                    },
                    {
                        "name": "bioconductor-dnacopy",
                        "specs": []
                    },
                    {
                        "name": "bioconductor-limma",
                        "specs": []
                    },
                    {
                        "name": "r-base",
                        "specs": [
                            [
                                "==",
                                "3.4.1"
                            ]
                        ]
                    }
                ]
            },
            "description": null,
            "distribution_type": "conda",
            "download_url": "//api.anaconda.org/download/bioconda/bioconductor-cghmcr/1.36.0/osx-64/bioconductor-cghmcr-1.36.0-r3.4.1_0.tar.bz2",
            "full_name": "bioconda/bioconductor-cghmcr/1.36.0/osx-64/bioconductor-cghmcr-1.36.0-r3.4.1_0.tar.bz2",
            "labels": [
                "main",
                "cf201901"
            ],
            "md5": "4374682468b3ea14b2b08a76f2b9715c",
            "ndownloads": 765,
            "owner": "bioconda",
            "size": 30306590,
            "type": "conda",
            "upload_time": "2017-11-08 06:40:58.164000+00:00",
            "version": "1.36.0"
        },
        {
            "attrs": {
                "arch": "x86_64",
                "build": "r3.4.1_0",
                "build_number": 0,
                "depends": [
                    "bioconductor-biocgenerics >=0.1.6",
                    "bioconductor-cntools",
                    "bioconductor-dnacopy",
                    "bioconductor-limma",
                    "r-base 3.4.1*"
                ],
                "has_prefix": false,
                "license": "LGPL",
                "machine": "x86_64",
                "operatingsystem": "linux",
                "platform": "linux",
                "subdir": "linux-64",
                "target-triplet": "x86_64-any-linux"
            },
            "basename": "linux-64/bioconductor-cghmcr-1.36.0-r3.4.1_0.tar.bz2",
            "dependencies": {
                "depends": [
                    {
                        "name": "bioconductor-biocgenerics",
                        "specs": [
                            [
                                ">=",
                                "0.1.6"
                            ]
                        ]
                    },
                    {
                        "name": "bioconductor-cntools",
                        "specs": []
                    },
                    {
                        "name": "bioconductor-dnacopy",
                        "specs": []
                    },
                    {
                        "name": "bioconductor-limma",
                        "specs": []
                    },
                    {
                        "name": "r-base",
                        "specs": [
                            [
                                "==",
                                "3.4.1"
                            ]
                        ]
                    }
                ]
            },
            "description": null,
            "distribution_type": "conda",
            "download_url": "//api.anaconda.org/download/bioconda/bioconductor-cghmcr/1.36.0/linux-64/bioconductor-cghmcr-1.36.0-r3.4.1_0.tar.bz2",
            "full_name": "bioconda/bioconductor-cghmcr/1.36.0/linux-64/bioconductor-cghmcr-1.36.0-r3.4.1_0.tar.bz2",
            "labels": [
                "main",
                "cf201901"
            ],
            "md5": "02bee3f71b5996d7cf528ac778db82e8",
            "ndownloads": 615,
            "owner": "bioconda",
            "size": 30307436,
            "type": "conda",
            "upload_time": "2017-11-10 04:30:49.402000+00:00",
            "version": "1.36.0"
        },
        {
            "attrs": {
                "arch": "x86_64",
                "build": "r351_0",
                "build_number": 0,
                "depends": [
                    "bioconductor-biocgenerics >=0.26.0,<0.28.0",
                    "bioconductor-cntools >=1.36.0,<1.38.0",
                    "bioconductor-dnacopy >=1.54.0,<1.56.0",
                    "bioconductor-limma >=3.36.5,<3.38.0",
                    "r-base >=3.5.1,<3.5.2.0a0"
                ],
                "has_prefix": false,
                "license": "LGPL",
                "machine": "x86_64",
                "operatingsystem": "linux",
                "platform": "linux",
                "subdir": "linux-64",
                "target-triplet": "x86_64-any-linux",
                "timestamp": 1540335515984
            },
            "basename": "linux-64/bioconductor-cghmcr-1.38.0-r351_0.tar.bz2",
            "dependencies": {
                "depends": [
                    {
                        "name": "bioconductor-biocgenerics",
                        "specs": [
                            [
                                ">=",
                                "0.26.0,<0.28.0"
                            ]
                        ]
                    },
                    {
                        "name": "bioconductor-cntools",
                        "specs": [
                            [
                                ">=",
                                "1.36.0,<1.38.0"
                            ]
                        ]
                    },
                    {
                        "name": "bioconductor-dnacopy",
                        "specs": [
                            [
                                ">=",
                                "1.54.0,<1.56.0"
                            ]
                        ]
                    },
                    {
                        "name": "bioconductor-limma",
                        "specs": [
                            [
                                ">=",
                                "3.36.5,<3.38.0"
                            ]
                        ]
                    },
                    {
                        "name": "r-base",
                        "specs": [
                            [
                                ">=",
                                "3.5.1,<3.5.2.0a0"
                            ]
                        ]
                    }
                ]
            },
            "description": null,
            "distribution_type": "conda",
            "download_url": "//api.anaconda.org/download/bioconda/bioconductor-cghmcr/1.38.0/linux-64/bioconductor-cghmcr-1.38.0-r351_0.tar.bz2",
            "full_name": "bioconda/bioconductor-cghmcr/1.38.0/linux-64/bioconductor-cghmcr-1.38.0-r351_0.tar.bz2",
            "labels": [
                "main",
                "cf201901"
            ],
            "md5": "f74834c439de109cd377f95080721623",
            "ndownloads": 990,
            "owner": "bioconda",
            "size": 30444323,
            "type": "conda",
            "upload_time": "2018-10-23 23:06:47.777000+00:00",
            "version": "1.38.0"
        },
        {
            "attrs": {
                "arch": "x86_64",
                "build": "r341_0",
                "build_number": 0,
                "depends": [
                    "bioconductor-biocgenerics >=0.26.0,<0.28.0",
                    "bioconductor-cntools >=1.36.0,<1.38.0",
                    "bioconductor-dnacopy >=1.54.0,<1.56.0",
                    "bioconductor-limma >=3.36.5,<3.38.0",
                    "r-base >=3.4.1,<3.4.2.0a0"
                ],
                "has_prefix": false,
                "license": "LGPL",
                "machine": "x86_64",
                "operatingsystem": "linux",
                "platform": "linux",
                "subdir": "linux-64",
                "target-triplet": "x86_64-any-linux",
                "timestamp": 1540335328397
            },
            "basename": "linux-64/bioconductor-cghmcr-1.38.0-r341_0.tar.bz2",
            "dependencies": {
                "depends": [
                    {
                        "name": "bioconductor-biocgenerics",
                        "specs": [
                            [
                                ">=",
                                "0.26.0,<0.28.0"
                            ]
                        ]
                    },
                    {
                        "name": "bioconductor-cntools",
                        "specs": [
                            [
                                ">=",
                                "1.36.0,<1.38.0"
                            ]
                        ]
                    },
                    {
                        "name": "bioconductor-dnacopy",
                        "specs": [
                            [
                                ">=",
                                "1.54.0,<1.56.0"
                            ]
                        ]
                    },
                    {
                        "name": "bioconductor-limma",
                        "specs": [
                            [
                                ">=",
                                "3.36.5,<3.38.0"
                            ]
                        ]
                    },
                    {
                        "name": "r-base",
                        "specs": [
                            [
                                ">=",
                                "3.4.1,<3.4.2.0a0"
                            ]
                        ]
                    }
                ]
            },
            "description": null,
            "distribution_type": "conda",
            "download_url": "//api.anaconda.org/download/bioconda/bioconductor-cghmcr/1.38.0/linux-64/bioconductor-cghmcr-1.38.0-r341_0.tar.bz2",
            "full_name": "bioconda/bioconductor-cghmcr/1.38.0/linux-64/bioconductor-cghmcr-1.38.0-r341_0.tar.bz2",
            "labels": [
                "main",
                "cf201901"
            ],
            "md5": "e081eb6f215e8d1cbe10c6ad378be284",
            "ndownloads": 161,
            "owner": "bioconda",
            "size": 30308405,
            "type": "conda",
            "upload_time": "2018-10-23 23:06:52.362000+00:00",
            "version": "1.38.0"
        },
        {
            "attrs": {
                "arch": null,
                "build": "r351_0",
                "build_number": 0,
                "depends": [
                    "bioconductor-biocgenerics >=0.28.0,<0.29.0",
                    "bioconductor-cntools >=1.38.0,<1.39.0",
                    "bioconductor-dnacopy >=1.56.0,<1.57.0",
                    "bioconductor-limma >=3.38.0,<3.39.0",
                    "r-base >=3.5.1,<3.5.2.0a0"
                ],
                "has_prefix": false,
                "license": "LGPL",
                "machine": null,
                "noarch": "generic",
                "operatingsystem": null,
                "platform": null,
                "subdir": "noarch",
                "target-triplet": "None-any-None",
                "timestamp": 1546297391894
            },
            "basename": "noarch/bioconductor-cghmcr-1.40.0-r351_0.tar.bz2",
            "dependencies": {
                "depends": [
                    {
                        "name": "bioconductor-biocgenerics",
                        "specs": [
                            [
                                ">=",
                                "0.28.0,<0.29.0"
                            ]
                        ]
                    },
                    {
                        "name": "bioconductor-cntools",
                        "specs": [
                            [
                                ">=",
                                "1.38.0,<1.39.0"
                            ]
                        ]
                    },
                    {
                        "name": "bioconductor-dnacopy",
                        "specs": [
                            [
                                ">=",
                                "1.56.0,<1.57.0"
                            ]
                        ]
                    },
                    {
                        "name": "bioconductor-limma",
                        "specs": [
                            [
                                ">=",
                                "3.38.0,<3.39.0"
                            ]
                        ]
                    },
                    {
                        "name": "r-base",
                        "specs": [
                            [
                                ">=",
                                "3.5.1,<3.5.2.0a0"
                            ]
                        ]
                    }
                ]
            },
            "description": null,
            "distribution_type": "conda",
            "download_url": "//api.anaconda.org/download/bioconda/bioconductor-cghmcr/1.40.0/noarch/bioconductor-cghmcr-1.40.0-r351_0.tar.bz2",
            "full_name": "bioconda/bioconductor-cghmcr/1.40.0/noarch/bioconductor-cghmcr-1.40.0-r351_0.tar.bz2",
            "labels": [
                "gcc7",
                "main"
            ],
            "md5": "86662d4c79cf163fb09ee94ce844514e",
            "ndownloads": 86,
            "owner": "bioconda",
            "size": 30444277,
            "type": "conda",
            "upload_time": "2018-12-31 23:07:58.692000+00:00",
            "version": "1.40.0"
        },
        {
            "attrs": {
                "arch": null,
                "build": "r36_1",
                "build_number": 1,
                "depends": [
                    "bioconductor-biocgenerics >=0.30.0,<0.31.0",
                    "bioconductor-cntools >=1.40.0,<1.41.0",
                    "bioconductor-dnacopy >=1.58.0,<1.59.0",
                    "bioconductor-limma >=3.40.0,<3.41.0",
                    "r-base >=3.6,<3.7.0a0"
                ],
                "has_prefix": false,
                "license": "LGPL",
                "machine": null,
                "noarch": "generic",
                "operatingsystem": null,
                "platform": null,
                "subdir": "noarch",
                "target-triplet": "None-any-None",
                "timestamp": 1564352661733
            },
            "basename": "noarch/bioconductor-cghmcr-1.42.0-r36_1.tar.bz2",
            "dependencies": {
                "depends": [
                    {
                        "name": "bioconductor-biocgenerics",
                        "specs": [
                            [
                                ">=",
                                "0.30.0,<0.31.0"
                            ]
                        ]
                    },
                    {
                        "name": "bioconductor-cntools",
                        "specs": [
                            [
                                ">=",
                                "1.40.0,<1.41.0"
                            ]
                        ]
                    },
                    {
                        "name": "bioconductor-dnacopy",
                        "specs": [
                            [
                                ">=",
                                "1.58.0,<1.59.0"
                            ]
                        ]
                    },
                    {
                        "name": "bioconductor-limma",
                        "specs": [
                            [
                                ">=",
                                "3.40.0,<3.41.0"
                            ]
                        ]
                    },
                    {
                        "name": "r-base",
                        "specs": [
                            [
                                ">=",
                                "3.6,<3.7.0a0"
                            ]
                        ]
                    }
                ]
            },
            "description": null,
            "distribution_type": "conda",
            "download_url": "//api.anaconda.org/download/bioconda/bioconductor-cghmcr/1.42.0/noarch/bioconductor-cghmcr-1.42.0-r36_1.tar.bz2",
            "full_name": "bioconda/bioconductor-cghmcr/1.42.0/noarch/bioconductor-cghmcr-1.42.0-r36_1.tar.bz2",
            "labels": [
                "main"
            ],
            "md5": "289a0be6081f61ce8e4a716e46cedd2f",
            "ndownloads": 38,
            "owner": "bioconda",
            "size": 30434630,
            "type": "conda",
            "upload_time": "2019-07-28 22:30:27.825000+00:00",
            "version": "1.42.0"
        },
        {
            "attrs": {
                "arch": null,
                "build": "r36_0",
                "build_number": 0,
                "depends": [
                    "bioconductor-biocgenerics >=0.32.0,<0.33.0",
                    "bioconductor-cntools >=1.42.0,<1.43.0",
                    "bioconductor-dnacopy >=1.60.0,<1.61.0",
                    "bioconductor-limma >=3.42.0,<3.43.0",
                    "r-base >=3.6,<3.7.0a0"
                ],
                "has_prefix": false,
                "license": "LGPL",
                "machine": null,
                "noarch": "generic",
                "operatingsystem": null,
                "platform": null,
                "subdir": "noarch",
                "target-triplet": "None-any-None",
                "timestamp": 1572825009707
            },
            "basename": "noarch/bioconductor-cghmcr-1.44.0-r36_0.tar.bz2",
            "dependencies": {
                "depends": [
                    {
                        "name": "bioconductor-biocgenerics",
                        "specs": [
                            [
                                ">=",
                                "0.32.0,<0.33.0"
                            ]
                        ]
                    },
                    {
                        "name": "bioconductor-cntools",
                        "specs": [
                            [
                                ">=",
                                "1.42.0,<1.43.0"
                            ]
                        ]
                    },
                    {
                        "name": "bioconductor-dnacopy",
                        "specs": [
                            [
                                ">=",
                                "1.60.0,<1.61.0"
                            ]
                        ]
                    },
                    {
                        "name": "bioconductor-limma",
                        "specs": [
                            [
                                ">=",
                                "3.42.0,<3.43.0"
                            ]
                        ]
                    },
                    {
                        "name": "r-base",
                        "specs": [
                            [
                                ">=",
                                "3.6,<3.7.0a0"
                            ]
                        ]
                    }
                ]
            },
            "description": null,
            "distribution_type": "conda",
            "download_url": "//api.anaconda.org/download/bioconda/bioconductor-cghmcr/1.44.0/noarch/bioconductor-cghmcr-1.44.0-r36_0.tar.bz2",
            "full_name": "bioconda/bioconductor-cghmcr/1.44.0/noarch/bioconductor-cghmcr-1.44.0-r36_0.tar.bz2",
            "labels": [
                "main"
            ],
            "md5": "dc91b999bdc0edb3a2e1ff5f43f7c5c5",
            "ndownloads": 26,
            "owner": "bioconda",
            "size": 30441751,
            "type": "conda",
            "upload_time": "2019-11-03 23:55:16.413000+00:00",
            "version": "1.44.0"
        }
    ],
    "full_name": "bioconda/bioconductor-cghmcr",
    "home": "http://bioconductor.org/packages/3.5/bioc/html/cghMCR.html",
    "html_url": "http://anaconda.org/bioconda/bioconductor-cghmcr",
    "id": "599773bb449cc412b72e0d99",
    "latest_version": "1.44.0",
    "license": "LGPL",
    "license_url": null,
    "modified_at": "2019-11-03 23:55:17.150000+00:00",
    "name": "bioconductor-cghmcr",
    "owner": {
        "company": "",
        "created_at": "2015-09-11 22:59:20.880000+00:00",
        "description": "Bioconda is a distribution of bioinformatics software realized as a channel for the versatile Conda package manager.",
        "location": "",
        "login": "bioconda",
        "name": "bioconda",
        "url": "",
        "user_type": "org"
    },
    "package_types": [
        "conda"
    ],
    "public": true,
    "releases": [
        {
            "distributions": [],
            "full_name": "bioconda/bioconductor-cghmcr/1.34.0",
            "version": "1.34.0"
        },
        {
            "distributions": [],
            "full_name": "bioconda/bioconductor-cghmcr/1.36.0",
            "version": "1.36.0"
        },
        {
            "distributions": [],
            "full_name": "bioconda/bioconductor-cghmcr/1.38.0",
            "version": "1.38.0"
        },
        {
            "distributions": [],
            "full_name": "bioconda/bioconductor-cghmcr/1.40.0",
            "version": "1.40.0"
        },
        {
            "distributions": [],
            "full_name": "bioconda/bioconductor-cghmcr/1.42.0",
            "version": "1.42.0"
        },
        {
            "distributions": [],
            "full_name": "bioconda/bioconductor-cghmcr/1.44.0",
            "version": "1.44.0"
        }
    ],
    "revision": 12,
    "source_git_tag": null,
    "source_git_url": null,
    "summary": "Find chromosome regions showing common gains/losses",
    "upvoted": 0,
    "url": "http://api.anaconda.org/packages/bioconda/bioconductor-cghmcr",
    "versions": [
        "1.34.0",
        "1.36.0",
        "1.38.0",
        "1.40.0",
        "1.42.0",
        "1.44.0"
    ],
    "watchers": 1
}