{
    "app_entry": {},
    "app_summary": {},
    "app_type": {},
    "builds": [
        "r351_0",
        "r36_3",
        "r36_2"
    ],
    "conda_platforms": [
        "noarch"
    ],
    "created_at": "2018-12-23 03:50:52.891000+00:00",
    "description": "",
    "dev_url": null,
    "doc_url": null,
    "files": [
        {
            "attrs": {
                "arch": null,
                "build": "r351_0",
                "build_number": 0,
                "depends": [
                    "bioconductor-annotationdbi >=1.44.0,<1.45.0",
                    "r-base >=3.5.1,<3.5.2.0a0",
                    "wget"
                ],
                "has_prefix": false,
                "license": "LGPL",
                "machine": null,
                "noarch": "generic",
                "operatingsystem": null,
                "platform": null,
                "subdir": "noarch",
                "target-triplet": "None-any-None",
                "timestamp": 1545536823109
            },
            "basename": "noarch/bioconductor-barley1cdf-2.18.0-r351_0.tar.bz2",
            "dependencies": {
                "depends": [
                    {
                        "name": "bioconductor-annotationdbi",
                        "specs": [
                            [
                                ">=",
                                "1.44.0,<1.45.0"
                            ]
                        ]
                    },
                    {
                        "name": "r-base",
                        "specs": [
                            [
                                ">=",
                                "3.5.1,<3.5.2.0a0"
                            ]
                        ]
                    },
                    {
                        "name": "wget",
                        "specs": []
                    }
                ]
            },
            "description": null,
            "distribution_type": "conda",
            "download_url": "//api.anaconda.org/download/bioconda/bioconductor-barley1cdf/2.18.0/noarch/bioconductor-barley1cdf-2.18.0-r351_0.tar.bz2",
            "full_name": "bioconda/bioconductor-barley1cdf/2.18.0/noarch/bioconductor-barley1cdf-2.18.0-r351_0.tar.bz2",
            "labels": [
                "gcc7",
                "main"
            ],
            "md5": "f287dd2bb5dec0622c5d25959a9f8c53",
            "ndownloads": 69,
            "owner": "bioconda",
            "size": 6334,
            "type": "conda",
            "upload_time": "2018-12-23 03:50:53.588000+00:00",
            "version": "2.18.0"
        },
        {
            "attrs": {
                "arch": null,
                "build": "r36_2",
                "build_number": 2,
                "depends": [
                    "bioconductor-annotationdbi >=1.46.0,<1.47.0",
                    "curl >=7.65.3,<8.0a0",
                    "r-base >=3.6,<3.7.0a0"
                ],
                "has_prefix": false,
                "license": "LGPL",
                "machine": null,
                "noarch": "generic",
                "operatingsystem": null,
                "platform": null,
                "subdir": "noarch",
                "target-triplet": "None-any-None",
                "timestamp": 1564326372483
            },
            "basename": "noarch/bioconductor-barley1cdf-2.18.0-r36_2.tar.bz2",
            "dependencies": {
                "depends": [
                    {
                        "name": "bioconductor-annotationdbi",
                        "specs": [
                            [
                                ">=",
                                "1.46.0,<1.47.0"
                            ]
                        ]
                    },
                    {
                        "name": "curl",
                        "specs": [
                            [
                                ">=",
                                "7.65.3,<8.0a0"
                            ]
                        ]
                    },
                    {
                        "name": "r-base",
                        "specs": [
                            [
                                ">=",
                                "3.6,<3.7.0a0"
                            ]
                        ]
                    }
                ]
            },
            "description": null,
            "distribution_type": "conda",
            "download_url": "//api.anaconda.org/download/bioconda/bioconductor-barley1cdf/2.18.0/noarch/bioconductor-barley1cdf-2.18.0-r36_2.tar.bz2",
            "full_name": "bioconda/bioconductor-barley1cdf/2.18.0/noarch/bioconductor-barley1cdf-2.18.0-r36_2.tar.bz2",
            "labels": [
                "main"
            ],
            "md5": "2794c999a33b4b1aa17fe12fd47986d9",
            "ndownloads": 29,
            "owner": "bioconda",
            "size": 6662,
            "type": "conda",
            "upload_time": "2019-07-28 15:10:23.808000+00:00",
            "version": "2.18.0"
        },
        {
            "attrs": {
                "arch": null,
                "build": "r36_3",
                "build_number": 3,
                "depends": [
                    "bioconductor-annotationdbi >=1.48.0,<1.49.0",
                    "curl >=7.65.3,<8.0a0",
                    "r-base >=3.6,<3.7.0a0"
                ],
                "has_prefix": false,
                "license": "LGPL",
                "machine": null,
                "noarch": "generic",
                "operatingsystem": null,
                "platform": null,
                "subdir": "noarch",
                "target-triplet": "None-any-None",
                "timestamp": 1572736732685
            },
            "basename": "noarch/bioconductor-barley1cdf-2.18.0-r36_3.tar.bz2",
            "dependencies": {
                "depends": [
                    {
                        "name": "bioconductor-annotationdbi",
                        "specs": [
                            [
                                ">=",
                                "1.48.0,<1.49.0"
                            ]
                        ]
                    },
                    {
                        "name": "curl",
                        "specs": [
                            [
                                ">=",
                                "7.65.3,<8.0a0"
                            ]
                        ]
                    },
                    {
                        "name": "r-base",
                        "specs": [
                            [
                                ">=",
                                "3.6,<3.7.0a0"
                            ]
                        ]
                    }
                ]
            },
            "description": null,
            "distribution_type": "conda",
            "download_url": "//api.anaconda.org/download/bioconda/bioconductor-barley1cdf/2.18.0/noarch/bioconductor-barley1cdf-2.18.0-r36_3.tar.bz2",
            "full_name": "bioconda/bioconductor-barley1cdf/2.18.0/noarch/bioconductor-barley1cdf-2.18.0-r36_3.tar.bz2",
            "labels": [
                "main"
            ],
            "md5": "6c09d2aa6062fd588412f5fcd3622923",
            "ndownloads": 16,
            "owner": "bioconda",
            "size": 9399,
            "type": "conda",
            "upload_time": "2019-11-02 23:23:06.282000+00:00",
            "version": "2.18.0"
        }
    ],
    "full_name": "bioconda/bioconductor-barley1cdf",
    "home": "https://bioconductor.org/packages/3.8/data/annotation/html/barley1cdf.html",
    "html_url": "http://anaconda.org/bioconda/bioconductor-barley1cdf",
    "id": "5c1f061c036b860246adb8d5",
    "latest_version": "2.18.0",
    "license": "LGPL",
    "license_url": null,
    "modified_at": "2019-11-02 23:23:06.630000+00:00",
    "name": "bioconductor-barley1cdf",
    "owner": {
        "company": "",
        "created_at": "2015-09-11 22:59:20.880000+00:00",
        "description": "Bioconda is a distribution of bioinformatics software realized as a channel for the versatile Conda package manager.",
        "location": "",
        "login": "bioconda",
        "name": "bioconda",
        "url": "",
        "user_type": "org"
    },
    "package_types": [
        "conda"
    ],
    "public": true,
    "releases": [
        {
            "distributions": [],
            "full_name": "bioconda/bioconductor-barley1cdf/2.18.0",
            "version": "2.18.0"
        }
    ],
    "revision": 2,
    "source_git_tag": null,
    "source_git_url": null,
    "summary": "A package containing an environment representing the Barley1.CDF file.",
    "upvoted": 0,
    "url": "http://api.anaconda.org/packages/bioconda/bioconductor-barley1cdf",
    "versions": [
        "2.18.0"
    ],
    "watchers": 1
}