{
    "app_entry": {},
    "app_summary": {},
    "app_type": {},
    "builds": [
        "r351_0",
        "r36_1",
        "r341_0",
        "r3.4.1_0",
        "r36_0"
    ],
    "conda_platforms": [
        "linux-64",
        "noarch",
        "osx-64"
    ],
    "created_at": "2018-02-09 15:30:40.227000+00:00",
    "description": "A set of protein ID mappings for PFAM assembled using data from public repositories",
    "dev_url": null,
    "doc_url": null,
    "files": [
        {
            "attrs": {
                "arch": "x86_64",
                "build": "r3.4.1_0",
                "build_number": 0,
                "depends": [
                    "bioconductor-annotationdbi >=1.39.3",
                    "r-base 3.4.1*",
                    "wget"
                ],
                "has_prefix": false,
                "license": "Artistic-2.0",
                "machine": "x86_64",
                "operatingsystem": "linux",
                "platform": "linux",
                "subdir": "linux-64",
                "target-triplet": "x86_64-any-linux"
            },
            "basename": "linux-64/bioconductor-pfam.db-3.5.0-r3.4.1_0.tar.bz2",
            "dependencies": {
                "depends": [
                    {
                        "name": "bioconductor-annotationdbi",
                        "specs": [
                            [
                                ">=",
                                "1.39.3"
                            ]
                        ]
                    },
                    {
                        "name": "r-base",
                        "specs": [
                            [
                                "==",
                                "3.4.1"
                            ]
                        ]
                    },
                    {
                        "name": "wget",
                        "specs": []
                    }
                ]
            },
            "description": null,
            "distribution_type": "conda",
            "download_url": "//api.anaconda.org/download/bioconda/bioconductor-pfam.db/3.5.0/linux-64/bioconductor-pfam.db-3.5.0-r3.4.1_0.tar.bz2",
            "full_name": "bioconda/bioconductor-pfam.db/3.5.0/linux-64/bioconductor-pfam.db-3.5.0-r3.4.1_0.tar.bz2",
            "labels": [
                "main",
                "cf201901"
            ],
            "md5": "4452bb681dd18a7b67bd93c9022e6324",
            "ndownloads": 419,
            "owner": "bioconda",
            "size": 5162,
            "type": "conda",
            "upload_time": "2018-02-09 15:30:40.807000+00:00",
            "version": "3.5.0"
        },
        {
            "attrs": {
                "arch": "x86_64",
                "build": "r3.4.1_0",
                "build_number": 0,
                "depends": [
                    "bioconductor-annotationdbi >=1.39.3",
                    "r-base 3.4.1*",
                    "wget"
                ],
                "has_prefix": false,
                "license": "Artistic-2.0",
                "machine": "x86_64",
                "operatingsystem": "darwin",
                "platform": "osx",
                "subdir": "osx-64",
                "target-triplet": "x86_64-any-darwin"
            },
            "basename": "osx-64/bioconductor-pfam.db-3.5.0-r3.4.1_0.tar.bz2",
            "dependencies": {
                "depends": [
                    {
                        "name": "bioconductor-annotationdbi",
                        "specs": [
                            [
                                ">=",
                                "1.39.3"
                            ]
                        ]
                    },
                    {
                        "name": "r-base",
                        "specs": [
                            [
                                "==",
                                "3.4.1"
                            ]
                        ]
                    },
                    {
                        "name": "wget",
                        "specs": []
                    }
                ]
            },
            "description": null,
            "distribution_type": "conda",
            "download_url": "//api.anaconda.org/download/bioconda/bioconductor-pfam.db/3.5.0/osx-64/bioconductor-pfam.db-3.5.0-r3.4.1_0.tar.bz2",
            "full_name": "bioconda/bioconductor-pfam.db/3.5.0/osx-64/bioconductor-pfam.db-3.5.0-r3.4.1_0.tar.bz2",
            "labels": [
                "main",
                "cf201901"
            ],
            "md5": "b2e00f3cfe35d7da5733836a3eaaf2a2",
            "ndownloads": 860,
            "owner": "bioconda",
            "size": 4933,
            "type": "conda",
            "upload_time": "2018-02-09 15:31:53.931000+00:00",
            "version": "3.5.0"
        },
        {
            "attrs": {
                "arch": "x86_64",
                "build": "r351_0",
                "build_number": 0,
                "depends": [
                    "bioconductor-annotationdbi >=1.42.1,<1.44.0",
                    "r-base >=3.5.1,<3.5.2.0a0",
                    "wget"
                ],
                "has_prefix": false,
                "license": "Artistic-2.0",
                "machine": "x86_64",
                "operatingsystem": "darwin",
                "platform": "osx",
                "subdir": "osx-64",
                "target-triplet": "x86_64-any-darwin",
                "timestamp": 1539968064008
            },
            "basename": "osx-64/bioconductor-pfam.db-3.6.0-r351_0.tar.bz2",
            "dependencies": {
                "depends": [
                    {
                        "name": "bioconductor-annotationdbi",
                        "specs": [
                            [
                                ">=",
                                "1.42.1,<1.44.0"
                            ]
                        ]
                    },
                    {
                        "name": "r-base",
                        "specs": [
                            [
                                ">=",
                                "3.5.1,<3.5.2.0a0"
                            ]
                        ]
                    },
                    {
                        "name": "wget",
                        "specs": []
                    }
                ]
            },
            "description": null,
            "distribution_type": "conda",
            "download_url": "//api.anaconda.org/download/bioconda/bioconductor-pfam.db/3.6.0/osx-64/bioconductor-pfam.db-3.6.0-r351_0.tar.bz2",
            "full_name": "bioconda/bioconductor-pfam.db/3.6.0/osx-64/bioconductor-pfam.db-3.6.0-r351_0.tar.bz2",
            "labels": [
                "main",
                "cf201901"
            ],
            "md5": "cc13ff4250d8196bf9cd27f3dd214208",
            "ndownloads": 738,
            "owner": "bioconda",
            "size": 5647,
            "type": "conda",
            "upload_time": "2018-10-19 16:55:34.654000+00:00",
            "version": "3.6.0"
        },
        {
            "attrs": {
                "arch": "x86_64",
                "build": "r341_0",
                "build_number": 0,
                "depends": [
                    "bioconductor-annotationdbi >=1.42.1,<1.44.0",
                    "r-base >=3.4.1,<3.4.2.0a0",
                    "wget"
                ],
                "has_prefix": false,
                "license": "Artistic-2.0",
                "machine": "x86_64",
                "operatingsystem": "darwin",
                "platform": "osx",
                "subdir": "osx-64",
                "target-triplet": "x86_64-any-darwin",
                "timestamp": 1539967950805
            },
            "basename": "osx-64/bioconductor-pfam.db-3.6.0-r341_0.tar.bz2",
            "dependencies": {
                "depends": [
                    {
                        "name": "bioconductor-annotationdbi",
                        "specs": [
                            [
                                ">=",
                                "1.42.1,<1.44.0"
                            ]
                        ]
                    },
                    {
                        "name": "r-base",
                        "specs": [
                            [
                                ">=",
                                "3.4.1,<3.4.2.0a0"
                            ]
                        ]
                    },
                    {
                        "name": "wget",
                        "specs": []
                    }
                ]
            },
            "description": null,
            "distribution_type": "conda",
            "download_url": "//api.anaconda.org/download/bioconda/bioconductor-pfam.db/3.6.0/osx-64/bioconductor-pfam.db-3.6.0-r341_0.tar.bz2",
            "full_name": "bioconda/bioconductor-pfam.db/3.6.0/osx-64/bioconductor-pfam.db-3.6.0-r341_0.tar.bz2",
            "labels": [
                "main",
                "cf201901"
            ],
            "md5": "3b724f8576143eb9522aec179d489e49",
            "ndownloads": 25,
            "owner": "bioconda",
            "size": 5641,
            "type": "conda",
            "upload_time": "2018-10-19 16:55:38.510000+00:00",
            "version": "3.6.0"
        },
        {
            "attrs": {
                "arch": "x86_64",
                "build": "r341_0",
                "build_number": 0,
                "depends": [
                    "bioconductor-annotationdbi >=1.42.1,<1.44.0",
                    "r-base >=3.4.1,<3.4.2.0a0",
                    "wget"
                ],
                "has_prefix": false,
                "license": "Artistic-2.0",
                "machine": "x86_64",
                "operatingsystem": "linux",
                "platform": "linux",
                "subdir": "linux-64",
                "target-triplet": "x86_64-any-linux",
                "timestamp": 1540156540669
            },
            "basename": "linux-64/bioconductor-pfam.db-3.6.0-r341_0.tar.bz2",
            "dependencies": {
                "depends": [
                    {
                        "name": "bioconductor-annotationdbi",
                        "specs": [
                            [
                                ">=",
                                "1.42.1,<1.44.0"
                            ]
                        ]
                    },
                    {
                        "name": "r-base",
                        "specs": [
                            [
                                ">=",
                                "3.4.1,<3.4.2.0a0"
                            ]
                        ]
                    },
                    {
                        "name": "wget",
                        "specs": []
                    }
                ]
            },
            "description": null,
            "distribution_type": "conda",
            "download_url": "//api.anaconda.org/download/bioconda/bioconductor-pfam.db/3.6.0/linux-64/bioconductor-pfam.db-3.6.0-r341_0.tar.bz2",
            "full_name": "bioconda/bioconductor-pfam.db/3.6.0/linux-64/bioconductor-pfam.db-3.6.0-r341_0.tar.bz2",
            "labels": [
                "main",
                "cf201901"
            ],
            "md5": "58f729e25add5a1632eacab12fc8adf6",
            "ndownloads": 97,
            "owner": "bioconda",
            "size": 5728,
            "type": "conda",
            "upload_time": "2018-10-21 21:20:57.379000+00:00",
            "version": "3.6.0"
        },
        {
            "attrs": {
                "arch": "x86_64",
                "build": "r351_0",
                "build_number": 0,
                "depends": [
                    "bioconductor-annotationdbi >=1.42.1,<1.44.0",
                    "r-base >=3.5.1,<3.5.2.0a0",
                    "wget"
                ],
                "has_prefix": false,
                "license": "Artistic-2.0",
                "machine": "x86_64",
                "operatingsystem": "linux",
                "platform": "linux",
                "subdir": "linux-64",
                "target-triplet": "x86_64-any-linux",
                "timestamp": 1540156453689
            },
            "basename": "linux-64/bioconductor-pfam.db-3.6.0-r351_0.tar.bz2",
            "dependencies": {
                "depends": [
                    {
                        "name": "bioconductor-annotationdbi",
                        "specs": [
                            [
                                ">=",
                                "1.42.1,<1.44.0"
                            ]
                        ]
                    },
                    {
                        "name": "r-base",
                        "specs": [
                            [
                                ">=",
                                "3.5.1,<3.5.2.0a0"
                            ]
                        ]
                    },
                    {
                        "name": "wget",
                        "specs": []
                    }
                ]
            },
            "description": null,
            "distribution_type": "conda",
            "download_url": "//api.anaconda.org/download/bioconda/bioconductor-pfam.db/3.6.0/linux-64/bioconductor-pfam.db-3.6.0-r351_0.tar.bz2",
            "full_name": "bioconda/bioconductor-pfam.db/3.6.0/linux-64/bioconductor-pfam.db-3.6.0-r351_0.tar.bz2",
            "labels": [
                "main",
                "cf201901"
            ],
            "md5": "557e53509e5b0bb68c8a2e0ef79b9117",
            "ndownloads": 260,
            "owner": "bioconda",
            "size": 5707,
            "type": "conda",
            "upload_time": "2018-10-21 21:21:00.909000+00:00",
            "version": "3.6.0"
        },
        {
            "attrs": {
                "arch": null,
                "build": "r351_0",
                "build_number": 0,
                "depends": [
                    "bioconductor-annotationdbi >=1.44.0,<1.45.0",
                    "r-base >=3.5.1,<3.5.2.0a0",
                    "wget"
                ],
                "has_prefix": false,
                "license": "Artistic-2.0",
                "machine": null,
                "noarch": "generic",
                "operatingsystem": null,
                "platform": null,
                "subdir": "noarch",
                "target-triplet": "None-any-None",
                "timestamp": 1545959914903
            },
            "basename": "noarch/bioconductor-pfam.db-3.7.0-r351_0.tar.bz2",
            "dependencies": {
                "depends": [
                    {
                        "name": "bioconductor-annotationdbi",
                        "specs": [
                            [
                                ">=",
                                "1.44.0,<1.45.0"
                            ]
                        ]
                    },
                    {
                        "name": "r-base",
                        "specs": [
                            [
                                ">=",
                                "3.5.1,<3.5.2.0a0"
                            ]
                        ]
                    },
                    {
                        "name": "wget",
                        "specs": []
                    }
                ]
            },
            "description": null,
            "distribution_type": "conda",
            "download_url": "//api.anaconda.org/download/bioconda/bioconductor-pfam.db/3.7.0/noarch/bioconductor-pfam.db-3.7.0-r351_0.tar.bz2",
            "full_name": "bioconda/bioconductor-pfam.db/3.7.0/noarch/bioconductor-pfam.db-3.7.0-r351_0.tar.bz2",
            "labels": [
                "gcc7",
                "main"
            ],
            "md5": "54427149ac50ff2c9a4e51f7be44c5b1",
            "ndownloads": 157,
            "owner": "bioconda",
            "size": 6392,
            "type": "conda",
            "upload_time": "2018-12-28 01:22:25.330000+00:00",
            "version": "3.7.0"
        },
        {
            "attrs": {
                "arch": null,
                "build": "r36_1",
                "build_number": 1,
                "depends": [
                    "bioconductor-annotationdbi >=1.46.0,<1.47.0",
                    "curl >=7.65.3,<8.0a0",
                    "r-base >=3.6,<3.7.0a0"
                ],
                "has_prefix": false,
                "license": "Artistic-2.0",
                "machine": null,
                "noarch": "generic",
                "operatingsystem": null,
                "platform": null,
                "subdir": "noarch",
                "target-triplet": "None-any-None",
                "timestamp": 1564885126674
            },
            "basename": "noarch/bioconductor-pfam.db-3.8.2-r36_1.tar.bz2",
            "dependencies": {
                "depends": [
                    {
                        "name": "bioconductor-annotationdbi",
                        "specs": [
                            [
                                ">=",
                                "1.46.0,<1.47.0"
                            ]
                        ]
                    },
                    {
                        "name": "curl",
                        "specs": [
                            [
                                ">=",
                                "7.65.3,<8.0a0"
                            ]
                        ]
                    },
                    {
                        "name": "r-base",
                        "specs": [
                            [
                                ">=",
                                "3.6,<3.7.0a0"
                            ]
                        ]
                    }
                ]
            },
            "description": null,
            "distribution_type": "conda",
            "download_url": "//api.anaconda.org/download/bioconda/bioconductor-pfam.db/3.8.2/noarch/bioconductor-pfam.db-3.8.2-r36_1.tar.bz2",
            "full_name": "bioconda/bioconductor-pfam.db/3.8.2/noarch/bioconductor-pfam.db-3.8.2-r36_1.tar.bz2",
            "labels": [
                "main"
            ],
            "md5": "f36b373f0803e1680c454e226a506b56",
            "ndownloads": 50,
            "owner": "bioconda",
            "size": 6748,
            "type": "conda",
            "upload_time": "2019-08-04 02:22:59.042000+00:00",
            "version": "3.8.2"
        },
        {
            "attrs": {
                "arch": null,
                "build": "r36_0",
                "build_number": 0,
                "depends": [
                    "bioconductor-annotationdbi >=1.48.0,<1.49.0",
                    "curl >=7.65.3,<8.0a0",
                    "r-base >=3.6,<3.7.0a0"
                ],
                "has_prefix": false,
                "license": "Artistic-2.0",
                "machine": null,
                "noarch": "generic",
                "operatingsystem": null,
                "platform": null,
                "subdir": "noarch",
                "target-triplet": "None-any-None",
                "timestamp": 1572734670150
            },
            "basename": "noarch/bioconductor-pfam.db-3.10.0-r36_0.tar.bz2",
            "dependencies": {
                "depends": [
                    {
                        "name": "bioconductor-annotationdbi",
                        "specs": [
                            [
                                ">=",
                                "1.48.0,<1.49.0"
                            ]
                        ]
                    },
                    {
                        "name": "curl",
                        "specs": [
                            [
                                ">=",
                                "7.65.3,<8.0a0"
                            ]
                        ]
                    },
                    {
                        "name": "r-base",
                        "specs": [
                            [
                                ">=",
                                "3.6,<3.7.0a0"
                            ]
                        ]
                    }
                ]
            },
            "description": null,
            "distribution_type": "conda",
            "download_url": "//api.anaconda.org/download/bioconda/bioconductor-pfam.db/3.10.0/noarch/bioconductor-pfam.db-3.10.0-r36_0.tar.bz2",
            "full_name": "bioconda/bioconductor-pfam.db/3.10.0/noarch/bioconductor-pfam.db-3.10.0-r36_0.tar.bz2",
            "labels": [
                "main"
            ],
            "md5": "1eeb11efce152e4f2c37046e489025a3",
            "ndownloads": 24,
            "owner": "bioconda",
            "size": 6884,
            "type": "conda",
            "upload_time": "2019-11-02 22:49:48.289000+00:00",
            "version": "3.10.0"
        }
    ],
    "full_name": "bioconda/bioconductor-pfam.db",
    "home": "http://bioconductor.org/packages/3.6/data/annotation/html/PFAM.db.html",
    "html_url": "http://anaconda.org/bioconda/bioconductor-pfam.db",
    "id": "5a7dbea055e6db1210b34696",
    "latest_version": "3.10.0",
    "license": "Artistic-2.0",
    "license_url": null,
    "modified_at": "2019-11-02 22:49:48.570000+00:00",
    "name": "bioconductor-pfam.db",
    "owner": {
        "company": "",
        "created_at": "2015-09-11 22:59:20.880000+00:00",
        "description": "Bioconda is a distribution of bioinformatics software realized as a channel for the versatile Conda package manager.",
        "location": "",
        "login": "bioconda",
        "name": "bioconda",
        "url": "",
        "user_type": "org"
    },
    "package_types": [
        "conda"
    ],
    "public": true,
    "releases": [
        {
            "distributions": [],
            "full_name": "bioconda/bioconductor-pfam.db/3.5.0",
            "version": "3.5.0"
        },
        {
            "distributions": [],
            "full_name": "bioconda/bioconductor-pfam.db/3.6.0",
            "version": "3.6.0"
        },
        {
            "distributions": [],
            "full_name": "bioconda/bioconductor-pfam.db/3.7.0",
            "version": "3.7.0"
        },
        {
            "distributions": [],
            "full_name": "bioconda/bioconductor-pfam.db/3.8.2",
            "version": "3.8.2"
        },
        {
            "distributions": [],
            "full_name": "bioconda/bioconductor-pfam.db/3.10.0",
            "version": "3.10.0"
        }
    ],
    "revision": 10,
    "source_git_tag": null,
    "source_git_url": null,
    "summary": "A set of protein ID mappings for PFAM",
    "upvoted": 0,
    "url": "http://api.anaconda.org/packages/bioconda/bioconductor-pfam.db",
    "versions": [
        "3.5.0",
        "3.6.0",
        "3.7.0",
        "3.8.2",
        "3.10.0"
    ],
    "watchers": 1
}