{
    "app_entry": {},
    "app_summary": {},
    "app_type": {},
    "builds": [
        "r351_0",
        "r36_3",
        "r36_2"
    ],
    "conda_platforms": [
        "noarch"
    ],
    "created_at": "2018-12-31 16:14:34.246000+00:00",
    "description": "",
    "dev_url": null,
    "doc_url": null,
    "files": [
        {
            "attrs": {
                "arch": null,
                "build": "r351_0",
                "build_number": 0,
                "depends": [
                    "bioconductor-annotationdbi >=1.44.0,<1.45.0",
                    "r-base >=3.5.1,<3.5.2.0a0",
                    "wget"
                ],
                "has_prefix": false,
                "license": "LGPL",
                "machine": null,
                "noarch": "generic",
                "operatingsystem": null,
                "platform": null,
                "subdir": "noarch",
                "target-triplet": "None-any-None",
                "timestamp": 1546272642652
            },
            "basename": "noarch/bioconductor-ygs98probe-2.18.0-r351_0.tar.bz2",
            "dependencies": {
                "depends": [
                    {
                        "name": "bioconductor-annotationdbi",
                        "specs": [
                            [
                                ">=",
                                "1.44.0,<1.45.0"
                            ]
                        ]
                    },
                    {
                        "name": "r-base",
                        "specs": [
                            [
                                ">=",
                                "3.5.1,<3.5.2.0a0"
                            ]
                        ]
                    },
                    {
                        "name": "wget",
                        "specs": []
                    }
                ]
            },
            "description": null,
            "distribution_type": "conda",
            "download_url": "//api.anaconda.org/download/bioconda/bioconductor-ygs98probe/2.18.0/noarch/bioconductor-ygs98probe-2.18.0-r351_0.tar.bz2",
            "full_name": "bioconda/bioconductor-ygs98probe/2.18.0/noarch/bioconductor-ygs98probe-2.18.0-r351_0.tar.bz2",
            "labels": [
                "gcc7",
                "main"
            ],
            "md5": "684d1e60ea5e41a4bf952d06b2c67e6e",
            "ndownloads": 67,
            "owner": "bioconda",
            "size": 6456,
            "type": "conda",
            "upload_time": "2018-12-31 16:14:35.163000+00:00",
            "version": "2.18.0"
        },
        {
            "attrs": {
                "arch": null,
                "build": "r36_2",
                "build_number": 2,
                "depends": [
                    "bioconductor-annotationdbi >=1.46.0,<1.47.0",
                    "curl >=7.65.3,<8.0a0",
                    "r-base >=3.6,<3.7.0a0"
                ],
                "has_prefix": false,
                "license": "LGPL",
                "machine": null,
                "noarch": "generic",
                "operatingsystem": null,
                "platform": null,
                "subdir": "noarch",
                "target-triplet": "None-any-None",
                "timestamp": 1565052632231
            },
            "basename": "noarch/bioconductor-ygs98probe-2.18.0-r36_2.tar.bz2",
            "dependencies": {
                "depends": [
                    {
                        "name": "bioconductor-annotationdbi",
                        "specs": [
                            [
                                ">=",
                                "1.46.0,<1.47.0"
                            ]
                        ]
                    },
                    {
                        "name": "curl",
                        "specs": [
                            [
                                ">=",
                                "7.65.3,<8.0a0"
                            ]
                        ]
                    },
                    {
                        "name": "r-base",
                        "specs": [
                            [
                                ">=",
                                "3.6,<3.7.0a0"
                            ]
                        ]
                    }
                ]
            },
            "description": null,
            "distribution_type": "conda",
            "download_url": "//api.anaconda.org/download/bioconda/bioconductor-ygs98probe/2.18.0/noarch/bioconductor-ygs98probe-2.18.0-r36_2.tar.bz2",
            "full_name": "bioconda/bioconductor-ygs98probe/2.18.0/noarch/bioconductor-ygs98probe-2.18.0-r36_2.tar.bz2",
            "labels": [
                "main"
            ],
            "md5": "57d045838c81a3e0508b6854b071991d",
            "ndownloads": 24,
            "owner": "bioconda",
            "size": 6751,
            "type": "conda",
            "upload_time": "2019-08-06 00:54:47.605000+00:00",
            "version": "2.18.0"
        },
        {
            "attrs": {
                "arch": null,
                "build": "r36_3",
                "build_number": 3,
                "depends": [
                    "bioconductor-annotationdbi >=1.48.0,<1.49.0",
                    "curl >=7.65.3,<8.0a0",
                    "r-base >=3.6,<3.7.0a0"
                ],
                "has_prefix": false,
                "license": "LGPL",
                "machine": null,
                "noarch": "generic",
                "operatingsystem": null,
                "platform": null,
                "subdir": "noarch",
                "target-triplet": "None-any-None",
                "timestamp": 1572731354914
            },
            "basename": "noarch/bioconductor-ygs98probe-2.18.0-r36_3.tar.bz2",
            "dependencies": {
                "depends": [
                    {
                        "name": "bioconductor-annotationdbi",
                        "specs": [
                            [
                                ">=",
                                "1.48.0,<1.49.0"
                            ]
                        ]
                    },
                    {
                        "name": "curl",
                        "specs": [
                            [
                                ">=",
                                "7.65.3,<8.0a0"
                            ]
                        ]
                    },
                    {
                        "name": "r-base",
                        "specs": [
                            [
                                ">=",
                                "3.6,<3.7.0a0"
                            ]
                        ]
                    }
                ]
            },
            "description": null,
            "distribution_type": "conda",
            "download_url": "//api.anaconda.org/download/bioconda/bioconductor-ygs98probe/2.18.0/noarch/bioconductor-ygs98probe-2.18.0-r36_3.tar.bz2",
            "full_name": "bioconda/bioconductor-ygs98probe/2.18.0/noarch/bioconductor-ygs98probe-2.18.0-r36_3.tar.bz2",
            "labels": [
                "main"
            ],
            "md5": "85376155fcc3942d19b9288d881e5783",
            "ndownloads": 17,
            "owner": "bioconda",
            "size": 9546,
            "type": "conda",
            "upload_time": "2019-11-02 21:53:30.109000+00:00",
            "version": "2.18.0"
        }
    ],
    "full_name": "bioconda/bioconductor-ygs98probe",
    "home": "https://bioconductor.org/packages/3.8/data/annotation/html/ygs98probe.html",
    "html_url": "http://anaconda.org/bioconda/bioconductor-ygs98probe",
    "id": "5c2a406a37f339133f7343ce",
    "latest_version": "2.18.0",
    "license": "LGPL",
    "license_url": null,
    "modified_at": "2019-11-02 21:53:30.354000+00:00",
    "name": "bioconductor-ygs98probe",
    "owner": {
        "company": "",
        "created_at": "2015-09-11 22:59:20.880000+00:00",
        "description": "Bioconda is a distribution of bioinformatics software realized as a channel for the versatile Conda package manager.",
        "location": "",
        "login": "bioconda",
        "name": "bioconda",
        "url": "",
        "user_type": "org"
    },
    "package_types": [
        "conda"
    ],
    "public": true,
    "releases": [
        {
            "distributions": [],
            "full_name": "bioconda/bioconductor-ygs98probe/2.18.0",
            "version": "2.18.0"
        }
    ],
    "revision": 2,
    "source_git_tag": null,
    "source_git_url": null,
    "summary": "This package was automatically created by package AnnotationForge version 1.11.21. The probe sequence data was obtained from http://www.affymetrix.com. The file name was YG-S98\\_probe\\_tab.",
    "upvoted": 0,
    "url": "http://api.anaconda.org/packages/bioconda/bioconductor-ygs98probe",
    "versions": [
        "2.18.0"
    ],
    "watchers": 1
}