{
    "app_entry": {},
    "app_summary": {},
    "app_type": {},
    "builds": [
        "r351_0",
        "r36_1",
        "r36_0"
    ],
    "conda_platforms": [
        "noarch"
    ],
    "created_at": "2018-12-15 05:40:17.934000+00:00",
    "description": "This package estimates four stromal properties identified in TNBC patients in each patient of a gene expression datasets. These stromal property assignments can be combined to subtype patients. These four stromal properties were identified in Triple negative breast cancer (TNBC) patients and represent the presence of different cells in the stroma: T-cells (T), B-cells (B), stromal infiltrating epithelial cells (E), and desmoplasia (D). Additionally this package can also be used to estimate generative properties for the Lehmann subtypes, an alternative TNBC subtyping scheme (PMID: 21633166).",
    "dev_url": null,
    "doc_url": null,
    "files": [
        {
            "attrs": {
                "arch": null,
                "build": "r351_0",
                "build_number": 0,
                "depends": [
                    "bioconductor-biobase >=2.42.0,<2.43.0",
                    "bioconductor-biocparallel >=1.16.0,<1.17.0",
                    "r-base >=3.5.1,<3.5.2.0a0",
                    "r-cluster",
                    "r-matrixstats"
                ],
                "has_prefix": false,
                "license": "GPL-3",
                "machine": null,
                "noarch": "generic",
                "operatingsystem": null,
                "platform": null,
                "subdir": "noarch",
                "target-triplet": "None-any-None",
                "timestamp": 1544852195047
            },
            "basename": "noarch/bioconductor-stroma4-1.6.0-r351_0.tar.bz2",
            "dependencies": {
                "depends": [
                    {
                        "name": "bioconductor-biobase",
                        "specs": [
                            [
                                ">=",
                                "2.42.0,<2.43.0"
                            ]
                        ]
                    },
                    {
                        "name": "bioconductor-biocparallel",
                        "specs": [
                            [
                                ">=",
                                "1.16.0,<1.17.0"
                            ]
                        ]
                    },
                    {
                        "name": "r-base",
                        "specs": [
                            [
                                ">=",
                                "3.5.1,<3.5.2.0a0"
                            ]
                        ]
                    },
                    {
                        "name": "r-cluster",
                        "specs": []
                    },
                    {
                        "name": "r-matrixstats",
                        "specs": []
                    }
                ]
            },
            "description": null,
            "distribution_type": "conda",
            "download_url": "//api.anaconda.org/download/bioconda/bioconductor-stroma4/1.6.0/noarch/bioconductor-stroma4-1.6.0-r351_0.tar.bz2",
            "full_name": "bioconda/bioconductor-stroma4/1.6.0/noarch/bioconductor-stroma4-1.6.0-r351_0.tar.bz2",
            "labels": [
                "gcc7",
                "main"
            ],
            "md5": "17e172415a7982c4528397450ac6cd08",
            "ndownloads": 75,
            "owner": "bioconda",
            "size": 204616,
            "type": "conda",
            "upload_time": "2018-12-15 05:40:18.672000+00:00",
            "version": "1.6.0"
        },
        {
            "attrs": {
                "arch": null,
                "build": "r351_0",
                "build_number": 0,
                "depends": [
                    "bioconductor-biobase >=2.42.0,<2.43.0",
                    "bioconductor-biocparallel >=1.16.0,<1.17.0",
                    "r-base >=3.5.1,<3.5.2.0a0",
                    "r-cluster",
                    "r-matrixstats"
                ],
                "has_prefix": false,
                "license": "GPL-3",
                "machine": null,
                "noarch": "generic",
                "operatingsystem": null,
                "platform": null,
                "subdir": "noarch",
                "target-triplet": "None-any-None",
                "timestamp": 1556432242186
            },
            "basename": "noarch/bioconductor-stroma4-1.6.1-r351_0.tar.bz2",
            "dependencies": {
                "depends": [
                    {
                        "name": "bioconductor-biobase",
                        "specs": [
                            [
                                ">=",
                                "2.42.0,<2.43.0"
                            ]
                        ]
                    },
                    {
                        "name": "bioconductor-biocparallel",
                        "specs": [
                            [
                                ">=",
                                "1.16.0,<1.17.0"
                            ]
                        ]
                    },
                    {
                        "name": "r-base",
                        "specs": [
                            [
                                ">=",
                                "3.5.1,<3.5.2.0a0"
                            ]
                        ]
                    },
                    {
                        "name": "r-cluster",
                        "specs": []
                    },
                    {
                        "name": "r-matrixstats",
                        "specs": []
                    }
                ]
            },
            "description": null,
            "distribution_type": "conda",
            "download_url": "//api.anaconda.org/download/bioconda/bioconductor-stroma4/1.6.1/noarch/bioconductor-stroma4-1.6.1-r351_0.tar.bz2",
            "full_name": "bioconda/bioconductor-stroma4/1.6.1/noarch/bioconductor-stroma4-1.6.1-r351_0.tar.bz2",
            "labels": [
                "main"
            ],
            "md5": "edeade7983daa448fd7be86b924cf9ca",
            "ndownloads": 71,
            "owner": "bioconda",
            "size": 205136,
            "type": "conda",
            "upload_time": "2019-04-28 06:21:31.600000+00:00",
            "version": "1.6.1"
        },
        {
            "attrs": {
                "arch": null,
                "build": "r36_1",
                "build_number": 1,
                "depends": [
                    "bioconductor-biobase >=2.44.0,<2.45.0",
                    "bioconductor-biocparallel >=1.18.0,<1.19.0",
                    "r-base >=3.6,<3.7.0a0",
                    "r-cluster",
                    "r-matrixstats"
                ],
                "has_prefix": false,
                "license": "GPL-3",
                "machine": null,
                "noarch": "generic",
                "operatingsystem": null,
                "platform": null,
                "subdir": "noarch",
                "target-triplet": "None-any-None",
                "timestamp": 1564052133835
            },
            "basename": "noarch/bioconductor-stroma4-1.8.0-r36_1.tar.bz2",
            "dependencies": {
                "depends": [
                    {
                        "name": "bioconductor-biobase",
                        "specs": [
                            [
                                ">=",
                                "2.44.0,<2.45.0"
                            ]
                        ]
                    },
                    {
                        "name": "bioconductor-biocparallel",
                        "specs": [
                            [
                                ">=",
                                "1.18.0,<1.19.0"
                            ]
                        ]
                    },
                    {
                        "name": "r-base",
                        "specs": [
                            [
                                ">=",
                                "3.6,<3.7.0a0"
                            ]
                        ]
                    },
                    {
                        "name": "r-cluster",
                        "specs": []
                    },
                    {
                        "name": "r-matrixstats",
                        "specs": []
                    }
                ]
            },
            "description": null,
            "distribution_type": "conda",
            "download_url": "//api.anaconda.org/download/bioconda/bioconductor-stroma4/1.8.0/noarch/bioconductor-stroma4-1.8.0-r36_1.tar.bz2",
            "full_name": "bioconda/bioconductor-stroma4/1.8.0/noarch/bioconductor-stroma4-1.8.0-r36_1.tar.bz2",
            "labels": [
                "main"
            ],
            "md5": "7fa39722ed4fe9bcc42386806d7fc7aa",
            "ndownloads": 30,
            "owner": "bioconda",
            "size": 205326,
            "type": "conda",
            "upload_time": "2019-07-25 10:59:35.037000+00:00",
            "version": "1.8.0"
        },
        {
            "attrs": {
                "arch": null,
                "build": "r36_0",
                "build_number": 0,
                "depends": [
                    "bioconductor-biobase >=2.46.0,<2.47.0",
                    "bioconductor-biocparallel >=1.20.0,<1.21.0",
                    "r-base >=3.6,<3.7.0a0",
                    "r-cluster",
                    "r-matrixstats"
                ],
                "has_prefix": false,
                "license": "GPL-3",
                "machine": null,
                "noarch": "generic",
                "operatingsystem": null,
                "platform": null,
                "subdir": "noarch",
                "target-triplet": "None-any-None",
                "timestamp": 1572648320615
            },
            "basename": "noarch/bioconductor-stroma4-1.10.0-r36_0.tar.bz2",
            "dependencies": {
                "depends": [
                    {
                        "name": "bioconductor-biobase",
                        "specs": [
                            [
                                ">=",
                                "2.46.0,<2.47.0"
                            ]
                        ]
                    },
                    {
                        "name": "bioconductor-biocparallel",
                        "specs": [
                            [
                                ">=",
                                "1.20.0,<1.21.0"
                            ]
                        ]
                    },
                    {
                        "name": "r-base",
                        "specs": [
                            [
                                ">=",
                                "3.6,<3.7.0a0"
                            ]
                        ]
                    },
                    {
                        "name": "r-cluster",
                        "specs": []
                    },
                    {
                        "name": "r-matrixstats",
                        "specs": []
                    }
                ]
            },
            "description": null,
            "distribution_type": "conda",
            "download_url": "//api.anaconda.org/download/bioconda/bioconductor-stroma4/1.10.0/noarch/bioconductor-stroma4-1.10.0-r36_0.tar.bz2",
            "full_name": "bioconda/bioconductor-stroma4/1.10.0/noarch/bioconductor-stroma4-1.10.0-r36_0.tar.bz2",
            "labels": [
                "main"
            ],
            "md5": "7756dfefba7960f4177fcbb4618f9d26",
            "ndownloads": 18,
            "owner": "bioconda",
            "size": 218361,
            "type": "conda",
            "upload_time": "2019-11-01 22:49:28.260000+00:00",
            "version": "1.10.0"
        }
    ],
    "full_name": "bioconda/bioconductor-stroma4",
    "home": "https://bioconductor.org/packages/3.8/bioc/html/STROMA4.html",
    "html_url": "http://anaconda.org/bioconda/bioconductor-stroma4",
    "id": "5c1493c1036b861358ee872a",
    "latest_version": "1.10.0",
    "license": "GPL-3",
    "license_url": null,
    "modified_at": "2019-11-01 22:49:28.689000+00:00",
    "name": "bioconductor-stroma4",
    "owner": {
        "company": "",
        "created_at": "2015-09-11 22:59:20.880000+00:00",
        "description": "Bioconda is a distribution of bioinformatics software realized as a channel for the versatile Conda package manager.",
        "location": "",
        "login": "bioconda",
        "name": "bioconda",
        "url": "",
        "user_type": "org"
    },
    "package_types": [
        "conda"
    ],
    "public": true,
    "releases": [
        {
            "distributions": [],
            "full_name": "bioconda/bioconductor-stroma4/1.6.0",
            "version": "1.6.0"
        },
        {
            "distributions": [],
            "full_name": "bioconda/bioconductor-stroma4/1.6.1",
            "version": "1.6.1"
        },
        {
            "distributions": [],
            "full_name": "bioconda/bioconductor-stroma4/1.8.0",
            "version": "1.8.0"
        },
        {
            "distributions": [],
            "full_name": "bioconda/bioconductor-stroma4/1.10.0",
            "version": "1.10.0"
        }
    ],
    "revision": 8,
    "source_git_tag": null,
    "source_git_url": null,
    "summary": "Assign Properties to TNBC Patients",
    "upvoted": 0,
    "url": "http://api.anaconda.org/packages/bioconda/bioconductor-stroma4",
    "versions": [
        "1.6.0",
        "1.6.1",
        "1.8.0",
        "1.10.0"
    ],
    "watchers": 1
}