{
    "app_entry": {},
    "app_summary": {},
    "app_type": {},
    "builds": [
        "r351_0",
        "r36_0"
    ],
    "conda_platforms": [
        "noarch"
    ],
    "created_at": "2019-01-02 19:26:39.684000+00:00",
    "description": "MAGeCKFlute is designed to surporting downstream analysis, utilizing the gene summary data provided through MAGeCK or MAGeCK-VISPR. Quality control, normalization, and screen hit identification for CRISPR screen data are performed in pipeline. Identified hits within the pipeline are categorized based on experimental design, and are subsequently interpreted by functional enrichment analysis.",
    "dev_url": null,
    "doc_url": null,
    "files": [
        {
            "attrs": {
                "arch": null,
                "build": "r351_0",
                "build_number": 0,
                "depends": [
                    "bioconductor-biomart >=2.38.0,<2.39.0",
                    "bioconductor-bladderbatch >=1.20.0,<1.21.0",
                    "bioconductor-clusterprofiler >=3.10.0,<3.11.0",
                    "bioconductor-dose >=3.8.0,<3.9.0",
                    "bioconductor-pathview >=1.22.0,<1.23.0",
                    "bioconductor-sva >=3.30.0,<3.31.0",
                    "r-base >=3.5.1,<3.5.2.0a0",
                    "r-data.table",
                    "r-ggextra",
                    "r-ggplot2",
                    "r-ggrepel",
                    "r-ggsci",
                    "r-gridextra",
                    "r-pheatmap",
                    "r-png",
                    "r-rcolorbrewer"
                ],
                "has_prefix": false,
                "license": "GPL (>=3)",
                "machine": null,
                "noarch": "generic",
                "operatingsystem": null,
                "platform": null,
                "subdir": "noarch",
                "target-triplet": "None-any-None",
                "timestamp": 1546456840589
            },
            "basename": "noarch/bioconductor-mageckflute-1.2.2-r351_0.tar.bz2",
            "dependencies": {
                "depends": [
                    {
                        "name": "bioconductor-biomart",
                        "specs": [
                            [
                                ">=",
                                "2.38.0,<2.39.0"
                            ]
                        ]
                    },
                    {
                        "name": "bioconductor-bladderbatch",
                        "specs": [
                            [
                                ">=",
                                "1.20.0,<1.21.0"
                            ]
                        ]
                    },
                    {
                        "name": "bioconductor-clusterprofiler",
                        "specs": [
                            [
                                ">=",
                                "3.10.0,<3.11.0"
                            ]
                        ]
                    },
                    {
                        "name": "bioconductor-dose",
                        "specs": [
                            [
                                ">=",
                                "3.8.0,<3.9.0"
                            ]
                        ]
                    },
                    {
                        "name": "bioconductor-pathview",
                        "specs": [
                            [
                                ">=",
                                "1.22.0,<1.23.0"
                            ]
                        ]
                    },
                    {
                        "name": "bioconductor-sva",
                        "specs": [
                            [
                                ">=",
                                "3.30.0,<3.31.0"
                            ]
                        ]
                    },
                    {
                        "name": "r-base",
                        "specs": [
                            [
                                ">=",
                                "3.5.1,<3.5.2.0a0"
                            ]
                        ]
                    },
                    {
                        "name": "r-data.table",
                        "specs": []
                    },
                    {
                        "name": "r-ggextra",
                        "specs": []
                    },
                    {
                        "name": "r-ggplot2",
                        "specs": []
                    },
                    {
                        "name": "r-ggrepel",
                        "specs": []
                    },
                    {
                        "name": "r-ggsci",
                        "specs": []
                    },
                    {
                        "name": "r-gridextra",
                        "specs": []
                    },
                    {
                        "name": "r-pheatmap",
                        "specs": []
                    },
                    {
                        "name": "r-png",
                        "specs": []
                    },
                    {
                        "name": "r-rcolorbrewer",
                        "specs": []
                    }
                ]
            },
            "description": null,
            "distribution_type": "conda",
            "download_url": "//api.anaconda.org/download/bioconda/bioconductor-mageckflute/1.2.2/noarch/bioconductor-mageckflute-1.2.2-r351_0.tar.bz2",
            "full_name": "bioconda/bioconductor-mageckflute/1.2.2/noarch/bioconductor-mageckflute-1.2.2-r351_0.tar.bz2",
            "labels": [
                "gcc7",
                "main"
            ],
            "md5": "00d180a3405983c17eaa5ce26117e8fb",
            "ndownloads": 87,
            "owner": "bioconda",
            "size": 13865121,
            "type": "conda",
            "upload_time": "2019-01-02 19:26:40.584000+00:00",
            "version": "1.2.2"
        },
        {
            "attrs": {
                "arch": null,
                "build": "r351_0",
                "build_number": 0,
                "depends": [
                    "bioconductor-biomart >=2.38.0,<2.39.0",
                    "bioconductor-bladderbatch >=1.20.0,<1.21.0",
                    "bioconductor-clusterprofiler >=3.10.0,<3.11.0",
                    "bioconductor-dose >=3.8.0,<3.9.0",
                    "bioconductor-pathview >=1.22.0,<1.23.0",
                    "bioconductor-sva >=3.30.0,<3.31.0",
                    "r-base >=3.5.1,<3.5.2.0a0",
                    "r-data.table",
                    "r-ggextra",
                    "r-ggplot2",
                    "r-ggrepel",
                    "r-ggsci",
                    "r-gridextra",
                    "r-pheatmap",
                    "r-png"
                ],
                "has_prefix": false,
                "license": "GPL (>=3)",
                "machine": null,
                "noarch": "generic",
                "operatingsystem": null,
                "platform": null,
                "subdir": "noarch",
                "target-triplet": "None-any-None",
                "timestamp": 1552398870696
            },
            "basename": "noarch/bioconductor-mageckflute-1.2.3-r351_0.tar.bz2",
            "dependencies": {
                "depends": [
                    {
                        "name": "bioconductor-biomart",
                        "specs": [
                            [
                                ">=",
                                "2.38.0,<2.39.0"
                            ]
                        ]
                    },
                    {
                        "name": "bioconductor-bladderbatch",
                        "specs": [
                            [
                                ">=",
                                "1.20.0,<1.21.0"
                            ]
                        ]
                    },
                    {
                        "name": "bioconductor-clusterprofiler",
                        "specs": [
                            [
                                ">=",
                                "3.10.0,<3.11.0"
                            ]
                        ]
                    },
                    {
                        "name": "bioconductor-dose",
                        "specs": [
                            [
                                ">=",
                                "3.8.0,<3.9.0"
                            ]
                        ]
                    },
                    {
                        "name": "bioconductor-pathview",
                        "specs": [
                            [
                                ">=",
                                "1.22.0,<1.23.0"
                            ]
                        ]
                    },
                    {
                        "name": "bioconductor-sva",
                        "specs": [
                            [
                                ">=",
                                "3.30.0,<3.31.0"
                            ]
                        ]
                    },
                    {
                        "name": "r-base",
                        "specs": [
                            [
                                ">=",
                                "3.5.1,<3.5.2.0a0"
                            ]
                        ]
                    },
                    {
                        "name": "r-data.table",
                        "specs": []
                    },
                    {
                        "name": "r-ggextra",
                        "specs": []
                    },
                    {
                        "name": "r-ggplot2",
                        "specs": []
                    },
                    {
                        "name": "r-ggrepel",
                        "specs": []
                    },
                    {
                        "name": "r-ggsci",
                        "specs": []
                    },
                    {
                        "name": "r-gridextra",
                        "specs": []
                    },
                    {
                        "name": "r-pheatmap",
                        "specs": []
                    },
                    {
                        "name": "r-png",
                        "specs": []
                    }
                ]
            },
            "description": null,
            "distribution_type": "conda",
            "download_url": "//api.anaconda.org/download/bioconda/bioconductor-mageckflute/1.2.3/noarch/bioconductor-mageckflute-1.2.3-r351_0.tar.bz2",
            "full_name": "bioconda/bioconductor-mageckflute/1.2.3/noarch/bioconductor-mageckflute-1.2.3-r351_0.tar.bz2",
            "labels": [
                "main"
            ],
            "md5": "96010427f4fad57d136d42df669f5ed8",
            "ndownloads": 103,
            "owner": "bioconda",
            "size": 12990083,
            "type": "conda",
            "upload_time": "2019-03-12 14:01:44.305000+00:00",
            "version": "1.2.3"
        },
        {
            "attrs": {
                "arch": null,
                "build": "r36_0",
                "build_number": 0,
                "depends": [
                    "bioconductor-biomart >=2.40.0,<2.41.0",
                    "bioconductor-clusterprofiler >=3.12.0,<3.13.0",
                    "bioconductor-dose >=3.10.0,<3.11.0",
                    "bioconductor-pathview >=1.24.0,<1.25.0",
                    "bioconductor-sva >=3.32.0,<3.33.0",
                    "r-base >=3.6,<3.7.0a0",
                    "r-data.table",
                    "r-ggextra",
                    "r-ggplot2",
                    "r-ggrepel",
                    "r-ggsci",
                    "r-gridextra",
                    "r-pheatmap",
                    "r-png"
                ],
                "has_prefix": false,
                "license": "GPL (>=3)",
                "machine": null,
                "noarch": "generic",
                "operatingsystem": null,
                "platform": null,
                "subdir": "noarch",
                "target-triplet": "None-any-None",
                "timestamp": 1565228374920
            },
            "basename": "noarch/bioconductor-mageckflute-1.4.2-r36_0.tar.bz2",
            "dependencies": {
                "depends": [
                    {
                        "name": "bioconductor-biomart",
                        "specs": [
                            [
                                ">=",
                                "2.40.0,<2.41.0"
                            ]
                        ]
                    },
                    {
                        "name": "bioconductor-clusterprofiler",
                        "specs": [
                            [
                                ">=",
                                "3.12.0,<3.13.0"
                            ]
                        ]
                    },
                    {
                        "name": "bioconductor-dose",
                        "specs": [
                            [
                                ">=",
                                "3.10.0,<3.11.0"
                            ]
                        ]
                    },
                    {
                        "name": "bioconductor-pathview",
                        "specs": [
                            [
                                ">=",
                                "1.24.0,<1.25.0"
                            ]
                        ]
                    },
                    {
                        "name": "bioconductor-sva",
                        "specs": [
                            [
                                ">=",
                                "3.32.0,<3.33.0"
                            ]
                        ]
                    },
                    {
                        "name": "r-base",
                        "specs": [
                            [
                                ">=",
                                "3.6,<3.7.0a0"
                            ]
                        ]
                    },
                    {
                        "name": "r-data.table",
                        "specs": []
                    },
                    {
                        "name": "r-ggextra",
                        "specs": []
                    },
                    {
                        "name": "r-ggplot2",
                        "specs": []
                    },
                    {
                        "name": "r-ggrepel",
                        "specs": []
                    },
                    {
                        "name": "r-ggsci",
                        "specs": []
                    },
                    {
                        "name": "r-gridextra",
                        "specs": []
                    },
                    {
                        "name": "r-pheatmap",
                        "specs": []
                    },
                    {
                        "name": "r-png",
                        "specs": []
                    }
                ]
            },
            "description": null,
            "distribution_type": "conda",
            "download_url": "//api.anaconda.org/download/bioconda/bioconductor-mageckflute/1.4.2/noarch/bioconductor-mageckflute-1.4.2-r36_0.tar.bz2",
            "full_name": "bioconda/bioconductor-mageckflute/1.4.2/noarch/bioconductor-mageckflute-1.4.2-r36_0.tar.bz2",
            "labels": [
                "main"
            ],
            "md5": "c4f30923946620408f1698879ed95e02",
            "ndownloads": 46,
            "owner": "bioconda",
            "size": 13210073,
            "type": "conda",
            "upload_time": "2019-08-08 01:47:05.918000+00:00",
            "version": "1.4.2"
        },
        {
            "attrs": {
                "arch": null,
                "build": "r36_0",
                "build_number": 0,
                "depends": [
                    "bioconductor-biomart >=2.42.0,<2.43.0",
                    "bioconductor-clusterprofiler >=3.14.0,<3.15.0",
                    "bioconductor-dose >=3.12.0,<3.13.0",
                    "bioconductor-pathview >=1.26.0,<1.27.0",
                    "bioconductor-sva >=3.34.0,<3.35.0",
                    "r-base >=3.6,<3.7.0a0",
                    "r-data.table",
                    "r-ggextra",
                    "r-ggplot2",
                    "r-ggrepel",
                    "r-ggsci",
                    "r-gridextra",
                    "r-pheatmap",
                    "r-png"
                ],
                "has_prefix": false,
                "license": "GPL (>=3)",
                "machine": null,
                "noarch": "generic",
                "operatingsystem": null,
                "platform": null,
                "subdir": "noarch",
                "target-triplet": "None-any-None",
                "timestamp": 1572957454885
            },
            "basename": "noarch/bioconductor-mageckflute-1.6.0-r36_0.tar.bz2",
            "dependencies": {
                "depends": [
                    {
                        "name": "bioconductor-biomart",
                        "specs": [
                            [
                                ">=",
                                "2.42.0,<2.43.0"
                            ]
                        ]
                    },
                    {
                        "name": "bioconductor-clusterprofiler",
                        "specs": [
                            [
                                ">=",
                                "3.14.0,<3.15.0"
                            ]
                        ]
                    },
                    {
                        "name": "bioconductor-dose",
                        "specs": [
                            [
                                ">=",
                                "3.12.0,<3.13.0"
                            ]
                        ]
                    },
                    {
                        "name": "bioconductor-pathview",
                        "specs": [
                            [
                                ">=",
                                "1.26.0,<1.27.0"
                            ]
                        ]
                    },
                    {
                        "name": "bioconductor-sva",
                        "specs": [
                            [
                                ">=",
                                "3.34.0,<3.35.0"
                            ]
                        ]
                    },
                    {
                        "name": "r-base",
                        "specs": [
                            [
                                ">=",
                                "3.6,<3.7.0a0"
                            ]
                        ]
                    },
                    {
                        "name": "r-data.table",
                        "specs": []
                    },
                    {
                        "name": "r-ggextra",
                        "specs": []
                    },
                    {
                        "name": "r-ggplot2",
                        "specs": []
                    },
                    {
                        "name": "r-ggrepel",
                        "specs": []
                    },
                    {
                        "name": "r-ggsci",
                        "specs": []
                    },
                    {
                        "name": "r-gridextra",
                        "specs": []
                    },
                    {
                        "name": "r-pheatmap",
                        "specs": []
                    },
                    {
                        "name": "r-png",
                        "specs": []
                    }
                ]
            },
            "description": null,
            "distribution_type": "conda",
            "download_url": "//api.anaconda.org/download/bioconda/bioconductor-mageckflute/1.6.0/noarch/bioconductor-mageckflute-1.6.0-r36_0.tar.bz2",
            "full_name": "bioconda/bioconductor-mageckflute/1.6.0/noarch/bioconductor-mageckflute-1.6.0-r36_0.tar.bz2",
            "labels": [
                "main"
            ],
            "md5": "552a7b40b5dad602b320e3f7a993bd0f",
            "ndownloads": 30,
            "owner": "bioconda",
            "size": 17871840,
            "type": "conda",
            "upload_time": "2019-11-05 12:46:16.208000+00:00",
            "version": "1.6.0"
        }
    ],
    "full_name": "bioconda/bioconductor-mageckflute",
    "home": "https://bioconductor.org/packages/3.8/bioc/html/MAGeCKFlute.html",
    "html_url": "http://anaconda.org/bioconda/bioconductor-mageckflute",
    "id": "5c2d106f036b861358326d75",
    "latest_version": "1.6.0",
    "license": "GPL (>=3)",
    "license_url": null,
    "modified_at": "2019-11-05 12:46:16.715000+00:00",
    "name": "bioconductor-mageckflute",
    "owner": {
        "company": "",
        "created_at": "2015-09-11 22:59:20.880000+00:00",
        "description": "Bioconda is a distribution of bioinformatics software realized as a channel for the versatile Conda package manager.",
        "location": "",
        "login": "bioconda",
        "name": "bioconda",
        "url": "",
        "user_type": "org"
    },
    "package_types": [
        "conda"
    ],
    "public": true,
    "releases": [
        {
            "distributions": [],
            "full_name": "bioconda/bioconductor-mageckflute/1.2.2",
            "version": "1.2.2"
        },
        {
            "distributions": [],
            "full_name": "bioconda/bioconductor-mageckflute/1.2.3",
            "version": "1.2.3"
        },
        {
            "distributions": [],
            "full_name": "bioconda/bioconductor-mageckflute/1.4.2",
            "version": "1.4.2"
        },
        {
            "distributions": [],
            "full_name": "bioconda/bioconductor-mageckflute/1.6.0",
            "version": "1.6.0"
        }
    ],
    "revision": 8,
    "source_git_tag": null,
    "source_git_url": null,
    "summary": "Integrative analysis pipeline for pooled CRISPR functional genetic screens",
    "upvoted": 0,
    "url": "http://api.anaconda.org/packages/bioconda/bioconductor-mageckflute",
    "versions": [
        "1.2.2",
        "1.2.3",
        "1.4.2",
        "1.6.0"
    ],
    "watchers": 1
}