{
    "app_entry": {},
    "app_summary": {},
    "app_type": {},
    "builds": [
        "r36h516909a_1",
        "r351ha21c8aa_0",
        "r341h47a8a8e_0",
        "r351h47a8a8e_0",
        "r36h88e4a8a_0",
        "gsl1.16_0",
        "r3.4.1_0",
        "r351h53c389d_0",
        "r36h01d97ff_1",
        "r36hba1f1f8_0",
        "r351hc4195a5_0"
    ],
    "conda_platforms": [
        "linux-64",
        "osx-64"
    ],
    "created_at": "2016-11-01 07:59:26.971000+00:00",
    "description": "Dirichlet-multinomial mixture models can be used to describe variability in microbial metagenomic data. This package is an interface to code originally made available by Holmes, Harris, and Quince, 2012, PLoS ONE 7(2): 1-15, as discussed further in the man page for this package, ?DirichletMultinomial.",
    "dev_url": null,
    "doc_url": null,
    "files": [
        {
            "attrs": {
                "arch": "x86_64",
                "build": "gsl1.16_0",
                "build_number": 0,
                "depends": [
                    "bioconductor-biocgenerics",
                    "bioconductor-iranges",
                    "bioconductor-s4vectors",
                    "blas",
                    "gsl 1.16*"
                ],
                "has_prefix": false,
                "license": "LGPL-3",
                "machine": "x86_64",
                "operatingsystem": "darwin",
                "platform": "osx",
                "subdir": "osx-64",
                "target-triplet": "x86_64-any-darwin"
            },
            "basename": "osx-64/bioconductor-dirichletmultinomial-1.16.0-gsl1.16_0.tar.bz2",
            "dependencies": {
                "depends": [
                    {
                        "name": "bioconductor-biocgenerics",
                        "specs": []
                    },
                    {
                        "name": "bioconductor-iranges",
                        "specs": []
                    },
                    {
                        "name": "bioconductor-s4vectors",
                        "specs": []
                    },
                    {
                        "name": "blas",
                        "specs": []
                    },
                    {
                        "name": "gsl",
                        "specs": [
                            [
                                "==",
                                "1.16"
                            ]
                        ]
                    }
                ]
            },
            "description": null,
            "distribution_type": "conda",
            "download_url": "//api.anaconda.org/download/bioconda/bioconductor-dirichletmultinomial/1.16.0/osx-64/bioconductor-dirichletmultinomial-1.16.0-gsl1.16_0.tar.bz2",
            "full_name": "bioconda/bioconductor-dirichletmultinomial/1.16.0/osx-64/bioconductor-dirichletmultinomial-1.16.0-gsl1.16_0.tar.bz2",
            "labels": [
                "main",
                "cf201901"
            ],
            "md5": "e68cabfaa6153ade630faebfb683ec68",
            "ndownloads": 792,
            "owner": "bioconda",
            "size": 302122,
            "type": "conda",
            "upload_time": "2016-11-01 08:09:51.489000+00:00",
            "version": "1.16.0"
        },
        {
            "attrs": {
                "arch": "x86_64",
                "build": "gsl1.16_0",
                "build_number": 0,
                "depends": [
                    "bioconductor-biocgenerics",
                    "bioconductor-iranges",
                    "bioconductor-s4vectors",
                    "libgcc",
                    "r-base 3.4.1*"
                ],
                "has_prefix": true,
                "license": "LGPL-3",
                "machine": "x86_64",
                "operatingsystem": "linux",
                "platform": "linux",
                "subdir": "linux-64",
                "target-triplet": "x86_64-any-linux"
            },
            "basename": "linux-64/bioconductor-dirichletmultinomial-1.18.0-gsl1.16_0.tar.bz2",
            "dependencies": {
                "depends": [
                    {
                        "name": "bioconductor-biocgenerics",
                        "specs": []
                    },
                    {
                        "name": "bioconductor-iranges",
                        "specs": []
                    },
                    {
                        "name": "bioconductor-s4vectors",
                        "specs": []
                    },
                    {
                        "name": "libgcc",
                        "specs": []
                    },
                    {
                        "name": "r-base",
                        "specs": [
                            [
                                "==",
                                "3.4.1"
                            ]
                        ]
                    }
                ]
            },
            "description": null,
            "distribution_type": "conda",
            "download_url": "//api.anaconda.org/download/bioconda/bioconductor-dirichletmultinomial/1.18.0/linux-64/bioconductor-dirichletmultinomial-1.18.0-gsl1.16_0.tar.bz2",
            "full_name": "bioconda/bioconductor-dirichletmultinomial/1.18.0/linux-64/bioconductor-dirichletmultinomial-1.18.0-gsl1.16_0.tar.bz2",
            "labels": [
                "main",
                "cf201901"
            ],
            "md5": "c5e7ff1a3ee2361bb5dc7862f685123a",
            "ndownloads": 574,
            "owner": "bioconda",
            "size": 540178,
            "type": "conda",
            "upload_time": "2017-10-15 20:54:22.123000+00:00",
            "version": "1.18.0"
        },
        {
            "attrs": {
                "arch": "x86_64",
                "build": "gsl1.16_0",
                "build_number": 0,
                "depends": [
                    "bioconductor-biocgenerics",
                    "bioconductor-iranges",
                    "bioconductor-s4vectors",
                    "r-base 3.4.1*"
                ],
                "has_prefix": false,
                "license": "LGPL-3",
                "machine": "x86_64",
                "operatingsystem": "darwin",
                "platform": "osx",
                "subdir": "osx-64",
                "target-triplet": "x86_64-any-darwin"
            },
            "basename": "osx-64/bioconductor-dirichletmultinomial-1.18.0-gsl1.16_0.tar.bz2",
            "dependencies": {
                "depends": [
                    {
                        "name": "bioconductor-biocgenerics",
                        "specs": []
                    },
                    {
                        "name": "bioconductor-iranges",
                        "specs": []
                    },
                    {
                        "name": "bioconductor-s4vectors",
                        "specs": []
                    },
                    {
                        "name": "r-base",
                        "specs": [
                            [
                                "==",
                                "3.4.1"
                            ]
                        ]
                    }
                ]
            },
            "description": null,
            "distribution_type": "conda",
            "download_url": "//api.anaconda.org/download/bioconda/bioconductor-dirichletmultinomial/1.18.0/osx-64/bioconductor-dirichletmultinomial-1.18.0-gsl1.16_0.tar.bz2",
            "full_name": "bioconda/bioconductor-dirichletmultinomial/1.18.0/osx-64/bioconductor-dirichletmultinomial-1.18.0-gsl1.16_0.tar.bz2",
            "labels": [
                "main",
                "cf201901"
            ],
            "md5": "107e8d85ada98bfef43cc857954f23a1",
            "ndownloads": 777,
            "owner": "bioconda",
            "size": 537473,
            "type": "conda",
            "upload_time": "2017-10-15 21:06:00.697000+00:00",
            "version": "1.18.0"
        },
        {
            "attrs": {
                "arch": "x86_64",
                "build": "gsl1.16_0",
                "build_number": 0,
                "depends": [
                    "bioconductor-biocgenerics",
                    "bioconductor-iranges",
                    "bioconductor-s4vectors",
                    "blas",
                    "gsl 1.16*",
                    "libgcc"
                ],
                "has_prefix": true,
                "license": "LGPL-3",
                "machine": "x86_64",
                "operatingsystem": "linux",
                "platform": "linux",
                "subdir": "linux-64",
                "target-triplet": "x86_64-any-linux"
            },
            "basename": "linux-64/bioconductor-dirichletmultinomial-1.16.0-gsl1.16_0.tar.bz2",
            "dependencies": {
                "depends": [
                    {
                        "name": "bioconductor-biocgenerics",
                        "specs": []
                    },
                    {
                        "name": "bioconductor-iranges",
                        "specs": []
                    },
                    {
                        "name": "bioconductor-s4vectors",
                        "specs": []
                    },
                    {
                        "name": "blas",
                        "specs": []
                    },
                    {
                        "name": "gsl",
                        "specs": [
                            [
                                "==",
                                "1.16"
                            ]
                        ]
                    },
                    {
                        "name": "libgcc",
                        "specs": []
                    }
                ]
            },
            "description": null,
            "distribution_type": "conda",
            "download_url": "//api.anaconda.org/download/bioconda/bioconductor-dirichletmultinomial/1.16.0/linux-64/bioconductor-dirichletmultinomial-1.16.0-gsl1.16_0.tar.bz2",
            "full_name": "bioconda/bioconductor-dirichletmultinomial/1.16.0/linux-64/bioconductor-dirichletmultinomial-1.16.0-gsl1.16_0.tar.bz2",
            "labels": [
                "main",
                "cf201901"
            ],
            "md5": "74072095e7b3eb393efd7d3c984a7a1e",
            "ndownloads": 608,
            "owner": "bioconda",
            "size": 304010,
            "type": "conda",
            "upload_time": "2016-11-01 07:59:27.549000+00:00",
            "version": "1.16.0"
        },
        {
            "attrs": {
                "arch": "x86_64",
                "build": "r3.4.1_0",
                "build_number": 0,
                "depends": [
                    "bioconductor-biocgenerics",
                    "bioconductor-iranges",
                    "bioconductor-s4vectors",
                    "libgcc",
                    "r-base 3.4.1*"
                ],
                "has_prefix": true,
                "license": "LGPL-3",
                "machine": "x86_64",
                "operatingsystem": "linux",
                "platform": "linux",
                "subdir": "linux-64",
                "target-triplet": "x86_64-any-linux"
            },
            "basename": "linux-64/bioconductor-dirichletmultinomial-1.20.0-r3.4.1_0.tar.bz2",
            "dependencies": {
                "depends": [
                    {
                        "name": "bioconductor-biocgenerics",
                        "specs": []
                    },
                    {
                        "name": "bioconductor-iranges",
                        "specs": []
                    },
                    {
                        "name": "bioconductor-s4vectors",
                        "specs": []
                    },
                    {
                        "name": "libgcc",
                        "specs": []
                    },
                    {
                        "name": "r-base",
                        "specs": [
                            [
                                "==",
                                "3.4.1"
                            ]
                        ]
                    }
                ]
            },
            "description": null,
            "distribution_type": "conda",
            "download_url": "//api.anaconda.org/download/bioconda/bioconductor-dirichletmultinomial/1.20.0/linux-64/bioconductor-dirichletmultinomial-1.20.0-r3.4.1_0.tar.bz2",
            "full_name": "bioconda/bioconductor-dirichletmultinomial/1.20.0/linux-64/bioconductor-dirichletmultinomial-1.20.0-r3.4.1_0.tar.bz2",
            "labels": [
                "main",
                "cf201901"
            ],
            "md5": "876f5cbe4cc1703047f70308616ef2ae",
            "ndownloads": 624,
            "owner": "bioconda",
            "size": 540272,
            "type": "conda",
            "upload_time": "2017-11-06 19:33:28.357000+00:00",
            "version": "1.20.0"
        },
        {
            "attrs": {
                "arch": "x86_64",
                "build": "r3.4.1_0",
                "build_number": 0,
                "depends": [
                    "bioconductor-biocgenerics",
                    "bioconductor-iranges",
                    "bioconductor-s4vectors",
                    "r-base 3.4.1*"
                ],
                "has_prefix": false,
                "license": "LGPL-3",
                "machine": "x86_64",
                "operatingsystem": "darwin",
                "platform": "osx",
                "subdir": "osx-64",
                "target-triplet": "x86_64-any-darwin"
            },
            "basename": "osx-64/bioconductor-dirichletmultinomial-1.20.0-r3.4.1_0.tar.bz2",
            "dependencies": {
                "depends": [
                    {
                        "name": "bioconductor-biocgenerics",
                        "specs": []
                    },
                    {
                        "name": "bioconductor-iranges",
                        "specs": []
                    },
                    {
                        "name": "bioconductor-s4vectors",
                        "specs": []
                    },
                    {
                        "name": "r-base",
                        "specs": [
                            [
                                "==",
                                "3.4.1"
                            ]
                        ]
                    }
                ]
            },
            "description": null,
            "distribution_type": "conda",
            "download_url": "//api.anaconda.org/download/bioconda/bioconductor-dirichletmultinomial/1.20.0/osx-64/bioconductor-dirichletmultinomial-1.20.0-r3.4.1_0.tar.bz2",
            "full_name": "bioconda/bioconductor-dirichletmultinomial/1.20.0/osx-64/bioconductor-dirichletmultinomial-1.20.0-r3.4.1_0.tar.bz2",
            "labels": [
                "main",
                "cf201901"
            ],
            "md5": "836c0f326cbf0e4855e494164dd7c6a1",
            "ndownloads": 774,
            "owner": "bioconda",
            "size": 537294,
            "type": "conda",
            "upload_time": "2017-11-06 20:43:39.441000+00:00",
            "version": "1.20.0"
        },
        {
            "attrs": {
                "arch": "x86_64",
                "build": "r341h47a8a8e_0",
                "build_number": 0,
                "depends": [
                    "bioconductor-biocgenerics >=0.26.0,<0.28.0",
                    "bioconductor-iranges >=2.14.12,<2.16.0",
                    "bioconductor-s4vectors >=0.18.3,<0.20.0",
                    "libgcc-ng >=4.9",
                    "openblas >=0.2.20,<0.2.21.0a0",
                    "r-base >=3.4.1,<3.4.2.0a0"
                ],
                "has_prefix": false,
                "license": "LGPL-3",
                "machine": "x86_64",
                "operatingsystem": "linux",
                "platform": "linux",
                "subdir": "linux-64",
                "target-triplet": "x86_64-any-linux",
                "timestamp": 1539352063970
            },
            "basename": "linux-64/bioconductor-dirichletmultinomial-1.22.0-r341h47a8a8e_0.tar.bz2",
            "dependencies": {
                "depends": [
                    {
                        "name": "bioconductor-biocgenerics",
                        "specs": [
                            [
                                ">=",
                                "0.26.0,<0.28.0"
                            ]
                        ]
                    },
                    {
                        "name": "bioconductor-iranges",
                        "specs": [
                            [
                                ">=",
                                "2.14.12,<2.16.0"
                            ]
                        ]
                    },
                    {
                        "name": "bioconductor-s4vectors",
                        "specs": [
                            [
                                ">=",
                                "0.18.3,<0.20.0"
                            ]
                        ]
                    },
                    {
                        "name": "libgcc-ng",
                        "specs": [
                            [
                                ">=",
                                "4.9"
                            ]
                        ]
                    },
                    {
                        "name": "openblas",
                        "specs": [
                            [
                                ">=",
                                "0.2.20,<0.2.21.0a0"
                            ]
                        ]
                    },
                    {
                        "name": "r-base",
                        "specs": [
                            [
                                ">=",
                                "3.4.1,<3.4.2.0a0"
                            ]
                        ]
                    }
                ]
            },
            "description": null,
            "distribution_type": "conda",
            "download_url": "//api.anaconda.org/download/bioconda/bioconductor-dirichletmultinomial/1.22.0/linux-64/bioconductor-dirichletmultinomial-1.22.0-r341h47a8a8e_0.tar.bz2",
            "full_name": "bioconda/bioconductor-dirichletmultinomial/1.22.0/linux-64/bioconductor-dirichletmultinomial-1.22.0-r341h47a8a8e_0.tar.bz2",
            "labels": [
                "main",
                "cf201901"
            ],
            "md5": "20dd458008809d9854d43775538c2150",
            "ndownloads": 262,
            "owner": "bioconda",
            "size": 540984,
            "type": "conda",
            "upload_time": "2018-10-12 13:53:33.527000+00:00",
            "version": "1.22.0"
        },
        {
            "attrs": {
                "arch": "x86_64",
                "build": "r351h47a8a8e_0",
                "build_number": 0,
                "depends": [
                    "bioconductor-biocgenerics >=0.26.0,<0.28.0",
                    "bioconductor-iranges >=2.14.12,<2.16.0",
                    "bioconductor-s4vectors >=0.18.3,<0.20.0",
                    "libgcc-ng >=4.9",
                    "openblas >=0.2.20,<0.2.21.0a0",
                    "r-base >=3.5.1,<3.5.2.0a0"
                ],
                "has_prefix": false,
                "license": "LGPL-3",
                "machine": "x86_64",
                "operatingsystem": "linux",
                "platform": "linux",
                "subdir": "linux-64",
                "target-triplet": "x86_64-any-linux",
                "timestamp": 1539352128158
            },
            "basename": "linux-64/bioconductor-dirichletmultinomial-1.22.0-r351h47a8a8e_0.tar.bz2",
            "dependencies": {
                "depends": [
                    {
                        "name": "bioconductor-biocgenerics",
                        "specs": [
                            [
                                ">=",
                                "0.26.0,<0.28.0"
                            ]
                        ]
                    },
                    {
                        "name": "bioconductor-iranges",
                        "specs": [
                            [
                                ">=",
                                "2.14.12,<2.16.0"
                            ]
                        ]
                    },
                    {
                        "name": "bioconductor-s4vectors",
                        "specs": [
                            [
                                ">=",
                                "0.18.3,<0.20.0"
                            ]
                        ]
                    },
                    {
                        "name": "libgcc-ng",
                        "specs": [
                            [
                                ">=",
                                "4.9"
                            ]
                        ]
                    },
                    {
                        "name": "openblas",
                        "specs": [
                            [
                                ">=",
                                "0.2.20,<0.2.21.0a0"
                            ]
                        ]
                    },
                    {
                        "name": "r-base",
                        "specs": [
                            [
                                ">=",
                                "3.5.1,<3.5.2.0a0"
                            ]
                        ]
                    }
                ]
            },
            "description": null,
            "distribution_type": "conda",
            "download_url": "//api.anaconda.org/download/bioconda/bioconductor-dirichletmultinomial/1.22.0/linux-64/bioconductor-dirichletmultinomial-1.22.0-r351h47a8a8e_0.tar.bz2",
            "full_name": "bioconda/bioconductor-dirichletmultinomial/1.22.0/linux-64/bioconductor-dirichletmultinomial-1.22.0-r351h47a8a8e_0.tar.bz2",
            "labels": [
                "main",
                "cf201901"
            ],
            "md5": "53e25d07b06e172eb4bf7f1c1c25b1b3",
            "ndownloads": 311,
            "owner": "bioconda",
            "size": 584614,
            "type": "conda",
            "upload_time": "2018-10-12 13:53:36.434000+00:00",
            "version": "1.22.0"
        },
        {
            "attrs": {
                "arch": "x86_64",
                "build": "r351h47a8a8e_0",
                "build_number": 0,
                "depends": [
                    "bioconductor-biocgenerics >=0.26.0,<0.28.0",
                    "bioconductor-iranges >=2.14.12,<2.16.0",
                    "bioconductor-s4vectors >=0.18.3,<0.20.0",
                    "openblas >=0.2.20,<0.2.21.0a0",
                    "r-base >=3.5.1,<3.5.2.0a0"
                ],
                "has_prefix": true,
                "license": "LGPL-3",
                "machine": "x86_64",
                "operatingsystem": "darwin",
                "platform": "osx",
                "subdir": "osx-64",
                "target-triplet": "x86_64-any-darwin",
                "timestamp": 1539391274678
            },
            "basename": "osx-64/bioconductor-dirichletmultinomial-1.22.0-r351h47a8a8e_0.tar.bz2",
            "dependencies": {
                "depends": [
                    {
                        "name": "bioconductor-biocgenerics",
                        "specs": [
                            [
                                ">=",
                                "0.26.0,<0.28.0"
                            ]
                        ]
                    },
                    {
                        "name": "bioconductor-iranges",
                        "specs": [
                            [
                                ">=",
                                "2.14.12,<2.16.0"
                            ]
                        ]
                    },
                    {
                        "name": "bioconductor-s4vectors",
                        "specs": [
                            [
                                ">=",
                                "0.18.3,<0.20.0"
                            ]
                        ]
                    },
                    {
                        "name": "openblas",
                        "specs": [
                            [
                                ">=",
                                "0.2.20,<0.2.21.0a0"
                            ]
                        ]
                    },
                    {
                        "name": "r-base",
                        "specs": [
                            [
                                ">=",
                                "3.5.1,<3.5.2.0a0"
                            ]
                        ]
                    }
                ]
            },
            "description": null,
            "distribution_type": "conda",
            "download_url": "//api.anaconda.org/download/bioconda/bioconductor-dirichletmultinomial/1.22.0/osx-64/bioconductor-dirichletmultinomial-1.22.0-r351h47a8a8e_0.tar.bz2",
            "full_name": "bioconda/bioconductor-dirichletmultinomial/1.22.0/osx-64/bioconductor-dirichletmultinomial-1.22.0-r351h47a8a8e_0.tar.bz2",
            "labels": [
                "main",
                "cf201901"
            ],
            "md5": "c996ef083868ffcd7592e3e6dff45145",
            "ndownloads": 578,
            "owner": "bioconda",
            "size": 583197,
            "type": "conda",
            "upload_time": "2018-10-13 00:41:52.500000+00:00",
            "version": "1.22.0"
        },
        {
            "attrs": {
                "arch": "x86_64",
                "build": "r341h47a8a8e_0",
                "build_number": 0,
                "depends": [
                    "bioconductor-biocgenerics >=0.26.0,<0.28.0",
                    "bioconductor-iranges >=2.14.12,<2.16.0",
                    "bioconductor-s4vectors >=0.18.3,<0.20.0",
                    "openblas >=0.2.20,<0.2.21.0a0",
                    "r-base >=3.4.1,<3.4.2.0a0"
                ],
                "has_prefix": true,
                "license": "LGPL-3",
                "machine": "x86_64",
                "operatingsystem": "darwin",
                "platform": "osx",
                "subdir": "osx-64",
                "target-triplet": "x86_64-any-darwin",
                "timestamp": 1539391194679
            },
            "basename": "osx-64/bioconductor-dirichletmultinomial-1.22.0-r341h47a8a8e_0.tar.bz2",
            "dependencies": {
                "depends": [
                    {
                        "name": "bioconductor-biocgenerics",
                        "specs": [
                            [
                                ">=",
                                "0.26.0,<0.28.0"
                            ]
                        ]
                    },
                    {
                        "name": "bioconductor-iranges",
                        "specs": [
                            [
                                ">=",
                                "2.14.12,<2.16.0"
                            ]
                        ]
                    },
                    {
                        "name": "bioconductor-s4vectors",
                        "specs": [
                            [
                                ">=",
                                "0.18.3,<0.20.0"
                            ]
                        ]
                    },
                    {
                        "name": "openblas",
                        "specs": [
                            [
                                ">=",
                                "0.2.20,<0.2.21.0a0"
                            ]
                        ]
                    },
                    {
                        "name": "r-base",
                        "specs": [
                            [
                                ">=",
                                "3.4.1,<3.4.2.0a0"
                            ]
                        ]
                    }
                ]
            },
            "description": null,
            "distribution_type": "conda",
            "download_url": "//api.anaconda.org/download/bioconda/bioconductor-dirichletmultinomial/1.22.0/osx-64/bioconductor-dirichletmultinomial-1.22.0-r341h47a8a8e_0.tar.bz2",
            "full_name": "bioconda/bioconductor-dirichletmultinomial/1.22.0/osx-64/bioconductor-dirichletmultinomial-1.22.0-r341h47a8a8e_0.tar.bz2",
            "labels": [
                "main",
                "cf201901"
            ],
            "md5": "7153784a72aa334f2967c8458e3c6c22",
            "ndownloads": 287,
            "owner": "bioconda",
            "size": 539675,
            "type": "conda",
            "upload_time": "2018-10-13 00:41:59.569000+00:00",
            "version": "1.22.0"
        },
        {
            "attrs": {
                "arch": "x86_64",
                "build": "r351h53c389d_0",
                "build_number": 0,
                "depends": [
                    "bioconductor-biocgenerics >=0.28.0,<0.29.0",
                    "bioconductor-iranges >=2.16.0,<2.17.0",
                    "bioconductor-s4vectors >=0.20.0,<0.21.0",
                    "gsl >=2.4,<2.5.0a0",
                    "r-base >=3.5.1,<3.5.2.0a0"
                ],
                "has_prefix": true,
                "license": "LGPL-3",
                "machine": "x86_64",
                "operatingsystem": "darwin",
                "platform": "osx",
                "subdir": "osx-64",
                "target-triplet": "x86_64-any-darwin",
                "timestamp": 1544563417043
            },
            "basename": "osx-64/bioconductor-dirichletmultinomial-1.24.0-r351h53c389d_0.tar.bz2",
            "dependencies": {
                "depends": [
                    {
                        "name": "bioconductor-biocgenerics",
                        "specs": [
                            [
                                ">=",
                                "0.28.0,<0.29.0"
                            ]
                        ]
                    },
                    {
                        "name": "bioconductor-iranges",
                        "specs": [
                            [
                                ">=",
                                "2.16.0,<2.17.0"
                            ]
                        ]
                    },
                    {
                        "name": "bioconductor-s4vectors",
                        "specs": [
                            [
                                ">=",
                                "0.20.0,<0.21.0"
                            ]
                        ]
                    },
                    {
                        "name": "gsl",
                        "specs": [
                            [
                                ">=",
                                "2.4,<2.5.0a0"
                            ]
                        ]
                    },
                    {
                        "name": "r-base",
                        "specs": [
                            [
                                ">=",
                                "3.5.1,<3.5.2.0a0"
                            ]
                        ]
                    }
                ]
            },
            "description": null,
            "distribution_type": "conda",
            "download_url": "//api.anaconda.org/download/bioconda/bioconductor-dirichletmultinomial/1.24.0/osx-64/bioconductor-dirichletmultinomial-1.24.0-r351h53c389d_0.tar.bz2",
            "full_name": "bioconda/bioconductor-dirichletmultinomial/1.24.0/osx-64/bioconductor-dirichletmultinomial-1.24.0-r351h53c389d_0.tar.bz2",
            "labels": [
                "gcc7",
                "main"
            ],
            "md5": "914453e094933039652ae7339f3d1599",
            "ndownloads": 801,
            "owner": "bioconda",
            "size": 585756,
            "type": "conda",
            "upload_time": "2018-12-11 21:24:22.256000+00:00",
            "version": "1.24.0"
        },
        {
            "attrs": {
                "arch": "x86_64",
                "build": "r351ha21c8aa_0",
                "build_number": 0,
                "depends": [
                    "bioconductor-biocgenerics >=0.28.0,<0.29.0",
                    "bioconductor-iranges >=2.16.0,<2.17.0",
                    "bioconductor-s4vectors >=0.20.0,<0.21.0",
                    "gsl >=2.4,<2.5.0a0",
                    "libgcc-ng >=7.3.0",
                    "openblas >=0.3.3,<0.3.4.0a0",
                    "r-base >=3.5.1,<3.5.2.0a0"
                ],
                "has_prefix": false,
                "license": "LGPL-3",
                "machine": "x86_64",
                "operatingsystem": "linux",
                "platform": "linux",
                "subdir": "linux-64",
                "target-triplet": "x86_64-any-linux",
                "timestamp": 1544895867376
            },
            "basename": "linux-64/bioconductor-dirichletmultinomial-1.24.0-r351ha21c8aa_0.tar.bz2",
            "dependencies": {
                "depends": [
                    {
                        "name": "bioconductor-biocgenerics",
                        "specs": [
                            [
                                ">=",
                                "0.28.0,<0.29.0"
                            ]
                        ]
                    },
                    {
                        "name": "bioconductor-iranges",
                        "specs": [
                            [
                                ">=",
                                "2.16.0,<2.17.0"
                            ]
                        ]
                    },
                    {
                        "name": "bioconductor-s4vectors",
                        "specs": [
                            [
                                ">=",
                                "0.20.0,<0.21.0"
                            ]
                        ]
                    },
                    {
                        "name": "gsl",
                        "specs": [
                            [
                                ">=",
                                "2.4,<2.5.0a0"
                            ]
                        ]
                    },
                    {
                        "name": "libgcc-ng",
                        "specs": [
                            [
                                ">=",
                                "7.3.0"
                            ]
                        ]
                    },
                    {
                        "name": "openblas",
                        "specs": [
                            [
                                ">=",
                                "0.3.3,<0.3.4.0a0"
                            ]
                        ]
                    },
                    {
                        "name": "r-base",
                        "specs": [
                            [
                                ">=",
                                "3.5.1,<3.5.2.0a0"
                            ]
                        ]
                    }
                ]
            },
            "description": null,
            "distribution_type": "conda",
            "download_url": "//api.anaconda.org/download/bioconda/bioconductor-dirichletmultinomial/1.24.0/linux-64/bioconductor-dirichletmultinomial-1.24.0-r351ha21c8aa_0.tar.bz2",
            "full_name": "bioconda/bioconductor-dirichletmultinomial/1.24.0/linux-64/bioconductor-dirichletmultinomial-1.24.0-r351ha21c8aa_0.tar.bz2",
            "labels": [
                "gcc7",
                "main"
            ],
            "md5": "820b23bcae9035c69089e995550a7697",
            "ndownloads": 226,
            "owner": "bioconda",
            "size": 586625,
            "type": "conda",
            "upload_time": "2018-12-15 17:47:06.047000+00:00",
            "version": "1.24.0"
        },
        {
            "attrs": {
                "arch": "x86_64",
                "build": "r351hc4195a5_0",
                "build_number": 0,
                "depends": [
                    "bioconductor-biocgenerics >=0.28.0,<0.29.0",
                    "bioconductor-iranges >=2.16.0,<2.17.0",
                    "bioconductor-s4vectors >=0.20.0,<0.21.0",
                    "gsl >=2.4,<2.5.0a0",
                    "openblas >=0.3.3,<0.3.4.0a0",
                    "r-base >=3.5.1,<3.5.2.0a0"
                ],
                "has_prefix": true,
                "license": "LGPL-3",
                "machine": "x86_64",
                "operatingsystem": "darwin",
                "platform": "osx",
                "subdir": "osx-64",
                "target-triplet": "x86_64-any-darwin",
                "timestamp": 1556476937367
            },
            "basename": "osx-64/bioconductor-dirichletmultinomial-1.24.1-r351hc4195a5_0.tar.bz2",
            "dependencies": {
                "depends": [
                    {
                        "name": "bioconductor-biocgenerics",
                        "specs": [
                            [
                                ">=",
                                "0.28.0,<0.29.0"
                            ]
                        ]
                    },
                    {
                        "name": "bioconductor-iranges",
                        "specs": [
                            [
                                ">=",
                                "2.16.0,<2.17.0"
                            ]
                        ]
                    },
                    {
                        "name": "bioconductor-s4vectors",
                        "specs": [
                            [
                                ">=",
                                "0.20.0,<0.21.0"
                            ]
                        ]
                    },
                    {
                        "name": "gsl",
                        "specs": [
                            [
                                ">=",
                                "2.4,<2.5.0a0"
                            ]
                        ]
                    },
                    {
                        "name": "openblas",
                        "specs": [
                            [
                                ">=",
                                "0.3.3,<0.3.4.0a0"
                            ]
                        ]
                    },
                    {
                        "name": "r-base",
                        "specs": [
                            [
                                ">=",
                                "3.5.1,<3.5.2.0a0"
                            ]
                        ]
                    }
                ]
            },
            "description": null,
            "distribution_type": "conda",
            "download_url": "//api.anaconda.org/download/bioconda/bioconductor-dirichletmultinomial/1.24.1/osx-64/bioconductor-dirichletmultinomial-1.24.1-r351hc4195a5_0.tar.bz2",
            "full_name": "bioconda/bioconductor-dirichletmultinomial/1.24.1/osx-64/bioconductor-dirichletmultinomial-1.24.1-r351hc4195a5_0.tar.bz2",
            "labels": [
                "main"
            ],
            "md5": "38f745796a93bf844a9bd5bb1aca82e2",
            "ndownloads": 527,
            "owner": "bioconda",
            "size": 586573,
            "type": "conda",
            "upload_time": "2019-04-28 18:42:59.225000+00:00",
            "version": "1.24.1"
        },
        {
            "attrs": {
                "arch": "x86_64",
                "build": "r351ha21c8aa_0",
                "build_number": 0,
                "depends": [
                    "bioconductor-biocgenerics >=0.28.0,<0.29.0",
                    "bioconductor-iranges >=2.16.0,<2.17.0",
                    "bioconductor-s4vectors >=0.20.0,<0.21.0",
                    "gsl >=2.4,<2.5.0a0",
                    "libgcc-ng >=7.3.0",
                    "openblas >=0.3.3,<0.3.4.0a0",
                    "r-base >=3.5.1,<3.5.2.0a0"
                ],
                "has_prefix": false,
                "license": "LGPL-3",
                "machine": "x86_64",
                "operatingsystem": "linux",
                "platform": "linux",
                "subdir": "linux-64",
                "target-triplet": "x86_64-any-linux",
                "timestamp": 1556477022483
            },
            "basename": "linux-64/bioconductor-dirichletmultinomial-1.24.1-r351ha21c8aa_0.tar.bz2",
            "dependencies": {
                "depends": [
                    {
                        "name": "bioconductor-biocgenerics",
                        "specs": [
                            [
                                ">=",
                                "0.28.0,<0.29.0"
                            ]
                        ]
                    },
                    {
                        "name": "bioconductor-iranges",
                        "specs": [
                            [
                                ">=",
                                "2.16.0,<2.17.0"
                            ]
                        ]
                    },
                    {
                        "name": "bioconductor-s4vectors",
                        "specs": [
                            [
                                ">=",
                                "0.20.0,<0.21.0"
                            ]
                        ]
                    },
                    {
                        "name": "gsl",
                        "specs": [
                            [
                                ">=",
                                "2.4,<2.5.0a0"
                            ]
                        ]
                    },
                    {
                        "name": "libgcc-ng",
                        "specs": [
                            [
                                ">=",
                                "7.3.0"
                            ]
                        ]
                    },
                    {
                        "name": "openblas",
                        "specs": [
                            [
                                ">=",
                                "0.3.3,<0.3.4.0a0"
                            ]
                        ]
                    },
                    {
                        "name": "r-base",
                        "specs": [
                            [
                                ">=",
                                "3.5.1,<3.5.2.0a0"
                            ]
                        ]
                    }
                ]
            },
            "description": null,
            "distribution_type": "conda",
            "download_url": "//api.anaconda.org/download/bioconda/bioconductor-dirichletmultinomial/1.24.1/linux-64/bioconductor-dirichletmultinomial-1.24.1-r351ha21c8aa_0.tar.bz2",
            "full_name": "bioconda/bioconductor-dirichletmultinomial/1.24.1/linux-64/bioconductor-dirichletmultinomial-1.24.1-r351ha21c8aa_0.tar.bz2",
            "labels": [
                "main"
            ],
            "md5": "4fa637cec475ac3a205b64d4ba3d6af8",
            "ndownloads": 217,
            "owner": "bioconda",
            "size": 587196,
            "type": "conda",
            "upload_time": "2019-04-28 18:47:50.138000+00:00",
            "version": "1.24.1"
        },
        {
            "attrs": {
                "arch": "x86_64",
                "build": "r36h01d97ff_1",
                "build_number": 1,
                "depends": [
                    "bioconductor-biocgenerics >=0.30.0,<0.31.0",
                    "bioconductor-iranges >=2.18.0,<2.19.0",
                    "bioconductor-s4vectors >=0.22.0,<0.23.0",
                    "r-base >=3.6,<3.7.0a0"
                ],
                "has_prefix": true,
                "license": "LGPL-3",
                "machine": "x86_64",
                "operatingsystem": "darwin",
                "platform": "osx",
                "subdir": "osx-64",
                "target-triplet": "x86_64-any-darwin",
                "timestamp": 1563509258230
            },
            "basename": "osx-64/bioconductor-dirichletmultinomial-1.26.0-r36h01d97ff_1.tar.bz2",
            "dependencies": {
                "depends": [
                    {
                        "name": "bioconductor-biocgenerics",
                        "specs": [
                            [
                                ">=",
                                "0.30.0,<0.31.0"
                            ]
                        ]
                    },
                    {
                        "name": "bioconductor-iranges",
                        "specs": [
                            [
                                ">=",
                                "2.18.0,<2.19.0"
                            ]
                        ]
                    },
                    {
                        "name": "bioconductor-s4vectors",
                        "specs": [
                            [
                                ">=",
                                "0.22.0,<0.23.0"
                            ]
                        ]
                    },
                    {
                        "name": "r-base",
                        "specs": [
                            [
                                ">=",
                                "3.6,<3.7.0a0"
                            ]
                        ]
                    }
                ]
            },
            "description": null,
            "distribution_type": "conda",
            "download_url": "//api.anaconda.org/download/bioconda/bioconductor-dirichletmultinomial/1.26.0/osx-64/bioconductor-dirichletmultinomial-1.26.0-r36h01d97ff_1.tar.bz2",
            "full_name": "bioconda/bioconductor-dirichletmultinomial/1.26.0/osx-64/bioconductor-dirichletmultinomial-1.26.0-r36h01d97ff_1.tar.bz2",
            "labels": [
                "main"
            ],
            "md5": "36e5814c917146b0a402a5c9a0b3ec81",
            "ndownloads": 358,
            "owner": "bioconda",
            "size": 579910,
            "type": "conda",
            "upload_time": "2019-07-19 04:08:21.094000+00:00",
            "version": "1.26.0"
        },
        {
            "attrs": {
                "arch": "x86_64",
                "build": "r36h516909a_1",
                "build_number": 1,
                "depends": [
                    "bioconductor-biocgenerics >=0.30.0,<0.31.0",
                    "bioconductor-iranges >=2.18.0,<2.19.0",
                    "bioconductor-s4vectors >=0.22.0,<0.23.0",
                    "libgcc-ng >=7.3.0",
                    "r-base >=3.6,<3.7.0a0"
                ],
                "has_prefix": false,
                "license": "LGPL-3",
                "machine": "x86_64",
                "operatingsystem": "linux",
                "platform": "linux",
                "subdir": "linux-64",
                "target-triplet": "x86_64-any-linux",
                "timestamp": 1563767626500
            },
            "basename": "linux-64/bioconductor-dirichletmultinomial-1.26.0-r36h516909a_1.tar.bz2",
            "dependencies": {
                "depends": [
                    {
                        "name": "bioconductor-biocgenerics",
                        "specs": [
                            [
                                ">=",
                                "0.30.0,<0.31.0"
                            ]
                        ]
                    },
                    {
                        "name": "bioconductor-iranges",
                        "specs": [
                            [
                                ">=",
                                "2.18.0,<2.19.0"
                            ]
                        ]
                    },
                    {
                        "name": "bioconductor-s4vectors",
                        "specs": [
                            [
                                ">=",
                                "0.22.0,<0.23.0"
                            ]
                        ]
                    },
                    {
                        "name": "libgcc-ng",
                        "specs": [
                            [
                                ">=",
                                "7.3.0"
                            ]
                        ]
                    },
                    {
                        "name": "r-base",
                        "specs": [
                            [
                                ">=",
                                "3.6,<3.7.0a0"
                            ]
                        ]
                    }
                ]
            },
            "description": null,
            "distribution_type": "conda",
            "download_url": "//api.anaconda.org/download/bioconda/bioconductor-dirichletmultinomial/1.26.0/linux-64/bioconductor-dirichletmultinomial-1.26.0-r36h516909a_1.tar.bz2",
            "full_name": "bioconda/bioconductor-dirichletmultinomial/1.26.0/linux-64/bioconductor-dirichletmultinomial-1.26.0-r36h516909a_1.tar.bz2",
            "labels": [
                "main"
            ],
            "md5": "b746437436783c534dd9ebb0e2ff9ab7",
            "ndownloads": 82,
            "owner": "bioconda",
            "size": 579722,
            "type": "conda",
            "upload_time": "2019-07-22 03:57:49.150000+00:00",
            "version": "1.26.0"
        },
        {
            "attrs": {
                "arch": "x86_64",
                "build": "r36h88e4a8a_0",
                "build_number": 0,
                "depends": [
                    "bioconductor-biocgenerics >=0.32.0,<0.33.0",
                    "bioconductor-iranges >=2.20.0,<2.21.0",
                    "bioconductor-s4vectors >=0.24.0,<0.25.0",
                    "gsl >=2.5,<2.6.0a0",
                    "libgcc-ng >=7.3.0",
                    "r-base >=3.6,<3.7.0a0"
                ],
                "has_prefix": false,
                "license": "LGPL-3",
                "machine": "x86_64",
                "operatingsystem": "linux",
                "platform": "linux",
                "subdir": "linux-64",
                "target-triplet": "x86_64-any-linux",
                "timestamp": 1572621719688
            },
            "basename": "linux-64/bioconductor-dirichletmultinomial-1.28.0-r36h88e4a8a_0.tar.bz2",
            "dependencies": {
                "depends": [
                    {
                        "name": "bioconductor-biocgenerics",
                        "specs": [
                            [
                                ">=",
                                "0.32.0,<0.33.0"
                            ]
                        ]
                    },
                    {
                        "name": "bioconductor-iranges",
                        "specs": [
                            [
                                ">=",
                                "2.20.0,<2.21.0"
                            ]
                        ]
                    },
                    {
                        "name": "bioconductor-s4vectors",
                        "specs": [
                            [
                                ">=",
                                "0.24.0,<0.25.0"
                            ]
                        ]
                    },
                    {
                        "name": "gsl",
                        "specs": [
                            [
                                ">=",
                                "2.5,<2.6.0a0"
                            ]
                        ]
                    },
                    {
                        "name": "libgcc-ng",
                        "specs": [
                            [
                                ">=",
                                "7.3.0"
                            ]
                        ]
                    },
                    {
                        "name": "r-base",
                        "specs": [
                            [
                                ">=",
                                "3.6,<3.7.0a0"
                            ]
                        ]
                    }
                ]
            },
            "description": null,
            "distribution_type": "conda",
            "download_url": "//api.anaconda.org/download/bioconda/bioconductor-dirichletmultinomial/1.28.0/linux-64/bioconductor-dirichletmultinomial-1.28.0-r36h88e4a8a_0.tar.bz2",
            "full_name": "bioconda/bioconductor-dirichletmultinomial/1.28.0/linux-64/bioconductor-dirichletmultinomial-1.28.0-r36h88e4a8a_0.tar.bz2",
            "labels": [
                "main"
            ],
            "md5": "19fa88b6cb2c902b7ae0daeb1249cefc",
            "ndownloads": 64,
            "owner": "bioconda",
            "size": 583377,
            "type": "conda",
            "upload_time": "2019-11-01 15:26:08.744000+00:00",
            "version": "1.28.0"
        },
        {
            "attrs": {
                "arch": "x86_64",
                "build": "r36hba1f1f8_0",
                "build_number": 0,
                "depends": [
                    "bioconductor-biocgenerics >=0.32.0,<0.33.0",
                    "bioconductor-iranges >=2.20.0,<2.21.0",
                    "bioconductor-s4vectors >=0.24.0,<0.25.0",
                    "gsl >=2.5,<2.6.0a0",
                    "r-base >=3.6,<3.7.0a0"
                ],
                "has_prefix": true,
                "license": "LGPL-3",
                "machine": "x86_64",
                "operatingsystem": "darwin",
                "platform": "osx",
                "subdir": "osx-64",
                "target-triplet": "x86_64-any-darwin",
                "timestamp": 1572650031150
            },
            "basename": "osx-64/bioconductor-dirichletmultinomial-1.28.0-r36hba1f1f8_0.tar.bz2",
            "dependencies": {
                "depends": [
                    {
                        "name": "bioconductor-biocgenerics",
                        "specs": [
                            [
                                ">=",
                                "0.32.0,<0.33.0"
                            ]
                        ]
                    },
                    {
                        "name": "bioconductor-iranges",
                        "specs": [
                            [
                                ">=",
                                "2.20.0,<2.21.0"
                            ]
                        ]
                    },
                    {
                        "name": "bioconductor-s4vectors",
                        "specs": [
                            [
                                ">=",
                                "0.24.0,<0.25.0"
                            ]
                        ]
                    },
                    {
                        "name": "gsl",
                        "specs": [
                            [
                                ">=",
                                "2.5,<2.6.0a0"
                            ]
                        ]
                    },
                    {
                        "name": "r-base",
                        "specs": [
                            [
                                ">=",
                                "3.6,<3.7.0a0"
                            ]
                        ]
                    }
                ]
            },
            "description": null,
            "distribution_type": "conda",
            "download_url": "//api.anaconda.org/download/bioconda/bioconductor-dirichletmultinomial/1.28.0/osx-64/bioconductor-dirichletmultinomial-1.28.0-r36hba1f1f8_0.tar.bz2",
            "full_name": "bioconda/bioconductor-dirichletmultinomial/1.28.0/osx-64/bioconductor-dirichletmultinomial-1.28.0-r36hba1f1f8_0.tar.bz2",
            "labels": [
                "main"
            ],
            "md5": "2b6bb61e5d8c2b9173df53269ff80f79",
            "ndownloads": 164,
            "owner": "bioconda",
            "size": 583474,
            "type": "conda",
            "upload_time": "2019-11-01 23:14:37.280000+00:00",
            "version": "1.28.0"
        }
    ],
    "full_name": "bioconda/bioconductor-dirichletmultinomial",
    "home": "None",
    "html_url": "http://anaconda.org/bioconda/bioconductor-dirichletmultinomial",
    "id": "58184b5ec467131189f0e807",
    "latest_version": "1.28.0",
    "license": "LGPL-3",
    "license_url": null,
    "modified_at": "2019-11-01 23:14:37.710000+00:00",
    "name": "bioconductor-dirichletmultinomial",
    "owner": {
        "company": "",
        "created_at": "2015-09-11 22:59:20.880000+00:00",
        "description": "Bioconda is a distribution of bioinformatics software realized as a channel for the versatile Conda package manager.",
        "location": "",
        "login": "bioconda",
        "name": "bioconda",
        "url": "",
        "user_type": "org"
    },
    "package_types": [
        "conda"
    ],
    "public": true,
    "releases": [
        {
            "distributions": [],
            "full_name": "bioconda/bioconductor-dirichletmultinomial/1.16.0",
            "version": "1.16.0"
        },
        {
            "distributions": [],
            "full_name": "bioconda/bioconductor-dirichletmultinomial/1.18.0",
            "version": "1.18.0"
        },
        {
            "distributions": [],
            "full_name": "bioconda/bioconductor-dirichletmultinomial/1.20.0",
            "version": "1.20.0"
        },
        {
            "distributions": [],
            "full_name": "bioconda/bioconductor-dirichletmultinomial/1.22.0",
            "version": "1.22.0"
        },
        {
            "distributions": [],
            "full_name": "bioconda/bioconductor-dirichletmultinomial/1.24.0",
            "version": "1.24.0"
        },
        {
            "distributions": [],
            "full_name": "bioconda/bioconductor-dirichletmultinomial/1.24.1",
            "version": "1.24.1"
        },
        {
            "distributions": [],
            "full_name": "bioconda/bioconductor-dirichletmultinomial/1.26.0",
            "version": "1.26.0"
        },
        {
            "distributions": [],
            "full_name": "bioconda/bioconductor-dirichletmultinomial/1.28.0",
            "version": "1.28.0"
        }
    ],
    "revision": 15,
    "source_git_tag": null,
    "source_git_url": null,
    "summary": "Dirichlet-Multinomial Mixture Model Machine Learning for Microbiome Data",
    "upvoted": 0,
    "url": "http://api.anaconda.org/packages/bioconda/bioconductor-dirichletmultinomial",
    "versions": [
        "1.16.0",
        "1.18.0",
        "1.20.0",
        "1.22.0",
        "1.24.0",
        "1.24.1",
        "1.26.0",
        "1.28.0"
    ],
    "watchers": 1
}