{
    "app_entry": {},
    "app_summary": {},
    "app_type": {},
    "builds": [
        "r351_0",
        "r36_1",
        "r36_0"
    ],
    "conda_platforms": [
        "noarch"
    ],
    "created_at": "2018-12-29 02:57:21.929000+00:00",
    "description": "Exposes an annotation databases generated from UCSC by exposing these as TxDb objects",
    "dev_url": null,
    "doc_url": null,
    "files": [
        {
            "attrs": {
                "arch": null,
                "build": "r351_0",
                "build_number": 0,
                "depends": [
                    "bioconductor-annotationdbi >=1.44.0,<1.45.0",
                    "bioconductor-genomicfeatures >=1.34.0,<1.35.0",
                    "r-base >=3.5.1,<3.5.2.0a0",
                    "wget"
                ],
                "has_prefix": false,
                "license": "Artistic-2.0",
                "machine": null,
                "noarch": "generic",
                "operatingsystem": null,
                "platform": null,
                "subdir": "noarch",
                "target-triplet": "None-any-None",
                "timestamp": 1546051925245
            },
            "basename": "noarch/bioconductor-txdb.btaurus.ucsc.bostau8.refgene-3.4.4-r351_0.tar.bz2",
            "dependencies": {
                "depends": [
                    {
                        "name": "bioconductor-annotationdbi",
                        "specs": [
                            [
                                ">=",
                                "1.44.0,<1.45.0"
                            ]
                        ]
                    },
                    {
                        "name": "bioconductor-genomicfeatures",
                        "specs": [
                            [
                                ">=",
                                "1.34.0,<1.35.0"
                            ]
                        ]
                    },
                    {
                        "name": "r-base",
                        "specs": [
                            [
                                ">=",
                                "3.5.1,<3.5.2.0a0"
                            ]
                        ]
                    },
                    {
                        "name": "wget",
                        "specs": []
                    }
                ]
            },
            "description": null,
            "distribution_type": "conda",
            "download_url": "//api.anaconda.org/download/bioconda/bioconductor-txdb.btaurus.ucsc.bostau8.refgene/3.4.4/noarch/bioconductor-txdb.btaurus.ucsc.bostau8.refgene-3.4.4-r351_0.tar.bz2",
            "full_name": "bioconda/bioconductor-txdb.btaurus.ucsc.bostau8.refgene/3.4.4/noarch/bioconductor-txdb.btaurus.ucsc.bostau8.refgene-3.4.4-r351_0.tar.bz2",
            "labels": [
                "gcc7",
                "main"
            ],
            "md5": "2b97307d4302811d81cd356f1750d656",
            "ndownloads": 66,
            "owner": "bioconda",
            "size": 6837,
            "type": "conda",
            "upload_time": "2018-12-29 02:57:22.609000+00:00",
            "version": "3.4.4"
        },
        {
            "attrs": {
                "arch": null,
                "build": "r36_1",
                "build_number": 1,
                "depends": [
                    "bioconductor-annotationdbi >=1.46.0,<1.47.0",
                    "bioconductor-genomicfeatures >=1.36.0,<1.37.0",
                    "curl >=7.65.3,<8.0a0",
                    "r-base >=3.6,<3.7.0a0"
                ],
                "has_prefix": false,
                "license": "Artistic-2.0",
                "machine": null,
                "noarch": "generic",
                "operatingsystem": null,
                "platform": null,
                "subdir": "noarch",
                "target-triplet": "None-any-None",
                "timestamp": 1565395529243
            },
            "basename": "noarch/bioconductor-txdb.btaurus.ucsc.bostau8.refgene-3.4.6-r36_1.tar.bz2",
            "dependencies": {
                "depends": [
                    {
                        "name": "bioconductor-annotationdbi",
                        "specs": [
                            [
                                ">=",
                                "1.46.0,<1.47.0"
                            ]
                        ]
                    },
                    {
                        "name": "bioconductor-genomicfeatures",
                        "specs": [
                            [
                                ">=",
                                "1.36.0,<1.37.0"
                            ]
                        ]
                    },
                    {
                        "name": "curl",
                        "specs": [
                            [
                                ">=",
                                "7.65.3,<8.0a0"
                            ]
                        ]
                    },
                    {
                        "name": "r-base",
                        "specs": [
                            [
                                ">=",
                                "3.6,<3.7.0a0"
                            ]
                        ]
                    }
                ]
            },
            "description": null,
            "distribution_type": "conda",
            "download_url": "//api.anaconda.org/download/bioconda/bioconductor-txdb.btaurus.ucsc.bostau8.refgene/3.4.6/noarch/bioconductor-txdb.btaurus.ucsc.bostau8.refgene-3.4.6-r36_1.tar.bz2",
            "full_name": "bioconda/bioconductor-txdb.btaurus.ucsc.bostau8.refgene/3.4.6/noarch/bioconductor-txdb.btaurus.ucsc.bostau8.refgene-3.4.6-r36_1.tar.bz2",
            "labels": [
                "main"
            ],
            "md5": "3ea5a4d617c8712e3c6419b56b8b7657",
            "ndownloads": 26,
            "owner": "bioconda",
            "size": 7150,
            "type": "conda",
            "upload_time": "2019-08-10 00:11:18.428000+00:00",
            "version": "3.4.6"
        },
        {
            "attrs": {
                "arch": null,
                "build": "r36_0",
                "build_number": 0,
                "depends": [
                    "bioconductor-annotationdbi >=1.48.0,<1.49.0",
                    "bioconductor-genomicfeatures >=1.38.0,<1.39.0",
                    "curl >=7.65.3,<8.0a0",
                    "r-base >=3.6,<3.7.0a0"
                ],
                "has_prefix": false,
                "license": "Artistic-2.0",
                "machine": null,
                "noarch": "generic",
                "operatingsystem": null,
                "platform": null,
                "subdir": "noarch",
                "target-triplet": "None-any-None",
                "timestamp": 1572821039454
            },
            "basename": "noarch/bioconductor-txdb.btaurus.ucsc.bostau8.refgene-3.10.0-r36_0.tar.bz2",
            "dependencies": {
                "depends": [
                    {
                        "name": "bioconductor-annotationdbi",
                        "specs": [
                            [
                                ">=",
                                "1.48.0,<1.49.0"
                            ]
                        ]
                    },
                    {
                        "name": "bioconductor-genomicfeatures",
                        "specs": [
                            [
                                ">=",
                                "1.38.0,<1.39.0"
                            ]
                        ]
                    },
                    {
                        "name": "curl",
                        "specs": [
                            [
                                ">=",
                                "7.65.3,<8.0a0"
                            ]
                        ]
                    },
                    {
                        "name": "r-base",
                        "specs": [
                            [
                                ">=",
                                "3.6,<3.7.0a0"
                            ]
                        ]
                    }
                ]
            },
            "description": null,
            "distribution_type": "conda",
            "download_url": "//api.anaconda.org/download/bioconda/bioconductor-txdb.btaurus.ucsc.bostau8.refgene/3.10.0/noarch/bioconductor-txdb.btaurus.ucsc.bostau8.refgene-3.10.0-r36_0.tar.bz2",
            "full_name": "bioconda/bioconductor-txdb.btaurus.ucsc.bostau8.refgene/3.10.0/noarch/bioconductor-txdb.btaurus.ucsc.bostau8.refgene-3.10.0-r36_0.tar.bz2",
            "labels": [
                "main"
            ],
            "md5": "7f5eba095c7d9e3263cc13b7564023e8",
            "ndownloads": 16,
            "owner": "bioconda",
            "size": 7381,
            "type": "conda",
            "upload_time": "2019-11-03 22:49:45.977000+00:00",
            "version": "3.10.0"
        }
    ],
    "full_name": "bioconda/bioconductor-txdb.btaurus.ucsc.bostau8.refgene",
    "home": "https://bioconductor.org/packages/3.8/data/annotation/html/TxDb.Btaurus.UCSC.bosTau8.refGene.html",
    "html_url": "http://anaconda.org/bioconda/bioconductor-txdb.btaurus.ucsc.bostau8.refgene",
    "id": "5c26e291036b861352569582",
    "latest_version": "3.10.0",
    "license": "Artistic-2.0",
    "license_url": null,
    "modified_at": "2019-11-03 22:49:46.249000+00:00",
    "name": "bioconductor-txdb.btaurus.ucsc.bostau8.refgene",
    "owner": {
        "company": "",
        "created_at": "2015-09-11 22:59:20.880000+00:00",
        "description": "Bioconda is a distribution of bioinformatics software realized as a channel for the versatile Conda package manager.",
        "location": "",
        "login": "bioconda",
        "name": "bioconda",
        "url": "",
        "user_type": "org"
    },
    "package_types": [
        "conda"
    ],
    "public": true,
    "releases": [
        {
            "distributions": [],
            "full_name": "bioconda/bioconductor-txdb.btaurus.ucsc.bostau8.refgene/3.4.4",
            "version": "3.4.4"
        },
        {
            "distributions": [],
            "full_name": "bioconda/bioconductor-txdb.btaurus.ucsc.bostau8.refgene/3.4.6",
            "version": "3.4.6"
        },
        {
            "distributions": [],
            "full_name": "bioconda/bioconductor-txdb.btaurus.ucsc.bostau8.refgene/3.10.0",
            "version": "3.10.0"
        }
    ],
    "revision": 6,
    "source_git_tag": null,
    "source_git_url": null,
    "summary": "Annotation package for TxDb object(s)",
    "upvoted": 0,
    "url": "http://api.anaconda.org/packages/bioconda/bioconductor-txdb.btaurus.ucsc.bostau8.refgene",
    "versions": [
        "3.4.4",
        "3.4.6",
        "3.10.0"
    ],
    "watchers": 1
}