{
    "app_entry": {},
    "app_summary": {},
    "app_type": {},
    "builds": [
        "r351_0",
        "r36_1",
        "r36_0"
    ],
    "conda_platforms": [
        "noarch"
    ],
    "created_at": "2019-01-10 08:29:16.250000+00:00",
    "description": "This package provides per-exon and per-gene read counts computed for selected genes from RNA-seq data that were presented in the article \"Conservation of an RNA regulatory map between Drosophila and mammals\" by Brooks AN, Yang L, Duff MO, Hansen KD, Park JW, Dudoit S, Brenner SE, Graveley BR, Genome Res. 2011 Feb;21(2):193-202, Epub 2010 Oct 4, PMID: 20921232. The experiment studied the effect of RNAi knockdown of Pasilla, the Drosophila melanogaster ortholog of mammalian NOVA1 and NOVA2, on the transcriptome.  The package vignette describes how the data provided here were derived from the RNA-Seq read sequence data that are provided by NCBI Gene Expression Omnibus under accession numbers GSM461176 to GSM461181.",
    "dev_url": null,
    "doc_url": null,
    "files": [
        {
            "attrs": {
                "arch": null,
                "build": "r351_0",
                "build_number": 0,
                "depends": [
                    "r-base >=3.5.1,<3.5.2.0a0",
                    "wget"
                ],
                "has_prefix": false,
                "license": "LGPL",
                "machine": null,
                "noarch": "generic",
                "operatingsystem": null,
                "platform": null,
                "subdir": "noarch",
                "target-triplet": "None-any-None",
                "timestamp": 1547108798043
            },
            "basename": "noarch/bioconductor-pasilla-1.10.0-r351_0.tar.bz2",
            "dependencies": {
                "depends": [
                    {
                        "name": "r-base",
                        "specs": [
                            [
                                ">=",
                                "3.5.1,<3.5.2.0a0"
                            ]
                        ]
                    },
                    {
                        "name": "wget",
                        "specs": []
                    }
                ]
            },
            "description": null,
            "distribution_type": "conda",
            "download_url": "//api.anaconda.org/download/bioconda/bioconductor-pasilla/1.10.0/noarch/bioconductor-pasilla-1.10.0-r351_0.tar.bz2",
            "full_name": "bioconda/bioconductor-pasilla/1.10.0/noarch/bioconductor-pasilla-1.10.0-r351_0.tar.bz2",
            "labels": [
                "gcc7",
                "main"
            ],
            "md5": "7e00f8d704ff452484c878ed4124e6a0",
            "ndownloads": 76,
            "owner": "bioconda",
            "size": 6773,
            "type": "conda",
            "upload_time": "2019-01-10 08:29:17.043000+00:00",
            "version": "1.10.0"
        },
        {
            "attrs": {
                "arch": null,
                "build": "r351_0",
                "build_number": 0,
                "depends": [
                    "curl >=7.64.1,<8.0a0",
                    "r-base >=3.5.1,<3.5.2.0a0"
                ],
                "has_prefix": false,
                "license": "LGPL",
                "machine": null,
                "noarch": "generic",
                "operatingsystem": null,
                "platform": null,
                "subdir": "noarch",
                "target-triplet": "None-any-None",
                "timestamp": 1557572289383
            },
            "basename": "noarch/bioconductor-pasilla-1.12.0-r351_0.tar.bz2",
            "dependencies": {
                "depends": [
                    {
                        "name": "curl",
                        "specs": [
                            [
                                ">=",
                                "7.64.1,<8.0a0"
                            ]
                        ]
                    },
                    {
                        "name": "r-base",
                        "specs": [
                            [
                                ">=",
                                "3.5.1,<3.5.2.0a0"
                            ]
                        ]
                    }
                ]
            },
            "description": null,
            "distribution_type": "conda",
            "download_url": "//api.anaconda.org/download/bioconda/bioconductor-pasilla/1.12.0/noarch/bioconductor-pasilla-1.12.0-r351_0.tar.bz2",
            "full_name": "bioconda/bioconductor-pasilla/1.12.0/noarch/bioconductor-pasilla-1.12.0-r351_0.tar.bz2",
            "labels": [
                "main"
            ],
            "md5": "2d5100d4bc60851a4374fed4ed66144f",
            "ndownloads": 64,
            "owner": "bioconda",
            "size": 6721,
            "type": "conda",
            "upload_time": "2019-05-11 11:02:07.963000+00:00",
            "version": "1.12.0"
        },
        {
            "attrs": {
                "arch": null,
                "build": "r36_1",
                "build_number": 1,
                "depends": [
                    "curl >=7.65.2,<8.0a0",
                    "r-base >=3.6,<3.7.0a0"
                ],
                "has_prefix": false,
                "license": "LGPL",
                "machine": null,
                "noarch": "generic",
                "operatingsystem": null,
                "platform": null,
                "subdir": "noarch",
                "target-triplet": "None-any-None",
                "timestamp": 1563472215447
            },
            "basename": "noarch/bioconductor-pasilla-1.12.0-r36_1.tar.bz2",
            "dependencies": {
                "depends": [
                    {
                        "name": "curl",
                        "specs": [
                            [
                                ">=",
                                "7.65.2,<8.0a0"
                            ]
                        ]
                    },
                    {
                        "name": "r-base",
                        "specs": [
                            [
                                ">=",
                                "3.6,<3.7.0a0"
                            ]
                        ]
                    }
                ]
            },
            "description": null,
            "distribution_type": "conda",
            "download_url": "//api.anaconda.org/download/bioconda/bioconductor-pasilla/1.12.0/noarch/bioconductor-pasilla-1.12.0-r36_1.tar.bz2",
            "full_name": "bioconda/bioconductor-pasilla/1.12.0/noarch/bioconductor-pasilla-1.12.0-r36_1.tar.bz2",
            "labels": [
                "main"
            ],
            "md5": "72bb6c8ff59a8d371b0d1f79cdc4f195",
            "ndownloads": 38,
            "owner": "bioconda",
            "size": 7025,
            "type": "conda",
            "upload_time": "2019-07-18 17:54:12.387000+00:00",
            "version": "1.12.0"
        },
        {
            "attrs": {
                "arch": null,
                "build": "r36_0",
                "build_number": 0,
                "depends": [
                    "curl >=7.65.3,<8.0a0",
                    "r-base >=3.6,<3.7.0a0"
                ],
                "has_prefix": false,
                "license": "LGPL",
                "machine": null,
                "noarch": "generic",
                "operatingsystem": null,
                "platform": null,
                "subdir": "noarch",
                "target-triplet": "None-any-None",
                "timestamp": 1573069672331
            },
            "basename": "noarch/bioconductor-pasilla-1.14.0-r36_0.tar.bz2",
            "dependencies": {
                "depends": [
                    {
                        "name": "curl",
                        "specs": [
                            [
                                ">=",
                                "7.65.3,<8.0a0"
                            ]
                        ]
                    },
                    {
                        "name": "r-base",
                        "specs": [
                            [
                                ">=",
                                "3.6,<3.7.0a0"
                            ]
                        ]
                    }
                ]
            },
            "description": null,
            "distribution_type": "conda",
            "download_url": "//api.anaconda.org/download/bioconda/bioconductor-pasilla/1.14.0/noarch/bioconductor-pasilla-1.14.0-r36_0.tar.bz2",
            "full_name": "bioconda/bioconductor-pasilla/1.14.0/noarch/bioconductor-pasilla-1.14.0-r36_0.tar.bz2",
            "labels": [
                "main"
            ],
            "md5": "cc9a864435bb897f99007f089dfc4d24",
            "ndownloads": 22,
            "owner": "bioconda",
            "size": 9811,
            "type": "conda",
            "upload_time": "2019-11-06 19:51:56.211000+00:00",
            "version": "1.14.0"
        }
    ],
    "full_name": "bioconda/bioconductor-pasilla",
    "home": "https://bioconductor.org/packages/3.8/data/experiment/html/pasilla.html",
    "html_url": "http://anaconda.org/bioconda/bioconductor-pasilla",
    "id": "5c37025c37f339207ababcac",
    "latest_version": "1.14.0",
    "license": "LGPL",
    "license_url": null,
    "modified_at": "2019-11-06 23:26:12.933000+00:00",
    "name": "bioconductor-pasilla",
    "owner": {
        "company": "",
        "created_at": "2015-09-11 22:59:20.880000+00:00",
        "description": "Bioconda is a distribution of bioinformatics software realized as a channel for the versatile Conda package manager.",
        "location": "",
        "login": "bioconda",
        "name": "bioconda",
        "url": "",
        "user_type": "org"
    },
    "package_types": [
        "conda"
    ],
    "public": true,
    "releases": [
        {
            "distributions": [],
            "full_name": "bioconda/bioconductor-pasilla/1.10.0",
            "version": "1.10.0"
        },
        {
            "distributions": [],
            "full_name": "bioconda/bioconductor-pasilla/1.12.0",
            "version": "1.12.0"
        },
        {
            "distributions": [],
            "full_name": "bioconda/bioconductor-pasilla/1.13.0",
            "version": "1.13.0"
        },
        {
            "distributions": [],
            "full_name": "bioconda/bioconductor-pasilla/1.14.0",
            "version": "1.14.0"
        }
    ],
    "revision": 8,
    "source_git_tag": null,
    "source_git_url": null,
    "summary": "Data package with per-exon and per-gene read counts of RNA-seq samples of Pasilla knock-down by Brooks et al., Genome Research 2011.",
    "upvoted": 0,
    "url": "http://api.anaconda.org/packages/bioconda/bioconductor-pasilla",
    "versions": [
        "1.10.0",
        "1.12.0",
        "1.13.0",
        "1.14.0"
    ],
    "watchers": 1
}