{
    "app_entry": {},
    "app_summary": {},
    "app_type": {},
    "builds": [
        "r36_1",
        "r36_0",
        "r341_0",
        "r3.3.2_0",
        "r351_0",
        "r3.4.1_0"
    ],
    "conda_platforms": [
        "linux-64",
        "noarch",
        "osx-64"
    ],
    "created_at": "2017-08-23 21:58:08.783000+00:00",
    "description": "The package allows the representation of targeted experiment in R. This is based on current packages and incorporates functions to do a quality control over this kind of experiments and a fast exploration of the sequenced regions. An xlsx file is generated as output.",
    "dev_url": null,
    "doc_url": null,
    "files": [
        {
            "attrs": {
                "arch": "x86_64",
                "build": "r3.3.2_0",
                "build_number": 0,
                "depends": [
                    "bioconductor-biocgenerics",
                    "bioconductor-biocparallel",
                    "bioconductor-biostrings",
                    "bioconductor-genomeinfodb",
                    "bioconductor-genomicalignments",
                    "bioconductor-genomicranges",
                    "bioconductor-iranges",
                    "bioconductor-rsamtools >=1.20.4",
                    "bioconductor-s4vectors",
                    "r-base 3.3.2*",
                    "r-cowplot",
                    "r-ggplot2",
                    "r-hmisc",
                    "r-openxlsx",
                    "r-plyr",
                    "r-reshape2"
                ],
                "has_prefix": false,
                "license": "GPL (>=2)",
                "machine": "x86_64",
                "operatingsystem": "linux",
                "platform": "linux",
                "subdir": "linux-64",
                "target-triplet": "x86_64-any-linux"
            },
            "basename": "linux-64/bioconductor-tarseqqc-1.6.1-r3.3.2_0.tar.bz2",
            "dependencies": {
                "depends": [
                    {
                        "name": "bioconductor-biocgenerics",
                        "specs": []
                    },
                    {
                        "name": "bioconductor-biocparallel",
                        "specs": []
                    },
                    {
                        "name": "bioconductor-biostrings",
                        "specs": []
                    },
                    {
                        "name": "bioconductor-genomeinfodb",
                        "specs": []
                    },
                    {
                        "name": "bioconductor-genomicalignments",
                        "specs": []
                    },
                    {
                        "name": "bioconductor-genomicranges",
                        "specs": []
                    },
                    {
                        "name": "bioconductor-iranges",
                        "specs": []
                    },
                    {
                        "name": "bioconductor-rsamtools",
                        "specs": [
                            [
                                ">=",
                                "1.20.4"
                            ]
                        ]
                    },
                    {
                        "name": "bioconductor-s4vectors",
                        "specs": []
                    },
                    {
                        "name": "r-base",
                        "specs": [
                            [
                                "==",
                                "3.3.2"
                            ]
                        ]
                    },
                    {
                        "name": "r-cowplot",
                        "specs": []
                    },
                    {
                        "name": "r-ggplot2",
                        "specs": []
                    },
                    {
                        "name": "r-hmisc",
                        "specs": []
                    },
                    {
                        "name": "r-openxlsx",
                        "specs": []
                    },
                    {
                        "name": "r-plyr",
                        "specs": []
                    },
                    {
                        "name": "r-reshape2",
                        "specs": []
                    }
                ]
            },
            "description": null,
            "distribution_type": "conda",
            "download_url": "//api.anaconda.org/download/bioconda/bioconductor-tarseqqc/1.6.1/linux-64/bioconductor-tarseqqc-1.6.1-r3.3.2_0.tar.bz2",
            "full_name": "bioconda/bioconductor-tarseqqc/1.6.1/linux-64/bioconductor-tarseqqc-1.6.1-r3.3.2_0.tar.bz2",
            "labels": [
                "main",
                "cf201901"
            ],
            "md5": "04353fdc683e9f1ce85ac776eeb508d7",
            "ndownloads": 536,
            "owner": "bioconda",
            "size": 2423234,
            "type": "conda",
            "upload_time": "2017-08-24 10:18:28.352000+00:00",
            "version": "1.6.1"
        },
        {
            "attrs": {
                "arch": "x86_64",
                "build": "r3.3.2_0",
                "build_number": 0,
                "depends": [
                    "bioconductor-biocgenerics",
                    "bioconductor-biocparallel",
                    "bioconductor-biostrings",
                    "bioconductor-genomeinfodb",
                    "bioconductor-genomicalignments",
                    "bioconductor-genomicranges",
                    "bioconductor-iranges",
                    "bioconductor-rsamtools >=1.20.4",
                    "bioconductor-s4vectors",
                    "r-base 3.3.2*",
                    "r-cowplot",
                    "r-ggplot2",
                    "r-hmisc",
                    "r-openxlsx",
                    "r-plyr",
                    "r-reshape2"
                ],
                "has_prefix": false,
                "license": "GPL (>=2)",
                "machine": "x86_64",
                "operatingsystem": "darwin",
                "platform": "osx",
                "subdir": "osx-64",
                "target-triplet": "x86_64-any-darwin"
            },
            "basename": "osx-64/bioconductor-tarseqqc-1.6.1-r3.3.2_0.tar.bz2",
            "dependencies": {
                "depends": [
                    {
                        "name": "bioconductor-biocgenerics",
                        "specs": []
                    },
                    {
                        "name": "bioconductor-biocparallel",
                        "specs": []
                    },
                    {
                        "name": "bioconductor-biostrings",
                        "specs": []
                    },
                    {
                        "name": "bioconductor-genomeinfodb",
                        "specs": []
                    },
                    {
                        "name": "bioconductor-genomicalignments",
                        "specs": []
                    },
                    {
                        "name": "bioconductor-genomicranges",
                        "specs": []
                    },
                    {
                        "name": "bioconductor-iranges",
                        "specs": []
                    },
                    {
                        "name": "bioconductor-rsamtools",
                        "specs": [
                            [
                                ">=",
                                "1.20.4"
                            ]
                        ]
                    },
                    {
                        "name": "bioconductor-s4vectors",
                        "specs": []
                    },
                    {
                        "name": "r-base",
                        "specs": [
                            [
                                "==",
                                "3.3.2"
                            ]
                        ]
                    },
                    {
                        "name": "r-cowplot",
                        "specs": []
                    },
                    {
                        "name": "r-ggplot2",
                        "specs": []
                    },
                    {
                        "name": "r-hmisc",
                        "specs": []
                    },
                    {
                        "name": "r-openxlsx",
                        "specs": []
                    },
                    {
                        "name": "r-plyr",
                        "specs": []
                    },
                    {
                        "name": "r-reshape2",
                        "specs": []
                    }
                ]
            },
            "description": null,
            "distribution_type": "conda",
            "download_url": "//api.anaconda.org/download/bioconda/bioconductor-tarseqqc/1.6.1/osx-64/bioconductor-tarseqqc-1.6.1-r3.3.2_0.tar.bz2",
            "full_name": "bioconda/bioconductor-tarseqqc/1.6.1/osx-64/bioconductor-tarseqqc-1.6.1-r3.3.2_0.tar.bz2",
            "labels": [
                "main",
                "cf201901"
            ],
            "md5": "5736130adc1bb6050a77761b102b5283",
            "ndownloads": 749,
            "owner": "bioconda",
            "size": 2423018,
            "type": "conda",
            "upload_time": "2017-08-23 21:58:09.322000+00:00",
            "version": "1.6.1"
        },
        {
            "attrs": {
                "arch": "x86_64",
                "build": "r3.4.1_0",
                "build_number": 0,
                "depends": [
                    "bioconductor-biocgenerics",
                    "bioconductor-biocparallel",
                    "bioconductor-biostrings",
                    "bioconductor-genomeinfodb",
                    "bioconductor-genomicalignments",
                    "bioconductor-genomicranges",
                    "bioconductor-iranges",
                    "bioconductor-rsamtools >=1.20.4",
                    "bioconductor-s4vectors",
                    "r-base 3.4.1*",
                    "r-cowplot",
                    "r-ggplot2",
                    "r-hmisc",
                    "r-openxlsx",
                    "r-plyr",
                    "r-reshape2"
                ],
                "has_prefix": false,
                "license": "GPL (>=2)",
                "machine": "x86_64",
                "operatingsystem": "linux",
                "platform": "linux",
                "subdir": "linux-64",
                "target-triplet": "x86_64-any-linux"
            },
            "basename": "linux-64/bioconductor-tarseqqc-1.6.2-r3.4.1_0.tar.bz2",
            "dependencies": {
                "depends": [
                    {
                        "name": "bioconductor-biocgenerics",
                        "specs": []
                    },
                    {
                        "name": "bioconductor-biocparallel",
                        "specs": []
                    },
                    {
                        "name": "bioconductor-biostrings",
                        "specs": []
                    },
                    {
                        "name": "bioconductor-genomeinfodb",
                        "specs": []
                    },
                    {
                        "name": "bioconductor-genomicalignments",
                        "specs": []
                    },
                    {
                        "name": "bioconductor-genomicranges",
                        "specs": []
                    },
                    {
                        "name": "bioconductor-iranges",
                        "specs": []
                    },
                    {
                        "name": "bioconductor-rsamtools",
                        "specs": [
                            [
                                ">=",
                                "1.20.4"
                            ]
                        ]
                    },
                    {
                        "name": "bioconductor-s4vectors",
                        "specs": []
                    },
                    {
                        "name": "r-base",
                        "specs": [
                            [
                                "==",
                                "3.4.1"
                            ]
                        ]
                    },
                    {
                        "name": "r-cowplot",
                        "specs": []
                    },
                    {
                        "name": "r-ggplot2",
                        "specs": []
                    },
                    {
                        "name": "r-hmisc",
                        "specs": []
                    },
                    {
                        "name": "r-openxlsx",
                        "specs": []
                    },
                    {
                        "name": "r-plyr",
                        "specs": []
                    },
                    {
                        "name": "r-reshape2",
                        "specs": []
                    }
                ]
            },
            "description": null,
            "distribution_type": "conda",
            "download_url": "//api.anaconda.org/download/bioconda/bioconductor-tarseqqc/1.6.2/linux-64/bioconductor-tarseqqc-1.6.2-r3.4.1_0.tar.bz2",
            "full_name": "bioconda/bioconductor-tarseqqc/1.6.2/linux-64/bioconductor-tarseqqc-1.6.2-r3.4.1_0.tar.bz2",
            "labels": [
                "main",
                "cf201901"
            ],
            "md5": "9e0b59c4513bf8491969018071e1d54d",
            "ndownloads": 532,
            "owner": "bioconda",
            "size": 2475606,
            "type": "conda",
            "upload_time": "2017-09-24 00:42:07.970000+00:00",
            "version": "1.6.2"
        },
        {
            "attrs": {
                "arch": "x86_64",
                "build": "r3.4.1_0",
                "build_number": 0,
                "depends": [
                    "bioconductor-biocgenerics",
                    "bioconductor-biocparallel",
                    "bioconductor-biostrings",
                    "bioconductor-genomeinfodb",
                    "bioconductor-genomicalignments",
                    "bioconductor-genomicranges",
                    "bioconductor-iranges",
                    "bioconductor-rsamtools >=1.20.4",
                    "bioconductor-s4vectors",
                    "r-base 3.4.1*",
                    "r-cowplot",
                    "r-ggplot2",
                    "r-hmisc",
                    "r-openxlsx",
                    "r-plyr",
                    "r-reshape2"
                ],
                "has_prefix": false,
                "license": "GPL (>=2)",
                "machine": "x86_64",
                "operatingsystem": "darwin",
                "platform": "osx",
                "subdir": "osx-64",
                "target-triplet": "x86_64-any-darwin"
            },
            "basename": "osx-64/bioconductor-tarseqqc-1.6.2-r3.4.1_0.tar.bz2",
            "dependencies": {
                "depends": [
                    {
                        "name": "bioconductor-biocgenerics",
                        "specs": []
                    },
                    {
                        "name": "bioconductor-biocparallel",
                        "specs": []
                    },
                    {
                        "name": "bioconductor-biostrings",
                        "specs": []
                    },
                    {
                        "name": "bioconductor-genomeinfodb",
                        "specs": []
                    },
                    {
                        "name": "bioconductor-genomicalignments",
                        "specs": []
                    },
                    {
                        "name": "bioconductor-genomicranges",
                        "specs": []
                    },
                    {
                        "name": "bioconductor-iranges",
                        "specs": []
                    },
                    {
                        "name": "bioconductor-rsamtools",
                        "specs": [
                            [
                                ">=",
                                "1.20.4"
                            ]
                        ]
                    },
                    {
                        "name": "bioconductor-s4vectors",
                        "specs": []
                    },
                    {
                        "name": "r-base",
                        "specs": [
                            [
                                "==",
                                "3.4.1"
                            ]
                        ]
                    },
                    {
                        "name": "r-cowplot",
                        "specs": []
                    },
                    {
                        "name": "r-ggplot2",
                        "specs": []
                    },
                    {
                        "name": "r-hmisc",
                        "specs": []
                    },
                    {
                        "name": "r-openxlsx",
                        "specs": []
                    },
                    {
                        "name": "r-plyr",
                        "specs": []
                    },
                    {
                        "name": "r-reshape2",
                        "specs": []
                    }
                ]
            },
            "description": null,
            "distribution_type": "conda",
            "download_url": "//api.anaconda.org/download/bioconda/bioconductor-tarseqqc/1.6.2/osx-64/bioconductor-tarseqqc-1.6.2-r3.4.1_0.tar.bz2",
            "full_name": "bioconda/bioconductor-tarseqqc/1.6.2/osx-64/bioconductor-tarseqqc-1.6.2-r3.4.1_0.tar.bz2",
            "labels": [
                "main",
                "cf201901"
            ],
            "md5": "87837f8e3b5c5593f1d6ad6af8502226",
            "ndownloads": 754,
            "owner": "bioconda",
            "size": 2476429,
            "type": "conda",
            "upload_time": "2017-09-23 23:39:47.160000+00:00",
            "version": "1.6.2"
        },
        {
            "attrs": {
                "arch": "x86_64",
                "build": "r3.4.1_0",
                "build_number": 0,
                "depends": [
                    "bioconductor-biocgenerics",
                    "bioconductor-biocparallel",
                    "bioconductor-biostrings",
                    "bioconductor-genomeinfodb",
                    "bioconductor-genomicalignments",
                    "bioconductor-genomicranges",
                    "bioconductor-iranges",
                    "bioconductor-rsamtools >=1.20.4",
                    "bioconductor-s4vectors",
                    "r-base 3.4.1*",
                    "r-cowplot",
                    "r-ggplot2",
                    "r-hmisc",
                    "r-openxlsx",
                    "r-plyr",
                    "r-reshape2"
                ],
                "has_prefix": false,
                "license": "GPL (>=2)",
                "machine": "x86_64",
                "operatingsystem": "linux",
                "platform": "linux",
                "subdir": "linux-64",
                "target-triplet": "x86_64-any-linux"
            },
            "basename": "linux-64/bioconductor-tarseqqc-1.8.0-r3.4.1_0.tar.bz2",
            "dependencies": {
                "depends": [
                    {
                        "name": "bioconductor-biocgenerics",
                        "specs": []
                    },
                    {
                        "name": "bioconductor-biocparallel",
                        "specs": []
                    },
                    {
                        "name": "bioconductor-biostrings",
                        "specs": []
                    },
                    {
                        "name": "bioconductor-genomeinfodb",
                        "specs": []
                    },
                    {
                        "name": "bioconductor-genomicalignments",
                        "specs": []
                    },
                    {
                        "name": "bioconductor-genomicranges",
                        "specs": []
                    },
                    {
                        "name": "bioconductor-iranges",
                        "specs": []
                    },
                    {
                        "name": "bioconductor-rsamtools",
                        "specs": [
                            [
                                ">=",
                                "1.20.4"
                            ]
                        ]
                    },
                    {
                        "name": "bioconductor-s4vectors",
                        "specs": []
                    },
                    {
                        "name": "r-base",
                        "specs": [
                            [
                                "==",
                                "3.4.1"
                            ]
                        ]
                    },
                    {
                        "name": "r-cowplot",
                        "specs": []
                    },
                    {
                        "name": "r-ggplot2",
                        "specs": []
                    },
                    {
                        "name": "r-hmisc",
                        "specs": []
                    },
                    {
                        "name": "r-openxlsx",
                        "specs": []
                    },
                    {
                        "name": "r-plyr",
                        "specs": []
                    },
                    {
                        "name": "r-reshape2",
                        "specs": []
                    }
                ]
            },
            "description": null,
            "distribution_type": "conda",
            "download_url": "//api.anaconda.org/download/bioconda/bioconductor-tarseqqc/1.8.0/linux-64/bioconductor-tarseqqc-1.8.0-r3.4.1_0.tar.bz2",
            "full_name": "bioconda/bioconductor-tarseqqc/1.8.0/linux-64/bioconductor-tarseqqc-1.8.0-r3.4.1_0.tar.bz2",
            "labels": [
                "main",
                "cf201901"
            ],
            "md5": "52b559b5cbf8f573171ea428ae17866c",
            "ndownloads": 538,
            "owner": "bioconda",
            "size": 2473549,
            "type": "conda",
            "upload_time": "2017-11-08 18:05:04.176000+00:00",
            "version": "1.8.0"
        },
        {
            "attrs": {
                "arch": "x86_64",
                "build": "r3.4.1_0",
                "build_number": 0,
                "depends": [
                    "bioconductor-biocgenerics",
                    "bioconductor-biocparallel",
                    "bioconductor-biostrings",
                    "bioconductor-genomeinfodb",
                    "bioconductor-genomicalignments",
                    "bioconductor-genomicranges",
                    "bioconductor-iranges",
                    "bioconductor-rsamtools >=1.20.4",
                    "bioconductor-s4vectors",
                    "r-base 3.4.1*",
                    "r-cowplot",
                    "r-ggplot2",
                    "r-hmisc",
                    "r-openxlsx",
                    "r-plyr",
                    "r-reshape2"
                ],
                "has_prefix": false,
                "license": "GPL (>=2)",
                "machine": "x86_64",
                "operatingsystem": "darwin",
                "platform": "osx",
                "subdir": "osx-64",
                "target-triplet": "x86_64-any-darwin"
            },
            "basename": "osx-64/bioconductor-tarseqqc-1.8.0-r3.4.1_0.tar.bz2",
            "dependencies": {
                "depends": [
                    {
                        "name": "bioconductor-biocgenerics",
                        "specs": []
                    },
                    {
                        "name": "bioconductor-biocparallel",
                        "specs": []
                    },
                    {
                        "name": "bioconductor-biostrings",
                        "specs": []
                    },
                    {
                        "name": "bioconductor-genomeinfodb",
                        "specs": []
                    },
                    {
                        "name": "bioconductor-genomicalignments",
                        "specs": []
                    },
                    {
                        "name": "bioconductor-genomicranges",
                        "specs": []
                    },
                    {
                        "name": "bioconductor-iranges",
                        "specs": []
                    },
                    {
                        "name": "bioconductor-rsamtools",
                        "specs": [
                            [
                                ">=",
                                "1.20.4"
                            ]
                        ]
                    },
                    {
                        "name": "bioconductor-s4vectors",
                        "specs": []
                    },
                    {
                        "name": "r-base",
                        "specs": [
                            [
                                "==",
                                "3.4.1"
                            ]
                        ]
                    },
                    {
                        "name": "r-cowplot",
                        "specs": []
                    },
                    {
                        "name": "r-ggplot2",
                        "specs": []
                    },
                    {
                        "name": "r-hmisc",
                        "specs": []
                    },
                    {
                        "name": "r-openxlsx",
                        "specs": []
                    },
                    {
                        "name": "r-plyr",
                        "specs": []
                    },
                    {
                        "name": "r-reshape2",
                        "specs": []
                    }
                ]
            },
            "description": null,
            "distribution_type": "conda",
            "download_url": "//api.anaconda.org/download/bioconda/bioconductor-tarseqqc/1.8.0/osx-64/bioconductor-tarseqqc-1.8.0-r3.4.1_0.tar.bz2",
            "full_name": "bioconda/bioconductor-tarseqqc/1.8.0/osx-64/bioconductor-tarseqqc-1.8.0-r3.4.1_0.tar.bz2",
            "labels": [
                "main",
                "cf201901"
            ],
            "md5": "b3dc28333559161ba64fa1b88e42d284",
            "ndownloads": 733,
            "owner": "bioconda",
            "size": 2476081,
            "type": "conda",
            "upload_time": "2017-11-10 05:43:13.909000+00:00",
            "version": "1.8.0"
        },
        {
            "attrs": {
                "arch": "x86_64",
                "build": "r341_0",
                "build_number": 0,
                "depends": [
                    "bioconductor-biocgenerics >=0.26.0,<0.28.0",
                    "bioconductor-biocparallel >=1.14.2,<1.16.0",
                    "bioconductor-biostrings >=2.48.0,<2.50.0",
                    "bioconductor-genomeinfodb >=1.16.0,<1.18.0",
                    "bioconductor-genomicalignments >=1.16.0,<1.18.0",
                    "bioconductor-genomicranges >=1.32.7,<1.34.0",
                    "bioconductor-iranges >=2.14.12,<2.16.0",
                    "bioconductor-rsamtools >=1.32.3,<1.34.0",
                    "bioconductor-s4vectors >=0.18.3,<0.20.0",
                    "r-base >=3.4.1,<3.4.2.0a0",
                    "r-cowplot",
                    "r-ggplot2",
                    "r-hmisc",
                    "r-openxlsx",
                    "r-plyr",
                    "r-reshape2"
                ],
                "has_prefix": false,
                "license": "GPL (>=2)",
                "machine": "x86_64",
                "operatingsystem": "linux",
                "platform": "linux",
                "subdir": "linux-64",
                "target-triplet": "x86_64-any-linux",
                "timestamp": 1539714891335
            },
            "basename": "linux-64/bioconductor-tarseqqc-1.10.0-r341_0.tar.bz2",
            "dependencies": {
                "depends": [
                    {
                        "name": "bioconductor-biocgenerics",
                        "specs": [
                            [
                                ">=",
                                "0.26.0,<0.28.0"
                            ]
                        ]
                    },
                    {
                        "name": "bioconductor-biocparallel",
                        "specs": [
                            [
                                ">=",
                                "1.14.2,<1.16.0"
                            ]
                        ]
                    },
                    {
                        "name": "bioconductor-biostrings",
                        "specs": [
                            [
                                ">=",
                                "2.48.0,<2.50.0"
                            ]
                        ]
                    },
                    {
                        "name": "bioconductor-genomeinfodb",
                        "specs": [
                            [
                                ">=",
                                "1.16.0,<1.18.0"
                            ]
                        ]
                    },
                    {
                        "name": "bioconductor-genomicalignments",
                        "specs": [
                            [
                                ">=",
                                "1.16.0,<1.18.0"
                            ]
                        ]
                    },
                    {
                        "name": "bioconductor-genomicranges",
                        "specs": [
                            [
                                ">=",
                                "1.32.7,<1.34.0"
                            ]
                        ]
                    },
                    {
                        "name": "bioconductor-iranges",
                        "specs": [
                            [
                                ">=",
                                "2.14.12,<2.16.0"
                            ]
                        ]
                    },
                    {
                        "name": "bioconductor-rsamtools",
                        "specs": [
                            [
                                ">=",
                                "1.32.3,<1.34.0"
                            ]
                        ]
                    },
                    {
                        "name": "bioconductor-s4vectors",
                        "specs": [
                            [
                                ">=",
                                "0.18.3,<0.20.0"
                            ]
                        ]
                    },
                    {
                        "name": "r-base",
                        "specs": [
                            [
                                ">=",
                                "3.4.1,<3.4.2.0a0"
                            ]
                        ]
                    },
                    {
                        "name": "r-cowplot",
                        "specs": []
                    },
                    {
                        "name": "r-ggplot2",
                        "specs": []
                    },
                    {
                        "name": "r-hmisc",
                        "specs": []
                    },
                    {
                        "name": "r-openxlsx",
                        "specs": []
                    },
                    {
                        "name": "r-plyr",
                        "specs": []
                    },
                    {
                        "name": "r-reshape2",
                        "specs": []
                    }
                ]
            },
            "description": null,
            "distribution_type": "conda",
            "download_url": "//api.anaconda.org/download/bioconda/bioconductor-tarseqqc/1.10.0/linux-64/bioconductor-tarseqqc-1.10.0-r341_0.tar.bz2",
            "full_name": "bioconda/bioconductor-tarseqqc/1.10.0/linux-64/bioconductor-tarseqqc-1.10.0-r341_0.tar.bz2",
            "labels": [
                "main",
                "cf201901"
            ],
            "md5": "e03704e09b6182a4ce725d87f408369d",
            "ndownloads": 127,
            "owner": "bioconda",
            "size": 2479169,
            "type": "conda",
            "upload_time": "2018-10-16 18:42:23.458000+00:00",
            "version": "1.10.0"
        },
        {
            "attrs": {
                "arch": "x86_64",
                "build": "r351_0",
                "build_number": 0,
                "depends": [
                    "bioconductor-biocgenerics >=0.26.0,<0.28.0",
                    "bioconductor-biocparallel >=1.14.2,<1.16.0",
                    "bioconductor-biostrings >=2.48.0,<2.50.0",
                    "bioconductor-genomeinfodb >=1.16.0,<1.18.0",
                    "bioconductor-genomicalignments >=1.16.0,<1.18.0",
                    "bioconductor-genomicranges >=1.32.7,<1.34.0",
                    "bioconductor-iranges >=2.14.12,<2.16.0",
                    "bioconductor-rsamtools >=1.32.3,<1.34.0",
                    "bioconductor-s4vectors >=0.18.3,<0.20.0",
                    "r-base >=3.5.1,<3.5.2.0a0",
                    "r-cowplot",
                    "r-ggplot2",
                    "r-hmisc",
                    "r-openxlsx",
                    "r-plyr",
                    "r-reshape2"
                ],
                "has_prefix": false,
                "license": "GPL (>=2)",
                "machine": "x86_64",
                "operatingsystem": "linux",
                "platform": "linux",
                "subdir": "linux-64",
                "target-triplet": "x86_64-any-linux",
                "timestamp": 1539714720747
            },
            "basename": "linux-64/bioconductor-tarseqqc-1.10.0-r351_0.tar.bz2",
            "dependencies": {
                "depends": [
                    {
                        "name": "bioconductor-biocgenerics",
                        "specs": [
                            [
                                ">=",
                                "0.26.0,<0.28.0"
                            ]
                        ]
                    },
                    {
                        "name": "bioconductor-biocparallel",
                        "specs": [
                            [
                                ">=",
                                "1.14.2,<1.16.0"
                            ]
                        ]
                    },
                    {
                        "name": "bioconductor-biostrings",
                        "specs": [
                            [
                                ">=",
                                "2.48.0,<2.50.0"
                            ]
                        ]
                    },
                    {
                        "name": "bioconductor-genomeinfodb",
                        "specs": [
                            [
                                ">=",
                                "1.16.0,<1.18.0"
                            ]
                        ]
                    },
                    {
                        "name": "bioconductor-genomicalignments",
                        "specs": [
                            [
                                ">=",
                                "1.16.0,<1.18.0"
                            ]
                        ]
                    },
                    {
                        "name": "bioconductor-genomicranges",
                        "specs": [
                            [
                                ">=",
                                "1.32.7,<1.34.0"
                            ]
                        ]
                    },
                    {
                        "name": "bioconductor-iranges",
                        "specs": [
                            [
                                ">=",
                                "2.14.12,<2.16.0"
                            ]
                        ]
                    },
                    {
                        "name": "bioconductor-rsamtools",
                        "specs": [
                            [
                                ">=",
                                "1.32.3,<1.34.0"
                            ]
                        ]
                    },
                    {
                        "name": "bioconductor-s4vectors",
                        "specs": [
                            [
                                ">=",
                                "0.18.3,<0.20.0"
                            ]
                        ]
                    },
                    {
                        "name": "r-base",
                        "specs": [
                            [
                                ">=",
                                "3.5.1,<3.5.2.0a0"
                            ]
                        ]
                    },
                    {
                        "name": "r-cowplot",
                        "specs": []
                    },
                    {
                        "name": "r-ggplot2",
                        "specs": []
                    },
                    {
                        "name": "r-hmisc",
                        "specs": []
                    },
                    {
                        "name": "r-openxlsx",
                        "specs": []
                    },
                    {
                        "name": "r-plyr",
                        "specs": []
                    },
                    {
                        "name": "r-reshape2",
                        "specs": []
                    }
                ]
            },
            "description": null,
            "distribution_type": "conda",
            "download_url": "//api.anaconda.org/download/bioconda/bioconductor-tarseqqc/1.10.0/linux-64/bioconductor-tarseqqc-1.10.0-r351_0.tar.bz2",
            "full_name": "bioconda/bioconductor-tarseqqc/1.10.0/linux-64/bioconductor-tarseqqc-1.10.0-r351_0.tar.bz2",
            "labels": [
                "main",
                "cf201901"
            ],
            "md5": "4a1bb416efb441ec1f6a598e2daa3025",
            "ndownloads": 225,
            "owner": "bioconda",
            "size": 2770513,
            "type": "conda",
            "upload_time": "2018-10-16 18:42:26.395000+00:00",
            "version": "1.10.0"
        },
        {
            "attrs": {
                "arch": "x86_64",
                "build": "r351_0",
                "build_number": 0,
                "depends": [
                    "bioconductor-biocgenerics >=0.26.0,<0.28.0",
                    "bioconductor-biocparallel >=1.14.2,<1.16.0",
                    "bioconductor-biostrings >=2.48.0,<2.50.0",
                    "bioconductor-genomeinfodb >=1.16.0,<1.18.0",
                    "bioconductor-genomicalignments >=1.16.0,<1.18.0",
                    "bioconductor-genomicranges >=1.32.7,<1.34.0",
                    "bioconductor-iranges >=2.14.12,<2.16.0",
                    "bioconductor-rsamtools >=1.32.3,<1.34.0",
                    "bioconductor-s4vectors >=0.18.3,<0.20.0",
                    "r-base >=3.5.1,<3.5.2.0a0",
                    "r-cowplot",
                    "r-ggplot2",
                    "r-hmisc",
                    "r-openxlsx",
                    "r-plyr",
                    "r-reshape2"
                ],
                "has_prefix": false,
                "license": "GPL (>=2)",
                "machine": "x86_64",
                "operatingsystem": "darwin",
                "platform": "osx",
                "subdir": "osx-64",
                "target-triplet": "x86_64-any-darwin",
                "timestamp": 1539745478260
            },
            "basename": "osx-64/bioconductor-tarseqqc-1.10.0-r351_0.tar.bz2",
            "dependencies": {
                "depends": [
                    {
                        "name": "bioconductor-biocgenerics",
                        "specs": [
                            [
                                ">=",
                                "0.26.0,<0.28.0"
                            ]
                        ]
                    },
                    {
                        "name": "bioconductor-biocparallel",
                        "specs": [
                            [
                                ">=",
                                "1.14.2,<1.16.0"
                            ]
                        ]
                    },
                    {
                        "name": "bioconductor-biostrings",
                        "specs": [
                            [
                                ">=",
                                "2.48.0,<2.50.0"
                            ]
                        ]
                    },
                    {
                        "name": "bioconductor-genomeinfodb",
                        "specs": [
                            [
                                ">=",
                                "1.16.0,<1.18.0"
                            ]
                        ]
                    },
                    {
                        "name": "bioconductor-genomicalignments",
                        "specs": [
                            [
                                ">=",
                                "1.16.0,<1.18.0"
                            ]
                        ]
                    },
                    {
                        "name": "bioconductor-genomicranges",
                        "specs": [
                            [
                                ">=",
                                "1.32.7,<1.34.0"
                            ]
                        ]
                    },
                    {
                        "name": "bioconductor-iranges",
                        "specs": [
                            [
                                ">=",
                                "2.14.12,<2.16.0"
                            ]
                        ]
                    },
                    {
                        "name": "bioconductor-rsamtools",
                        "specs": [
                            [
                                ">=",
                                "1.32.3,<1.34.0"
                            ]
                        ]
                    },
                    {
                        "name": "bioconductor-s4vectors",
                        "specs": [
                            [
                                ">=",
                                "0.18.3,<0.20.0"
                            ]
                        ]
                    },
                    {
                        "name": "r-base",
                        "specs": [
                            [
                                ">=",
                                "3.5.1,<3.5.2.0a0"
                            ]
                        ]
                    },
                    {
                        "name": "r-cowplot",
                        "specs": []
                    },
                    {
                        "name": "r-ggplot2",
                        "specs": []
                    },
                    {
                        "name": "r-hmisc",
                        "specs": []
                    },
                    {
                        "name": "r-openxlsx",
                        "specs": []
                    },
                    {
                        "name": "r-plyr",
                        "specs": []
                    },
                    {
                        "name": "r-reshape2",
                        "specs": []
                    }
                ]
            },
            "description": null,
            "distribution_type": "conda",
            "download_url": "//api.anaconda.org/download/bioconda/bioconductor-tarseqqc/1.10.0/osx-64/bioconductor-tarseqqc-1.10.0-r351_0.tar.bz2",
            "full_name": "bioconda/bioconductor-tarseqqc/1.10.0/osx-64/bioconductor-tarseqqc-1.10.0-r351_0.tar.bz2",
            "labels": [
                "main",
                "cf201901"
            ],
            "md5": "ce316ca4df40174c3eb80b718e504c9d",
            "ndownloads": 526,
            "owner": "bioconda",
            "size": 2771633,
            "type": "conda",
            "upload_time": "2018-10-17 03:06:04.507000+00:00",
            "version": "1.10.0"
        },
        {
            "attrs": {
                "arch": "x86_64",
                "build": "r341_0",
                "build_number": 0,
                "depends": [
                    "bioconductor-biocgenerics >=0.26.0,<0.28.0",
                    "bioconductor-biocparallel >=1.14.2,<1.16.0",
                    "bioconductor-biostrings >=2.48.0,<2.50.0",
                    "bioconductor-genomeinfodb >=1.16.0,<1.18.0",
                    "bioconductor-genomicalignments >=1.16.0,<1.18.0",
                    "bioconductor-genomicranges >=1.32.7,<1.34.0",
                    "bioconductor-iranges >=2.14.12,<2.16.0",
                    "bioconductor-rsamtools >=1.32.3,<1.34.0",
                    "bioconductor-s4vectors >=0.18.3,<0.20.0",
                    "r-base >=3.4.1,<3.4.2.0a0",
                    "r-cowplot",
                    "r-ggplot2",
                    "r-hmisc",
                    "r-openxlsx",
                    "r-plyr",
                    "r-reshape2"
                ],
                "has_prefix": false,
                "license": "GPL (>=2)",
                "machine": "x86_64",
                "operatingsystem": "darwin",
                "platform": "osx",
                "subdir": "osx-64",
                "target-triplet": "x86_64-any-darwin",
                "timestamp": 1539745276473
            },
            "basename": "osx-64/bioconductor-tarseqqc-1.10.0-r341_0.tar.bz2",
            "dependencies": {
                "depends": [
                    {
                        "name": "bioconductor-biocgenerics",
                        "specs": [
                            [
                                ">=",
                                "0.26.0,<0.28.0"
                            ]
                        ]
                    },
                    {
                        "name": "bioconductor-biocparallel",
                        "specs": [
                            [
                                ">=",
                                "1.14.2,<1.16.0"
                            ]
                        ]
                    },
                    {
                        "name": "bioconductor-biostrings",
                        "specs": [
                            [
                                ">=",
                                "2.48.0,<2.50.0"
                            ]
                        ]
                    },
                    {
                        "name": "bioconductor-genomeinfodb",
                        "specs": [
                            [
                                ">=",
                                "1.16.0,<1.18.0"
                            ]
                        ]
                    },
                    {
                        "name": "bioconductor-genomicalignments",
                        "specs": [
                            [
                                ">=",
                                "1.16.0,<1.18.0"
                            ]
                        ]
                    },
                    {
                        "name": "bioconductor-genomicranges",
                        "specs": [
                            [
                                ">=",
                                "1.32.7,<1.34.0"
                            ]
                        ]
                    },
                    {
                        "name": "bioconductor-iranges",
                        "specs": [
                            [
                                ">=",
                                "2.14.12,<2.16.0"
                            ]
                        ]
                    },
                    {
                        "name": "bioconductor-rsamtools",
                        "specs": [
                            [
                                ">=",
                                "1.32.3,<1.34.0"
                            ]
                        ]
                    },
                    {
                        "name": "bioconductor-s4vectors",
                        "specs": [
                            [
                                ">=",
                                "0.18.3,<0.20.0"
                            ]
                        ]
                    },
                    {
                        "name": "r-base",
                        "specs": [
                            [
                                ">=",
                                "3.4.1,<3.4.2.0a0"
                            ]
                        ]
                    },
                    {
                        "name": "r-cowplot",
                        "specs": []
                    },
                    {
                        "name": "r-ggplot2",
                        "specs": []
                    },
                    {
                        "name": "r-hmisc",
                        "specs": []
                    },
                    {
                        "name": "r-openxlsx",
                        "specs": []
                    },
                    {
                        "name": "r-plyr",
                        "specs": []
                    },
                    {
                        "name": "r-reshape2",
                        "specs": []
                    }
                ]
            },
            "description": null,
            "distribution_type": "conda",
            "download_url": "//api.anaconda.org/download/bioconda/bioconductor-tarseqqc/1.10.0/osx-64/bioconductor-tarseqqc-1.10.0-r341_0.tar.bz2",
            "full_name": "bioconda/bioconductor-tarseqqc/1.10.0/osx-64/bioconductor-tarseqqc-1.10.0-r341_0.tar.bz2",
            "labels": [
                "main",
                "cf201901"
            ],
            "md5": "c9b71f3892a4a968f69852aa5cb7b28a",
            "ndownloads": 256,
            "owner": "bioconda",
            "size": 2480863,
            "type": "conda",
            "upload_time": "2018-10-17 03:06:08.680000+00:00",
            "version": "1.10.0"
        },
        {
            "attrs": {
                "arch": null,
                "build": "r351_0",
                "build_number": 0,
                "depends": [
                    "bioconductor-biocgenerics >=0.28.0,<0.29.0",
                    "bioconductor-biocparallel >=1.16.0,<1.17.0",
                    "bioconductor-biostrings >=2.50.0,<2.51.0",
                    "bioconductor-genomeinfodb >=1.18.0,<1.19.0",
                    "bioconductor-genomicalignments >=1.18.0,<1.19.0",
                    "bioconductor-genomicranges >=1.34.0,<1.35.0",
                    "bioconductor-iranges >=2.16.0,<2.17.0",
                    "bioconductor-rsamtools >=1.34.0,<1.35.0",
                    "bioconductor-s4vectors >=0.20.0,<0.21.0",
                    "r-base >=3.5.1,<3.5.2.0a0",
                    "r-cowplot",
                    "r-ggplot2",
                    "r-hmisc",
                    "r-openxlsx",
                    "r-plyr",
                    "r-reshape2"
                ],
                "has_prefix": false,
                "license": "GPL (>=2)",
                "machine": null,
                "noarch": "generic",
                "operatingsystem": null,
                "platform": null,
                "subdir": "noarch",
                "target-triplet": "None-any-None",
                "timestamp": 1545255629761
            },
            "basename": "noarch/bioconductor-tarseqqc-1.12.0-r351_0.tar.bz2",
            "dependencies": {
                "depends": [
                    {
                        "name": "bioconductor-biocgenerics",
                        "specs": [
                            [
                                ">=",
                                "0.28.0,<0.29.0"
                            ]
                        ]
                    },
                    {
                        "name": "bioconductor-biocparallel",
                        "specs": [
                            [
                                ">=",
                                "1.16.0,<1.17.0"
                            ]
                        ]
                    },
                    {
                        "name": "bioconductor-biostrings",
                        "specs": [
                            [
                                ">=",
                                "2.50.0,<2.51.0"
                            ]
                        ]
                    },
                    {
                        "name": "bioconductor-genomeinfodb",
                        "specs": [
                            [
                                ">=",
                                "1.18.0,<1.19.0"
                            ]
                        ]
                    },
                    {
                        "name": "bioconductor-genomicalignments",
                        "specs": [
                            [
                                ">=",
                                "1.18.0,<1.19.0"
                            ]
                        ]
                    },
                    {
                        "name": "bioconductor-genomicranges",
                        "specs": [
                            [
                                ">=",
                                "1.34.0,<1.35.0"
                            ]
                        ]
                    },
                    {
                        "name": "bioconductor-iranges",
                        "specs": [
                            [
                                ">=",
                                "2.16.0,<2.17.0"
                            ]
                        ]
                    },
                    {
                        "name": "bioconductor-rsamtools",
                        "specs": [
                            [
                                ">=",
                                "1.34.0,<1.35.0"
                            ]
                        ]
                    },
                    {
                        "name": "bioconductor-s4vectors",
                        "specs": [
                            [
                                ">=",
                                "0.20.0,<0.21.0"
                            ]
                        ]
                    },
                    {
                        "name": "r-base",
                        "specs": [
                            [
                                ">=",
                                "3.5.1,<3.5.2.0a0"
                            ]
                        ]
                    },
                    {
                        "name": "r-cowplot",
                        "specs": []
                    },
                    {
                        "name": "r-ggplot2",
                        "specs": []
                    },
                    {
                        "name": "r-hmisc",
                        "specs": []
                    },
                    {
                        "name": "r-openxlsx",
                        "specs": []
                    },
                    {
                        "name": "r-plyr",
                        "specs": []
                    },
                    {
                        "name": "r-reshape2",
                        "specs": []
                    }
                ]
            },
            "description": null,
            "distribution_type": "conda",
            "download_url": "//api.anaconda.org/download/bioconda/bioconductor-tarseqqc/1.12.0/noarch/bioconductor-tarseqqc-1.12.0-r351_0.tar.bz2",
            "full_name": "bioconda/bioconductor-tarseqqc/1.12.0/noarch/bioconductor-tarseqqc-1.12.0-r351_0.tar.bz2",
            "labels": [
                "gcc7",
                "main"
            ],
            "md5": "780d3488e94ae045f3c7e6b91b02d9cd",
            "ndownloads": 76,
            "owner": "bioconda",
            "size": 2770667,
            "type": "conda",
            "upload_time": "2018-12-19 21:44:38.955000+00:00",
            "version": "1.12.0"
        },
        {
            "attrs": {
                "arch": null,
                "build": "r36_1",
                "build_number": 1,
                "depends": [
                    "bioconductor-biocgenerics >=0.30.0,<0.31.0",
                    "bioconductor-biocparallel >=1.18.0,<1.19.0",
                    "bioconductor-biostrings >=2.52.0,<2.53.0",
                    "bioconductor-genomeinfodb >=1.20.0,<1.21.0",
                    "bioconductor-genomicalignments >=1.20.0,<1.21.0",
                    "bioconductor-genomicranges >=1.36.0,<1.37.0",
                    "bioconductor-iranges >=2.18.0,<2.19.0",
                    "bioconductor-rsamtools >=2.0.0,<2.1.0",
                    "bioconductor-s4vectors >=0.22.0,<0.23.0",
                    "r-base >=3.6,<3.7.0a0",
                    "r-cowplot",
                    "r-ggplot2",
                    "r-hmisc",
                    "r-openxlsx",
                    "r-plyr",
                    "r-reshape2"
                ],
                "has_prefix": false,
                "license": "GPL (>=2)",
                "machine": null,
                "noarch": "generic",
                "operatingsystem": null,
                "platform": null,
                "subdir": "noarch",
                "target-triplet": "None-any-None",
                "timestamp": 1565148405696
            },
            "basename": "noarch/bioconductor-tarseqqc-1.14.0-r36_1.tar.bz2",
            "dependencies": {
                "depends": [
                    {
                        "name": "bioconductor-biocgenerics",
                        "specs": [
                            [
                                ">=",
                                "0.30.0,<0.31.0"
                            ]
                        ]
                    },
                    {
                        "name": "bioconductor-biocparallel",
                        "specs": [
                            [
                                ">=",
                                "1.18.0,<1.19.0"
                            ]
                        ]
                    },
                    {
                        "name": "bioconductor-biostrings",
                        "specs": [
                            [
                                ">=",
                                "2.52.0,<2.53.0"
                            ]
                        ]
                    },
                    {
                        "name": "bioconductor-genomeinfodb",
                        "specs": [
                            [
                                ">=",
                                "1.20.0,<1.21.0"
                            ]
                        ]
                    },
                    {
                        "name": "bioconductor-genomicalignments",
                        "specs": [
                            [
                                ">=",
                                "1.20.0,<1.21.0"
                            ]
                        ]
                    },
                    {
                        "name": "bioconductor-genomicranges",
                        "specs": [
                            [
                                ">=",
                                "1.36.0,<1.37.0"
                            ]
                        ]
                    },
                    {
                        "name": "bioconductor-iranges",
                        "specs": [
                            [
                                ">=",
                                "2.18.0,<2.19.0"
                            ]
                        ]
                    },
                    {
                        "name": "bioconductor-rsamtools",
                        "specs": [
                            [
                                ">=",
                                "2.0.0,<2.1.0"
                            ]
                        ]
                    },
                    {
                        "name": "bioconductor-s4vectors",
                        "specs": [
                            [
                                ">=",
                                "0.22.0,<0.23.0"
                            ]
                        ]
                    },
                    {
                        "name": "r-base",
                        "specs": [
                            [
                                ">=",
                                "3.6,<3.7.0a0"
                            ]
                        ]
                    },
                    {
                        "name": "r-cowplot",
                        "specs": []
                    },
                    {
                        "name": "r-ggplot2",
                        "specs": []
                    },
                    {
                        "name": "r-hmisc",
                        "specs": []
                    },
                    {
                        "name": "r-openxlsx",
                        "specs": []
                    },
                    {
                        "name": "r-plyr",
                        "specs": []
                    },
                    {
                        "name": "r-reshape2",
                        "specs": []
                    }
                ]
            },
            "description": null,
            "distribution_type": "conda",
            "download_url": "//api.anaconda.org/download/bioconda/bioconductor-tarseqqc/1.14.0/noarch/bioconductor-tarseqqc-1.14.0-r36_1.tar.bz2",
            "full_name": "bioconda/bioconductor-tarseqqc/1.14.0/noarch/bioconductor-tarseqqc-1.14.0-r36_1.tar.bz2",
            "labels": [
                "main"
            ],
            "md5": "2e8ff1dc0fd1c09ad937ae4983aeee20",
            "ndownloads": 30,
            "owner": "bioconda",
            "size": 2774543,
            "type": "conda",
            "upload_time": "2019-08-07 03:32:14.818000+00:00",
            "version": "1.14.0"
        },
        {
            "attrs": {
                "arch": null,
                "build": "r36_0",
                "build_number": 0,
                "depends": [
                    "bioconductor-biocgenerics >=0.32.0,<0.33.0",
                    "bioconductor-biocparallel >=1.20.0,<1.21.0",
                    "bioconductor-biostrings >=2.54.0,<2.55.0",
                    "bioconductor-genomeinfodb >=1.22.0,<1.23.0",
                    "bioconductor-genomicalignments >=1.22.0,<1.23.0",
                    "bioconductor-genomicranges >=1.38.0,<1.39.0",
                    "bioconductor-iranges >=2.20.0,<2.21.0",
                    "bioconductor-rsamtools >=2.2.0,<2.3.0",
                    "bioconductor-s4vectors >=0.24.0,<0.25.0",
                    "r-base >=3.6,<3.7.0a0",
                    "r-cowplot",
                    "r-ggplot2",
                    "r-hmisc",
                    "r-openxlsx",
                    "r-plyr",
                    "r-reshape2"
                ],
                "has_prefix": false,
                "license": "GPL (>=2)",
                "machine": null,
                "noarch": "generic",
                "operatingsystem": null,
                "platform": null,
                "subdir": "noarch",
                "target-triplet": "None-any-None",
                "timestamp": 1572785032921
            },
            "basename": "noarch/bioconductor-tarseqqc-1.16.0-r36_0.tar.bz2",
            "dependencies": {
                "depends": [
                    {
                        "name": "bioconductor-biocgenerics",
                        "specs": [
                            [
                                ">=",
                                "0.32.0,<0.33.0"
                            ]
                        ]
                    },
                    {
                        "name": "bioconductor-biocparallel",
                        "specs": [
                            [
                                ">=",
                                "1.20.0,<1.21.0"
                            ]
                        ]
                    },
                    {
                        "name": "bioconductor-biostrings",
                        "specs": [
                            [
                                ">=",
                                "2.54.0,<2.55.0"
                            ]
                        ]
                    },
                    {
                        "name": "bioconductor-genomeinfodb",
                        "specs": [
                            [
                                ">=",
                                "1.22.0,<1.23.0"
                            ]
                        ]
                    },
                    {
                        "name": "bioconductor-genomicalignments",
                        "specs": [
                            [
                                ">=",
                                "1.22.0,<1.23.0"
                            ]
                        ]
                    },
                    {
                        "name": "bioconductor-genomicranges",
                        "specs": [
                            [
                                ">=",
                                "1.38.0,<1.39.0"
                            ]
                        ]
                    },
                    {
                        "name": "bioconductor-iranges",
                        "specs": [
                            [
                                ">=",
                                "2.20.0,<2.21.0"
                            ]
                        ]
                    },
                    {
                        "name": "bioconductor-rsamtools",
                        "specs": [
                            [
                                ">=",
                                "2.2.0,<2.3.0"
                            ]
                        ]
                    },
                    {
                        "name": "bioconductor-s4vectors",
                        "specs": [
                            [
                                ">=",
                                "0.24.0,<0.25.0"
                            ]
                        ]
                    },
                    {
                        "name": "r-base",
                        "specs": [
                            [
                                ">=",
                                "3.6,<3.7.0a0"
                            ]
                        ]
                    },
                    {
                        "name": "r-cowplot",
                        "specs": []
                    },
                    {
                        "name": "r-ggplot2",
                        "specs": []
                    },
                    {
                        "name": "r-hmisc",
                        "specs": []
                    },
                    {
                        "name": "r-openxlsx",
                        "specs": []
                    },
                    {
                        "name": "r-plyr",
                        "specs": []
                    },
                    {
                        "name": "r-reshape2",
                        "specs": []
                    }
                ]
            },
            "description": null,
            "distribution_type": "conda",
            "download_url": "//api.anaconda.org/download/bioconda/bioconductor-tarseqqc/1.16.0/noarch/bioconductor-tarseqqc-1.16.0-r36_0.tar.bz2",
            "full_name": "bioconda/bioconductor-tarseqqc/1.16.0/noarch/bioconductor-tarseqqc-1.16.0-r36_0.tar.bz2",
            "labels": [
                "main"
            ],
            "md5": "db84fd5c1a2b50f1a3244608e481a366",
            "ndownloads": 20,
            "owner": "bioconda",
            "size": 2769579,
            "type": "conda",
            "upload_time": "2019-11-03 12:49:26.052000+00:00",
            "version": "1.16.0"
        }
    ],
    "full_name": "bioconda/bioconductor-tarseqqc",
    "home": "http://bioconductor.org/packages/3.5/bioc/html/TarSeqQC.html",
    "html_url": "http://anaconda.org/bioconda/bioconductor-tarseqqc",
    "id": "599dfa7007006a12ce8b5f4e",
    "latest_version": "1.16.0",
    "license": "GPL (>=2)",
    "license_url": null,
    "modified_at": "2019-11-03 12:49:26.364000+00:00",
    "name": "bioconductor-tarseqqc",
    "owner": {
        "company": "",
        "created_at": "2015-09-11 22:59:20.880000+00:00",
        "description": "Bioconda is a distribution of bioinformatics software realized as a channel for the versatile Conda package manager.",
        "location": "",
        "login": "bioconda",
        "name": "bioconda",
        "url": "",
        "user_type": "org"
    },
    "package_types": [
        "conda"
    ],
    "public": true,
    "releases": [
        {
            "distributions": [],
            "full_name": "bioconda/bioconductor-tarseqqc/1.6.1",
            "version": "1.6.1"
        },
        {
            "distributions": [],
            "full_name": "bioconda/bioconductor-tarseqqc/1.6.2",
            "version": "1.6.2"
        },
        {
            "distributions": [],
            "full_name": "bioconda/bioconductor-tarseqqc/1.8.0",
            "version": "1.8.0"
        },
        {
            "distributions": [],
            "full_name": "bioconda/bioconductor-tarseqqc/1.10.0",
            "version": "1.10.0"
        },
        {
            "distributions": [],
            "full_name": "bioconda/bioconductor-tarseqqc/1.12.0",
            "version": "1.12.0"
        },
        {
            "distributions": [],
            "full_name": "bioconda/bioconductor-tarseqqc/1.14.0",
            "version": "1.14.0"
        },
        {
            "distributions": [],
            "full_name": "bioconda/bioconductor-tarseqqc/1.16.0",
            "version": "1.16.0"
        }
    ],
    "revision": 14,
    "source_git_tag": null,
    "source_git_url": null,
    "summary": "TARgeted SEQuencing Experiment Quality Control",
    "upvoted": 0,
    "url": "http://api.anaconda.org/packages/bioconda/bioconductor-tarseqqc",
    "versions": [
        "1.6.1",
        "1.6.2",
        "1.8.0",
        "1.10.0",
        "1.12.0",
        "1.14.0",
        "1.16.0"
    ],
    "watchers": 1
}