{
    "app_entry": {},
    "app_summary": {},
    "app_type": {},
    "builds": [
        "r351_0",
        "r36_1",
        "r36_0"
    ],
    "conda_platforms": [
        "noarch"
    ],
    "created_at": "2019-01-03 19:47:27.536000+00:00",
    "description": "Estimates the DNA copy number profile using mBPCR to detect regions with copy number changes",
    "dev_url": null,
    "doc_url": null,
    "files": [
        {
            "attrs": {
                "arch": null,
                "build": "r351_0",
                "build_number": 0,
                "depends": [
                    "bioconductor-biobase >=2.42.0,<2.43.0",
                    "bioconductor-oligoclasses >=1.44.0,<1.45.0",
                    "bioconductor-snpchip >=2.28.0,<2.29.0",
                    "r-base >=3.5.1,<3.5.2.0a0"
                ],
                "has_prefix": false,
                "license": "GPL (>= 2)",
                "machine": null,
                "noarch": "generic",
                "operatingsystem": null,
                "platform": null,
                "subdir": "noarch",
                "target-triplet": "None-any-None",
                "timestamp": 1546544611436
            },
            "basename": "noarch/bioconductor-mbpcr-1.36.0-r351_0.tar.bz2",
            "dependencies": {
                "depends": [
                    {
                        "name": "bioconductor-biobase",
                        "specs": [
                            [
                                ">=",
                                "2.42.0,<2.43.0"
                            ]
                        ]
                    },
                    {
                        "name": "bioconductor-oligoclasses",
                        "specs": [
                            [
                                ">=",
                                "1.44.0,<1.45.0"
                            ]
                        ]
                    },
                    {
                        "name": "bioconductor-snpchip",
                        "specs": [
                            [
                                ">=",
                                "2.28.0,<2.29.0"
                            ]
                        ]
                    },
                    {
                        "name": "r-base",
                        "specs": [
                            [
                                ">=",
                                "3.5.1,<3.5.2.0a0"
                            ]
                        ]
                    }
                ]
            },
            "description": null,
            "distribution_type": "conda",
            "download_url": "//api.anaconda.org/download/bioconda/bioconductor-mbpcr/1.36.0/noarch/bioconductor-mbpcr-1.36.0-r351_0.tar.bz2",
            "full_name": "bioconda/bioconductor-mbpcr/1.36.0/noarch/bioconductor-mbpcr-1.36.0-r351_0.tar.bz2",
            "labels": [
                "gcc7",
                "main"
            ],
            "md5": "33ce19ff4c485420c028825474408864",
            "ndownloads": 74,
            "owner": "bioconda",
            "size": 752796,
            "type": "conda",
            "upload_time": "2019-01-03 19:47:28.306000+00:00",
            "version": "1.36.0"
        },
        {
            "attrs": {
                "arch": null,
                "build": "r36_1",
                "build_number": 1,
                "depends": [
                    "bioconductor-biobase >=2.44.0,<2.45.0",
                    "bioconductor-oligoclasses >=1.46.0,<1.47.0",
                    "bioconductor-snpchip >=2.30.0,<2.31.0",
                    "r-base >=3.6,<3.7.0a0"
                ],
                "has_prefix": false,
                "license": "GPL (>= 2)",
                "machine": null,
                "noarch": "generic",
                "operatingsystem": null,
                "platform": null,
                "subdir": "noarch",
                "target-triplet": "None-any-None",
                "timestamp": 1565025124104
            },
            "basename": "noarch/bioconductor-mbpcr-1.38.0-r36_1.tar.bz2",
            "dependencies": {
                "depends": [
                    {
                        "name": "bioconductor-biobase",
                        "specs": [
                            [
                                ">=",
                                "2.44.0,<2.45.0"
                            ]
                        ]
                    },
                    {
                        "name": "bioconductor-oligoclasses",
                        "specs": [
                            [
                                ">=",
                                "1.46.0,<1.47.0"
                            ]
                        ]
                    },
                    {
                        "name": "bioconductor-snpchip",
                        "specs": [
                            [
                                ">=",
                                "2.30.0,<2.31.0"
                            ]
                        ]
                    },
                    {
                        "name": "r-base",
                        "specs": [
                            [
                                ">=",
                                "3.6,<3.7.0a0"
                            ]
                        ]
                    }
                ]
            },
            "description": null,
            "distribution_type": "conda",
            "download_url": "//api.anaconda.org/download/bioconda/bioconductor-mbpcr/1.38.0/noarch/bioconductor-mbpcr-1.38.0-r36_1.tar.bz2",
            "full_name": "bioconda/bioconductor-mbpcr/1.38.0/noarch/bioconductor-mbpcr-1.38.0-r36_1.tar.bz2",
            "labels": [
                "main"
            ],
            "md5": "1e8e2cbdf1200ab3e32e081619defbdd",
            "ndownloads": 33,
            "owner": "bioconda",
            "size": 751258,
            "type": "conda",
            "upload_time": "2019-08-05 17:17:17.923000+00:00",
            "version": "1.38.0"
        },
        {
            "attrs": {
                "arch": null,
                "build": "r36_0",
                "build_number": 0,
                "depends": [
                    "bioconductor-biobase >=2.46.0,<2.47.0",
                    "bioconductor-oligoclasses >=1.48.0,<1.49.0",
                    "bioconductor-snpchip >=2.32.0,<2.33.0",
                    "r-base >=3.6,<3.7.0a0"
                ],
                "has_prefix": false,
                "license": "GPL (>= 2)",
                "machine": null,
                "noarch": "generic",
                "operatingsystem": null,
                "platform": null,
                "subdir": "noarch",
                "target-triplet": "None-any-None",
                "timestamp": 1572806547608
            },
            "basename": "noarch/bioconductor-mbpcr-1.40.0-r36_0.tar.bz2",
            "dependencies": {
                "depends": [
                    {
                        "name": "bioconductor-biobase",
                        "specs": [
                            [
                                ">=",
                                "2.46.0,<2.47.0"
                            ]
                        ]
                    },
                    {
                        "name": "bioconductor-oligoclasses",
                        "specs": [
                            [
                                ">=",
                                "1.48.0,<1.49.0"
                            ]
                        ]
                    },
                    {
                        "name": "bioconductor-snpchip",
                        "specs": [
                            [
                                ">=",
                                "2.32.0,<2.33.0"
                            ]
                        ]
                    },
                    {
                        "name": "r-base",
                        "specs": [
                            [
                                ">=",
                                "3.6,<3.7.0a0"
                            ]
                        ]
                    }
                ]
            },
            "description": null,
            "distribution_type": "conda",
            "download_url": "//api.anaconda.org/download/bioconda/bioconductor-mbpcr/1.40.0/noarch/bioconductor-mbpcr-1.40.0-r36_0.tar.bz2",
            "full_name": "bioconda/bioconductor-mbpcr/1.40.0/noarch/bioconductor-mbpcr-1.40.0-r36_0.tar.bz2",
            "labels": [
                "main"
            ],
            "md5": "78153253c897de1a16b8620ec4854b5b",
            "ndownloads": 20,
            "owner": "bioconda",
            "size": 768601,
            "type": "conda",
            "upload_time": "2019-11-03 18:47:50.277000+00:00",
            "version": "1.40.0"
        }
    ],
    "full_name": "bioconda/bioconductor-mbpcr",
    "home": "https://bioconductor.org/packages/3.8/bioc/html/mBPCR.html",
    "html_url": "http://anaconda.org/bioconda/bioconductor-mbpcr",
    "id": "5c2e66cf37f339133dc55b84",
    "latest_version": "1.40.0",
    "license": "GPL (>= 2)",
    "license_url": null,
    "modified_at": "2019-11-03 18:47:50.565000+00:00",
    "name": "bioconductor-mbpcr",
    "owner": {
        "company": "",
        "created_at": "2015-09-11 22:59:20.880000+00:00",
        "description": "Bioconda is a distribution of bioinformatics software realized as a channel for the versatile Conda package manager.",
        "location": "",
        "login": "bioconda",
        "name": "bioconda",
        "url": "",
        "user_type": "org"
    },
    "package_types": [
        "conda"
    ],
    "public": true,
    "releases": [
        {
            "distributions": [],
            "full_name": "bioconda/bioconductor-mbpcr/1.36.0",
            "version": "1.36.0"
        },
        {
            "distributions": [],
            "full_name": "bioconda/bioconductor-mbpcr/1.38.0",
            "version": "1.38.0"
        },
        {
            "distributions": [],
            "full_name": "bioconda/bioconductor-mbpcr/1.40.0",
            "version": "1.40.0"
        }
    ],
    "revision": 6,
    "source_git_tag": null,
    "source_git_url": null,
    "summary": "Bayesian Piecewise Constant Regression for DNA copy number estimation",
    "upvoted": 0,
    "url": "http://api.anaconda.org/packages/bioconda/bioconductor-mbpcr",
    "versions": [
        "1.36.0",
        "1.38.0",
        "1.40.0"
    ],
    "watchers": 1
}