{
    "app_entry": {},
    "app_summary": {},
    "app_type": {},
    "builds": [
        "r361he1b5a44_1",
        "r351h0a44026_0",
        "r351hf484d3e_0",
        "r36he1b5a44_0",
        "r36h6de7cb9_1",
        "r36h6de7cb9_0"
    ],
    "conda_platforms": [
        "linux-64",
        "osx-64"
    ],
    "created_at": "2018-12-11 13:49:58.655000+00:00",
    "description": "Characterization of intra-individual variability using physiologically relevant measurements provides important insights into fundamental biological questions ranging from cell type identity to tumor development. For each individual, the data measurements can be written as a matrix with the different subsamples of the individual recorded in the columns and the different phenotypic units recorded in the rows. Datasets of this type are called high-dimensional transposable data. The HDTD package provides functions for conducting statistical inference for the mean relationship between the row and column variables and for the covariance structure within and between the row and column variables.",
    "dev_url": null,
    "doc_url": null,
    "files": [
        {
            "attrs": {
                "arch": "x86_64",
                "build": "r351h0a44026_0",
                "build_number": 0,
                "depends": [
                    "libcxx >=4.0.1",
                    "llvm-openmp",
                    "r-base >=3.5.1,<3.5.2.0a0",
                    "r-rcpp >=0.12.13",
                    "r-rcpparmadillo"
                ],
                "has_prefix": true,
                "license": "GPL-3",
                "machine": "x86_64",
                "operatingsystem": "darwin",
                "platform": "osx",
                "subdir": "osx-64",
                "target-triplet": "x86_64-any-darwin",
                "timestamp": 1544536151700
            },
            "basename": "osx-64/bioconductor-hdtd-1.16.0-r351h0a44026_0.tar.bz2",
            "dependencies": {
                "depends": [
                    {
                        "name": "libcxx",
                        "specs": [
                            [
                                ">=",
                                "4.0.1"
                            ]
                        ]
                    },
                    {
                        "name": "llvm-openmp",
                        "specs": []
                    },
                    {
                        "name": "r-base",
                        "specs": [
                            [
                                ">=",
                                "3.5.1,<3.5.2.0a0"
                            ]
                        ]
                    },
                    {
                        "name": "r-rcpp",
                        "specs": [
                            [
                                ">=",
                                "0.12.13"
                            ]
                        ]
                    },
                    {
                        "name": "r-rcpparmadillo",
                        "specs": []
                    }
                ]
            },
            "description": null,
            "distribution_type": "conda",
            "download_url": "//api.anaconda.org/download/bioconda/bioconductor-hdtd/1.16.0/osx-64/bioconductor-hdtd-1.16.0-r351h0a44026_0.tar.bz2",
            "full_name": "bioconda/bioconductor-hdtd/1.16.0/osx-64/bioconductor-hdtd-1.16.0-r351h0a44026_0.tar.bz2",
            "labels": [
                "gcc7",
                "main"
            ],
            "md5": "ee33a7ada9feb68299e6475072308c13",
            "ndownloads": 699,
            "owner": "bioconda",
            "size": 331566,
            "type": "conda",
            "upload_time": "2018-12-11 13:49:59.582000+00:00",
            "version": "1.16.0"
        },
        {
            "attrs": {
                "arch": "x86_64",
                "build": "r351hf484d3e_0",
                "build_number": 0,
                "depends": [
                    "libgcc-ng >=7.3.0",
                    "libstdcxx-ng >=7.3.0",
                    "r-base >=3.5.1,<3.5.2.0a0",
                    "r-rcpp >=0.12.13",
                    "r-rcpparmadillo"
                ],
                "has_prefix": false,
                "license": "GPL-3",
                "machine": "x86_64",
                "operatingsystem": "linux",
                "platform": "linux",
                "subdir": "linux-64",
                "target-triplet": "x86_64-any-linux",
                "timestamp": 1547023325488
            },
            "basename": "linux-64/bioconductor-hdtd-1.16.0-r351hf484d3e_0.tar.bz2",
            "dependencies": {
                "depends": [
                    {
                        "name": "libgcc-ng",
                        "specs": [
                            [
                                ">=",
                                "7.3.0"
                            ]
                        ]
                    },
                    {
                        "name": "libstdcxx-ng",
                        "specs": [
                            [
                                ">=",
                                "7.3.0"
                            ]
                        ]
                    },
                    {
                        "name": "r-base",
                        "specs": [
                            [
                                ">=",
                                "3.5.1,<3.5.2.0a0"
                            ]
                        ]
                    },
                    {
                        "name": "r-rcpp",
                        "specs": [
                            [
                                ">=",
                                "0.12.13"
                            ]
                        ]
                    },
                    {
                        "name": "r-rcpparmadillo",
                        "specs": []
                    }
                ]
            },
            "description": null,
            "distribution_type": "conda",
            "download_url": "//api.anaconda.org/download/bioconda/bioconductor-hdtd/1.16.0/linux-64/bioconductor-hdtd-1.16.0-r351hf484d3e_0.tar.bz2",
            "full_name": "bioconda/bioconductor-hdtd/1.16.0/linux-64/bioconductor-hdtd-1.16.0-r351hf484d3e_0.tar.bz2",
            "labels": [
                "gcc7",
                "main"
            ],
            "md5": "08b3ceaaada72a0f64e29c2c032a4ce9",
            "ndownloads": 83,
            "owner": "bioconda",
            "size": 320322,
            "type": "conda",
            "upload_time": "2019-01-09 08:44:42.734000+00:00",
            "version": "1.16.0"
        },
        {
            "attrs": {
                "arch": "x86_64",
                "build": "r351h0a44026_0",
                "build_number": 0,
                "depends": [
                    "libcxx >=4.0.1",
                    "r-base >=3.5.1,<3.5.2.0a0",
                    "r-rcpp >=0.12.13",
                    "r-rcpparmadillo"
                ],
                "has_prefix": true,
                "license": "GPL-3",
                "machine": "x86_64",
                "operatingsystem": "darwin",
                "platform": "osx",
                "subdir": "osx-64",
                "target-triplet": "x86_64-any-darwin",
                "timestamp": 1557421572313
            },
            "basename": "osx-64/bioconductor-hdtd-1.18.0-r351h0a44026_0.tar.bz2",
            "dependencies": {
                "depends": [
                    {
                        "name": "libcxx",
                        "specs": [
                            [
                                ">=",
                                "4.0.1"
                            ]
                        ]
                    },
                    {
                        "name": "r-base",
                        "specs": [
                            [
                                ">=",
                                "3.5.1,<3.5.2.0a0"
                            ]
                        ]
                    },
                    {
                        "name": "r-rcpp",
                        "specs": [
                            [
                                ">=",
                                "0.12.13"
                            ]
                        ]
                    },
                    {
                        "name": "r-rcpparmadillo",
                        "specs": []
                    }
                ]
            },
            "description": null,
            "distribution_type": "conda",
            "download_url": "//api.anaconda.org/download/bioconda/bioconductor-hdtd/1.18.0/osx-64/bioconductor-hdtd-1.18.0-r351h0a44026_0.tar.bz2",
            "full_name": "bioconda/bioconductor-hdtd/1.18.0/osx-64/bioconductor-hdtd-1.18.0-r351h0a44026_0.tar.bz2",
            "labels": [
                "main"
            ],
            "md5": "6a3a430eb71e401a3e9cea01eef5d15f",
            "ndownloads": 158,
            "owner": "bioconda",
            "size": 396413,
            "type": "conda",
            "upload_time": "2019-05-09 17:06:55.157000+00:00",
            "version": "1.18.0"
        },
        {
            "attrs": {
                "arch": "x86_64",
                "build": "r351hf484d3e_0",
                "build_number": 0,
                "depends": [
                    "libgcc-ng >=7.3.0",
                    "libstdcxx-ng >=7.3.0",
                    "r-base >=3.5.1,<3.5.2.0a0",
                    "r-rcpp >=0.12.13",
                    "r-rcpparmadillo"
                ],
                "has_prefix": false,
                "license": "GPL-3",
                "machine": "x86_64",
                "operatingsystem": "linux",
                "platform": "linux",
                "subdir": "linux-64",
                "target-triplet": "x86_64-any-linux",
                "timestamp": 1557869959361
            },
            "basename": "linux-64/bioconductor-hdtd-1.18.0-r351hf484d3e_0.tar.bz2",
            "dependencies": {
                "depends": [
                    {
                        "name": "libgcc-ng",
                        "specs": [
                            [
                                ">=",
                                "7.3.0"
                            ]
                        ]
                    },
                    {
                        "name": "libstdcxx-ng",
                        "specs": [
                            [
                                ">=",
                                "7.3.0"
                            ]
                        ]
                    },
                    {
                        "name": "r-base",
                        "specs": [
                            [
                                ">=",
                                "3.5.1,<3.5.2.0a0"
                            ]
                        ]
                    },
                    {
                        "name": "r-rcpp",
                        "specs": [
                            [
                                ">=",
                                "0.12.13"
                            ]
                        ]
                    },
                    {
                        "name": "r-rcpparmadillo",
                        "specs": []
                    }
                ]
            },
            "description": null,
            "distribution_type": "conda",
            "download_url": "//api.anaconda.org/download/bioconda/bioconductor-hdtd/1.18.0/linux-64/bioconductor-hdtd-1.18.0-r351hf484d3e_0.tar.bz2",
            "full_name": "bioconda/bioconductor-hdtd/1.18.0/linux-64/bioconductor-hdtd-1.18.0-r351hf484d3e_0.tar.bz2",
            "labels": [
                "main"
            ],
            "md5": "73c0bfa2d38b18a57b20da95db41e25e",
            "ndownloads": 74,
            "owner": "bioconda",
            "size": 321918,
            "type": "conda",
            "upload_time": "2019-05-14 21:43:25.329000+00:00",
            "version": "1.18.0"
        },
        {
            "attrs": {
                "arch": "x86_64",
                "build": "r361he1b5a44_1",
                "build_number": 1,
                "depends": [
                    "libgcc-ng >=7.3.0",
                    "libstdcxx-ng >=7.3.0",
                    "r-base >=3.6,<3.7.0a0",
                    "r-rcpp >=0.12.13",
                    "r-rcpparmadillo"
                ],
                "has_prefix": false,
                "license": "GPL-3",
                "machine": "x86_64",
                "operatingsystem": "linux",
                "platform": "linux",
                "subdir": "linux-64",
                "target-triplet": "x86_64-any-linux",
                "timestamp": 1563195296874
            },
            "basename": "linux-64/bioconductor-hdtd-1.18.0-r361he1b5a44_1.tar.bz2",
            "dependencies": {
                "depends": [
                    {
                        "name": "libgcc-ng",
                        "specs": [
                            [
                                ">=",
                                "7.3.0"
                            ]
                        ]
                    },
                    {
                        "name": "libstdcxx-ng",
                        "specs": [
                            [
                                ">=",
                                "7.3.0"
                            ]
                        ]
                    },
                    {
                        "name": "r-base",
                        "specs": [
                            [
                                ">=",
                                "3.6,<3.7.0a0"
                            ]
                        ]
                    },
                    {
                        "name": "r-rcpp",
                        "specs": [
                            [
                                ">=",
                                "0.12.13"
                            ]
                        ]
                    },
                    {
                        "name": "r-rcpparmadillo",
                        "specs": []
                    }
                ]
            },
            "description": null,
            "distribution_type": "conda",
            "download_url": "//api.anaconda.org/download/bioconda/bioconductor-hdtd/1.18.0/linux-64/bioconductor-hdtd-1.18.0-r361he1b5a44_1.tar.bz2",
            "full_name": "bioconda/bioconductor-hdtd/1.18.0/linux-64/bioconductor-hdtd-1.18.0-r361he1b5a44_1.tar.bz2",
            "labels": [
                "main"
            ],
            "md5": "18c567a5a457b2fb58e811396f4b3d09",
            "ndownloads": 33,
            "owner": "bioconda",
            "size": 323123,
            "type": "conda",
            "upload_time": "2019-07-15 12:58:58.708000+00:00",
            "version": "1.18.0"
        },
        {
            "attrs": {
                "arch": "x86_64",
                "build": "r36h6de7cb9_1",
                "build_number": 1,
                "depends": [
                    "libcxx >=4.0.1",
                    "r-base >=3.6,<3.7.0a0",
                    "r-rcpp >=0.12.13",
                    "r-rcpparmadillo"
                ],
                "has_prefix": true,
                "license": "GPL-3",
                "machine": "x86_64",
                "operatingsystem": "darwin",
                "platform": "osx",
                "subdir": "osx-64",
                "target-triplet": "x86_64-any-darwin",
                "timestamp": 1563342521888
            },
            "basename": "osx-64/bioconductor-hdtd-1.18.0-r36h6de7cb9_1.tar.bz2",
            "dependencies": {
                "depends": [
                    {
                        "name": "libcxx",
                        "specs": [
                            [
                                ">=",
                                "4.0.1"
                            ]
                        ]
                    },
                    {
                        "name": "r-base",
                        "specs": [
                            [
                                ">=",
                                "3.6,<3.7.0a0"
                            ]
                        ]
                    },
                    {
                        "name": "r-rcpp",
                        "specs": [
                            [
                                ">=",
                                "0.12.13"
                            ]
                        ]
                    },
                    {
                        "name": "r-rcpparmadillo",
                        "specs": []
                    }
                ]
            },
            "description": null,
            "distribution_type": "conda",
            "download_url": "//api.anaconda.org/download/bioconda/bioconductor-hdtd/1.18.0/osx-64/bioconductor-hdtd-1.18.0-r36h6de7cb9_1.tar.bz2",
            "full_name": "bioconda/bioconductor-hdtd/1.18.0/osx-64/bioconductor-hdtd-1.18.0-r36h6de7cb9_1.tar.bz2",
            "labels": [
                "main"
            ],
            "md5": "e6a59abec2c14f701c72bcaf44a36e4e",
            "ndownloads": 355,
            "owner": "bioconda",
            "size": 336387,
            "type": "conda",
            "upload_time": "2019-07-17 05:49:22.930000+00:00",
            "version": "1.18.0"
        },
        {
            "attrs": {
                "arch": "x86_64",
                "build": "r36h6de7cb9_0",
                "build_number": 0,
                "depends": [
                    "libcxx >=4.0.1",
                    "r-base >=3.6,<3.7.0a0",
                    "r-rcpp >=1.0.1",
                    "r-rcpparmadillo"
                ],
                "has_prefix": true,
                "license": "GPL-3",
                "machine": "x86_64",
                "operatingsystem": "darwin",
                "platform": "osx",
                "subdir": "osx-64",
                "target-triplet": "x86_64-any-darwin",
                "timestamp": 1572635940580
            },
            "basename": "osx-64/bioconductor-hdtd-1.20.0-r36h6de7cb9_0.tar.bz2",
            "dependencies": {
                "depends": [
                    {
                        "name": "libcxx",
                        "specs": [
                            [
                                ">=",
                                "4.0.1"
                            ]
                        ]
                    },
                    {
                        "name": "r-base",
                        "specs": [
                            [
                                ">=",
                                "3.6,<3.7.0a0"
                            ]
                        ]
                    },
                    {
                        "name": "r-rcpp",
                        "specs": [
                            [
                                ">=",
                                "1.0.1"
                            ]
                        ]
                    },
                    {
                        "name": "r-rcpparmadillo",
                        "specs": []
                    }
                ]
            },
            "description": null,
            "distribution_type": "conda",
            "download_url": "//api.anaconda.org/download/bioconda/bioconductor-hdtd/1.20.0/osx-64/bioconductor-hdtd-1.20.0-r36h6de7cb9_0.tar.bz2",
            "full_name": "bioconda/bioconductor-hdtd/1.20.0/osx-64/bioconductor-hdtd-1.20.0-r36h6de7cb9_0.tar.bz2",
            "labels": [
                "main"
            ],
            "md5": "5041a8d82b95663759da3b1957c60e42",
            "ndownloads": 158,
            "owner": "bioconda",
            "size": 348272,
            "type": "conda",
            "upload_time": "2019-11-01 19:19:45.728000+00:00",
            "version": "1.20.0"
        },
        {
            "attrs": {
                "arch": "x86_64",
                "build": "r36he1b5a44_0",
                "build_number": 0,
                "depends": [
                    "libgcc-ng >=7.3.0",
                    "libstdcxx-ng >=7.3.0",
                    "r-base >=3.6,<3.7.0a0",
                    "r-rcpp >=1.0.1",
                    "r-rcpparmadillo"
                ],
                "has_prefix": false,
                "license": "GPL-3",
                "machine": "x86_64",
                "operatingsystem": "linux",
                "platform": "linux",
                "subdir": "linux-64",
                "target-triplet": "x86_64-any-linux",
                "timestamp": 1572636718495
            },
            "basename": "linux-64/bioconductor-hdtd-1.20.0-r36he1b5a44_0.tar.bz2",
            "dependencies": {
                "depends": [
                    {
                        "name": "libgcc-ng",
                        "specs": [
                            [
                                ">=",
                                "7.3.0"
                            ]
                        ]
                    },
                    {
                        "name": "libstdcxx-ng",
                        "specs": [
                            [
                                ">=",
                                "7.3.0"
                            ]
                        ]
                    },
                    {
                        "name": "r-base",
                        "specs": [
                            [
                                ">=",
                                "3.6,<3.7.0a0"
                            ]
                        ]
                    },
                    {
                        "name": "r-rcpp",
                        "specs": [
                            [
                                ">=",
                                "1.0.1"
                            ]
                        ]
                    },
                    {
                        "name": "r-rcpparmadillo",
                        "specs": []
                    }
                ]
            },
            "description": null,
            "distribution_type": "conda",
            "download_url": "//api.anaconda.org/download/bioconda/bioconductor-hdtd/1.20.0/linux-64/bioconductor-hdtd-1.20.0-r36he1b5a44_0.tar.bz2",
            "full_name": "bioconda/bioconductor-hdtd/1.20.0/linux-64/bioconductor-hdtd-1.20.0-r36he1b5a44_0.tar.bz2",
            "labels": [
                "main"
            ],
            "md5": "d5b1104aa14224c35e9620885141ba67",
            "ndownloads": 24,
            "owner": "bioconda",
            "size": 335347,
            "type": "conda",
            "upload_time": "2019-11-01 19:36:11.292000+00:00",
            "version": "1.20.0"
        }
    ],
    "full_name": "bioconda/bioconductor-hdtd",
    "home": "https://bioconductor.org/packages/3.8/bioc/html/HDTD.html",
    "html_url": "http://anaconda.org/bioconda/bioconductor-hdtd",
    "id": "5c0fc08637f3391343e64901",
    "latest_version": "1.20.0",
    "license": "GPL-3",
    "license_url": null,
    "modified_at": "2019-11-01 19:36:12.390000+00:00",
    "name": "bioconductor-hdtd",
    "owner": {
        "company": "",
        "created_at": "2015-09-11 22:59:20.880000+00:00",
        "description": "Bioconda is a distribution of bioinformatics software realized as a channel for the versatile Conda package manager.",
        "location": "",
        "login": "bioconda",
        "name": "bioconda",
        "url": "",
        "user_type": "org"
    },
    "package_types": [
        "conda"
    ],
    "public": true,
    "releases": [
        {
            "distributions": [],
            "full_name": "bioconda/bioconductor-hdtd/1.16.0",
            "version": "1.16.0"
        },
        {
            "distributions": [],
            "full_name": "bioconda/bioconductor-hdtd/1.18.0",
            "version": "1.18.0"
        },
        {
            "distributions": [],
            "full_name": "bioconda/bioconductor-hdtd/1.20.0",
            "version": "1.20.0"
        }
    ],
    "revision": 6,
    "source_git_tag": null,
    "source_git_url": null,
    "summary": "Statistical Inference about the Mean Matrix and the Covariance Matrices in High-Dimensional Transposable Data (HDTD)",
    "upvoted": 0,
    "url": "http://api.anaconda.org/packages/bioconda/bioconductor-hdtd",
    "versions": [
        "1.16.0",
        "1.18.0",
        "1.20.0"
    ],
    "watchers": 1
}