{
    "app_entry": {},
    "app_summary": {},
    "app_type": {},
    "builds": [
        "r36h516909a_0",
        "r36h516909a_1",
        "r351h14c3975_0",
        "r351h1de35cc_0",
        "r36h01d97ff_0",
        "r36h01d97ff_1"
    ],
    "conda_platforms": [
        "linux-64",
        "osx-64"
    ],
    "created_at": "2018-12-10 02:31:31.553000+00:00",
    "description": "Package that implements the COSNet classification algorithm. The algorithm predicts node labels in partially labeled graphs where few positives are available for the class being predicted.",
    "dev_url": null,
    "doc_url": null,
    "files": [
        {
            "attrs": {
                "arch": "x86_64",
                "build": "r351h1de35cc_0",
                "build_number": 0,
                "depends": [
                    "r-base >=3.5.1,<3.5.2.0a0"
                ],
                "has_prefix": true,
                "license": "GPL (>= 2)",
                "machine": "x86_64",
                "operatingsystem": "darwin",
                "platform": "osx",
                "subdir": "osx-64",
                "target-triplet": "x86_64-any-darwin",
                "timestamp": 1544409051279
            },
            "basename": "osx-64/bioconductor-cosnet-1.16.0-r351h1de35cc_0.tar.bz2",
            "dependencies": {
                "depends": [
                    {
                        "name": "r-base",
                        "specs": [
                            [
                                ">=",
                                "3.5.1,<3.5.2.0a0"
                            ]
                        ]
                    }
                ]
            },
            "description": null,
            "distribution_type": "conda",
            "download_url": "//api.anaconda.org/download/bioconda/bioconductor-cosnet/1.16.0/osx-64/bioconductor-cosnet-1.16.0-r351h1de35cc_0.tar.bz2",
            "full_name": "bioconda/bioconductor-cosnet/1.16.0/osx-64/bioconductor-cosnet-1.16.0-r351h1de35cc_0.tar.bz2",
            "labels": [
                "gcc7",
                "main"
            ],
            "md5": "da74b977608389f60db704d46060b32e",
            "ndownloads": 685,
            "owner": "bioconda",
            "size": 371471,
            "type": "conda",
            "upload_time": "2018-12-10 02:31:32.537000+00:00",
            "version": "1.16.0"
        },
        {
            "attrs": {
                "arch": "x86_64",
                "build": "r351h14c3975_0",
                "build_number": 0,
                "depends": [
                    "libgcc-ng >=7.3.0",
                    "r-base >=3.5.1,<3.5.2.0a0"
                ],
                "has_prefix": false,
                "license": "GPL (>= 2)",
                "machine": "x86_64",
                "operatingsystem": "linux",
                "platform": "linux",
                "subdir": "linux-64",
                "target-triplet": "x86_64-any-linux",
                "timestamp": 1546977222627
            },
            "basename": "linux-64/bioconductor-cosnet-1.16.0-r351h14c3975_0.tar.bz2",
            "dependencies": {
                "depends": [
                    {
                        "name": "libgcc-ng",
                        "specs": [
                            [
                                ">=",
                                "7.3.0"
                            ]
                        ]
                    },
                    {
                        "name": "r-base",
                        "specs": [
                            [
                                ">=",
                                "3.5.1,<3.5.2.0a0"
                            ]
                        ]
                    }
                ]
            },
            "description": null,
            "distribution_type": "conda",
            "download_url": "//api.anaconda.org/download/bioconda/bioconductor-cosnet/1.16.0/linux-64/bioconductor-cosnet-1.16.0-r351h14c3975_0.tar.bz2",
            "full_name": "bioconda/bioconductor-cosnet/1.16.0/linux-64/bioconductor-cosnet-1.16.0-r351h14c3975_0.tar.bz2",
            "labels": [
                "gcc7",
                "main"
            ],
            "md5": "dc077d7c51f13adb325739e692aa8410",
            "ndownloads": 81,
            "owner": "bioconda",
            "size": 373025,
            "type": "conda",
            "upload_time": "2019-01-08 19:56:26.502000+00:00",
            "version": "1.16.0"
        },
        {
            "attrs": {
                "arch": "x86_64",
                "build": "r351h1de35cc_0",
                "build_number": 0,
                "depends": [
                    "r-base >=3.5.1,<3.5.2.0a0"
                ],
                "has_prefix": true,
                "license": "GPL (>= 2)",
                "machine": "x86_64",
                "operatingsystem": "darwin",
                "platform": "osx",
                "subdir": "osx-64",
                "target-triplet": "x86_64-any-darwin",
                "timestamp": 1557418286083
            },
            "basename": "osx-64/bioconductor-cosnet-1.18.0-r351h1de35cc_0.tar.bz2",
            "dependencies": {
                "depends": [
                    {
                        "name": "r-base",
                        "specs": [
                            [
                                ">=",
                                "3.5.1,<3.5.2.0a0"
                            ]
                        ]
                    }
                ]
            },
            "description": null,
            "distribution_type": "conda",
            "download_url": "//api.anaconda.org/download/bioconda/bioconductor-cosnet/1.18.0/osx-64/bioconductor-cosnet-1.18.0-r351h1de35cc_0.tar.bz2",
            "full_name": "bioconda/bioconductor-cosnet/1.18.0/osx-64/bioconductor-cosnet-1.18.0-r351h1de35cc_0.tar.bz2",
            "labels": [
                "main"
            ],
            "md5": "7f042c85caa793f49d7713be76a9d8f0",
            "ndownloads": 159,
            "owner": "bioconda",
            "size": 371557,
            "type": "conda",
            "upload_time": "2019-05-09 16:12:12.339000+00:00",
            "version": "1.18.0"
        },
        {
            "attrs": {
                "arch": "x86_64",
                "build": "r351h14c3975_0",
                "build_number": 0,
                "depends": [
                    "libgcc-ng >=7.3.0",
                    "r-base >=3.5.1,<3.5.2.0a0"
                ],
                "has_prefix": false,
                "license": "GPL (>= 2)",
                "machine": "x86_64",
                "operatingsystem": "linux",
                "platform": "linux",
                "subdir": "linux-64",
                "target-triplet": "x86_64-any-linux",
                "timestamp": 1557560577510
            },
            "basename": "linux-64/bioconductor-cosnet-1.18.0-r351h14c3975_0.tar.bz2",
            "dependencies": {
                "depends": [
                    {
                        "name": "libgcc-ng",
                        "specs": [
                            [
                                ">=",
                                "7.3.0"
                            ]
                        ]
                    },
                    {
                        "name": "r-base",
                        "specs": [
                            [
                                ">=",
                                "3.5.1,<3.5.2.0a0"
                            ]
                        ]
                    }
                ]
            },
            "description": null,
            "distribution_type": "conda",
            "download_url": "//api.anaconda.org/download/bioconda/bioconductor-cosnet/1.18.0/linux-64/bioconductor-cosnet-1.18.0-r351h14c3975_0.tar.bz2",
            "full_name": "bioconda/bioconductor-cosnet/1.18.0/linux-64/bioconductor-cosnet-1.18.0-r351h14c3975_0.tar.bz2",
            "labels": [
                "main"
            ],
            "md5": "977c3a0b73e27684fa0ae45d1d9f5cae",
            "ndownloads": 73,
            "owner": "bioconda",
            "size": 372361,
            "type": "conda",
            "upload_time": "2019-05-11 07:46:56.708000+00:00",
            "version": "1.18.0"
        },
        {
            "attrs": {
                "arch": "x86_64",
                "build": "r36h01d97ff_1",
                "build_number": 1,
                "depends": [
                    "r-base >=3.6,<3.7.0a0"
                ],
                "has_prefix": true,
                "license": "GPL (>= 2)",
                "machine": "x86_64",
                "operatingsystem": "darwin",
                "platform": "osx",
                "subdir": "osx-64",
                "target-triplet": "x86_64-any-darwin",
                "timestamp": 1563344931329
            },
            "basename": "osx-64/bioconductor-cosnet-1.18.0-r36h01d97ff_1.tar.bz2",
            "dependencies": {
                "depends": [
                    {
                        "name": "r-base",
                        "specs": [
                            [
                                ">=",
                                "3.6,<3.7.0a0"
                            ]
                        ]
                    }
                ]
            },
            "description": null,
            "distribution_type": "conda",
            "download_url": "//api.anaconda.org/download/bioconda/bioconductor-cosnet/1.18.0/osx-64/bioconductor-cosnet-1.18.0-r36h01d97ff_1.tar.bz2",
            "full_name": "bioconda/bioconductor-cosnet/1.18.0/osx-64/bioconductor-cosnet-1.18.0-r36h01d97ff_1.tar.bz2",
            "labels": [
                "main"
            ],
            "md5": "2fb9c7871c2a1c5c39db75d04b70ee60",
            "ndownloads": 336,
            "owner": "bioconda",
            "size": 372518,
            "type": "conda",
            "upload_time": "2019-07-17 06:29:31.047000+00:00",
            "version": "1.18.0"
        },
        {
            "attrs": {
                "arch": "x86_64",
                "build": "r36h516909a_1",
                "build_number": 1,
                "depends": [
                    "libgcc-ng >=7.3.0",
                    "r-base >=3.6,<3.7.0a0"
                ],
                "has_prefix": false,
                "license": "GPL (>= 2)",
                "machine": "x86_64",
                "operatingsystem": "linux",
                "platform": "linux",
                "subdir": "linux-64",
                "target-triplet": "x86_64-any-linux",
                "timestamp": 1563485982757
            },
            "basename": "linux-64/bioconductor-cosnet-1.18.0-r36h516909a_1.tar.bz2",
            "dependencies": {
                "depends": [
                    {
                        "name": "libgcc-ng",
                        "specs": [
                            [
                                ">=",
                                "7.3.0"
                            ]
                        ]
                    },
                    {
                        "name": "r-base",
                        "specs": [
                            [
                                ">=",
                                "3.6,<3.7.0a0"
                            ]
                        ]
                    }
                ]
            },
            "description": null,
            "distribution_type": "conda",
            "download_url": "//api.anaconda.org/download/bioconda/bioconductor-cosnet/1.18.0/linux-64/bioconductor-cosnet-1.18.0-r36h516909a_1.tar.bz2",
            "full_name": "bioconda/bioconductor-cosnet/1.18.0/linux-64/bioconductor-cosnet-1.18.0-r36h516909a_1.tar.bz2",
            "labels": [
                "main"
            ],
            "md5": "ff4246894296e74d5c0640d0f595bd7d",
            "ndownloads": 38,
            "owner": "bioconda",
            "size": 373383,
            "type": "conda",
            "upload_time": "2019-07-18 21:43:40.553000+00:00",
            "version": "1.18.0"
        },
        {
            "attrs": {
                "arch": "x86_64",
                "build": "r36h01d97ff_0",
                "build_number": 0,
                "depends": [
                    "r-base >=3.6,<3.7.0a0"
                ],
                "has_prefix": true,
                "license": "GPL (>= 2)",
                "machine": "x86_64",
                "operatingsystem": "darwin",
                "platform": "osx",
                "subdir": "osx-64",
                "target-triplet": "x86_64-any-darwin",
                "timestamp": 1572594497319
            },
            "basename": "osx-64/bioconductor-cosnet-1.20.0-r36h01d97ff_0.tar.bz2",
            "dependencies": {
                "depends": [
                    {
                        "name": "r-base",
                        "specs": [
                            [
                                ">=",
                                "3.6,<3.7.0a0"
                            ]
                        ]
                    }
                ]
            },
            "description": null,
            "distribution_type": "conda",
            "download_url": "//api.anaconda.org/download/bioconda/bioconductor-cosnet/1.20.0/osx-64/bioconductor-cosnet-1.20.0-r36h01d97ff_0.tar.bz2",
            "full_name": "bioconda/bioconductor-cosnet/1.20.0/osx-64/bioconductor-cosnet-1.20.0-r36h01d97ff_0.tar.bz2",
            "labels": [
                "main"
            ],
            "md5": "b13d6bbf891fb6ad835af742ff931759",
            "ndownloads": 161,
            "owner": "bioconda",
            "size": 384458,
            "type": "conda",
            "upload_time": "2019-11-01 07:49:01.514000+00:00",
            "version": "1.20.0"
        },
        {
            "attrs": {
                "arch": "x86_64",
                "build": "r36h516909a_0",
                "build_number": 0,
                "depends": [
                    "libgcc-ng >=7.3.0",
                    "r-base >=3.6,<3.7.0a0"
                ],
                "has_prefix": false,
                "license": "GPL (>= 2)",
                "machine": "x86_64",
                "operatingsystem": "linux",
                "platform": "linux",
                "subdir": "linux-64",
                "target-triplet": "x86_64-any-linux",
                "timestamp": 1572628826748
            },
            "basename": "linux-64/bioconductor-cosnet-1.20.0-r36h516909a_0.tar.bz2",
            "dependencies": {
                "depends": [
                    {
                        "name": "libgcc-ng",
                        "specs": [
                            [
                                ">=",
                                "7.3.0"
                            ]
                        ]
                    },
                    {
                        "name": "r-base",
                        "specs": [
                            [
                                ">=",
                                "3.6,<3.7.0a0"
                            ]
                        ]
                    }
                ]
            },
            "description": null,
            "distribution_type": "conda",
            "download_url": "//api.anaconda.org/download/bioconda/bioconductor-cosnet/1.20.0/linux-64/bioconductor-cosnet-1.20.0-r36h516909a_0.tar.bz2",
            "full_name": "bioconda/bioconductor-cosnet/1.20.0/linux-64/bioconductor-cosnet-1.20.0-r36h516909a_0.tar.bz2",
            "labels": [
                "main"
            ],
            "md5": "c6344c6cb2c9033cf7d02d2a02501da4",
            "ndownloads": 31,
            "owner": "bioconda",
            "size": 385722,
            "type": "conda",
            "upload_time": "2019-11-01 17:25:34.628000+00:00",
            "version": "1.20.0"
        }
    ],
    "full_name": "bioconda/bioconductor-cosnet",
    "home": "https://bioconductor.org/packages/3.8/bioc/html/COSNet.html",
    "html_url": "http://anaconda.org/bioconda/bioconductor-cosnet",
    "id": "5c0dd003036b861352370675",
    "latest_version": "1.20.0",
    "license": "GPL (>= 2)",
    "license_url": null,
    "modified_at": "2019-11-01 17:25:34.909000+00:00",
    "name": "bioconductor-cosnet",
    "owner": {
        "company": "",
        "created_at": "2015-09-11 22:59:20.880000+00:00",
        "description": "Bioconda is a distribution of bioinformatics software realized as a channel for the versatile Conda package manager.",
        "location": "",
        "login": "bioconda",
        "name": "bioconda",
        "url": "",
        "user_type": "org"
    },
    "package_types": [
        "conda"
    ],
    "public": true,
    "releases": [
        {
            "distributions": [],
            "full_name": "bioconda/bioconductor-cosnet/1.16.0",
            "version": "1.16.0"
        },
        {
            "distributions": [],
            "full_name": "bioconda/bioconductor-cosnet/1.18.0",
            "version": "1.18.0"
        },
        {
            "distributions": [],
            "full_name": "bioconda/bioconductor-cosnet/1.20.0",
            "version": "1.20.0"
        }
    ],
    "revision": 6,
    "source_git_tag": null,
    "source_git_url": null,
    "summary": "Cost Sensitive Network for node label prediction on graphs with highly unbalanced labelings",
    "upvoted": 0,
    "url": "http://api.anaconda.org/packages/bioconda/bioconductor-cosnet",
    "versions": [
        "1.16.0",
        "1.18.0",
        "1.20.0"
    ],
    "watchers": 1
}