{
    "app_entry": {},
    "app_summary": {},
    "app_type": {},
    "builds": [
        "r351_0",
        "r36_0"
    ],
    "conda_platforms": [
        "noarch"
    ],
    "created_at": "2019-01-13 00:28:47.696000+00:00",
    "description": "This package creates an HTML format QC report for MS/MS-based proteomics data. The report is intended to allow the user to quickly assess the quality of proteomics data.",
    "dev_url": null,
    "doc_url": null,
    "files": [
        {
            "attrs": {
                "arch": null,
                "build": "r351_0",
                "build_number": 0,
                "depends": [
                    "bioconductor-msnbase >=2.8.0,<2.9.0",
                    "bioconductor-rpx >=1.18.0,<1.19.0",
                    "bioconductor-rtandem >=1.22.0,<1.23.0",
                    "r-base >=3.5.1,<3.5.2.0a0",
                    "r-dplyr",
                    "r-ggplot2",
                    "r-nozzle.r1",
                    "r-plotly",
                    "r-plyr",
                    "r-reshape2",
                    "r-rmarkdown",
                    "r-seqinr",
                    "r-tidyr",
                    "r-venndiagram",
                    "r-xml"
                ],
                "has_prefix": false,
                "license": "LGPL-2",
                "machine": null,
                "noarch": "generic",
                "operatingsystem": null,
                "platform": null,
                "subdir": "noarch",
                "target-triplet": "None-any-None",
                "timestamp": 1547339019760
            },
            "basename": "noarch/bioconductor-proteoqc-1.18.1-r351_0.tar.bz2",
            "dependencies": {
                "depends": [
                    {
                        "name": "bioconductor-msnbase",
                        "specs": [
                            [
                                ">=",
                                "2.8.0,<2.9.0"
                            ]
                        ]
                    },
                    {
                        "name": "bioconductor-rpx",
                        "specs": [
                            [
                                ">=",
                                "1.18.0,<1.19.0"
                            ]
                        ]
                    },
                    {
                        "name": "bioconductor-rtandem",
                        "specs": [
                            [
                                ">=",
                                "1.22.0,<1.23.0"
                            ]
                        ]
                    },
                    {
                        "name": "r-base",
                        "specs": [
                            [
                                ">=",
                                "3.5.1,<3.5.2.0a0"
                            ]
                        ]
                    },
                    {
                        "name": "r-dplyr",
                        "specs": []
                    },
                    {
                        "name": "r-ggplot2",
                        "specs": []
                    },
                    {
                        "name": "r-nozzle.r1",
                        "specs": []
                    },
                    {
                        "name": "r-plotly",
                        "specs": []
                    },
                    {
                        "name": "r-plyr",
                        "specs": []
                    },
                    {
                        "name": "r-reshape2",
                        "specs": []
                    },
                    {
                        "name": "r-rmarkdown",
                        "specs": []
                    },
                    {
                        "name": "r-seqinr",
                        "specs": []
                    },
                    {
                        "name": "r-tidyr",
                        "specs": []
                    },
                    {
                        "name": "r-venndiagram",
                        "specs": []
                    },
                    {
                        "name": "r-xml",
                        "specs": []
                    }
                ]
            },
            "description": null,
            "distribution_type": "conda",
            "download_url": "//api.anaconda.org/download/bioconda/bioconductor-proteoqc/1.18.1/noarch/bioconductor-proteoqc-1.18.1-r351_0.tar.bz2",
            "full_name": "bioconda/bioconductor-proteoqc/1.18.1/noarch/bioconductor-proteoqc-1.18.1-r351_0.tar.bz2",
            "labels": [
                "gcc7",
                "main"
            ],
            "md5": "93712adf4a3747cca776ee6dd49ebcb9",
            "ndownloads": 77,
            "owner": "bioconda",
            "size": 5311022,
            "type": "conda",
            "upload_time": "2019-01-13 00:28:49.191000+00:00",
            "version": "1.18.1"
        },
        {
            "attrs": {
                "arch": null,
                "build": "r36_0",
                "build_number": 0,
                "depends": [
                    "bioconductor-msnbase >=2.10.0,<2.11.0",
                    "bioconductor-rpx >=1.20.0,<1.21.0",
                    "bioconductor-rtandem >=1.24.0,<1.25.0",
                    "r-base >=3.6,<3.7.0a0",
                    "r-dplyr",
                    "r-ggplot2",
                    "r-nozzle.r1",
                    "r-plotly",
                    "r-plyr",
                    "r-reshape2",
                    "r-rmarkdown",
                    "r-seqinr",
                    "r-tidyr",
                    "r-venndiagram",
                    "r-xml"
                ],
                "has_prefix": false,
                "license": "LGPL-2",
                "machine": null,
                "noarch": "generic",
                "operatingsystem": null,
                "platform": null,
                "subdir": "noarch",
                "target-triplet": "None-any-None",
                "timestamp": 1566383946952
            },
            "basename": "noarch/bioconductor-proteoqc-1.20.0-r36_0.tar.bz2",
            "dependencies": {
                "depends": [
                    {
                        "name": "bioconductor-msnbase",
                        "specs": [
                            [
                                ">=",
                                "2.10.0,<2.11.0"
                            ]
                        ]
                    },
                    {
                        "name": "bioconductor-rpx",
                        "specs": [
                            [
                                ">=",
                                "1.20.0,<1.21.0"
                            ]
                        ]
                    },
                    {
                        "name": "bioconductor-rtandem",
                        "specs": [
                            [
                                ">=",
                                "1.24.0,<1.25.0"
                            ]
                        ]
                    },
                    {
                        "name": "r-base",
                        "specs": [
                            [
                                ">=",
                                "3.6,<3.7.0a0"
                            ]
                        ]
                    },
                    {
                        "name": "r-dplyr",
                        "specs": []
                    },
                    {
                        "name": "r-ggplot2",
                        "specs": []
                    },
                    {
                        "name": "r-nozzle.r1",
                        "specs": []
                    },
                    {
                        "name": "r-plotly",
                        "specs": []
                    },
                    {
                        "name": "r-plyr",
                        "specs": []
                    },
                    {
                        "name": "r-reshape2",
                        "specs": []
                    },
                    {
                        "name": "r-rmarkdown",
                        "specs": []
                    },
                    {
                        "name": "r-seqinr",
                        "specs": []
                    },
                    {
                        "name": "r-tidyr",
                        "specs": []
                    },
                    {
                        "name": "r-venndiagram",
                        "specs": []
                    },
                    {
                        "name": "r-xml",
                        "specs": []
                    }
                ]
            },
            "description": null,
            "distribution_type": "conda",
            "download_url": "//api.anaconda.org/download/bioconda/bioconductor-proteoqc/1.20.0/noarch/bioconductor-proteoqc-1.20.0-r36_0.tar.bz2",
            "full_name": "bioconda/bioconductor-proteoqc/1.20.0/noarch/bioconductor-proteoqc-1.20.0-r36_0.tar.bz2",
            "labels": [
                "main"
            ],
            "md5": "21bebaaeece02b71f5fc96c1d2871276",
            "ndownloads": 26,
            "owner": "bioconda",
            "size": 5374328,
            "type": "conda",
            "upload_time": "2019-08-21 10:44:40.601000+00:00",
            "version": "1.20.0"
        },
        {
            "attrs": {
                "arch": null,
                "build": "r36_0",
                "build_number": 0,
                "depends": [
                    "bioconductor-msnbase >=2.12.0,<2.13.0",
                    "bioconductor-rpx >=1.22.0,<1.23.0",
                    "bioconductor-rtandem >=1.26.0,<1.27.0",
                    "r-base >=3.6,<3.7.0a0",
                    "r-dplyr",
                    "r-ggplot2",
                    "r-nozzle.r1",
                    "r-plotly",
                    "r-plyr",
                    "r-reshape2",
                    "r-rmarkdown",
                    "r-seqinr",
                    "r-tidyr",
                    "r-venndiagram",
                    "r-xml"
                ],
                "has_prefix": false,
                "license": "LGPL-2",
                "machine": null,
                "noarch": "generic",
                "operatingsystem": null,
                "platform": null,
                "subdir": "noarch",
                "target-triplet": "None-any-None",
                "timestamp": 1572897981595
            },
            "basename": "noarch/bioconductor-proteoqc-1.21.0-r36_0.tar.bz2",
            "dependencies": {
                "depends": [
                    {
                        "name": "bioconductor-msnbase",
                        "specs": [
                            [
                                ">=",
                                "2.12.0,<2.13.0"
                            ]
                        ]
                    },
                    {
                        "name": "bioconductor-rpx",
                        "specs": [
                            [
                                ">=",
                                "1.22.0,<1.23.0"
                            ]
                        ]
                    },
                    {
                        "name": "bioconductor-rtandem",
                        "specs": [
                            [
                                ">=",
                                "1.26.0,<1.27.0"
                            ]
                        ]
                    },
                    {
                        "name": "r-base",
                        "specs": [
                            [
                                ">=",
                                "3.6,<3.7.0a0"
                            ]
                        ]
                    },
                    {
                        "name": "r-dplyr",
                        "specs": []
                    },
                    {
                        "name": "r-ggplot2",
                        "specs": []
                    },
                    {
                        "name": "r-nozzle.r1",
                        "specs": []
                    },
                    {
                        "name": "r-plotly",
                        "specs": []
                    },
                    {
                        "name": "r-plyr",
                        "specs": []
                    },
                    {
                        "name": "r-reshape2",
                        "specs": []
                    },
                    {
                        "name": "r-rmarkdown",
                        "specs": []
                    },
                    {
                        "name": "r-seqinr",
                        "specs": []
                    },
                    {
                        "name": "r-tidyr",
                        "specs": []
                    },
                    {
                        "name": "r-venndiagram",
                        "specs": []
                    },
                    {
                        "name": "r-xml",
                        "specs": []
                    }
                ]
            },
            "description": null,
            "distribution_type": "conda",
            "download_url": "//api.anaconda.org/download/bioconda/bioconductor-proteoqc/1.21.0/noarch/bioconductor-proteoqc-1.21.0-r36_0.tar.bz2",
            "full_name": "bioconda/bioconductor-proteoqc/1.21.0/noarch/bioconductor-proteoqc-1.21.0-r36_0.tar.bz2",
            "labels": [
                "main"
            ],
            "md5": "dc043276c1cf9b83a6e75fa8eea62ba9",
            "ndownloads": 20,
            "owner": "bioconda",
            "size": 5490353,
            "type": "conda",
            "upload_time": "2019-11-04 20:13:03.999000+00:00",
            "version": "1.21.0"
        }
    ],
    "full_name": "bioconda/bioconductor-proteoqc",
    "home": "https://bioconductor.org/packages/3.8/bioc/html/proteoQC.html",
    "html_url": "http://anaconda.org/bioconda/bioconductor-proteoqc",
    "id": "5c3a863f036b861db6c9430d",
    "latest_version": "1.21.0",
    "license": "LGPL-2",
    "license_url": null,
    "modified_at": "2019-11-04 20:13:04.576000+00:00",
    "name": "bioconductor-proteoqc",
    "owner": {
        "company": "",
        "created_at": "2015-09-11 22:59:20.880000+00:00",
        "description": "Bioconda is a distribution of bioinformatics software realized as a channel for the versatile Conda package manager.",
        "location": "",
        "login": "bioconda",
        "name": "bioconda",
        "url": "",
        "user_type": "org"
    },
    "package_types": [
        "conda"
    ],
    "public": true,
    "releases": [
        {
            "distributions": [],
            "full_name": "bioconda/bioconductor-proteoqc/1.18.1",
            "version": "1.18.1"
        },
        {
            "distributions": [],
            "full_name": "bioconda/bioconductor-proteoqc/1.20.0",
            "version": "1.20.0"
        },
        {
            "distributions": [],
            "full_name": "bioconda/bioconductor-proteoqc/1.21.0",
            "version": "1.21.0"
        }
    ],
    "revision": 6,
    "source_git_tag": null,
    "source_git_url": null,
    "summary": "An R package for proteomics data quality control",
    "upvoted": 0,
    "url": "http://api.anaconda.org/packages/bioconda/bioconductor-proteoqc",
    "versions": [
        "1.18.1",
        "1.20.0",
        "1.21.0"
    ],
    "watchers": 1
}