{
    "app_entry": {},
    "app_summary": {},
    "app_type": {},
    "builds": [
        "r3.3.1_0",
        "r36_1",
        "r36_0",
        "r341_0",
        "r3.3.2_0",
        "r351_0",
        "0",
        "r3.4.1_0"
    ],
    "conda_platforms": [
        "linux-64",
        "noarch",
        "osx-64"
    ],
    "created_at": "2017-05-24 20:32:47.863000+00:00",
    "description": "The main function is doppelgangR(), which takes as minimal input a list of ExpressionSet object, and searches all list pairs for duplicated samples.  The search is based on the genomic data (exprs(eset)), phenotype/clinical data (pData(eset)), and \"smoking guns\" - supposedly unique identifiers found in pData(eset).",
    "dev_url": null,
    "doc_url": null,
    "files": [
        {
            "attrs": {
                "arch": "x86_64",
                "build": "r3.4.1_0",
                "build_number": 0,
                "depends": [
                    "bioconductor-biobase",
                    "bioconductor-biocparallel",
                    "bioconductor-impute",
                    "bioconductor-sva",
                    "r-base 3.4.1*",
                    "r-digest",
                    "r-mnormt"
                ],
                "has_prefix": false,
                "license": "GPL (>=2.0)",
                "machine": "x86_64",
                "operatingsystem": "linux",
                "platform": "linux",
                "subdir": "linux-64",
                "target-triplet": "x86_64-any-linux"
            },
            "basename": "linux-64/bioconductor-doppelgangr-1.6.0-r3.4.1_0.tar.bz2",
            "dependencies": {
                "depends": [
                    {
                        "name": "bioconductor-biobase",
                        "specs": []
                    },
                    {
                        "name": "bioconductor-biocparallel",
                        "specs": []
                    },
                    {
                        "name": "bioconductor-impute",
                        "specs": []
                    },
                    {
                        "name": "bioconductor-sva",
                        "specs": []
                    },
                    {
                        "name": "r-base",
                        "specs": [
                            [
                                "==",
                                "3.4.1"
                            ]
                        ]
                    },
                    {
                        "name": "r-digest",
                        "specs": []
                    },
                    {
                        "name": "r-mnormt",
                        "specs": []
                    }
                ]
            },
            "description": null,
            "distribution_type": "conda",
            "download_url": "//api.anaconda.org/download/bioconda/bioconductor-doppelgangr/1.6.0/linux-64/bioconductor-doppelgangr-1.6.0-r3.4.1_0.tar.bz2",
            "full_name": "bioconda/bioconductor-doppelgangr/1.6.0/linux-64/bioconductor-doppelgangr-1.6.0-r3.4.1_0.tar.bz2",
            "labels": [
                "main",
                "cf201901"
            ],
            "md5": "1e85f61a875c5dcf38ede8b95b6deffb",
            "ndownloads": 561,
            "owner": "bioconda",
            "size": 614399,
            "type": "conda",
            "upload_time": "2017-11-10 03:34:12.683000+00:00",
            "version": "1.6.0"
        },
        {
            "attrs": {
                "arch": "x86_64",
                "build": "r3.3.1_0",
                "build_number": 0,
                "depends": [
                    "bioconductor-biobase",
                    "bioconductor-biocparallel",
                    "bioconductor-impute",
                    "bioconductor-sva",
                    "r-base 3.3.1*",
                    "r-digest",
                    "r-mnormt"
                ],
                "has_prefix": false,
                "license": "GPL (>=2.0)",
                "machine": "x86_64",
                "operatingsystem": "linux",
                "platform": "linux",
                "subdir": "linux-64",
                "target-triplet": "x86_64-any-linux"
            },
            "basename": "linux-64/bioconductor-doppelgangr-1.4.1-r3.3.1_0.tar.bz2",
            "dependencies": {
                "depends": [
                    {
                        "name": "bioconductor-biobase",
                        "specs": []
                    },
                    {
                        "name": "bioconductor-biocparallel",
                        "specs": []
                    },
                    {
                        "name": "bioconductor-impute",
                        "specs": []
                    },
                    {
                        "name": "bioconductor-sva",
                        "specs": []
                    },
                    {
                        "name": "r-base",
                        "specs": [
                            [
                                "==",
                                "3.3.1"
                            ]
                        ]
                    },
                    {
                        "name": "r-digest",
                        "specs": []
                    },
                    {
                        "name": "r-mnormt",
                        "specs": []
                    }
                ]
            },
            "description": null,
            "distribution_type": "conda",
            "download_url": "//api.anaconda.org/download/bioconda/bioconductor-doppelgangr/1.4.1/linux-64/bioconductor-doppelgangr-1.4.1-r3.3.1_0.tar.bz2",
            "full_name": "bioconda/bioconductor-doppelgangr/1.4.1/linux-64/bioconductor-doppelgangr-1.4.1-r3.3.1_0.tar.bz2",
            "labels": [
                "main",
                "cf201901"
            ],
            "md5": "c8684f4670b68d52a8746d00511d722f",
            "ndownloads": 504,
            "owner": "bioconda",
            "size": 299262,
            "type": "conda",
            "upload_time": "2017-05-24 20:32:48.352000+00:00",
            "version": "1.4.1"
        },
        {
            "attrs": {
                "arch": "x86_64",
                "build": "r3.3.1_0",
                "build_number": 0,
                "depends": [
                    "bioconductor-biobase",
                    "bioconductor-biocparallel",
                    "bioconductor-impute",
                    "bioconductor-sva",
                    "r-base 3.3.1*",
                    "r-digest",
                    "r-mnormt"
                ],
                "has_prefix": false,
                "license": "GPL (>=2.0)",
                "machine": "x86_64",
                "operatingsystem": "darwin",
                "platform": "osx",
                "subdir": "osx-64",
                "target-triplet": "x86_64-any-darwin"
            },
            "basename": "osx-64/bioconductor-doppelgangr-1.4.1-r3.3.1_0.tar.bz2",
            "dependencies": {
                "depends": [
                    {
                        "name": "bioconductor-biobase",
                        "specs": []
                    },
                    {
                        "name": "bioconductor-biocparallel",
                        "specs": []
                    },
                    {
                        "name": "bioconductor-impute",
                        "specs": []
                    },
                    {
                        "name": "bioconductor-sva",
                        "specs": []
                    },
                    {
                        "name": "r-base",
                        "specs": [
                            [
                                "==",
                                "3.3.1"
                            ]
                        ]
                    },
                    {
                        "name": "r-digest",
                        "specs": []
                    },
                    {
                        "name": "r-mnormt",
                        "specs": []
                    }
                ]
            },
            "description": null,
            "distribution_type": "conda",
            "download_url": "//api.anaconda.org/download/bioconda/bioconductor-doppelgangr/1.4.1/osx-64/bioconductor-doppelgangr-1.4.1-r3.3.1_0.tar.bz2",
            "full_name": "bioconda/bioconductor-doppelgangr/1.4.1/osx-64/bioconductor-doppelgangr-1.4.1-r3.3.1_0.tar.bz2",
            "labels": [
                "main",
                "cf201901"
            ],
            "md5": "fe7f8be67eb04536c03ff29569c691c8",
            "ndownloads": 50,
            "owner": "bioconda",
            "size": 301589,
            "type": "conda",
            "upload_time": "2017-05-24 20:47:30.847000+00:00",
            "version": "1.4.1"
        },
        {
            "attrs": {
                "arch": "x86_64",
                "build": "r3.3.2_0",
                "build_number": 0,
                "depends": [
                    "bioconductor-biobase",
                    "bioconductor-biocparallel",
                    "bioconductor-impute",
                    "bioconductor-sva",
                    "r-base 3.3.2*",
                    "r-digest",
                    "r-mnormt"
                ],
                "has_prefix": false,
                "license": "GPL (>=2.0)",
                "machine": "x86_64",
                "operatingsystem": "darwin",
                "platform": "osx",
                "subdir": "osx-64",
                "target-triplet": "x86_64-any-darwin"
            },
            "basename": "osx-64/bioconductor-doppelgangr-1.4.1-r3.3.2_0.tar.bz2",
            "dependencies": {
                "depends": [
                    {
                        "name": "bioconductor-biobase",
                        "specs": []
                    },
                    {
                        "name": "bioconductor-biocparallel",
                        "specs": []
                    },
                    {
                        "name": "bioconductor-impute",
                        "specs": []
                    },
                    {
                        "name": "bioconductor-sva",
                        "specs": []
                    },
                    {
                        "name": "r-base",
                        "specs": [
                            [
                                "==",
                                "3.3.2"
                            ]
                        ]
                    },
                    {
                        "name": "r-digest",
                        "specs": []
                    },
                    {
                        "name": "r-mnormt",
                        "specs": []
                    }
                ]
            },
            "description": null,
            "distribution_type": "conda",
            "download_url": "//api.anaconda.org/download/bioconda/bioconductor-doppelgangr/1.4.1/osx-64/bioconductor-doppelgangr-1.4.1-r3.3.2_0.tar.bz2",
            "full_name": "bioconda/bioconductor-doppelgangr/1.4.1/osx-64/bioconductor-doppelgangr-1.4.1-r3.3.2_0.tar.bz2",
            "labels": [
                "main",
                "cf201901"
            ],
            "md5": "08d145e7d9d09d622853043dc072eb59",
            "ndownloads": 40,
            "owner": "bioconda",
            "size": 299969,
            "type": "conda",
            "upload_time": "2017-06-06 11:13:41.718000+00:00",
            "version": "1.4.1"
        },
        {
            "attrs": {
                "arch": "x86_64",
                "build": "r3.3.2_0",
                "build_number": 0,
                "depends": [
                    "bioconductor-biobase",
                    "bioconductor-biocparallel",
                    "bioconductor-impute",
                    "bioconductor-sva",
                    "r-base 3.3.2*",
                    "r-digest",
                    "r-mnormt"
                ],
                "has_prefix": false,
                "license": "GPL (>=2.0)",
                "machine": "x86_64",
                "operatingsystem": "linux",
                "platform": "linux",
                "subdir": "linux-64",
                "target-triplet": "x86_64-any-linux"
            },
            "basename": "linux-64/bioconductor-doppelgangr-1.4.1-r3.3.2_0.tar.bz2",
            "dependencies": {
                "depends": [
                    {
                        "name": "bioconductor-biobase",
                        "specs": []
                    },
                    {
                        "name": "bioconductor-biocparallel",
                        "specs": []
                    },
                    {
                        "name": "bioconductor-impute",
                        "specs": []
                    },
                    {
                        "name": "bioconductor-sva",
                        "specs": []
                    },
                    {
                        "name": "r-base",
                        "specs": [
                            [
                                "==",
                                "3.3.2"
                            ]
                        ]
                    },
                    {
                        "name": "r-digest",
                        "specs": []
                    },
                    {
                        "name": "r-mnormt",
                        "specs": []
                    }
                ]
            },
            "description": null,
            "distribution_type": "conda",
            "download_url": "//api.anaconda.org/download/bioconda/bioconductor-doppelgangr/1.4.1/linux-64/bioconductor-doppelgangr-1.4.1-r3.3.2_0.tar.bz2",
            "full_name": "bioconda/bioconductor-doppelgangr/1.4.1/linux-64/bioconductor-doppelgangr-1.4.1-r3.3.2_0.tar.bz2",
            "labels": [
                "main",
                "cf201901"
            ],
            "md5": "7e84c5f463f9b2170d936ce42ae5b477",
            "ndownloads": 465,
            "owner": "bioconda",
            "size": 303636,
            "type": "conda",
            "upload_time": "2017-06-13 22:50:57.170000+00:00",
            "version": "1.4.1"
        },
        {
            "attrs": {
                "arch": "x86_64",
                "build": "r3.4.1_0",
                "build_number": 0,
                "depends": [
                    "bioconductor-biobase",
                    "bioconductor-biocparallel",
                    "bioconductor-impute",
                    "bioconductor-sva",
                    "r-base 3.4.1*",
                    "r-digest",
                    "r-mnormt"
                ],
                "has_prefix": false,
                "license": "GPL (>=2.0)",
                "machine": "x86_64",
                "operatingsystem": "linux",
                "platform": "linux",
                "subdir": "linux-64",
                "target-triplet": "x86_64-any-linux"
            },
            "basename": "linux-64/bioconductor-doppelgangr-1.4.1-r3.4.1_0.tar.bz2",
            "dependencies": {
                "depends": [
                    {
                        "name": "bioconductor-biobase",
                        "specs": []
                    },
                    {
                        "name": "bioconductor-biocparallel",
                        "specs": []
                    },
                    {
                        "name": "bioconductor-impute",
                        "specs": []
                    },
                    {
                        "name": "bioconductor-sva",
                        "specs": []
                    },
                    {
                        "name": "r-base",
                        "specs": [
                            [
                                "==",
                                "3.4.1"
                            ]
                        ]
                    },
                    {
                        "name": "r-digest",
                        "specs": []
                    },
                    {
                        "name": "r-mnormt",
                        "specs": []
                    }
                ]
            },
            "description": null,
            "distribution_type": "conda",
            "download_url": "//api.anaconda.org/download/bioconda/bioconductor-doppelgangr/1.4.1/linux-64/bioconductor-doppelgangr-1.4.1-r3.4.1_0.tar.bz2",
            "full_name": "bioconda/bioconductor-doppelgangr/1.4.1/linux-64/bioconductor-doppelgangr-1.4.1-r3.4.1_0.tar.bz2",
            "labels": [
                "main",
                "cf201901"
            ],
            "md5": "bb3864c9b649d8af7a3d47a6c6d34061",
            "ndownloads": 422,
            "owner": "bioconda",
            "size": 318163,
            "type": "conda",
            "upload_time": "2017-09-20 12:59:03.494000+00:00",
            "version": "1.4.1"
        },
        {
            "attrs": {
                "arch": "x86_64",
                "build": "r3.4.1_0",
                "build_number": 0,
                "depends": [
                    "bioconductor-biobase",
                    "bioconductor-biocparallel",
                    "bioconductor-impute",
                    "bioconductor-sva",
                    "r-base 3.4.1*",
                    "r-digest",
                    "r-mnormt"
                ],
                "has_prefix": false,
                "license": "GPL (>=2.0)",
                "machine": "x86_64",
                "operatingsystem": "darwin",
                "platform": "osx",
                "subdir": "osx-64",
                "target-triplet": "x86_64-any-darwin"
            },
            "basename": "osx-64/bioconductor-doppelgangr-1.4.1-r3.4.1_0.tar.bz2",
            "dependencies": {
                "depends": [
                    {
                        "name": "bioconductor-biobase",
                        "specs": []
                    },
                    {
                        "name": "bioconductor-biocparallel",
                        "specs": []
                    },
                    {
                        "name": "bioconductor-impute",
                        "specs": []
                    },
                    {
                        "name": "bioconductor-sva",
                        "specs": []
                    },
                    {
                        "name": "r-base",
                        "specs": [
                            [
                                "==",
                                "3.4.1"
                            ]
                        ]
                    },
                    {
                        "name": "r-digest",
                        "specs": []
                    },
                    {
                        "name": "r-mnormt",
                        "specs": []
                    }
                ]
            },
            "description": null,
            "distribution_type": "conda",
            "download_url": "//api.anaconda.org/download/bioconda/bioconductor-doppelgangr/1.4.1/osx-64/bioconductor-doppelgangr-1.4.1-r3.4.1_0.tar.bz2",
            "full_name": "bioconda/bioconductor-doppelgangr/1.4.1/osx-64/bioconductor-doppelgangr-1.4.1-r3.4.1_0.tar.bz2",
            "labels": [
                "main",
                "cf201901"
            ],
            "md5": "6ae0268fcbffd0506e3bf8f28b3380f5",
            "ndownloads": 604,
            "owner": "bioconda",
            "size": 317866,
            "type": "conda",
            "upload_time": "2017-09-21 15:47:24.114000+00:00",
            "version": "1.4.1"
        },
        {
            "attrs": {
                "arch": "x86_64",
                "build": "0",
                "build_number": 0,
                "depends": [
                    "bioconductor-biobase",
                    "bioconductor-biocparallel",
                    "bioconductor-impute",
                    "bioconductor-sva",
                    "r-base >=3.3",
                    "r-digest",
                    "r-mnormt"
                ],
                "has_prefix": false,
                "license": "GPL (>=2.0)",
                "machine": "x86_64",
                "operatingsystem": "linux",
                "platform": "linux",
                "subdir": "linux-64",
                "target-triplet": "x86_64-any-linux"
            },
            "basename": "linux-64/bioconductor-doppelgangr-1.4.1-0.tar.bz2",
            "dependencies": {
                "depends": [
                    {
                        "name": "bioconductor-biobase",
                        "specs": []
                    },
                    {
                        "name": "bioconductor-biocparallel",
                        "specs": []
                    },
                    {
                        "name": "bioconductor-impute",
                        "specs": []
                    },
                    {
                        "name": "bioconductor-sva",
                        "specs": []
                    },
                    {
                        "name": "r-base",
                        "specs": [
                            [
                                ">=",
                                "3.3"
                            ]
                        ]
                    },
                    {
                        "name": "r-digest",
                        "specs": []
                    },
                    {
                        "name": "r-mnormt",
                        "specs": []
                    }
                ]
            },
            "description": null,
            "distribution_type": "conda",
            "download_url": "//api.anaconda.org/download/bioconda/bioconductor-doppelgangr/1.4.1/linux-64/bioconductor-doppelgangr-1.4.1-0.tar.bz2",
            "full_name": "bioconda/bioconductor-doppelgangr/1.4.1/linux-64/bioconductor-doppelgangr-1.4.1-0.tar.bz2",
            "labels": [
                "main",
                "cf201901"
            ],
            "md5": "ff393325db2c57ec84d8d4b576a71b11",
            "ndownloads": 407,
            "owner": "bioconda",
            "size": 303515,
            "type": "conda",
            "upload_time": "2017-10-19 01:53:17.744000+00:00",
            "version": "1.4.1"
        },
        {
            "attrs": {
                "arch": "x86_64",
                "build": "0",
                "build_number": 0,
                "depends": [
                    "bioconductor-biobase",
                    "bioconductor-biocparallel",
                    "bioconductor-impute",
                    "bioconductor-sva",
                    "r-base >=3.3",
                    "r-digest",
                    "r-mnormt"
                ],
                "has_prefix": false,
                "license": "GPL (>=2.0)",
                "machine": "x86_64",
                "operatingsystem": "darwin",
                "platform": "osx",
                "subdir": "osx-64",
                "target-triplet": "x86_64-any-darwin"
            },
            "basename": "osx-64/bioconductor-doppelgangr-1.4.1-0.tar.bz2",
            "dependencies": {
                "depends": [
                    {
                        "name": "bioconductor-biobase",
                        "specs": []
                    },
                    {
                        "name": "bioconductor-biocparallel",
                        "specs": []
                    },
                    {
                        "name": "bioconductor-impute",
                        "specs": []
                    },
                    {
                        "name": "bioconductor-sva",
                        "specs": []
                    },
                    {
                        "name": "r-base",
                        "specs": [
                            [
                                ">=",
                                "3.3"
                            ]
                        ]
                    },
                    {
                        "name": "r-digest",
                        "specs": []
                    },
                    {
                        "name": "r-mnormt",
                        "specs": []
                    }
                ]
            },
            "description": null,
            "distribution_type": "conda",
            "download_url": "//api.anaconda.org/download/bioconda/bioconductor-doppelgangr/1.4.1/osx-64/bioconductor-doppelgangr-1.4.1-0.tar.bz2",
            "full_name": "bioconda/bioconductor-doppelgangr/1.4.1/osx-64/bioconductor-doppelgangr-1.4.1-0.tar.bz2",
            "labels": [
                "main",
                "cf201901"
            ],
            "md5": "6bb397287b9ad43a702ec0322c6f1ab1",
            "ndownloads": 185,
            "owner": "bioconda",
            "size": 318911,
            "type": "conda",
            "upload_time": "2017-10-21 03:50:39.770000+00:00",
            "version": "1.4.1"
        },
        {
            "attrs": {
                "arch": "x86_64",
                "build": "r3.4.1_0",
                "build_number": 0,
                "depends": [
                    "bioconductor-biobase",
                    "bioconductor-biocparallel",
                    "bioconductor-impute",
                    "bioconductor-sva",
                    "r-base 3.4.1*",
                    "r-digest",
                    "r-mnormt"
                ],
                "has_prefix": false,
                "license": "GPL (>=2.0)",
                "machine": "x86_64",
                "operatingsystem": "darwin",
                "platform": "osx",
                "subdir": "osx-64",
                "target-triplet": "x86_64-any-darwin"
            },
            "basename": "osx-64/bioconductor-doppelgangr-1.6.0-r3.4.1_0.tar.bz2",
            "dependencies": {
                "depends": [
                    {
                        "name": "bioconductor-biobase",
                        "specs": []
                    },
                    {
                        "name": "bioconductor-biocparallel",
                        "specs": []
                    },
                    {
                        "name": "bioconductor-impute",
                        "specs": []
                    },
                    {
                        "name": "bioconductor-sva",
                        "specs": []
                    },
                    {
                        "name": "r-base",
                        "specs": [
                            [
                                "==",
                                "3.4.1"
                            ]
                        ]
                    },
                    {
                        "name": "r-digest",
                        "specs": []
                    },
                    {
                        "name": "r-mnormt",
                        "specs": []
                    }
                ]
            },
            "description": null,
            "distribution_type": "conda",
            "download_url": "//api.anaconda.org/download/bioconda/bioconductor-doppelgangr/1.6.0/osx-64/bioconductor-doppelgangr-1.6.0-r3.4.1_0.tar.bz2",
            "full_name": "bioconda/bioconductor-doppelgangr/1.6.0/osx-64/bioconductor-doppelgangr-1.6.0-r3.4.1_0.tar.bz2",
            "labels": [
                "main",
                "cf201901"
            ],
            "md5": "5ea7963c93e1da2aa0f35c99c6664531",
            "ndownloads": 765,
            "owner": "bioconda",
            "size": 613860,
            "type": "conda",
            "upload_time": "2017-11-08 03:29:44.262000+00:00",
            "version": "1.6.0"
        },
        {
            "attrs": {
                "arch": "x86_64",
                "build": "r341_0",
                "build_number": 0,
                "depends": [
                    "bioconductor-biobase >=2.40.0,<2.42.0",
                    "bioconductor-biocparallel >=1.14.2,<1.16.0",
                    "bioconductor-impute >=1.54.0,<1.56.0",
                    "bioconductor-sva >=3.28.0,<3.30.0",
                    "r-base >=3.4.1,<3.4.2.0a0",
                    "r-digest",
                    "r-mnormt"
                ],
                "has_prefix": false,
                "license": "GPL (>=2.0)",
                "machine": "x86_64",
                "operatingsystem": "darwin",
                "platform": "osx",
                "subdir": "osx-64",
                "target-triplet": "x86_64-any-darwin",
                "timestamp": 1540343357019
            },
            "basename": "osx-64/bioconductor-doppelgangr-1.8.0-r341_0.tar.bz2",
            "dependencies": {
                "depends": [
                    {
                        "name": "bioconductor-biobase",
                        "specs": [
                            [
                                ">=",
                                "2.40.0,<2.42.0"
                            ]
                        ]
                    },
                    {
                        "name": "bioconductor-biocparallel",
                        "specs": [
                            [
                                ">=",
                                "1.14.2,<1.16.0"
                            ]
                        ]
                    },
                    {
                        "name": "bioconductor-impute",
                        "specs": [
                            [
                                ">=",
                                "1.54.0,<1.56.0"
                            ]
                        ]
                    },
                    {
                        "name": "bioconductor-sva",
                        "specs": [
                            [
                                ">=",
                                "3.28.0,<3.30.0"
                            ]
                        ]
                    },
                    {
                        "name": "r-base",
                        "specs": [
                            [
                                ">=",
                                "3.4.1,<3.4.2.0a0"
                            ]
                        ]
                    },
                    {
                        "name": "r-digest",
                        "specs": []
                    },
                    {
                        "name": "r-mnormt",
                        "specs": []
                    }
                ]
            },
            "description": null,
            "distribution_type": "conda",
            "download_url": "//api.anaconda.org/download/bioconda/bioconductor-doppelgangr/1.8.0/osx-64/bioconductor-doppelgangr-1.8.0-r341_0.tar.bz2",
            "full_name": "bioconda/bioconductor-doppelgangr/1.8.0/osx-64/bioconductor-doppelgangr-1.8.0-r341_0.tar.bz2",
            "labels": [
                "main",
                "cf201901"
            ],
            "md5": "2948a5f818a8263fbabc5bf258745131",
            "ndownloads": 25,
            "owner": "bioconda",
            "size": 607056,
            "type": "conda",
            "upload_time": "2018-10-24 01:10:26.550000+00:00",
            "version": "1.8.0"
        },
        {
            "attrs": {
                "arch": "x86_64",
                "build": "r351_0",
                "build_number": 0,
                "depends": [
                    "bioconductor-biobase >=2.40.0,<2.42.0",
                    "bioconductor-biocparallel >=1.14.2,<1.16.0",
                    "bioconductor-impute >=1.54.0,<1.56.0",
                    "bioconductor-sva >=3.28.0,<3.30.0",
                    "r-base >=3.5.1,<3.5.2.0a0",
                    "r-digest",
                    "r-mnormt"
                ],
                "has_prefix": false,
                "license": "GPL (>=2.0)",
                "machine": "x86_64",
                "operatingsystem": "darwin",
                "platform": "osx",
                "subdir": "osx-64",
                "target-triplet": "x86_64-any-darwin",
                "timestamp": 1540343216947
            },
            "basename": "osx-64/bioconductor-doppelgangr-1.8.0-r351_0.tar.bz2",
            "dependencies": {
                "depends": [
                    {
                        "name": "bioconductor-biobase",
                        "specs": [
                            [
                                ">=",
                                "2.40.0,<2.42.0"
                            ]
                        ]
                    },
                    {
                        "name": "bioconductor-biocparallel",
                        "specs": [
                            [
                                ">=",
                                "1.14.2,<1.16.0"
                            ]
                        ]
                    },
                    {
                        "name": "bioconductor-impute",
                        "specs": [
                            [
                                ">=",
                                "1.54.0,<1.56.0"
                            ]
                        ]
                    },
                    {
                        "name": "bioconductor-sva",
                        "specs": [
                            [
                                ">=",
                                "3.28.0,<3.30.0"
                            ]
                        ]
                    },
                    {
                        "name": "r-base",
                        "specs": [
                            [
                                ">=",
                                "3.5.1,<3.5.2.0a0"
                            ]
                        ]
                    },
                    {
                        "name": "r-digest",
                        "specs": []
                    },
                    {
                        "name": "r-mnormt",
                        "specs": []
                    }
                ]
            },
            "description": null,
            "distribution_type": "conda",
            "download_url": "//api.anaconda.org/download/bioconda/bioconductor-doppelgangr/1.8.0/osx-64/bioconductor-doppelgangr-1.8.0-r351_0.tar.bz2",
            "full_name": "bioconda/bioconductor-doppelgangr/1.8.0/osx-64/bioconductor-doppelgangr-1.8.0-r351_0.tar.bz2",
            "labels": [
                "main",
                "cf201901"
            ],
            "md5": "3d032e18c324099f46559ca9da760531",
            "ndownloads": 772,
            "owner": "bioconda",
            "size": 853674,
            "type": "conda",
            "upload_time": "2018-10-24 01:10:30.566000+00:00",
            "version": "1.8.0"
        },
        {
            "attrs": {
                "arch": "x86_64",
                "build": "r351_0",
                "build_number": 0,
                "depends": [
                    "bioconductor-biobase >=2.40.0,<2.42.0",
                    "bioconductor-biocparallel >=1.14.2,<1.16.0",
                    "bioconductor-impute >=1.54.0,<1.56.0",
                    "bioconductor-sva >=3.28.0,<3.30.0",
                    "r-base >=3.5.1,<3.5.2.0a0",
                    "r-digest",
                    "r-mnormt"
                ],
                "has_prefix": false,
                "license": "GPL (>=2.0)",
                "machine": "x86_64",
                "operatingsystem": "linux",
                "platform": "linux",
                "subdir": "linux-64",
                "target-triplet": "x86_64-any-linux",
                "timestamp": 1540412740429
            },
            "basename": "linux-64/bioconductor-doppelgangr-1.8.0-r351_0.tar.bz2",
            "dependencies": {
                "depends": [
                    {
                        "name": "bioconductor-biobase",
                        "specs": [
                            [
                                ">=",
                                "2.40.0,<2.42.0"
                            ]
                        ]
                    },
                    {
                        "name": "bioconductor-biocparallel",
                        "specs": [
                            [
                                ">=",
                                "1.14.2,<1.16.0"
                            ]
                        ]
                    },
                    {
                        "name": "bioconductor-impute",
                        "specs": [
                            [
                                ">=",
                                "1.54.0,<1.56.0"
                            ]
                        ]
                    },
                    {
                        "name": "bioconductor-sva",
                        "specs": [
                            [
                                ">=",
                                "3.28.0,<3.30.0"
                            ]
                        ]
                    },
                    {
                        "name": "r-base",
                        "specs": [
                            [
                                ">=",
                                "3.5.1,<3.5.2.0a0"
                            ]
                        ]
                    },
                    {
                        "name": "r-digest",
                        "specs": []
                    },
                    {
                        "name": "r-mnormt",
                        "specs": []
                    }
                ]
            },
            "description": null,
            "distribution_type": "conda",
            "download_url": "//api.anaconda.org/download/bioconda/bioconductor-doppelgangr/1.8.0/linux-64/bioconductor-doppelgangr-1.8.0-r351_0.tar.bz2",
            "full_name": "bioconda/bioconductor-doppelgangr/1.8.0/linux-64/bioconductor-doppelgangr-1.8.0-r351_0.tar.bz2",
            "labels": [
                "main",
                "cf201901"
            ],
            "md5": "6100cd3a701c3aeb69e58f9621b9ddad",
            "ndownloads": 253,
            "owner": "bioconda",
            "size": 853020,
            "type": "conda",
            "upload_time": "2018-10-24 20:34:53.585000+00:00",
            "version": "1.8.0"
        },
        {
            "attrs": {
                "arch": "x86_64",
                "build": "r341_0",
                "build_number": 0,
                "depends": [
                    "bioconductor-biobase >=2.40.0,<2.42.0",
                    "bioconductor-biocparallel >=1.14.2,<1.16.0",
                    "bioconductor-impute >=1.54.0,<1.56.0",
                    "bioconductor-sva >=3.28.0,<3.30.0",
                    "r-base >=3.4.1,<3.4.2.0a0",
                    "r-digest",
                    "r-mnormt"
                ],
                "has_prefix": false,
                "license": "GPL (>=2.0)",
                "machine": "x86_64",
                "operatingsystem": "linux",
                "platform": "linux",
                "subdir": "linux-64",
                "target-triplet": "x86_64-any-linux",
                "timestamp": 1540412868505
            },
            "basename": "linux-64/bioconductor-doppelgangr-1.8.0-r341_0.tar.bz2",
            "dependencies": {
                "depends": [
                    {
                        "name": "bioconductor-biobase",
                        "specs": [
                            [
                                ">=",
                                "2.40.0,<2.42.0"
                            ]
                        ]
                    },
                    {
                        "name": "bioconductor-biocparallel",
                        "specs": [
                            [
                                ">=",
                                "1.14.2,<1.16.0"
                            ]
                        ]
                    },
                    {
                        "name": "bioconductor-impute",
                        "specs": [
                            [
                                ">=",
                                "1.54.0,<1.56.0"
                            ]
                        ]
                    },
                    {
                        "name": "bioconductor-sva",
                        "specs": [
                            [
                                ">=",
                                "3.28.0,<3.30.0"
                            ]
                        ]
                    },
                    {
                        "name": "r-base",
                        "specs": [
                            [
                                ">=",
                                "3.4.1,<3.4.2.0a0"
                            ]
                        ]
                    },
                    {
                        "name": "r-digest",
                        "specs": []
                    },
                    {
                        "name": "r-mnormt",
                        "specs": []
                    }
                ]
            },
            "description": null,
            "distribution_type": "conda",
            "download_url": "//api.anaconda.org/download/bioconda/bioconductor-doppelgangr/1.8.0/linux-64/bioconductor-doppelgangr-1.8.0-r341_0.tar.bz2",
            "full_name": "bioconda/bioconductor-doppelgangr/1.8.0/linux-64/bioconductor-doppelgangr-1.8.0-r341_0.tar.bz2",
            "labels": [
                "main",
                "cf201901"
            ],
            "md5": "3c30d33bc187bbd8f529b30b5668840b",
            "ndownloads": 125,
            "owner": "bioconda",
            "size": 606819,
            "type": "conda",
            "upload_time": "2018-10-24 20:34:56.917000+00:00",
            "version": "1.8.0"
        },
        {
            "attrs": {
                "arch": null,
                "build": "r351_0",
                "build_number": 0,
                "depends": [
                    "bioconductor-biobase >=2.42.0,<2.43.0",
                    "bioconductor-biocparallel >=1.16.0,<1.17.0",
                    "bioconductor-impute >=1.56.0,<1.57.0",
                    "bioconductor-summarizedexperiment >=1.12.0,<1.13.0",
                    "bioconductor-sva >=3.30.0,<3.31.0",
                    "r-base >=3.5.1,<3.5.2.0a0",
                    "r-digest",
                    "r-mnormt"
                ],
                "has_prefix": false,
                "license": "GPL (>=2.0)",
                "machine": null,
                "noarch": "generic",
                "operatingsystem": null,
                "platform": null,
                "subdir": "noarch",
                "target-triplet": "None-any-None",
                "timestamp": 1546337791750
            },
            "basename": "noarch/bioconductor-doppelgangr-1.10.0-r351_0.tar.bz2",
            "dependencies": {
                "depends": [
                    {
                        "name": "bioconductor-biobase",
                        "specs": [
                            [
                                ">=",
                                "2.42.0,<2.43.0"
                            ]
                        ]
                    },
                    {
                        "name": "bioconductor-biocparallel",
                        "specs": [
                            [
                                ">=",
                                "1.16.0,<1.17.0"
                            ]
                        ]
                    },
                    {
                        "name": "bioconductor-impute",
                        "specs": [
                            [
                                ">=",
                                "1.56.0,<1.57.0"
                            ]
                        ]
                    },
                    {
                        "name": "bioconductor-summarizedexperiment",
                        "specs": [
                            [
                                ">=",
                                "1.12.0,<1.13.0"
                            ]
                        ]
                    },
                    {
                        "name": "bioconductor-sva",
                        "specs": [
                            [
                                ">=",
                                "3.30.0,<3.31.0"
                            ]
                        ]
                    },
                    {
                        "name": "r-base",
                        "specs": [
                            [
                                ">=",
                                "3.5.1,<3.5.2.0a0"
                            ]
                        ]
                    },
                    {
                        "name": "r-digest",
                        "specs": []
                    },
                    {
                        "name": "r-mnormt",
                        "specs": []
                    }
                ]
            },
            "description": null,
            "distribution_type": "conda",
            "download_url": "//api.anaconda.org/download/bioconda/bioconductor-doppelgangr/1.10.0/noarch/bioconductor-doppelgangr-1.10.0-r351_0.tar.bz2",
            "full_name": "bioconda/bioconductor-doppelgangr/1.10.0/noarch/bioconductor-doppelgangr-1.10.0-r351_0.tar.bz2",
            "labels": [
                "gcc7",
                "main"
            ],
            "md5": "83c824038a1d7ae2cf7147a0a8c259db",
            "ndownloads": 71,
            "owner": "bioconda",
            "size": 863907,
            "type": "conda",
            "upload_time": "2019-01-01 10:20:27.066000+00:00",
            "version": "1.10.0"
        },
        {
            "attrs": {
                "arch": null,
                "build": "r351_0",
                "build_number": 0,
                "depends": [
                    "bioconductor-biobase >=2.42.0,<2.43.0",
                    "bioconductor-biocparallel >=1.16.0,<1.17.0",
                    "bioconductor-impute >=1.56.0,<1.57.0",
                    "bioconductor-summarizedexperiment >=1.12.0,<1.13.0",
                    "bioconductor-sva >=3.30.0,<3.31.0",
                    "r-base >=3.5.1,<3.5.2.0a0",
                    "r-digest",
                    "r-mnormt"
                ],
                "has_prefix": false,
                "license": "GPL (>=2.0)",
                "machine": null,
                "noarch": "generic",
                "operatingsystem": null,
                "platform": null,
                "subdir": "noarch",
                "target-triplet": "None-any-None",
                "timestamp": 1552398144826
            },
            "basename": "noarch/bioconductor-doppelgangr-1.10.1-r351_0.tar.bz2",
            "dependencies": {
                "depends": [
                    {
                        "name": "bioconductor-biobase",
                        "specs": [
                            [
                                ">=",
                                "2.42.0,<2.43.0"
                            ]
                        ]
                    },
                    {
                        "name": "bioconductor-biocparallel",
                        "specs": [
                            [
                                ">=",
                                "1.16.0,<1.17.0"
                            ]
                        ]
                    },
                    {
                        "name": "bioconductor-impute",
                        "specs": [
                            [
                                ">=",
                                "1.56.0,<1.57.0"
                            ]
                        ]
                    },
                    {
                        "name": "bioconductor-summarizedexperiment",
                        "specs": [
                            [
                                ">=",
                                "1.12.0,<1.13.0"
                            ]
                        ]
                    },
                    {
                        "name": "bioconductor-sva",
                        "specs": [
                            [
                                ">=",
                                "3.30.0,<3.31.0"
                            ]
                        ]
                    },
                    {
                        "name": "r-base",
                        "specs": [
                            [
                                ">=",
                                "3.5.1,<3.5.2.0a0"
                            ]
                        ]
                    },
                    {
                        "name": "r-digest",
                        "specs": []
                    },
                    {
                        "name": "r-mnormt",
                        "specs": []
                    }
                ]
            },
            "description": null,
            "distribution_type": "conda",
            "download_url": "//api.anaconda.org/download/bioconda/bioconductor-doppelgangr/1.10.1/noarch/bioconductor-doppelgangr-1.10.1-r351_0.tar.bz2",
            "full_name": "bioconda/bioconductor-doppelgangr/1.10.1/noarch/bioconductor-doppelgangr-1.10.1-r351_0.tar.bz2",
            "labels": [
                "main"
            ],
            "md5": "8cfce3e0c0805051d2f439ba7c827ab9",
            "ndownloads": 74,
            "owner": "bioconda",
            "size": 863727,
            "type": "conda",
            "upload_time": "2019-03-12 13:47:32.672000+00:00",
            "version": "1.10.1"
        },
        {
            "attrs": {
                "arch": null,
                "build": "r36_1",
                "build_number": 1,
                "depends": [
                    "bioconductor-biobase >=2.44.0,<2.45.0",
                    "bioconductor-biocparallel >=1.18.0,<1.19.0",
                    "bioconductor-impute >=1.58.0,<1.59.0",
                    "bioconductor-summarizedexperiment >=1.14.0,<1.15.0",
                    "bioconductor-sva >=3.32.0,<3.33.0",
                    "r-base >=3.6,<3.7.0a0",
                    "r-digest",
                    "r-mnormt"
                ],
                "has_prefix": false,
                "license": "GPL (>=2.0)",
                "machine": null,
                "noarch": "generic",
                "operatingsystem": null,
                "platform": null,
                "subdir": "noarch",
                "target-triplet": "None-any-None",
                "timestamp": 1565011793084
            },
            "basename": "noarch/bioconductor-doppelgangr-1.12.0-r36_1.tar.bz2",
            "dependencies": {
                "depends": [
                    {
                        "name": "bioconductor-biobase",
                        "specs": [
                            [
                                ">=",
                                "2.44.0,<2.45.0"
                            ]
                        ]
                    },
                    {
                        "name": "bioconductor-biocparallel",
                        "specs": [
                            [
                                ">=",
                                "1.18.0,<1.19.0"
                            ]
                        ]
                    },
                    {
                        "name": "bioconductor-impute",
                        "specs": [
                            [
                                ">=",
                                "1.58.0,<1.59.0"
                            ]
                        ]
                    },
                    {
                        "name": "bioconductor-summarizedexperiment",
                        "specs": [
                            [
                                ">=",
                                "1.14.0,<1.15.0"
                            ]
                        ]
                    },
                    {
                        "name": "bioconductor-sva",
                        "specs": [
                            [
                                ">=",
                                "3.32.0,<3.33.0"
                            ]
                        ]
                    },
                    {
                        "name": "r-base",
                        "specs": [
                            [
                                ">=",
                                "3.6,<3.7.0a0"
                            ]
                        ]
                    },
                    {
                        "name": "r-digest",
                        "specs": []
                    },
                    {
                        "name": "r-mnormt",
                        "specs": []
                    }
                ]
            },
            "description": null,
            "distribution_type": "conda",
            "download_url": "//api.anaconda.org/download/bioconda/bioconductor-doppelgangr/1.12.0/noarch/bioconductor-doppelgangr-1.12.0-r36_1.tar.bz2",
            "full_name": "bioconda/bioconductor-doppelgangr/1.12.0/noarch/bioconductor-doppelgangr-1.12.0-r36_1.tar.bz2",
            "labels": [
                "main"
            ],
            "md5": "5c1aae77bd546efd3d89295413544625",
            "ndownloads": 30,
            "owner": "bioconda",
            "size": 859724,
            "type": "conda",
            "upload_time": "2019-08-05 13:34:06.072000+00:00",
            "version": "1.12.0"
        },
        {
            "attrs": {
                "arch": null,
                "build": "r36_0",
                "build_number": 0,
                "depends": [
                    "bioconductor-biobase >=2.46.0,<2.47.0",
                    "bioconductor-biocparallel >=1.20.0,<1.21.0",
                    "bioconductor-impute >=1.60.0,<1.61.0",
                    "bioconductor-summarizedexperiment >=1.16.0,<1.17.0",
                    "bioconductor-sva >=3.34.0,<3.35.0",
                    "r-base >=3.6,<3.7.0a0",
                    "r-digest",
                    "r-mnormt"
                ],
                "has_prefix": false,
                "license": "GPL (>=2.0)",
                "machine": null,
                "noarch": "generic",
                "operatingsystem": null,
                "platform": null,
                "subdir": "noarch",
                "target-triplet": "None-any-None",
                "timestamp": 1572787613871
            },
            "basename": "noarch/bioconductor-doppelgangr-1.14.0-r36_0.tar.bz2",
            "dependencies": {
                "depends": [
                    {
                        "name": "bioconductor-biobase",
                        "specs": [
                            [
                                ">=",
                                "2.46.0,<2.47.0"
                            ]
                        ]
                    },
                    {
                        "name": "bioconductor-biocparallel",
                        "specs": [
                            [
                                ">=",
                                "1.20.0,<1.21.0"
                            ]
                        ]
                    },
                    {
                        "name": "bioconductor-impute",
                        "specs": [
                            [
                                ">=",
                                "1.60.0,<1.61.0"
                            ]
                        ]
                    },
                    {
                        "name": "bioconductor-summarizedexperiment",
                        "specs": [
                            [
                                ">=",
                                "1.16.0,<1.17.0"
                            ]
                        ]
                    },
                    {
                        "name": "bioconductor-sva",
                        "specs": [
                            [
                                ">=",
                                "3.34.0,<3.35.0"
                            ]
                        ]
                    },
                    {
                        "name": "r-base",
                        "specs": [
                            [
                                ">=",
                                "3.6,<3.7.0a0"
                            ]
                        ]
                    },
                    {
                        "name": "r-digest",
                        "specs": []
                    },
                    {
                        "name": "r-mnormt",
                        "specs": []
                    }
                ]
            },
            "description": null,
            "distribution_type": "conda",
            "download_url": "//api.anaconda.org/download/bioconda/bioconductor-doppelgangr/1.14.0/noarch/bioconductor-doppelgangr-1.14.0-r36_0.tar.bz2",
            "full_name": "bioconda/bioconductor-doppelgangr/1.14.0/noarch/bioconductor-doppelgangr-1.14.0-r36_0.tar.bz2",
            "labels": [
                "main"
            ],
            "md5": "7b6f93a6ea7181eb1694c7d86a5c036a",
            "ndownloads": 15,
            "owner": "bioconda",
            "size": 871436,
            "type": "conda",
            "upload_time": "2019-11-03 13:32:22.002000+00:00",
            "version": "1.14.0"
        }
    ],
    "full_name": "bioconda/bioconductor-doppelgangr",
    "home": "None",
    "html_url": "http://anaconda.org/bioconda/bioconductor-doppelgangr",
    "id": "5925edef5dffa1125efd668b",
    "latest_version": "1.14.0",
    "license": "GPL (>=2.0)",
    "license_url": null,
    "modified_at": "2019-11-03 13:32:22.390000+00:00",
    "name": "bioconductor-doppelgangr",
    "owner": {
        "company": "",
        "created_at": "2015-09-11 22:59:20.880000+00:00",
        "description": "Bioconda is a distribution of bioinformatics software realized as a channel for the versatile Conda package manager.",
        "location": "",
        "login": "bioconda",
        "name": "bioconda",
        "url": "",
        "user_type": "org"
    },
    "package_types": [
        "conda"
    ],
    "public": true,
    "releases": [
        {
            "distributions": [],
            "full_name": "bioconda/bioconductor-doppelgangr/1.4.1",
            "version": "1.4.1"
        },
        {
            "distributions": [],
            "full_name": "bioconda/bioconductor-doppelgangr/1.6.0",
            "version": "1.6.0"
        },
        {
            "distributions": [],
            "full_name": "bioconda/bioconductor-doppelgangr/1.8.0",
            "version": "1.8.0"
        },
        {
            "distributions": [],
            "full_name": "bioconda/bioconductor-doppelgangr/1.10.0",
            "version": "1.10.0"
        },
        {
            "distributions": [],
            "full_name": "bioconda/bioconductor-doppelgangr/1.10.1",
            "version": "1.10.1"
        },
        {
            "distributions": [],
            "full_name": "bioconda/bioconductor-doppelgangr/1.12.0",
            "version": "1.12.0"
        },
        {
            "distributions": [],
            "full_name": "bioconda/bioconductor-doppelgangr/1.14.0",
            "version": "1.14.0"
        }
    ],
    "revision": 14,
    "source_git_tag": null,
    "source_git_url": null,
    "summary": "Identify likely duplicate samples from genomic or meta-data",
    "upvoted": 0,
    "url": "http://api.anaconda.org/packages/bioconda/bioconductor-doppelgangr",
    "versions": [
        "1.4.1",
        "1.6.0",
        "1.8.0",
        "1.10.0",
        "1.10.1",
        "1.12.0",
        "1.14.0"
    ],
    "watchers": 1
}