{
    "app_entry": {},
    "app_summary": {},
    "app_type": {},
    "builds": [
        "r351_0",
        "r351_1",
        "r36_1",
        "r36_0"
    ],
    "conda_platforms": [
        "noarch"
    ],
    "created_at": "2019-01-01 08:16:38.755000+00:00",
    "description": "Data from 6 samples across 2 groups from 450k methylation arrays.",
    "dev_url": null,
    "doc_url": null,
    "files": [
        {
            "attrs": {
                "arch": null,
                "build": "r351_0",
                "build_number": 0,
                "depends": [
                    "bioconductor-illuminahumanmethylation450kanno.ilmn12.hg19 >=0.6.0,<0.7.0",
                    "bioconductor-illuminahumanmethylation450kmanifest >=0.4.0,<0.5.0",
                    "bioconductor-minfi >=1.28.0,<1.29.0",
                    "r-base >=3.5.1,<3.5.2.0a0",
                    "wget"
                ],
                "has_prefix": false,
                "license": "Artistic-2.0",
                "machine": null,
                "noarch": "generic",
                "operatingsystem": null,
                "platform": null,
                "subdir": "noarch",
                "target-triplet": "None-any-None",
                "timestamp": 1546329898286
            },
            "basename": "noarch/bioconductor-minfidata-0.28.0-r351_0.tar.bz2",
            "dependencies": {
                "depends": [
                    {
                        "name": "bioconductor-illuminahumanmethylation450kanno.ilmn12.hg19",
                        "specs": [
                            [
                                ">=",
                                "0.6.0,<0.7.0"
                            ]
                        ]
                    },
                    {
                        "name": "bioconductor-illuminahumanmethylation450kmanifest",
                        "specs": [
                            [
                                ">=",
                                "0.4.0,<0.5.0"
                            ]
                        ]
                    },
                    {
                        "name": "bioconductor-minfi",
                        "specs": [
                            [
                                ">=",
                                "1.28.0,<1.29.0"
                            ]
                        ]
                    },
                    {
                        "name": "r-base",
                        "specs": [
                            [
                                ">=",
                                "3.5.1,<3.5.2.0a0"
                            ]
                        ]
                    },
                    {
                        "name": "wget",
                        "specs": []
                    }
                ]
            },
            "description": null,
            "distribution_type": "conda",
            "download_url": "//api.anaconda.org/download/bioconda/bioconductor-minfidata/0.28.0/noarch/bioconductor-minfidata-0.28.0-r351_0.tar.bz2",
            "full_name": "bioconda/bioconductor-minfidata/0.28.0/noarch/bioconductor-minfidata-0.28.0-r351_0.tar.bz2",
            "labels": [
                "gcc7",
                "main"
            ],
            "md5": "e8c4164345e5a25caf2c7a3ad820b5ef",
            "ndownloads": 73,
            "owner": "bioconda",
            "size": 7238,
            "type": "conda",
            "upload_time": "2019-01-01 08:16:39.735000+00:00",
            "version": "0.28.0"
        },
        {
            "attrs": {
                "arch": null,
                "build": "r351_1",
                "build_number": 1,
                "depends": [
                    "bioconductor-illuminahumanmethylation450kanno.ilmn12.hg19 >=0.6.0,<0.7.0",
                    "bioconductor-illuminahumanmethylation450kmanifest >=0.4.0,<0.5.0",
                    "bioconductor-minfi >=1.28.0,<1.29.0",
                    "r-base >=3.5.1,<3.5.2.0a0",
                    "wget"
                ],
                "has_prefix": false,
                "license": "Artistic-2.0",
                "machine": null,
                "noarch": "generic",
                "operatingsystem": null,
                "platform": null,
                "subdir": "noarch",
                "target-triplet": "None-any-None",
                "timestamp": 1552348979725
            },
            "basename": "noarch/bioconductor-minfidata-0.28.0-r351_1.tar.bz2",
            "dependencies": {
                "depends": [
                    {
                        "name": "bioconductor-illuminahumanmethylation450kanno.ilmn12.hg19",
                        "specs": [
                            [
                                ">=",
                                "0.6.0,<0.7.0"
                            ]
                        ]
                    },
                    {
                        "name": "bioconductor-illuminahumanmethylation450kmanifest",
                        "specs": [
                            [
                                ">=",
                                "0.4.0,<0.5.0"
                            ]
                        ]
                    },
                    {
                        "name": "bioconductor-minfi",
                        "specs": [
                            [
                                ">=",
                                "1.28.0,<1.29.0"
                            ]
                        ]
                    },
                    {
                        "name": "r-base",
                        "specs": [
                            [
                                ">=",
                                "3.5.1,<3.5.2.0a0"
                            ]
                        ]
                    },
                    {
                        "name": "wget",
                        "specs": []
                    }
                ]
            },
            "description": null,
            "distribution_type": "conda",
            "download_url": "//api.anaconda.org/download/bioconda/bioconductor-minfidata/0.28.0/noarch/bioconductor-minfidata-0.28.0-r351_1.tar.bz2",
            "full_name": "bioconda/bioconductor-minfidata/0.28.0/noarch/bioconductor-minfidata-0.28.0-r351_1.tar.bz2",
            "labels": [
                "main"
            ],
            "md5": "544ba20bbc9db014d24659ed01e7fdbc",
            "ndownloads": 64,
            "owner": "bioconda",
            "size": 7279,
            "type": "conda",
            "upload_time": "2019-03-12 00:15:13.773000+00:00",
            "version": "0.28.0"
        },
        {
            "attrs": {
                "arch": null,
                "build": "r36_1",
                "build_number": 1,
                "depends": [
                    "bioconductor-illuminahumanmethylation450kanno.ilmn12.hg19 >=0.6.0,<0.7.0",
                    "bioconductor-illuminahumanmethylation450kmanifest >=0.4.0,<0.5.0",
                    "bioconductor-minfi >=1.30.0,<1.31.0",
                    "curl >=7.65.3,<8.0a0",
                    "r-base >=3.6,<3.7.0a0"
                ],
                "has_prefix": false,
                "license": "Artistic-2.0",
                "machine": null,
                "noarch": "generic",
                "operatingsystem": null,
                "platform": null,
                "subdir": "noarch",
                "target-triplet": "None-any-None",
                "timestamp": 1566006826544
            },
            "basename": "noarch/bioconductor-minfidata-0.30.0-r36_1.tar.bz2",
            "dependencies": {
                "depends": [
                    {
                        "name": "bioconductor-illuminahumanmethylation450kanno.ilmn12.hg19",
                        "specs": [
                            [
                                ">=",
                                "0.6.0,<0.7.0"
                            ]
                        ]
                    },
                    {
                        "name": "bioconductor-illuminahumanmethylation450kmanifest",
                        "specs": [
                            [
                                ">=",
                                "0.4.0,<0.5.0"
                            ]
                        ]
                    },
                    {
                        "name": "bioconductor-minfi",
                        "specs": [
                            [
                                ">=",
                                "1.30.0,<1.31.0"
                            ]
                        ]
                    },
                    {
                        "name": "curl",
                        "specs": [
                            [
                                ">=",
                                "7.65.3,<8.0a0"
                            ]
                        ]
                    },
                    {
                        "name": "r-base",
                        "specs": [
                            [
                                ">=",
                                "3.6,<3.7.0a0"
                            ]
                        ]
                    }
                ]
            },
            "description": null,
            "distribution_type": "conda",
            "download_url": "//api.anaconda.org/download/bioconda/bioconductor-minfidata/0.30.0/noarch/bioconductor-minfidata-0.30.0-r36_1.tar.bz2",
            "full_name": "bioconda/bioconductor-minfidata/0.30.0/noarch/bioconductor-minfidata-0.30.0-r36_1.tar.bz2",
            "labels": [
                "main"
            ],
            "md5": "b9c5111cc1f3ff3655403f2630ce4d86",
            "ndownloads": 26,
            "owner": "bioconda",
            "size": 7570,
            "type": "conda",
            "upload_time": "2019-08-17 02:08:49.180000+00:00",
            "version": "0.30.0"
        },
        {
            "attrs": {
                "arch": null,
                "build": "r36_0",
                "build_number": 0,
                "depends": [
                    "bioconductor-illuminahumanmethylation450kanno.ilmn12.hg19 >=0.6.0,<0.7.0",
                    "bioconductor-illuminahumanmethylation450kmanifest >=0.4.0,<0.5.0",
                    "bioconductor-minfi >=1.32.0,<1.33.0",
                    "curl >=7.65.3,<8.0a0",
                    "r-base >=3.6,<3.7.0a0"
                ],
                "has_prefix": false,
                "license": "Artistic-2.0",
                "machine": null,
                "noarch": "generic",
                "operatingsystem": null,
                "platform": null,
                "subdir": "noarch",
                "target-triplet": "None-any-None",
                "timestamp": 1573111077630
            },
            "basename": "noarch/bioconductor-minfidata-0.32.0-r36_0.tar.bz2",
            "dependencies": {
                "depends": [
                    {
                        "name": "bioconductor-illuminahumanmethylation450kanno.ilmn12.hg19",
                        "specs": [
                            [
                                ">=",
                                "0.6.0,<0.7.0"
                            ]
                        ]
                    },
                    {
                        "name": "bioconductor-illuminahumanmethylation450kmanifest",
                        "specs": [
                            [
                                ">=",
                                "0.4.0,<0.5.0"
                            ]
                        ]
                    },
                    {
                        "name": "bioconductor-minfi",
                        "specs": [
                            [
                                ">=",
                                "1.32.0,<1.33.0"
                            ]
                        ]
                    },
                    {
                        "name": "curl",
                        "specs": [
                            [
                                ">=",
                                "7.65.3,<8.0a0"
                            ]
                        ]
                    },
                    {
                        "name": "r-base",
                        "specs": [
                            [
                                ">=",
                                "3.6,<3.7.0a0"
                            ]
                        ]
                    }
                ]
            },
            "description": null,
            "distribution_type": "conda",
            "download_url": "//api.anaconda.org/download/bioconda/bioconductor-minfidata/0.32.0/noarch/bioconductor-minfidata-0.32.0-r36_0.tar.bz2",
            "full_name": "bioconda/bioconductor-minfidata/0.32.0/noarch/bioconductor-minfidata-0.32.0-r36_0.tar.bz2",
            "labels": [
                "main"
            ],
            "md5": "f3773349fa3fb63026e76ca9c2fa451d",
            "ndownloads": 19,
            "owner": "bioconda",
            "size": 7712,
            "type": "conda",
            "upload_time": "2019-11-07 07:32:27.268000+00:00",
            "version": "0.32.0"
        }
    ],
    "full_name": "bioconda/bioconductor-minfidata",
    "home": "https://bioconductor.org/packages/3.8/data/experiment/html/minfiData.html",
    "html_url": "http://anaconda.org/bioconda/bioconductor-minfidata",
    "id": "5c2b21e6036b8602469079f7",
    "latest_version": "0.32.0",
    "license": "Artistic-2.0",
    "license_url": null,
    "modified_at": "2019-11-07 07:32:27.558000+00:00",
    "name": "bioconductor-minfidata",
    "owner": {
        "company": "",
        "created_at": "2015-09-11 22:59:20.880000+00:00",
        "description": "Bioconda is a distribution of bioinformatics software realized as a channel for the versatile Conda package manager.",
        "location": "",
        "login": "bioconda",
        "name": "bioconda",
        "url": "",
        "user_type": "org"
    },
    "package_types": [
        "conda"
    ],
    "public": true,
    "releases": [
        {
            "distributions": [],
            "full_name": "bioconda/bioconductor-minfidata/0.28.0",
            "version": "0.28.0"
        },
        {
            "distributions": [],
            "full_name": "bioconda/bioconductor-minfidata/0.30.0",
            "version": "0.30.0"
        },
        {
            "distributions": [],
            "full_name": "bioconda/bioconductor-minfidata/0.31.0",
            "version": "0.31.0"
        },
        {
            "distributions": [],
            "full_name": "bioconda/bioconductor-minfidata/0.32.0",
            "version": "0.32.0"
        }
    ],
    "revision": 8,
    "source_git_tag": null,
    "source_git_url": null,
    "summary": "Example data for the Illumina Methylation 450k array",
    "upvoted": 0,
    "url": "http://api.anaconda.org/packages/bioconda/bioconductor-minfidata",
    "versions": [
        "0.28.0",
        "0.30.0",
        "0.31.0",
        "0.32.0"
    ],
    "watchers": 1
}