{
    "app_entry": {},
    "app_summary": {},
    "app_type": {},
    "builds": [
        "r36h516909a_0",
        "r36h516909a_1",
        "r351h14c3975_0",
        "r36h01d97ff_0",
        "r36h01d97ff_1",
        "r351h470a237_0"
    ],
    "conda_platforms": [
        "linux-64",
        "osx-64"
    ],
    "created_at": "2018-12-09 04:55:07.673000+00:00",
    "description": "An Empirical Bayesian Approach to Differential Co-Expression Analysis at the Gene-Pair Level",
    "dev_url": null,
    "doc_url": null,
    "files": [
        {
            "attrs": {
                "arch": "x86_64",
                "build": "r351h470a237_0",
                "build_number": 0,
                "depends": [
                    "bioconductor-ebarrays >=2.46.0,<2.47.0",
                    "r-base >=3.5.1,<3.5.2.0a0",
                    "r-mclust",
                    "r-minqa"
                ],
                "has_prefix": true,
                "license": "GPL (>= 2)",
                "machine": "x86_64",
                "operatingsystem": "darwin",
                "platform": "osx",
                "subdir": "osx-64",
                "target-triplet": "x86_64-any-darwin",
                "timestamp": 1544331258609
            },
            "basename": "osx-64/bioconductor-ebcoexpress-1.26.0-r351h470a237_0.tar.bz2",
            "dependencies": {
                "depends": [
                    {
                        "name": "bioconductor-ebarrays",
                        "specs": [
                            [
                                ">=",
                                "2.46.0,<2.47.0"
                            ]
                        ]
                    },
                    {
                        "name": "r-base",
                        "specs": [
                            [
                                ">=",
                                "3.5.1,<3.5.2.0a0"
                            ]
                        ]
                    },
                    {
                        "name": "r-mclust",
                        "specs": []
                    },
                    {
                        "name": "r-minqa",
                        "specs": []
                    }
                ]
            },
            "description": null,
            "distribution_type": "conda",
            "download_url": "//api.anaconda.org/download/bioconda/bioconductor-ebcoexpress/1.26.0/osx-64/bioconductor-ebcoexpress-1.26.0-r351h470a237_0.tar.bz2",
            "full_name": "bioconda/bioconductor-ebcoexpress/1.26.0/osx-64/bioconductor-ebcoexpress-1.26.0-r351h470a237_0.tar.bz2",
            "labels": [
                "gcc7",
                "main"
            ],
            "md5": "1d0772b94db404ec22560ee3812d3844",
            "ndownloads": 668,
            "owner": "bioconda",
            "size": 2948319,
            "type": "conda",
            "upload_time": "2018-12-09 04:55:08.794000+00:00",
            "version": "1.26.0"
        },
        {
            "attrs": {
                "arch": "x86_64",
                "build": "r351h14c3975_0",
                "build_number": 0,
                "depends": [
                    "bioconductor-ebarrays >=2.46.0,<2.47.0",
                    "libgcc-ng >=7.3.0",
                    "r-base >=3.5.1,<3.5.2.0a0",
                    "r-mclust",
                    "r-minqa"
                ],
                "has_prefix": false,
                "license": "GPL (>= 2)",
                "machine": "x86_64",
                "operatingsystem": "linux",
                "platform": "linux",
                "subdir": "linux-64",
                "target-triplet": "x86_64-any-linux",
                "timestamp": 1544698691459
            },
            "basename": "linux-64/bioconductor-ebcoexpress-1.26.0-r351h14c3975_0.tar.bz2",
            "dependencies": {
                "depends": [
                    {
                        "name": "bioconductor-ebarrays",
                        "specs": [
                            [
                                ">=",
                                "2.46.0,<2.47.0"
                            ]
                        ]
                    },
                    {
                        "name": "libgcc-ng",
                        "specs": [
                            [
                                ">=",
                                "7.3.0"
                            ]
                        ]
                    },
                    {
                        "name": "r-base",
                        "specs": [
                            [
                                ">=",
                                "3.5.1,<3.5.2.0a0"
                            ]
                        ]
                    },
                    {
                        "name": "r-mclust",
                        "specs": []
                    },
                    {
                        "name": "r-minqa",
                        "specs": []
                    }
                ]
            },
            "description": null,
            "distribution_type": "conda",
            "download_url": "//api.anaconda.org/download/bioconda/bioconductor-ebcoexpress/1.26.0/linux-64/bioconductor-ebcoexpress-1.26.0-r351h14c3975_0.tar.bz2",
            "full_name": "bioconda/bioconductor-ebcoexpress/1.26.0/linux-64/bioconductor-ebcoexpress-1.26.0-r351h14c3975_0.tar.bz2",
            "labels": [
                "gcc7",
                "main"
            ],
            "md5": "1f896cf96a72735ebef59bd77b0b06cc",
            "ndownloads": 90,
            "owner": "bioconda",
            "size": 2949295,
            "type": "conda",
            "upload_time": "2018-12-13 11:00:52.573000+00:00",
            "version": "1.26.0"
        },
        {
            "attrs": {
                "arch": "x86_64",
                "build": "r36h01d97ff_1",
                "build_number": 1,
                "depends": [
                    "bioconductor-ebarrays >=2.48.0,<2.49.0",
                    "r-base >=3.6,<3.7.0a0",
                    "r-mclust",
                    "r-minqa"
                ],
                "has_prefix": true,
                "license": "GPL (>= 2)",
                "machine": "x86_64",
                "operatingsystem": "darwin",
                "platform": "osx",
                "subdir": "osx-64",
                "target-triplet": "x86_64-any-darwin",
                "timestamp": 1563478748429
            },
            "basename": "osx-64/bioconductor-ebcoexpress-1.28.0-r36h01d97ff_1.tar.bz2",
            "dependencies": {
                "depends": [
                    {
                        "name": "bioconductor-ebarrays",
                        "specs": [
                            [
                                ">=",
                                "2.48.0,<2.49.0"
                            ]
                        ]
                    },
                    {
                        "name": "r-base",
                        "specs": [
                            [
                                ">=",
                                "3.6,<3.7.0a0"
                            ]
                        ]
                    },
                    {
                        "name": "r-mclust",
                        "specs": []
                    },
                    {
                        "name": "r-minqa",
                        "specs": []
                    }
                ]
            },
            "description": null,
            "distribution_type": "conda",
            "download_url": "//api.anaconda.org/download/bioconda/bioconductor-ebcoexpress/1.28.0/osx-64/bioconductor-ebcoexpress-1.28.0-r36h01d97ff_1.tar.bz2",
            "full_name": "bioconda/bioconductor-ebcoexpress/1.28.0/osx-64/bioconductor-ebcoexpress-1.28.0-r36h01d97ff_1.tar.bz2",
            "labels": [
                "main"
            ],
            "md5": "a0403f7016accc4aa8407c8b95f2fe12",
            "ndownloads": 333,
            "owner": "bioconda",
            "size": 2944175,
            "type": "conda",
            "upload_time": "2019-07-18 19:39:54.039000+00:00",
            "version": "1.28.0"
        },
        {
            "attrs": {
                "arch": "x86_64",
                "build": "r36h516909a_1",
                "build_number": 1,
                "depends": [
                    "bioconductor-ebarrays >=2.48.0,<2.49.0",
                    "libgcc-ng >=7.3.0",
                    "r-base >=3.6,<3.7.0a0",
                    "r-mclust",
                    "r-minqa"
                ],
                "has_prefix": false,
                "license": "GPL (>= 2)",
                "machine": "x86_64",
                "operatingsystem": "linux",
                "platform": "linux",
                "subdir": "linux-64",
                "target-triplet": "x86_64-any-linux",
                "timestamp": 1563798569255
            },
            "basename": "linux-64/bioconductor-ebcoexpress-1.28.0-r36h516909a_1.tar.bz2",
            "dependencies": {
                "depends": [
                    {
                        "name": "bioconductor-ebarrays",
                        "specs": [
                            [
                                ">=",
                                "2.48.0,<2.49.0"
                            ]
                        ]
                    },
                    {
                        "name": "libgcc-ng",
                        "specs": [
                            [
                                ">=",
                                "7.3.0"
                            ]
                        ]
                    },
                    {
                        "name": "r-base",
                        "specs": [
                            [
                                ">=",
                                "3.6,<3.7.0a0"
                            ]
                        ]
                    },
                    {
                        "name": "r-mclust",
                        "specs": []
                    },
                    {
                        "name": "r-minqa",
                        "specs": []
                    }
                ]
            },
            "description": null,
            "distribution_type": "conda",
            "download_url": "//api.anaconda.org/download/bioconda/bioconductor-ebcoexpress/1.28.0/linux-64/bioconductor-ebcoexpress-1.28.0-r36h516909a_1.tar.bz2",
            "full_name": "bioconda/bioconductor-ebcoexpress/1.28.0/linux-64/bioconductor-ebcoexpress-1.28.0-r36h516909a_1.tar.bz2",
            "labels": [
                "main"
            ],
            "md5": "6763daf1317e2e15f074a90417fbc018",
            "ndownloads": 42,
            "owner": "bioconda",
            "size": 2946227,
            "type": "conda",
            "upload_time": "2019-07-22 12:33:32.506000+00:00",
            "version": "1.28.0"
        },
        {
            "attrs": {
                "arch": "x86_64",
                "build": "r36h01d97ff_0",
                "build_number": 0,
                "depends": [
                    "bioconductor-ebarrays >=2.50.0,<2.51.0",
                    "r-base >=3.6,<3.7.0a0",
                    "r-mclust",
                    "r-minqa"
                ],
                "has_prefix": true,
                "license": "GPL (>= 2)",
                "machine": "x86_64",
                "operatingsystem": "darwin",
                "platform": "osx",
                "subdir": "osx-64",
                "target-triplet": "x86_64-any-darwin",
                "timestamp": 1572617222907
            },
            "basename": "osx-64/bioconductor-ebcoexpress-1.30.0-r36h01d97ff_0.tar.bz2",
            "dependencies": {
                "depends": [
                    {
                        "name": "bioconductor-ebarrays",
                        "specs": [
                            [
                                ">=",
                                "2.50.0,<2.51.0"
                            ]
                        ]
                    },
                    {
                        "name": "r-base",
                        "specs": [
                            [
                                ">=",
                                "3.6,<3.7.0a0"
                            ]
                        ]
                    },
                    {
                        "name": "r-mclust",
                        "specs": []
                    },
                    {
                        "name": "r-minqa",
                        "specs": []
                    }
                ]
            },
            "description": null,
            "distribution_type": "conda",
            "download_url": "//api.anaconda.org/download/bioconda/bioconductor-ebcoexpress/1.30.0/osx-64/bioconductor-ebcoexpress-1.30.0-r36h01d97ff_0.tar.bz2",
            "full_name": "bioconda/bioconductor-ebcoexpress/1.30.0/osx-64/bioconductor-ebcoexpress-1.30.0-r36h01d97ff_0.tar.bz2",
            "labels": [
                "main"
            ],
            "md5": "ea13c0c5e3eccb110f8e74d0c10e0bfe",
            "ndownloads": 159,
            "owner": "bioconda",
            "size": 2946044,
            "type": "conda",
            "upload_time": "2019-11-01 14:07:50.875000+00:00",
            "version": "1.30.0"
        },
        {
            "attrs": {
                "arch": "x86_64",
                "build": "r36h516909a_0",
                "build_number": 0,
                "depends": [
                    "bioconductor-ebarrays >=2.50.0,<2.51.0",
                    "libgcc-ng >=7.3.0",
                    "r-base >=3.6,<3.7.0a0",
                    "r-mclust",
                    "r-minqa"
                ],
                "has_prefix": false,
                "license": "GPL (>= 2)",
                "machine": "x86_64",
                "operatingsystem": "linux",
                "platform": "linux",
                "subdir": "linux-64",
                "target-triplet": "x86_64-any-linux",
                "timestamp": 1572639164405
            },
            "basename": "linux-64/bioconductor-ebcoexpress-1.30.0-r36h516909a_0.tar.bz2",
            "dependencies": {
                "depends": [
                    {
                        "name": "bioconductor-ebarrays",
                        "specs": [
                            [
                                ">=",
                                "2.50.0,<2.51.0"
                            ]
                        ]
                    },
                    {
                        "name": "libgcc-ng",
                        "specs": [
                            [
                                ">=",
                                "7.3.0"
                            ]
                        ]
                    },
                    {
                        "name": "r-base",
                        "specs": [
                            [
                                ">=",
                                "3.6,<3.7.0a0"
                            ]
                        ]
                    },
                    {
                        "name": "r-mclust",
                        "specs": []
                    },
                    {
                        "name": "r-minqa",
                        "specs": []
                    }
                ]
            },
            "description": null,
            "distribution_type": "conda",
            "download_url": "//api.anaconda.org/download/bioconda/bioconductor-ebcoexpress/1.30.0/linux-64/bioconductor-ebcoexpress-1.30.0-r36h516909a_0.tar.bz2",
            "full_name": "bioconda/bioconductor-ebcoexpress/1.30.0/linux-64/bioconductor-ebcoexpress-1.30.0-r36h516909a_0.tar.bz2",
            "labels": [
                "main"
            ],
            "md5": "79e6c39988d28d807a959d2c3f223889",
            "ndownloads": 33,
            "owner": "bioconda",
            "size": 2951264,
            "type": "conda",
            "upload_time": "2019-11-01 20:16:52.213000+00:00",
            "version": "1.30.0"
        }
    ],
    "full_name": "bioconda/bioconductor-ebcoexpress",
    "home": "https://bioconductor.org/packages/3.8/bioc/html/EBcoexpress.html",
    "html_url": "http://anaconda.org/bioconda/bioconductor-ebcoexpress",
    "id": "5c0ca02b37f339133fff336a",
    "latest_version": "1.30.0",
    "license": "GPL (>= 2)",
    "license_url": null,
    "modified_at": "2019-11-01 20:16:52.529000+00:00",
    "name": "bioconductor-ebcoexpress",
    "owner": {
        "company": "",
        "created_at": "2015-09-11 22:59:20.880000+00:00",
        "description": "Bioconda is a distribution of bioinformatics software realized as a channel for the versatile Conda package manager.",
        "location": "",
        "login": "bioconda",
        "name": "bioconda",
        "url": "",
        "user_type": "org"
    },
    "package_types": [
        "conda"
    ],
    "public": true,
    "releases": [
        {
            "distributions": [],
            "full_name": "bioconda/bioconductor-ebcoexpress/1.26.0",
            "version": "1.26.0"
        },
        {
            "distributions": [],
            "full_name": "bioconda/bioconductor-ebcoexpress/1.28.0",
            "version": "1.28.0"
        },
        {
            "distributions": [],
            "full_name": "bioconda/bioconductor-ebcoexpress/1.30.0",
            "version": "1.30.0"
        }
    ],
    "revision": 6,
    "source_git_tag": null,
    "source_git_url": null,
    "summary": "EBcoexpress for Differential Co-Expression Analysis",
    "upvoted": 0,
    "url": "http://api.anaconda.org/packages/bioconda/bioconductor-ebcoexpress",
    "versions": [
        "1.26.0",
        "1.28.0",
        "1.30.0"
    ],
    "watchers": 1
}