{
    "app_entry": {},
    "app_summary": {},
    "app_type": {},
    "builds": [
        "r36h4bb4525_1",
        "r36h4bb4525_0",
        "r36h6e990d7_1",
        "r36h6e990d7_0",
        "r36hd44dcd8_0",
        "r36hd44dcd8_1",
        "r351h436c29b_1",
        "r351hdc02c5d_0",
        "r351h9ac9557_1",
        "r351h9ac9557_0"
    ],
    "conda_platforms": [
        "linux-64",
        "osx-64"
    ],
    "created_at": "2018-12-11 21:52:39.917000+00:00",
    "description": "Gene selection based on a mixture of marginal distributions",
    "dev_url": null,
    "doc_url": null,
    "files": [
        {
            "attrs": {
                "arch": "x86_64",
                "build": "r351hdc02c5d_0",
                "build_number": 0,
                "depends": [
                    "bioconductor-biobase >=2.42.0,<2.43.0",
                    "bioconductor-limma >=3.38.0,<3.39.0",
                    "libgfortran >=3.0.1",
                    "r-base >=3.5.1,<3.5.2.0a0",
                    "r-mass",
                    "r-survival"
                ],
                "has_prefix": true,
                "license": "GPL (>= 2)",
                "machine": "x86_64",
                "operatingsystem": "darwin",
                "platform": "osx",
                "subdir": "osx-64",
                "target-triplet": "x86_64-any-darwin",
                "timestamp": 1544565105345
            },
            "basename": "osx-64/bioconductor-geneselectmmd-2.26.0-r351hdc02c5d_0.tar.bz2",
            "dependencies": {
                "depends": [
                    {
                        "name": "bioconductor-biobase",
                        "specs": [
                            [
                                ">=",
                                "2.42.0,<2.43.0"
                            ]
                        ]
                    },
                    {
                        "name": "bioconductor-limma",
                        "specs": [
                            [
                                ">=",
                                "3.38.0,<3.39.0"
                            ]
                        ]
                    },
                    {
                        "name": "libgfortran",
                        "specs": [
                            [
                                ">=",
                                "3.0.1"
                            ]
                        ]
                    },
                    {
                        "name": "r-base",
                        "specs": [
                            [
                                ">=",
                                "3.5.1,<3.5.2.0a0"
                            ]
                        ]
                    },
                    {
                        "name": "r-mass",
                        "specs": []
                    },
                    {
                        "name": "r-survival",
                        "specs": []
                    }
                ]
            },
            "description": null,
            "distribution_type": "conda",
            "download_url": "//api.anaconda.org/download/bioconda/bioconductor-geneselectmmd/2.26.0/osx-64/bioconductor-geneselectmmd-2.26.0-r351hdc02c5d_0.tar.bz2",
            "full_name": "bioconda/bioconductor-geneselectmmd/2.26.0/osx-64/bioconductor-geneselectmmd-2.26.0-r351hdc02c5d_0.tar.bz2",
            "labels": [
                "gcc7",
                "main"
            ],
            "md5": "7523edbcadc61171407327b3145dfbfc",
            "ndownloads": 590,
            "owner": "bioconda",
            "size": 474598,
            "type": "conda",
            "upload_time": "2018-12-11 21:52:40.918000+00:00",
            "version": "2.26.0"
        },
        {
            "attrs": {
                "arch": "x86_64",
                "build": "r351h9ac9557_0",
                "build_number": 0,
                "depends": [
                    "bioconductor-biobase >=2.42.0,<2.43.0",
                    "bioconductor-limma >=3.38.0,<3.39.0",
                    "libgcc-ng >=7.3.0",
                    "libgfortran-ng >=7,<8.0a0",
                    "r-base >=3.5.1,<3.5.2.0a0",
                    "r-mass",
                    "r-survival"
                ],
                "has_prefix": false,
                "license": "GPL (>= 2)",
                "machine": "x86_64",
                "operatingsystem": "linux",
                "platform": "linux",
                "subdir": "linux-64",
                "target-triplet": "x86_64-any-linux",
                "timestamp": 1544730016836
            },
            "basename": "linux-64/bioconductor-geneselectmmd-2.26.0-r351h9ac9557_0.tar.bz2",
            "dependencies": {
                "depends": [
                    {
                        "name": "bioconductor-biobase",
                        "specs": [
                            [
                                ">=",
                                "2.42.0,<2.43.0"
                            ]
                        ]
                    },
                    {
                        "name": "bioconductor-limma",
                        "specs": [
                            [
                                ">=",
                                "3.38.0,<3.39.0"
                            ]
                        ]
                    },
                    {
                        "name": "libgcc-ng",
                        "specs": [
                            [
                                ">=",
                                "7.3.0"
                            ]
                        ]
                    },
                    {
                        "name": "libgfortran-ng",
                        "specs": [
                            [
                                ">=",
                                "7,<8.0a0"
                            ]
                        ]
                    },
                    {
                        "name": "r-base",
                        "specs": [
                            [
                                ">=",
                                "3.5.1,<3.5.2.0a0"
                            ]
                        ]
                    },
                    {
                        "name": "r-mass",
                        "specs": []
                    },
                    {
                        "name": "r-survival",
                        "specs": []
                    }
                ]
            },
            "description": null,
            "distribution_type": "conda",
            "download_url": "//api.anaconda.org/download/bioconda/bioconductor-geneselectmmd/2.26.0/linux-64/bioconductor-geneselectmmd-2.26.0-r351h9ac9557_0.tar.bz2",
            "full_name": "bioconda/bioconductor-geneselectmmd/2.26.0/linux-64/bioconductor-geneselectmmd-2.26.0-r351h9ac9557_0.tar.bz2",
            "labels": [
                "gcc7",
                "main"
            ],
            "md5": "373901c37cfb4d8ab2cc644f07dad6c9",
            "ndownloads": 89,
            "owner": "bioconda",
            "size": 474990,
            "type": "conda",
            "upload_time": "2018-12-13 19:42:54.066000+00:00",
            "version": "2.26.0"
        },
        {
            "attrs": {
                "arch": "x86_64",
                "build": "r351h436c29b_1",
                "build_number": 1,
                "depends": [
                    "bioconductor-biobase >=2.42.0,<2.43.0",
                    "bioconductor-limma >=3.38.0,<3.39.0",
                    "libgfortran >=3.0.1,<4.0.0.a0",
                    "r-base >=3.5.1,<3.5.2.0a0",
                    "r-mass",
                    "r-survival"
                ],
                "has_prefix": true,
                "license": "GPL (>= 2)",
                "machine": "x86_64",
                "operatingsystem": "darwin",
                "platform": "osx",
                "subdir": "osx-64",
                "target-triplet": "x86_64-any-darwin",
                "timestamp": 1552136950574
            },
            "basename": "osx-64/bioconductor-geneselectmmd-2.26.0-r351h436c29b_1.tar.bz2",
            "dependencies": {
                "depends": [
                    {
                        "name": "bioconductor-biobase",
                        "specs": [
                            [
                                ">=",
                                "2.42.0,<2.43.0"
                            ]
                        ]
                    },
                    {
                        "name": "bioconductor-limma",
                        "specs": [
                            [
                                ">=",
                                "3.38.0,<3.39.0"
                            ]
                        ]
                    },
                    {
                        "name": "libgfortran",
                        "specs": [
                            [
                                ">=",
                                "3.0.1,<4.0.0.a0"
                            ]
                        ]
                    },
                    {
                        "name": "r-base",
                        "specs": [
                            [
                                ">=",
                                "3.5.1,<3.5.2.0a0"
                            ]
                        ]
                    },
                    {
                        "name": "r-mass",
                        "specs": []
                    },
                    {
                        "name": "r-survival",
                        "specs": []
                    }
                ]
            },
            "description": null,
            "distribution_type": "conda",
            "download_url": "//api.anaconda.org/download/bioconda/bioconductor-geneselectmmd/2.26.0/osx-64/bioconductor-geneselectmmd-2.26.0-r351h436c29b_1.tar.bz2",
            "full_name": "bioconda/bioconductor-geneselectmmd/2.26.0/osx-64/bioconductor-geneselectmmd-2.26.0-r351h436c29b_1.tar.bz2",
            "labels": [
                "main"
            ],
            "md5": "d2e1eb731674f376d1782f894750634d",
            "ndownloads": 125,
            "owner": "bioconda",
            "size": 474739,
            "type": "conda",
            "upload_time": "2019-03-09 13:09:52.844000+00:00",
            "version": "2.26.0"
        },
        {
            "attrs": {
                "arch": "x86_64",
                "build": "r351h9ac9557_1",
                "build_number": 1,
                "depends": [
                    "bioconductor-biobase >=2.42.0,<2.43.0",
                    "bioconductor-limma >=3.38.0,<3.39.0",
                    "libgcc-ng >=7.3.0",
                    "libgfortran-ng >=7,<8.0a0",
                    "r-base >=3.5.1,<3.5.2.0a0",
                    "r-mass",
                    "r-survival"
                ],
                "has_prefix": false,
                "license": "GPL (>= 2)",
                "machine": "x86_64",
                "operatingsystem": "linux",
                "platform": "linux",
                "subdir": "linux-64",
                "target-triplet": "x86_64-any-linux",
                "timestamp": 1552243649798
            },
            "basename": "linux-64/bioconductor-geneselectmmd-2.26.0-r351h9ac9557_1.tar.bz2",
            "dependencies": {
                "depends": [
                    {
                        "name": "bioconductor-biobase",
                        "specs": [
                            [
                                ">=",
                                "2.42.0,<2.43.0"
                            ]
                        ]
                    },
                    {
                        "name": "bioconductor-limma",
                        "specs": [
                            [
                                ">=",
                                "3.38.0,<3.39.0"
                            ]
                        ]
                    },
                    {
                        "name": "libgcc-ng",
                        "specs": [
                            [
                                ">=",
                                "7.3.0"
                            ]
                        ]
                    },
                    {
                        "name": "libgfortran-ng",
                        "specs": [
                            [
                                ">=",
                                "7,<8.0a0"
                            ]
                        ]
                    },
                    {
                        "name": "r-base",
                        "specs": [
                            [
                                ">=",
                                "3.5.1,<3.5.2.0a0"
                            ]
                        ]
                    },
                    {
                        "name": "r-mass",
                        "specs": []
                    },
                    {
                        "name": "r-survival",
                        "specs": []
                    }
                ]
            },
            "description": null,
            "distribution_type": "conda",
            "download_url": "//api.anaconda.org/download/bioconda/bioconductor-geneselectmmd/2.26.0/linux-64/bioconductor-geneselectmmd-2.26.0-r351h9ac9557_1.tar.bz2",
            "full_name": "bioconda/bioconductor-geneselectmmd/2.26.0/linux-64/bioconductor-geneselectmmd-2.26.0-r351h9ac9557_1.tar.bz2",
            "labels": [
                "main"
            ],
            "md5": "532ec5ae7a2d8110cd75c150d89e18fb",
            "ndownloads": 98,
            "owner": "bioconda",
            "size": 475458,
            "type": "conda",
            "upload_time": "2019-03-10 18:50:18.500000+00:00",
            "version": "2.26.0"
        },
        {
            "attrs": {
                "arch": "x86_64",
                "build": "r36hd44dcd8_1",
                "build_number": 1,
                "depends": [
                    "bioconductor-biobase >=2.44.0,<2.45.0",
                    "bioconductor-limma >=3.40.0,<3.41.0",
                    "libgfortran >=3.0.1,<4.0.0.a0",
                    "r-base >=3.6,<3.7.0a0",
                    "r-mass",
                    "r-survival"
                ],
                "has_prefix": true,
                "license": "GPL (>= 2)",
                "machine": "x86_64",
                "operatingsystem": "darwin",
                "platform": "osx",
                "subdir": "osx-64",
                "target-triplet": "x86_64-any-darwin",
                "timestamp": 1563437499069
            },
            "basename": "osx-64/bioconductor-geneselectmmd-2.28.0-r36hd44dcd8_1.tar.bz2",
            "dependencies": {
                "depends": [
                    {
                        "name": "bioconductor-biobase",
                        "specs": [
                            [
                                ">=",
                                "2.44.0,<2.45.0"
                            ]
                        ]
                    },
                    {
                        "name": "bioconductor-limma",
                        "specs": [
                            [
                                ">=",
                                "3.40.0,<3.41.0"
                            ]
                        ]
                    },
                    {
                        "name": "libgfortran",
                        "specs": [
                            [
                                ">=",
                                "3.0.1,<4.0.0.a0"
                            ]
                        ]
                    },
                    {
                        "name": "r-base",
                        "specs": [
                            [
                                ">=",
                                "3.6,<3.7.0a0"
                            ]
                        ]
                    },
                    {
                        "name": "r-mass",
                        "specs": []
                    },
                    {
                        "name": "r-survival",
                        "specs": []
                    }
                ]
            },
            "description": null,
            "distribution_type": "conda",
            "download_url": "//api.anaconda.org/download/bioconda/bioconductor-geneselectmmd/2.28.0/osx-64/bioconductor-geneselectmmd-2.28.0-r36hd44dcd8_1.tar.bz2",
            "full_name": "bioconda/bioconductor-geneselectmmd/2.28.0/osx-64/bioconductor-geneselectmmd-2.28.0-r36hd44dcd8_1.tar.bz2",
            "labels": [
                "main"
            ],
            "md5": "0c13dc82743e2f83825caf0227e2a39e",
            "ndownloads": 361,
            "owner": "bioconda",
            "size": 475446,
            "type": "conda",
            "upload_time": "2019-07-18 08:12:22.379000+00:00",
            "version": "2.28.0"
        },
        {
            "attrs": {
                "arch": "x86_64",
                "build": "r36h6e990d7_1",
                "build_number": 1,
                "depends": [
                    "bioconductor-biobase >=2.44.0,<2.45.0",
                    "bioconductor-limma >=3.40.0,<3.41.0",
                    "libgcc-ng >=7.3.0",
                    "r-base >=3.6,<3.7.0a0",
                    "r-mass",
                    "r-survival"
                ],
                "has_prefix": false,
                "license": "GPL (>= 2)",
                "machine": "x86_64",
                "operatingsystem": "linux",
                "platform": "linux",
                "subdir": "linux-64",
                "target-triplet": "x86_64-any-linux",
                "timestamp": 1564051681084
            },
            "basename": "linux-64/bioconductor-geneselectmmd-2.28.0-r36h6e990d7_1.tar.bz2",
            "dependencies": {
                "depends": [
                    {
                        "name": "bioconductor-biobase",
                        "specs": [
                            [
                                ">=",
                                "2.44.0,<2.45.0"
                            ]
                        ]
                    },
                    {
                        "name": "bioconductor-limma",
                        "specs": [
                            [
                                ">=",
                                "3.40.0,<3.41.0"
                            ]
                        ]
                    },
                    {
                        "name": "libgcc-ng",
                        "specs": [
                            [
                                ">=",
                                "7.3.0"
                            ]
                        ]
                    },
                    {
                        "name": "r-base",
                        "specs": [
                            [
                                ">=",
                                "3.6,<3.7.0a0"
                            ]
                        ]
                    },
                    {
                        "name": "r-mass",
                        "specs": []
                    },
                    {
                        "name": "r-survival",
                        "specs": []
                    }
                ]
            },
            "description": null,
            "distribution_type": "conda",
            "download_url": "//api.anaconda.org/download/bioconda/bioconductor-geneselectmmd/2.28.0/linux-64/bioconductor-geneselectmmd-2.28.0-r36h6e990d7_1.tar.bz2",
            "full_name": "bioconda/bioconductor-geneselectmmd/2.28.0/linux-64/bioconductor-geneselectmmd-2.28.0-r36h6e990d7_1.tar.bz2",
            "labels": [
                "main"
            ],
            "md5": "d4eb95aa48fbb188ad435eaddfb77424",
            "ndownloads": 43,
            "owner": "bioconda",
            "size": 475816,
            "type": "conda",
            "upload_time": "2019-07-25 10:52:01.720000+00:00",
            "version": "2.28.0"
        },
        {
            "attrs": {
                "arch": "x86_64",
                "build": "r36h4bb4525_1",
                "build_number": 1,
                "depends": [
                    "bioconductor-biobase >=2.44.0,<2.45.0",
                    "bioconductor-limma >=3.40.0,<3.41.0",
                    "libgfortran >=4.0.0,<5.0.0.a0",
                    "r-base >=3.6,<3.7.0a0",
                    "r-mass",
                    "r-survival"
                ],
                "has_prefix": true,
                "license": "GPL (>= 2)",
                "machine": "x86_64",
                "operatingsystem": "darwin",
                "platform": "osx",
                "subdir": "osx-64",
                "target-triplet": "x86_64-any-darwin",
                "timestamp": 1572151293503
            },
            "basename": "osx-64/bioconductor-geneselectmmd-2.28.0-r36h4bb4525_1.tar.bz2",
            "dependencies": {
                "depends": [
                    {
                        "name": "bioconductor-biobase",
                        "specs": [
                            [
                                ">=",
                                "2.44.0,<2.45.0"
                            ]
                        ]
                    },
                    {
                        "name": "bioconductor-limma",
                        "specs": [
                            [
                                ">=",
                                "3.40.0,<3.41.0"
                            ]
                        ]
                    },
                    {
                        "name": "libgfortran",
                        "specs": [
                            [
                                ">=",
                                "4.0.0,<5.0.0.a0"
                            ]
                        ]
                    },
                    {
                        "name": "r-base",
                        "specs": [
                            [
                                ">=",
                                "3.6,<3.7.0a0"
                            ]
                        ]
                    },
                    {
                        "name": "r-mass",
                        "specs": []
                    },
                    {
                        "name": "r-survival",
                        "specs": []
                    }
                ]
            },
            "description": null,
            "distribution_type": "conda",
            "download_url": "//api.anaconda.org/download/bioconda/bioconductor-geneselectmmd/2.28.0/osx-64/bioconductor-geneselectmmd-2.28.0-r36h4bb4525_1.tar.bz2",
            "full_name": "bioconda/bioconductor-geneselectmmd/2.28.0/osx-64/bioconductor-geneselectmmd-2.28.0-r36h4bb4525_1.tar.bz2",
            "labels": [
                "main"
            ],
            "md5": "675846eda6145164731cb8f797a68cf0",
            "ndownloads": 9,
            "owner": "bioconda",
            "size": 475227,
            "type": "conda",
            "upload_time": "2019-10-27 04:42:17.426000+00:00",
            "version": "2.28.0"
        },
        {
            "attrs": {
                "arch": "x86_64",
                "build": "r36hd44dcd8_0",
                "build_number": 0,
                "depends": [
                    "bioconductor-biobase >=2.46.0,<2.47.0",
                    "bioconductor-limma >=3.42.0,<3.43.0",
                    "libgfortran >=3.0.1,<4.0.0.a0",
                    "r-base >=3.6,<3.7.0a0",
                    "r-mass",
                    "r-survival"
                ],
                "has_prefix": true,
                "license": "GPL (>= 2)",
                "machine": "x86_64",
                "operatingsystem": "darwin",
                "platform": "osx",
                "subdir": "osx-64",
                "target-triplet": "x86_64-any-darwin",
                "timestamp": 1572596833028
            },
            "basename": "osx-64/bioconductor-geneselectmmd-2.30.0-r36hd44dcd8_0.tar.bz2",
            "dependencies": {
                "depends": [
                    {
                        "name": "bioconductor-biobase",
                        "specs": [
                            [
                                ">=",
                                "2.46.0,<2.47.0"
                            ]
                        ]
                    },
                    {
                        "name": "bioconductor-limma",
                        "specs": [
                            [
                                ">=",
                                "3.42.0,<3.43.0"
                            ]
                        ]
                    },
                    {
                        "name": "libgfortran",
                        "specs": [
                            [
                                ">=",
                                "3.0.1,<4.0.0.a0"
                            ]
                        ]
                    },
                    {
                        "name": "r-base",
                        "specs": [
                            [
                                ">=",
                                "3.6,<3.7.0a0"
                            ]
                        ]
                    },
                    {
                        "name": "r-mass",
                        "specs": []
                    },
                    {
                        "name": "r-survival",
                        "specs": []
                    }
                ]
            },
            "description": null,
            "distribution_type": "conda",
            "download_url": "//api.anaconda.org/download/bioconda/bioconductor-geneselectmmd/2.30.0/osx-64/bioconductor-geneselectmmd-2.30.0-r36hd44dcd8_0.tar.bz2",
            "full_name": "bioconda/bioconductor-geneselectmmd/2.30.0/osx-64/bioconductor-geneselectmmd-2.30.0-r36hd44dcd8_0.tar.bz2",
            "labels": [
                "main"
            ],
            "md5": "9caa61c27b922d135742d031cdbceae1",
            "ndownloads": 159,
            "owner": "bioconda",
            "size": 487834,
            "type": "conda",
            "upload_time": "2019-11-01 08:29:49.443000+00:00",
            "version": "2.30.0"
        },
        {
            "attrs": {
                "arch": "x86_64",
                "build": "r36h4bb4525_0",
                "build_number": 0,
                "depends": [
                    "bioconductor-biobase >=2.46.0,<2.47.0",
                    "bioconductor-limma >=3.42.0,<3.43.0",
                    "libgfortran >=4.0.0,<5.0.0.a0",
                    "r-base >=3.6,<3.7.0a0",
                    "r-mass",
                    "r-survival"
                ],
                "has_prefix": true,
                "license": "GPL (>= 2)",
                "machine": "x86_64",
                "operatingsystem": "darwin",
                "platform": "osx",
                "subdir": "osx-64",
                "target-triplet": "x86_64-any-darwin",
                "timestamp": 1572596945974
            },
            "basename": "osx-64/bioconductor-geneselectmmd-2.30.0-r36h4bb4525_0.tar.bz2",
            "dependencies": {
                "depends": [
                    {
                        "name": "bioconductor-biobase",
                        "specs": [
                            [
                                ">=",
                                "2.46.0,<2.47.0"
                            ]
                        ]
                    },
                    {
                        "name": "bioconductor-limma",
                        "specs": [
                            [
                                ">=",
                                "3.42.0,<3.43.0"
                            ]
                        ]
                    },
                    {
                        "name": "libgfortran",
                        "specs": [
                            [
                                ">=",
                                "4.0.0,<5.0.0.a0"
                            ]
                        ]
                    },
                    {
                        "name": "r-base",
                        "specs": [
                            [
                                ">=",
                                "3.6,<3.7.0a0"
                            ]
                        ]
                    },
                    {
                        "name": "r-mass",
                        "specs": []
                    },
                    {
                        "name": "r-survival",
                        "specs": []
                    }
                ]
            },
            "description": null,
            "distribution_type": "conda",
            "download_url": "//api.anaconda.org/download/bioconda/bioconductor-geneselectmmd/2.30.0/osx-64/bioconductor-geneselectmmd-2.30.0-r36h4bb4525_0.tar.bz2",
            "full_name": "bioconda/bioconductor-geneselectmmd/2.30.0/osx-64/bioconductor-geneselectmmd-2.30.0-r36h4bb4525_0.tar.bz2",
            "labels": [
                "main"
            ],
            "md5": "be8e4f2b1f0c1aa5459b530b05088460",
            "ndownloads": 9,
            "owner": "bioconda",
            "size": 487117,
            "type": "conda",
            "upload_time": "2019-11-01 08:29:52.569000+00:00",
            "version": "2.30.0"
        },
        {
            "attrs": {
                "arch": "x86_64",
                "build": "r36h6e990d7_0",
                "build_number": 0,
                "depends": [
                    "bioconductor-biobase >=2.46.0,<2.47.0",
                    "bioconductor-limma >=3.42.0,<3.43.0",
                    "libgcc-ng >=7.3.0",
                    "libgfortran-ng >=7,<8.0a0",
                    "r-base >=3.6,<3.7.0a0",
                    "r-mass",
                    "r-survival"
                ],
                "has_prefix": false,
                "license": "GPL (>= 2)",
                "machine": "x86_64",
                "operatingsystem": "linux",
                "platform": "linux",
                "subdir": "linux-64",
                "target-triplet": "x86_64-any-linux",
                "timestamp": 1572694514942
            },
            "basename": "linux-64/bioconductor-geneselectmmd-2.30.0-r36h6e990d7_0.tar.bz2",
            "dependencies": {
                "depends": [
                    {
                        "name": "bioconductor-biobase",
                        "specs": [
                            [
                                ">=",
                                "2.46.0,<2.47.0"
                            ]
                        ]
                    },
                    {
                        "name": "bioconductor-limma",
                        "specs": [
                            [
                                ">=",
                                "3.42.0,<3.43.0"
                            ]
                        ]
                    },
                    {
                        "name": "libgcc-ng",
                        "specs": [
                            [
                                ">=",
                                "7.3.0"
                            ]
                        ]
                    },
                    {
                        "name": "libgfortran-ng",
                        "specs": [
                            [
                                ">=",
                                "7,<8.0a0"
                            ]
                        ]
                    },
                    {
                        "name": "r-base",
                        "specs": [
                            [
                                ">=",
                                "3.6,<3.7.0a0"
                            ]
                        ]
                    },
                    {
                        "name": "r-mass",
                        "specs": []
                    },
                    {
                        "name": "r-survival",
                        "specs": []
                    }
                ]
            },
            "description": null,
            "distribution_type": "conda",
            "download_url": "//api.anaconda.org/download/bioconda/bioconductor-geneselectmmd/2.30.0/linux-64/bioconductor-geneselectmmd-2.30.0-r36h6e990d7_0.tar.bz2",
            "full_name": "bioconda/bioconductor-geneselectmmd/2.30.0/linux-64/bioconductor-geneselectmmd-2.30.0-r36h6e990d7_0.tar.bz2",
            "labels": [
                "main"
            ],
            "md5": "f3b47e2002b13e8ce4bb9eac3ac576cb",
            "ndownloads": 27,
            "owner": "bioconda",
            "size": 488889,
            "type": "conda",
            "upload_time": "2019-11-02 11:39:14.197000+00:00",
            "version": "2.30.0"
        }
    ],
    "full_name": "bioconda/bioconductor-geneselectmmd",
    "home": "https://bioconductor.org/packages/3.8/bioc/html/GeneSelectMMD.html",
    "html_url": "http://anaconda.org/bioconda/bioconductor-geneselectmmd",
    "id": "5c1031a7d9c2cf13537a569a",
    "latest_version": "2.30.0",
    "license": "GPL (>= 2)",
    "license_url": null,
    "modified_at": "2019-11-02 11:39:14.526000+00:00",
    "name": "bioconductor-geneselectmmd",
    "owner": {
        "company": "",
        "created_at": "2015-09-11 22:59:20.880000+00:00",
        "description": "Bioconda is a distribution of bioinformatics software realized as a channel for the versatile Conda package manager.",
        "location": "",
        "login": "bioconda",
        "name": "bioconda",
        "url": "",
        "user_type": "org"
    },
    "package_types": [
        "conda"
    ],
    "public": true,
    "releases": [
        {
            "distributions": [],
            "full_name": "bioconda/bioconductor-geneselectmmd/2.26.0",
            "version": "2.26.0"
        },
        {
            "distributions": [],
            "full_name": "bioconda/bioconductor-geneselectmmd/2.28.0",
            "version": "2.28.0"
        },
        {
            "distributions": [],
            "full_name": "bioconda/bioconductor-geneselectmmd/2.30.0",
            "version": "2.30.0"
        }
    ],
    "revision": 6,
    "source_git_tag": null,
    "source_git_url": null,
    "summary": "Gene selection based on the marginal distributions of gene profiles that characterized by a mixture of three-component multivariate distributions",
    "upvoted": 0,
    "url": "http://api.anaconda.org/packages/bioconda/bioconductor-geneselectmmd",
    "versions": [
        "2.26.0",
        "2.28.0",
        "2.30.0"
    ],
    "watchers": 1
}