{
    "app_entry": {},
    "app_summary": {},
    "app_type": {},
    "builds": [
        "r351_0",
        "r36_0"
    ],
    "conda_platforms": [
        "noarch"
    ],
    "created_at": "2019-01-03 13:48:29.845000+00:00",
    "description": "Mass cytometry (CyTOF) uses heavy metal isotopes rather than fluorescent tags as reporters to label antibodies, thereby substantially decreasing spectral overlap and allowing for examination of over 50 parameters at the single cell level. While spectral overlap is significantly less pronounced in CyTOF than flow cytometry, spillover due to detection sensitivity, isotopic impurities, and oxide formation can impede data interpretability. We designed CATALYST (Cytometry dATa anALYSis Tools) to provide a pipeline for preprocessing of cytometry data, including i) normalization using bead standards, ii) single-cell deconvolution, and iii) bead-based compensation.",
    "dev_url": null,
    "doc_url": null,
    "files": [
        {
            "attrs": {
                "arch": null,
                "build": "r351_0",
                "build_number": 0,
                "depends": [
                    "bioconductor-biobase >=2.42.0,<2.43.0",
                    "bioconductor-complexheatmap >=1.20.0,<1.21.0",
                    "bioconductor-consensusclusterplus >=1.46.0,<1.47.0",
                    "bioconductor-flowcore >=1.48.0,<1.49.0",
                    "bioconductor-flowsom >=1.14.0,<1.15.0",
                    "bioconductor-limma >=3.38.0,<3.39.0",
                    "bioconductor-s4vectors >=0.20.0,<0.21.0",
                    "bioconductor-summarizedexperiment >=1.12.0,<1.13.0",
                    "r-base >=3.5.1,<3.5.2.0a0",
                    "r-circlize",
                    "r-dplyr",
                    "r-drc",
                    "r-dt",
                    "r-ggplot2",
                    "r-ggrepel",
                    "r-ggridges",
                    "r-gridextra",
                    "r-htmltools",
                    "r-magrittr",
                    "r-matrix",
                    "r-matrixstats",
                    "r-nnls",
                    "r-plotly",
                    "r-rcolorbrewer",
                    "r-reshape2",
                    "r-rtsne",
                    "r-scales",
                    "r-shiny",
                    "r-shinybs",
                    "r-shinydashboard",
                    "r-shinyjs",
                    "r-tidyr"
                ],
                "has_prefix": false,
                "license": "GPL (>=2)",
                "machine": null,
                "noarch": "generic",
                "operatingsystem": null,
                "platform": null,
                "subdir": "noarch",
                "target-triplet": "None-any-None",
                "timestamp": 1546522989864
            },
            "basename": "noarch/bioconductor-catalyst-1.6.0-r351_0.tar.bz2",
            "dependencies": {
                "depends": [
                    {
                        "name": "bioconductor-biobase",
                        "specs": [
                            [
                                ">=",
                                "2.42.0,<2.43.0"
                            ]
                        ]
                    },
                    {
                        "name": "bioconductor-complexheatmap",
                        "specs": [
                            [
                                ">=",
                                "1.20.0,<1.21.0"
                            ]
                        ]
                    },
                    {
                        "name": "bioconductor-consensusclusterplus",
                        "specs": [
                            [
                                ">=",
                                "1.46.0,<1.47.0"
                            ]
                        ]
                    },
                    {
                        "name": "bioconductor-flowcore",
                        "specs": [
                            [
                                ">=",
                                "1.48.0,<1.49.0"
                            ]
                        ]
                    },
                    {
                        "name": "bioconductor-flowsom",
                        "specs": [
                            [
                                ">=",
                                "1.14.0,<1.15.0"
                            ]
                        ]
                    },
                    {
                        "name": "bioconductor-limma",
                        "specs": [
                            [
                                ">=",
                                "3.38.0,<3.39.0"
                            ]
                        ]
                    },
                    {
                        "name": "bioconductor-s4vectors",
                        "specs": [
                            [
                                ">=",
                                "0.20.0,<0.21.0"
                            ]
                        ]
                    },
                    {
                        "name": "bioconductor-summarizedexperiment",
                        "specs": [
                            [
                                ">=",
                                "1.12.0,<1.13.0"
                            ]
                        ]
                    },
                    {
                        "name": "r-base",
                        "specs": [
                            [
                                ">=",
                                "3.5.1,<3.5.2.0a0"
                            ]
                        ]
                    },
                    {
                        "name": "r-circlize",
                        "specs": []
                    },
                    {
                        "name": "r-dplyr",
                        "specs": []
                    },
                    {
                        "name": "r-drc",
                        "specs": []
                    },
                    {
                        "name": "r-dt",
                        "specs": []
                    },
                    {
                        "name": "r-ggplot2",
                        "specs": []
                    },
                    {
                        "name": "r-ggrepel",
                        "specs": []
                    },
                    {
                        "name": "r-ggridges",
                        "specs": []
                    },
                    {
                        "name": "r-gridextra",
                        "specs": []
                    },
                    {
                        "name": "r-htmltools",
                        "specs": []
                    },
                    {
                        "name": "r-magrittr",
                        "specs": []
                    },
                    {
                        "name": "r-matrix",
                        "specs": []
                    },
                    {
                        "name": "r-matrixstats",
                        "specs": []
                    },
                    {
                        "name": "r-nnls",
                        "specs": []
                    },
                    {
                        "name": "r-plotly",
                        "specs": []
                    },
                    {
                        "name": "r-rcolorbrewer",
                        "specs": []
                    },
                    {
                        "name": "r-reshape2",
                        "specs": []
                    },
                    {
                        "name": "r-rtsne",
                        "specs": []
                    },
                    {
                        "name": "r-scales",
                        "specs": []
                    },
                    {
                        "name": "r-shiny",
                        "specs": []
                    },
                    {
                        "name": "r-shinybs",
                        "specs": []
                    },
                    {
                        "name": "r-shinydashboard",
                        "specs": []
                    },
                    {
                        "name": "r-shinyjs",
                        "specs": []
                    },
                    {
                        "name": "r-tidyr",
                        "specs": []
                    }
                ]
            },
            "description": null,
            "distribution_type": "conda",
            "download_url": "//api.anaconda.org/download/bioconda/bioconductor-catalyst/1.6.0/noarch/bioconductor-catalyst-1.6.0-r351_0.tar.bz2",
            "full_name": "bioconda/bioconductor-catalyst/1.6.0/noarch/bioconductor-catalyst-1.6.0-r351_0.tar.bz2",
            "labels": [
                "gcc7",
                "main"
            ],
            "md5": "ea8151d63c99d8641a0daf645af5c8a3",
            "ndownloads": 102,
            "owner": "bioconda",
            "size": 7344073,
            "type": "conda",
            "upload_time": "2019-01-03 13:48:30.610000+00:00",
            "version": "1.6.0"
        },
        {
            "attrs": {
                "arch": null,
                "build": "r36_0",
                "build_number": 0,
                "depends": [
                    "bioconductor-biobase >=2.44.0,<2.45.0",
                    "bioconductor-complexheatmap >=2.0.0,<2.1.0",
                    "bioconductor-consensusclusterplus >=1.48.0,<1.49.0",
                    "bioconductor-flowcore >=1.50.0,<1.51.0",
                    "bioconductor-flowsom >=1.16.0,<1.17.0",
                    "bioconductor-limma >=3.40.0,<3.41.0",
                    "bioconductor-s4vectors >=0.22.0,<0.23.0",
                    "bioconductor-scater >=1.12.0,<1.13.0",
                    "bioconductor-singlecellexperiment >=1.6.0,<1.7.0",
                    "bioconductor-summarizedexperiment >=1.14.0,<1.15.0",
                    "r-base >=3.6,<3.7.0a0",
                    "r-circlize",
                    "r-data.table",
                    "r-dplyr",
                    "r-drc",
                    "r-dt",
                    "r-ggplot2",
                    "r-ggrepel",
                    "r-ggridges",
                    "r-gridextra",
                    "r-htmltools",
                    "r-magrittr",
                    "r-matrixstats",
                    "r-nnls",
                    "r-plotly",
                    "r-purrr",
                    "r-rcolorbrewer",
                    "r-reshape2",
                    "r-rtsne",
                    "r-scales",
                    "r-shiny",
                    "r-shinybs",
                    "r-shinydashboard",
                    "r-shinyjs"
                ],
                "has_prefix": false,
                "license": "GPL (>=2)",
                "machine": null,
                "noarch": "generic",
                "operatingsystem": null,
                "platform": null,
                "subdir": "noarch",
                "target-triplet": "None-any-None",
                "timestamp": 1565991769903
            },
            "basename": "noarch/bioconductor-catalyst-1.8.6-r36_0.tar.bz2",
            "dependencies": {
                "depends": [
                    {
                        "name": "bioconductor-biobase",
                        "specs": [
                            [
                                ">=",
                                "2.44.0,<2.45.0"
                            ]
                        ]
                    },
                    {
                        "name": "bioconductor-complexheatmap",
                        "specs": [
                            [
                                ">=",
                                "2.0.0,<2.1.0"
                            ]
                        ]
                    },
                    {
                        "name": "bioconductor-consensusclusterplus",
                        "specs": [
                            [
                                ">=",
                                "1.48.0,<1.49.0"
                            ]
                        ]
                    },
                    {
                        "name": "bioconductor-flowcore",
                        "specs": [
                            [
                                ">=",
                                "1.50.0,<1.51.0"
                            ]
                        ]
                    },
                    {
                        "name": "bioconductor-flowsom",
                        "specs": [
                            [
                                ">=",
                                "1.16.0,<1.17.0"
                            ]
                        ]
                    },
                    {
                        "name": "bioconductor-limma",
                        "specs": [
                            [
                                ">=",
                                "3.40.0,<3.41.0"
                            ]
                        ]
                    },
                    {
                        "name": "bioconductor-s4vectors",
                        "specs": [
                            [
                                ">=",
                                "0.22.0,<0.23.0"
                            ]
                        ]
                    },
                    {
                        "name": "bioconductor-scater",
                        "specs": [
                            [
                                ">=",
                                "1.12.0,<1.13.0"
                            ]
                        ]
                    },
                    {
                        "name": "bioconductor-singlecellexperiment",
                        "specs": [
                            [
                                ">=",
                                "1.6.0,<1.7.0"
                            ]
                        ]
                    },
                    {
                        "name": "bioconductor-summarizedexperiment",
                        "specs": [
                            [
                                ">=",
                                "1.14.0,<1.15.0"
                            ]
                        ]
                    },
                    {
                        "name": "r-base",
                        "specs": [
                            [
                                ">=",
                                "3.6,<3.7.0a0"
                            ]
                        ]
                    },
                    {
                        "name": "r-circlize",
                        "specs": []
                    },
                    {
                        "name": "r-data.table",
                        "specs": []
                    },
                    {
                        "name": "r-dplyr",
                        "specs": []
                    },
                    {
                        "name": "r-drc",
                        "specs": []
                    },
                    {
                        "name": "r-dt",
                        "specs": []
                    },
                    {
                        "name": "r-ggplot2",
                        "specs": []
                    },
                    {
                        "name": "r-ggrepel",
                        "specs": []
                    },
                    {
                        "name": "r-ggridges",
                        "specs": []
                    },
                    {
                        "name": "r-gridextra",
                        "specs": []
                    },
                    {
                        "name": "r-htmltools",
                        "specs": []
                    },
                    {
                        "name": "r-magrittr",
                        "specs": []
                    },
                    {
                        "name": "r-matrixstats",
                        "specs": []
                    },
                    {
                        "name": "r-nnls",
                        "specs": []
                    },
                    {
                        "name": "r-plotly",
                        "specs": []
                    },
                    {
                        "name": "r-purrr",
                        "specs": []
                    },
                    {
                        "name": "r-rcolorbrewer",
                        "specs": []
                    },
                    {
                        "name": "r-reshape2",
                        "specs": []
                    },
                    {
                        "name": "r-rtsne",
                        "specs": []
                    },
                    {
                        "name": "r-scales",
                        "specs": []
                    },
                    {
                        "name": "r-shiny",
                        "specs": []
                    },
                    {
                        "name": "r-shinybs",
                        "specs": []
                    },
                    {
                        "name": "r-shinydashboard",
                        "specs": []
                    },
                    {
                        "name": "r-shinyjs",
                        "specs": []
                    }
                ]
            },
            "description": null,
            "distribution_type": "conda",
            "download_url": "//api.anaconda.org/download/bioconda/bioconductor-catalyst/1.8.6/noarch/bioconductor-catalyst-1.8.6-r36_0.tar.bz2",
            "full_name": "bioconda/bioconductor-catalyst/1.8.6/noarch/bioconductor-catalyst-1.8.6-r36_0.tar.bz2",
            "labels": [
                "main"
            ],
            "md5": "980ba751deeebf98494323179fb2f974",
            "ndownloads": 39,
            "owner": "bioconda",
            "size": 8153355,
            "type": "conda",
            "upload_time": "2019-08-16 21:49:42.442000+00:00",
            "version": "1.8.6"
        },
        {
            "attrs": {
                "arch": null,
                "build": "r36_0",
                "build_number": 0,
                "depends": [
                    "bioconductor-biobase >=2.46.0,<2.47.0",
                    "bioconductor-complexheatmap >=2.2.0,<2.3.0",
                    "bioconductor-consensusclusterplus >=1.50.0,<1.51.0",
                    "bioconductor-flowcore >=1.52.0,<1.53.0",
                    "bioconductor-flowsom >=1.18.0,<1.19.0",
                    "bioconductor-limma >=3.42.0,<3.43.0",
                    "bioconductor-s4vectors >=0.24.0,<0.25.0",
                    "bioconductor-scater >=1.14.0,<1.15.0",
                    "bioconductor-singlecellexperiment >=1.8.0,<1.9.0",
                    "bioconductor-summarizedexperiment >=1.16.0,<1.17.0",
                    "r-base >=3.6,<3.7.0a0",
                    "r-circlize",
                    "r-cowplot",
                    "r-data.table",
                    "r-dplyr",
                    "r-drc",
                    "r-dt",
                    "r-ggplot2",
                    "r-ggrepel",
                    "r-ggridges",
                    "r-gridextra",
                    "r-htmltools",
                    "r-magrittr",
                    "r-matrix",
                    "r-matrixstats",
                    "r-nnls",
                    "r-plotly",
                    "r-purrr",
                    "r-rcolorbrewer",
                    "r-reshape2",
                    "r-rtsne",
                    "r-scales",
                    "r-shiny",
                    "r-shinybs",
                    "r-shinydashboard",
                    "r-shinyjs"
                ],
                "has_prefix": false,
                "license": "GPL (>=2)",
                "machine": null,
                "noarch": "generic",
                "operatingsystem": null,
                "platform": null,
                "subdir": "noarch",
                "target-triplet": "None-any-None",
                "timestamp": 1572920704752
            },
            "basename": "noarch/bioconductor-catalyst-1.10.0-r36_0.tar.bz2",
            "dependencies": {
                "depends": [
                    {
                        "name": "bioconductor-biobase",
                        "specs": [
                            [
                                ">=",
                                "2.46.0,<2.47.0"
                            ]
                        ]
                    },
                    {
                        "name": "bioconductor-complexheatmap",
                        "specs": [
                            [
                                ">=",
                                "2.2.0,<2.3.0"
                            ]
                        ]
                    },
                    {
                        "name": "bioconductor-consensusclusterplus",
                        "specs": [
                            [
                                ">=",
                                "1.50.0,<1.51.0"
                            ]
                        ]
                    },
                    {
                        "name": "bioconductor-flowcore",
                        "specs": [
                            [
                                ">=",
                                "1.52.0,<1.53.0"
                            ]
                        ]
                    },
                    {
                        "name": "bioconductor-flowsom",
                        "specs": [
                            [
                                ">=",
                                "1.18.0,<1.19.0"
                            ]
                        ]
                    },
                    {
                        "name": "bioconductor-limma",
                        "specs": [
                            [
                                ">=",
                                "3.42.0,<3.43.0"
                            ]
                        ]
                    },
                    {
                        "name": "bioconductor-s4vectors",
                        "specs": [
                            [
                                ">=",
                                "0.24.0,<0.25.0"
                            ]
                        ]
                    },
                    {
                        "name": "bioconductor-scater",
                        "specs": [
                            [
                                ">=",
                                "1.14.0,<1.15.0"
                            ]
                        ]
                    },
                    {
                        "name": "bioconductor-singlecellexperiment",
                        "specs": [
                            [
                                ">=",
                                "1.8.0,<1.9.0"
                            ]
                        ]
                    },
                    {
                        "name": "bioconductor-summarizedexperiment",
                        "specs": [
                            [
                                ">=",
                                "1.16.0,<1.17.0"
                            ]
                        ]
                    },
                    {
                        "name": "r-base",
                        "specs": [
                            [
                                ">=",
                                "3.6,<3.7.0a0"
                            ]
                        ]
                    },
                    {
                        "name": "r-circlize",
                        "specs": []
                    },
                    {
                        "name": "r-cowplot",
                        "specs": []
                    },
                    {
                        "name": "r-data.table",
                        "specs": []
                    },
                    {
                        "name": "r-dplyr",
                        "specs": []
                    },
                    {
                        "name": "r-drc",
                        "specs": []
                    },
                    {
                        "name": "r-dt",
                        "specs": []
                    },
                    {
                        "name": "r-ggplot2",
                        "specs": []
                    },
                    {
                        "name": "r-ggrepel",
                        "specs": []
                    },
                    {
                        "name": "r-ggridges",
                        "specs": []
                    },
                    {
                        "name": "r-gridextra",
                        "specs": []
                    },
                    {
                        "name": "r-htmltools",
                        "specs": []
                    },
                    {
                        "name": "r-magrittr",
                        "specs": []
                    },
                    {
                        "name": "r-matrix",
                        "specs": []
                    },
                    {
                        "name": "r-matrixstats",
                        "specs": []
                    },
                    {
                        "name": "r-nnls",
                        "specs": []
                    },
                    {
                        "name": "r-plotly",
                        "specs": []
                    },
                    {
                        "name": "r-purrr",
                        "specs": []
                    },
                    {
                        "name": "r-rcolorbrewer",
                        "specs": []
                    },
                    {
                        "name": "r-reshape2",
                        "specs": []
                    },
                    {
                        "name": "r-rtsne",
                        "specs": []
                    },
                    {
                        "name": "r-scales",
                        "specs": []
                    },
                    {
                        "name": "r-shiny",
                        "specs": []
                    },
                    {
                        "name": "r-shinybs",
                        "specs": []
                    },
                    {
                        "name": "r-shinydashboard",
                        "specs": []
                    },
                    {
                        "name": "r-shinyjs",
                        "specs": []
                    }
                ]
            },
            "description": null,
            "distribution_type": "conda",
            "download_url": "//api.anaconda.org/download/bioconda/bioconductor-catalyst/1.10.0/noarch/bioconductor-catalyst-1.10.0-r36_0.tar.bz2",
            "full_name": "bioconda/bioconductor-catalyst/1.10.0/noarch/bioconductor-catalyst-1.10.0-r36_0.tar.bz2",
            "labels": [
                "main"
            ],
            "md5": "c4a9b36a33f75f6b8e768d4be6b5e804",
            "ndownloads": 31,
            "owner": "bioconda",
            "size": 8561955,
            "type": "conda",
            "upload_time": "2019-11-05 02:32:05.076000+00:00",
            "version": "1.10.0"
        }
    ],
    "full_name": "bioconda/bioconductor-catalyst",
    "home": "https://bioconductor.org/packages/3.8/bioc/html/CATALYST.html",
    "html_url": "http://anaconda.org/bioconda/bioconductor-catalyst",
    "id": "5c2e12ad37f33913415d8e42",
    "latest_version": "1.10.0",
    "license": "GPL (>=2)",
    "license_url": null,
    "modified_at": "2019-11-05 02:32:05.571000+00:00",
    "name": "bioconductor-catalyst",
    "owner": {
        "company": "",
        "created_at": "2015-09-11 22:59:20.880000+00:00",
        "description": "Bioconda is a distribution of bioinformatics software realized as a channel for the versatile Conda package manager.",
        "location": "",
        "login": "bioconda",
        "name": "bioconda",
        "url": "",
        "user_type": "org"
    },
    "package_types": [
        "conda"
    ],
    "public": true,
    "releases": [
        {
            "distributions": [],
            "full_name": "bioconda/bioconductor-catalyst/1.6.0",
            "version": "1.6.0"
        },
        {
            "distributions": [],
            "full_name": "bioconda/bioconductor-catalyst/1.8.6",
            "version": "1.8.6"
        },
        {
            "distributions": [],
            "full_name": "bioconda/bioconductor-catalyst/1.10.0",
            "version": "1.10.0"
        }
    ],
    "revision": 6,
    "source_git_tag": null,
    "source_git_url": null,
    "summary": "Cytometry dATa anALYSis Tools",
    "upvoted": 0,
    "url": "http://api.anaconda.org/packages/bioconda/bioconductor-catalyst",
    "versions": [
        "1.6.0",
        "1.8.6",
        "1.10.0"
    ],
    "watchers": 1
}