{
    "app_entry": {},
    "app_summary": {},
    "app_type": {},
    "builds": [
        "r351_0",
        "r36_1"
    ],
    "conda_platforms": [
        "noarch"
    ],
    "created_at": "2018-12-30 09:57:02+00:00",
    "description": "FunciSNP integrates information from GWAS, 1000genomes and chromatin feature to identify functional SNP in coding or non-coding regions.",
    "dev_url": null,
    "doc_url": null,
    "files": [
        {
            "attrs": {
                "arch": null,
                "build": "r351_0",
                "build_number": 0,
                "depends": [
                    "bioconductor-biobase >=2.42.0,<2.43.0",
                    "bioconductor-biocgenerics >=0.28.0,<0.29.0",
                    "bioconductor-chippeakanno >=3.16.0,<3.17.0",
                    "bioconductor-funcisnp.data >=1.18.0,<1.19.0",
                    "bioconductor-genomicranges >=1.34.0,<1.35.0",
                    "bioconductor-iranges >=2.16.0,<2.17.0",
                    "bioconductor-rsamtools >=1.34.0,<1.35.0",
                    "bioconductor-rtracklayer >=1.42.0,<1.43.0",
                    "bioconductor-s4vectors >=0.20.0,<0.21.0",
                    "bioconductor-snpstats >=1.32.0,<1.33.0",
                    "bioconductor-txdb.hsapiens.ucsc.hg19.knowngene >=3.2.0,<3.3.0",
                    "bioconductor-variantannotation >=1.28.0,<1.29.0",
                    "r-base >=3.5.1,<3.5.2.0a0",
                    "r-ggplot2 >=0.9.0",
                    "r-plyr",
                    "r-reshape >=0.8.4",
                    "r-scales"
                ],
                "has_prefix": false,
                "license": "GPL-3",
                "machine": null,
                "noarch": "generic",
                "operatingsystem": null,
                "platform": null,
                "subdir": "noarch",
                "target-triplet": "None-any-None",
                "timestamp": 1546163473585
            },
            "basename": "noarch/bioconductor-funcisnp-1.26.0-r351_0.tar.bz2",
            "dependencies": {
                "depends": [
                    {
                        "name": "bioconductor-biobase",
                        "specs": [
                            [
                                ">=",
                                "2.42.0,<2.43.0"
                            ]
                        ]
                    },
                    {
                        "name": "bioconductor-biocgenerics",
                        "specs": [
                            [
                                ">=",
                                "0.28.0,<0.29.0"
                            ]
                        ]
                    },
                    {
                        "name": "bioconductor-chippeakanno",
                        "specs": [
                            [
                                ">=",
                                "3.16.0,<3.17.0"
                            ]
                        ]
                    },
                    {
                        "name": "bioconductor-funcisnp.data",
                        "specs": [
                            [
                                ">=",
                                "1.18.0,<1.19.0"
                            ]
                        ]
                    },
                    {
                        "name": "bioconductor-genomicranges",
                        "specs": [
                            [
                                ">=",
                                "1.34.0,<1.35.0"
                            ]
                        ]
                    },
                    {
                        "name": "bioconductor-iranges",
                        "specs": [
                            [
                                ">=",
                                "2.16.0,<2.17.0"
                            ]
                        ]
                    },
                    {
                        "name": "bioconductor-rsamtools",
                        "specs": [
                            [
                                ">=",
                                "1.34.0,<1.35.0"
                            ]
                        ]
                    },
                    {
                        "name": "bioconductor-rtracklayer",
                        "specs": [
                            [
                                ">=",
                                "1.42.0,<1.43.0"
                            ]
                        ]
                    },
                    {
                        "name": "bioconductor-s4vectors",
                        "specs": [
                            [
                                ">=",
                                "0.20.0,<0.21.0"
                            ]
                        ]
                    },
                    {
                        "name": "bioconductor-snpstats",
                        "specs": [
                            [
                                ">=",
                                "1.32.0,<1.33.0"
                            ]
                        ]
                    },
                    {
                        "name": "bioconductor-txdb.hsapiens.ucsc.hg19.knowngene",
                        "specs": [
                            [
                                ">=",
                                "3.2.0,<3.3.0"
                            ]
                        ]
                    },
                    {
                        "name": "bioconductor-variantannotation",
                        "specs": [
                            [
                                ">=",
                                "1.28.0,<1.29.0"
                            ]
                        ]
                    },
                    {
                        "name": "r-base",
                        "specs": [
                            [
                                ">=",
                                "3.5.1,<3.5.2.0a0"
                            ]
                        ]
                    },
                    {
                        "name": "r-ggplot2",
                        "specs": [
                            [
                                ">=",
                                "0.9.0"
                            ]
                        ]
                    },
                    {
                        "name": "r-plyr",
                        "specs": []
                    },
                    {
                        "name": "r-reshape",
                        "specs": [
                            [
                                ">=",
                                "0.8.4"
                            ]
                        ]
                    },
                    {
                        "name": "r-scales",
                        "specs": []
                    }
                ]
            },
            "description": null,
            "distribution_type": "conda",
            "download_url": "//api.anaconda.org/download/bioconda/bioconductor-funcisnp/1.26.0/noarch/bioconductor-funcisnp-1.26.0-r351_0.tar.bz2",
            "full_name": "bioconda/bioconductor-funcisnp/1.26.0/noarch/bioconductor-funcisnp-1.26.0-r351_0.tar.bz2",
            "labels": [
                "gcc7",
                "main"
            ],
            "md5": "5299ffc1df27471efeafb76d5fcc163b",
            "ndownloads": 80,
            "owner": "bioconda",
            "size": 2726700,
            "type": "conda",
            "upload_time": "2018-12-30 09:57:02.744000+00:00",
            "version": "1.26.0"
        },
        {
            "attrs": {
                "arch": null,
                "build": "r36_1",
                "build_number": 1,
                "depends": [
                    "bioconductor-biobase >=2.44.0,<2.45.0",
                    "bioconductor-biocgenerics >=0.30.0,<0.31.0",
                    "bioconductor-chippeakanno >=3.18.0,<3.19.0",
                    "bioconductor-funcisnp.data >=1.20.0,<1.21.0",
                    "bioconductor-genomicranges >=1.36.0,<1.37.0",
                    "bioconductor-iranges >=2.18.0,<2.19.0",
                    "bioconductor-rsamtools >=2.0.0,<2.1.0",
                    "bioconductor-rtracklayer >=1.44.0,<1.45.0",
                    "bioconductor-s4vectors >=0.22.0,<0.23.0",
                    "bioconductor-snpstats >=1.34.0,<1.35.0",
                    "bioconductor-txdb.hsapiens.ucsc.hg19.knowngene >=3.2.0,<3.3.0",
                    "bioconductor-variantannotation >=1.30.0,<1.31.0",
                    "r-base >=3.6,<3.7.0a0",
                    "r-ggplot2 >=0.9.0",
                    "r-plyr",
                    "r-reshape >=0.8.4",
                    "r-scales"
                ],
                "has_prefix": false,
                "license": "GPL-3",
                "machine": null,
                "noarch": "generic",
                "operatingsystem": null,
                "platform": null,
                "subdir": "noarch",
                "target-triplet": "None-any-None",
                "timestamp": 1565919989741
            },
            "basename": "noarch/bioconductor-funcisnp-1.28.0-r36_1.tar.bz2",
            "dependencies": {
                "depends": [
                    {
                        "name": "bioconductor-biobase",
                        "specs": [
                            [
                                ">=",
                                "2.44.0,<2.45.0"
                            ]
                        ]
                    },
                    {
                        "name": "bioconductor-biocgenerics",
                        "specs": [
                            [
                                ">=",
                                "0.30.0,<0.31.0"
                            ]
                        ]
                    },
                    {
                        "name": "bioconductor-chippeakanno",
                        "specs": [
                            [
                                ">=",
                                "3.18.0,<3.19.0"
                            ]
                        ]
                    },
                    {
                        "name": "bioconductor-funcisnp.data",
                        "specs": [
                            [
                                ">=",
                                "1.20.0,<1.21.0"
                            ]
                        ]
                    },
                    {
                        "name": "bioconductor-genomicranges",
                        "specs": [
                            [
                                ">=",
                                "1.36.0,<1.37.0"
                            ]
                        ]
                    },
                    {
                        "name": "bioconductor-iranges",
                        "specs": [
                            [
                                ">=",
                                "2.18.0,<2.19.0"
                            ]
                        ]
                    },
                    {
                        "name": "bioconductor-rsamtools",
                        "specs": [
                            [
                                ">=",
                                "2.0.0,<2.1.0"
                            ]
                        ]
                    },
                    {
                        "name": "bioconductor-rtracklayer",
                        "specs": [
                            [
                                ">=",
                                "1.44.0,<1.45.0"
                            ]
                        ]
                    },
                    {
                        "name": "bioconductor-s4vectors",
                        "specs": [
                            [
                                ">=",
                                "0.22.0,<0.23.0"
                            ]
                        ]
                    },
                    {
                        "name": "bioconductor-snpstats",
                        "specs": [
                            [
                                ">=",
                                "1.34.0,<1.35.0"
                            ]
                        ]
                    },
                    {
                        "name": "bioconductor-txdb.hsapiens.ucsc.hg19.knowngene",
                        "specs": [
                            [
                                ">=",
                                "3.2.0,<3.3.0"
                            ]
                        ]
                    },
                    {
                        "name": "bioconductor-variantannotation",
                        "specs": [
                            [
                                ">=",
                                "1.30.0,<1.31.0"
                            ]
                        ]
                    },
                    {
                        "name": "r-base",
                        "specs": [
                            [
                                ">=",
                                "3.6,<3.7.0a0"
                            ]
                        ]
                    },
                    {
                        "name": "r-ggplot2",
                        "specs": [
                            [
                                ">=",
                                "0.9.0"
                            ]
                        ]
                    },
                    {
                        "name": "r-plyr",
                        "specs": []
                    },
                    {
                        "name": "r-reshape",
                        "specs": [
                            [
                                ">=",
                                "0.8.4"
                            ]
                        ]
                    },
                    {
                        "name": "r-scales",
                        "specs": []
                    }
                ]
            },
            "description": null,
            "distribution_type": "conda",
            "download_url": "//api.anaconda.org/download/bioconda/bioconductor-funcisnp/1.28.0/noarch/bioconductor-funcisnp-1.28.0-r36_1.tar.bz2",
            "full_name": "bioconda/bioconductor-funcisnp/1.28.0/noarch/bioconductor-funcisnp-1.28.0-r36_1.tar.bz2",
            "labels": [
                "main"
            ],
            "md5": "4e6b22ff41f07fb91471883d274c71d0",
            "ndownloads": 29,
            "owner": "bioconda",
            "size": 2728563,
            "type": "conda",
            "upload_time": "2019-08-16 01:54:13.963000+00:00",
            "version": "1.28.0"
        },
        {
            "attrs": {
                "arch": null,
                "build": "r36_1",
                "build_number": 1,
                "depends": [
                    "bioconductor-biobase >=2.46.0,<2.47.0",
                    "bioconductor-biocgenerics >=0.32.0,<0.33.0",
                    "bioconductor-chippeakanno >=3.20.0,<3.21.0",
                    "bioconductor-funcisnp.data >=1.22.0,<1.23.0",
                    "bioconductor-genomicranges >=1.38.0,<1.39.0",
                    "bioconductor-iranges >=2.20.0,<2.21.0",
                    "bioconductor-rsamtools >=2.2.0,<2.3.0",
                    "bioconductor-rtracklayer >=1.46.0,<1.47.0",
                    "bioconductor-s4vectors >=0.24.0,<0.25.0",
                    "bioconductor-snpstats >=1.36.0,<1.37.0",
                    "bioconductor-txdb.hsapiens.ucsc.hg19.knowngene >=3.2.0,<3.3.0",
                    "bioconductor-variantannotation >=1.32.0,<1.33.0",
                    "r-base >=3.6,<3.7.0a0",
                    "r-ggplot2 >=0.9.0",
                    "r-plyr",
                    "r-reshape >=0.8.4",
                    "r-scales"
                ],
                "has_prefix": false,
                "license": "GPL-3",
                "machine": null,
                "noarch": "generic",
                "operatingsystem": null,
                "platform": null,
                "subdir": "noarch",
                "target-triplet": "None-any-None",
                "timestamp": 1573087931879
            },
            "basename": "noarch/bioconductor-funcisnp-1.30.0-r36_1.tar.bz2",
            "dependencies": {
                "depends": [
                    {
                        "name": "bioconductor-biobase",
                        "specs": [
                            [
                                ">=",
                                "2.46.0,<2.47.0"
                            ]
                        ]
                    },
                    {
                        "name": "bioconductor-biocgenerics",
                        "specs": [
                            [
                                ">=",
                                "0.32.0,<0.33.0"
                            ]
                        ]
                    },
                    {
                        "name": "bioconductor-chippeakanno",
                        "specs": [
                            [
                                ">=",
                                "3.20.0,<3.21.0"
                            ]
                        ]
                    },
                    {
                        "name": "bioconductor-funcisnp.data",
                        "specs": [
                            [
                                ">=",
                                "1.22.0,<1.23.0"
                            ]
                        ]
                    },
                    {
                        "name": "bioconductor-genomicranges",
                        "specs": [
                            [
                                ">=",
                                "1.38.0,<1.39.0"
                            ]
                        ]
                    },
                    {
                        "name": "bioconductor-iranges",
                        "specs": [
                            [
                                ">=",
                                "2.20.0,<2.21.0"
                            ]
                        ]
                    },
                    {
                        "name": "bioconductor-rsamtools",
                        "specs": [
                            [
                                ">=",
                                "2.2.0,<2.3.0"
                            ]
                        ]
                    },
                    {
                        "name": "bioconductor-rtracklayer",
                        "specs": [
                            [
                                ">=",
                                "1.46.0,<1.47.0"
                            ]
                        ]
                    },
                    {
                        "name": "bioconductor-s4vectors",
                        "specs": [
                            [
                                ">=",
                                "0.24.0,<0.25.0"
                            ]
                        ]
                    },
                    {
                        "name": "bioconductor-snpstats",
                        "specs": [
                            [
                                ">=",
                                "1.36.0,<1.37.0"
                            ]
                        ]
                    },
                    {
                        "name": "bioconductor-txdb.hsapiens.ucsc.hg19.knowngene",
                        "specs": [
                            [
                                ">=",
                                "3.2.0,<3.3.0"
                            ]
                        ]
                    },
                    {
                        "name": "bioconductor-variantannotation",
                        "specs": [
                            [
                                ">=",
                                "1.32.0,<1.33.0"
                            ]
                        ]
                    },
                    {
                        "name": "r-base",
                        "specs": [
                            [
                                ">=",
                                "3.6,<3.7.0a0"
                            ]
                        ]
                    },
                    {
                        "name": "r-ggplot2",
                        "specs": [
                            [
                                ">=",
                                "0.9.0"
                            ]
                        ]
                    },
                    {
                        "name": "r-plyr",
                        "specs": []
                    },
                    {
                        "name": "r-reshape",
                        "specs": [
                            [
                                ">=",
                                "0.8.4"
                            ]
                        ]
                    },
                    {
                        "name": "r-scales",
                        "specs": []
                    }
                ]
            },
            "description": null,
            "distribution_type": "conda",
            "download_url": "//api.anaconda.org/download/bioconda/bioconductor-funcisnp/1.30.0/noarch/bioconductor-funcisnp-1.30.0-r36_1.tar.bz2",
            "full_name": "bioconda/bioconductor-funcisnp/1.30.0/noarch/bioconductor-funcisnp-1.30.0-r36_1.tar.bz2",
            "labels": [
                "main"
            ],
            "md5": "6934eb91bbbb5366a9f7f477ef588d06",
            "ndownloads": 26,
            "owner": "bioconda",
            "size": 2787899,
            "type": "conda",
            "upload_time": "2019-11-07 01:01:05.426000+00:00",
            "version": "1.30.0"
        }
    ],
    "full_name": "bioconda/bioconductor-funcisnp",
    "home": "https://bioconductor.org/packages/3.8/bioc/html/FunciSNP.html",
    "html_url": "http://anaconda.org/bioconda/bioconductor-funcisnp",
    "id": "5c28966e036b8602463f9ee0",
    "latest_version": "1.30.0",
    "license": "GPL-3",
    "license_url": null,
    "modified_at": "2019-11-07 01:01:05.850000+00:00",
    "name": "bioconductor-funcisnp",
    "owner": {
        "company": "",
        "created_at": "2015-09-11 22:59:20.880000+00:00",
        "description": "Bioconda is a distribution of bioinformatics software realized as a channel for the versatile Conda package manager.",
        "location": "",
        "login": "bioconda",
        "name": "bioconda",
        "url": "",
        "user_type": "org"
    },
    "package_types": [
        "conda"
    ],
    "public": true,
    "releases": [
        {
            "distributions": [],
            "full_name": "bioconda/bioconductor-funcisnp/1.26.0",
            "version": "1.26.0"
        },
        {
            "distributions": [],
            "full_name": "bioconda/bioconductor-funcisnp/1.28.0",
            "version": "1.28.0"
        },
        {
            "distributions": [],
            "full_name": "bioconda/bioconductor-funcisnp/1.30.0",
            "version": "1.30.0"
        }
    ],
    "revision": 6,
    "source_git_tag": null,
    "source_git_url": null,
    "summary": "Integrating Functional Non-coding Datasets with Genetic Association Studies to Identify Candidate Regulatory SNPs",
    "upvoted": 0,
    "url": "http://api.anaconda.org/packages/bioconda/bioconductor-funcisnp",
    "versions": [
        "1.26.0",
        "1.28.0",
        "1.30.0"
    ],
    "watchers": 1
}