{
    "app_entry": {},
    "app_summary": {},
    "app_type": {},
    "builds": [
        "r351_0",
        "r36_1",
        "r36_0"
    ],
    "conda_platforms": [
        "noarch"
    ],
    "created_at": "2019-01-09 09:19:41.209000+00:00",
    "description": "Data used by the barcode package for microarrays of type hgu133plus2.",
    "dev_url": null,
    "doc_url": null,
    "files": [
        {
            "attrs": {
                "arch": null,
                "build": "r351_0",
                "build_number": 0,
                "depends": [
                    "r-base >=3.5.1,<3.5.2.0a0",
                    "wget"
                ],
                "has_prefix": false,
                "license": "GPL (>= 2)",
                "machine": null,
                "noarch": "generic",
                "operatingsystem": null,
                "platform": null,
                "subdir": "noarch",
                "target-triplet": "None-any-None",
                "timestamp": 1547025424399
            },
            "basename": "noarch/bioconductor-hgu133plus2barcodevecs-1.20.0-r351_0.tar.bz2",
            "dependencies": {
                "depends": [
                    {
                        "name": "r-base",
                        "specs": [
                            [
                                ">=",
                                "3.5.1,<3.5.2.0a0"
                            ]
                        ]
                    },
                    {
                        "name": "wget",
                        "specs": []
                    }
                ]
            },
            "description": null,
            "distribution_type": "conda",
            "download_url": "//api.anaconda.org/download/bioconda/bioconductor-hgu133plus2barcodevecs/1.20.0/noarch/bioconductor-hgu133plus2barcodevecs-1.20.0-r351_0.tar.bz2",
            "full_name": "bioconda/bioconductor-hgu133plus2barcodevecs/1.20.0/noarch/bioconductor-hgu133plus2barcodevecs-1.20.0-r351_0.tar.bz2",
            "labels": [
                "gcc7",
                "main"
            ],
            "md5": "9703644396e00e59c2a948278c353d8c",
            "ndownloads": 67,
            "owner": "bioconda",
            "size": 6139,
            "type": "conda",
            "upload_time": "2019-01-09 09:19:42.054000+00:00",
            "version": "1.20.0"
        },
        {
            "attrs": {
                "arch": null,
                "build": "r351_0",
                "build_number": 0,
                "depends": [
                    "curl >=7.64.1,<8.0a0",
                    "r-base >=3.5.1,<3.5.2.0a0"
                ],
                "has_prefix": false,
                "license": "GPL (>= 2)",
                "machine": null,
                "noarch": "generic",
                "operatingsystem": null,
                "platform": null,
                "subdir": "noarch",
                "target-triplet": "None-any-None",
                "timestamp": 1557585834596
            },
            "basename": "noarch/bioconductor-hgu133plus2barcodevecs-1.22.0-r351_0.tar.bz2",
            "dependencies": {
                "depends": [
                    {
                        "name": "curl",
                        "specs": [
                            [
                                ">=",
                                "7.64.1,<8.0a0"
                            ]
                        ]
                    },
                    {
                        "name": "r-base",
                        "specs": [
                            [
                                ">=",
                                "3.5.1,<3.5.2.0a0"
                            ]
                        ]
                    }
                ]
            },
            "description": null,
            "distribution_type": "conda",
            "download_url": "//api.anaconda.org/download/bioconda/bioconductor-hgu133plus2barcodevecs/1.22.0/noarch/bioconductor-hgu133plus2barcodevecs-1.22.0-r351_0.tar.bz2",
            "full_name": "bioconda/bioconductor-hgu133plus2barcodevecs/1.22.0/noarch/bioconductor-hgu133plus2barcodevecs-1.22.0-r351_0.tar.bz2",
            "labels": [
                "main"
            ],
            "md5": "209b7b19c9494ba757bfbb36bdb249e8",
            "ndownloads": 48,
            "owner": "bioconda",
            "size": 6070,
            "type": "conda",
            "upload_time": "2019-05-11 14:47:54.704000+00:00",
            "version": "1.22.0"
        },
        {
            "attrs": {
                "arch": null,
                "build": "r36_1",
                "build_number": 1,
                "depends": [
                    "curl >=7.65.2,<8.0a0",
                    "r-base >=3.6,<3.7.0a0"
                ],
                "has_prefix": false,
                "license": "GPL (>= 2)",
                "machine": null,
                "noarch": "generic",
                "operatingsystem": null,
                "platform": null,
                "subdir": "noarch",
                "target-triplet": "None-any-None",
                "timestamp": 1563448522768
            },
            "basename": "noarch/bioconductor-hgu133plus2barcodevecs-1.22.0-r36_1.tar.bz2",
            "dependencies": {
                "depends": [
                    {
                        "name": "curl",
                        "specs": [
                            [
                                ">=",
                                "7.65.2,<8.0a0"
                            ]
                        ]
                    },
                    {
                        "name": "r-base",
                        "specs": [
                            [
                                ">=",
                                "3.6,<3.7.0a0"
                            ]
                        ]
                    }
                ]
            },
            "description": null,
            "distribution_type": "conda",
            "download_url": "//api.anaconda.org/download/bioconda/bioconductor-hgu133plus2barcodevecs/1.22.0/noarch/bioconductor-hgu133plus2barcodevecs-1.22.0-r36_1.tar.bz2",
            "full_name": "bioconda/bioconductor-hgu133plus2barcodevecs/1.22.0/noarch/bioconductor-hgu133plus2barcodevecs-1.22.0-r36_1.tar.bz2",
            "labels": [
                "main"
            ],
            "md5": "da7f56e5384f3922febd00d3138aa8ff",
            "ndownloads": 28,
            "owner": "bioconda",
            "size": 6377,
            "type": "conda",
            "upload_time": "2019-07-18 11:19:20.968000+00:00",
            "version": "1.22.0"
        },
        {
            "attrs": {
                "arch": null,
                "build": "r36_0",
                "build_number": 0,
                "depends": [
                    "curl >=7.65.3,<8.0a0",
                    "r-base >=3.6,<3.7.0a0"
                ],
                "has_prefix": false,
                "license": "GPL (>= 2)",
                "machine": null,
                "noarch": "generic",
                "operatingsystem": null,
                "platform": null,
                "subdir": "noarch",
                "target-triplet": "None-any-None",
                "timestamp": 1573079096574
            },
            "basename": "noarch/bioconductor-hgu133plus2barcodevecs-1.24.0-r36_0.tar.bz2",
            "dependencies": {
                "depends": [
                    {
                        "name": "curl",
                        "specs": [
                            [
                                ">=",
                                "7.65.3,<8.0a0"
                            ]
                        ]
                    },
                    {
                        "name": "r-base",
                        "specs": [
                            [
                                ">=",
                                "3.6,<3.7.0a0"
                            ]
                        ]
                    }
                ]
            },
            "description": null,
            "distribution_type": "conda",
            "download_url": "//api.anaconda.org/download/bioconda/bioconductor-hgu133plus2barcodevecs/1.24.0/noarch/bioconductor-hgu133plus2barcodevecs-1.24.0-r36_0.tar.bz2",
            "full_name": "bioconda/bioconductor-hgu133plus2barcodevecs/1.24.0/noarch/bioconductor-hgu133plus2barcodevecs-1.24.0-r36_0.tar.bz2",
            "labels": [
                "main"
            ],
            "md5": "2330744e56e0d2bbd9178e6a866be19d",
            "ndownloads": 23,
            "owner": "bioconda",
            "size": 17513,
            "type": "conda",
            "upload_time": "2019-11-06 22:29:04.327000+00:00",
            "version": "1.24.0"
        }
    ],
    "full_name": "bioconda/bioconductor-hgu133plus2barcodevecs",
    "home": "https://bioconductor.org/packages/3.8/data/experiment/html/hgu133plus2barcodevecs.html",
    "html_url": "http://anaconda.org/bioconda/bioconductor-hgu133plus2barcodevecs",
    "id": "5c35bcad036b861db6c9ef30",
    "latest_version": "1.24.0",
    "license": "GPL (>= 2)",
    "license_url": null,
    "modified_at": "2019-11-06 23:24:42.471000+00:00",
    "name": "bioconductor-hgu133plus2barcodevecs",
    "owner": {
        "company": "",
        "created_at": "2015-09-11 22:59:20.880000+00:00",
        "description": "Bioconda is a distribution of bioinformatics software realized as a channel for the versatile Conda package manager.",
        "location": "",
        "login": "bioconda",
        "name": "bioconda",
        "url": "",
        "user_type": "org"
    },
    "package_types": [
        "conda"
    ],
    "public": true,
    "releases": [
        {
            "distributions": [],
            "full_name": "bioconda/bioconductor-hgu133plus2barcodevecs/1.20.0",
            "version": "1.20.0"
        },
        {
            "distributions": [],
            "full_name": "bioconda/bioconductor-hgu133plus2barcodevecs/1.22.0",
            "version": "1.22.0"
        },
        {
            "distributions": [],
            "full_name": "bioconda/bioconductor-hgu133plus2barcodevecs/1.23.0",
            "version": "1.23.0"
        },
        {
            "distributions": [],
            "full_name": "bioconda/bioconductor-hgu133plus2barcodevecs/1.24.0",
            "version": "1.24.0"
        }
    ],
    "revision": 8,
    "source_git_tag": null,
    "source_git_url": null,
    "summary": "hgu133plus2 data for barcode",
    "upvoted": 0,
    "url": "http://api.anaconda.org/packages/bioconda/bioconductor-hgu133plus2barcodevecs",
    "versions": [
        "1.20.0",
        "1.22.0",
        "1.23.0",
        "1.24.0"
    ],
    "watchers": 1
}