{
    "app_entry": {},
    "app_summary": {},
    "app_type": {},
    "builds": [
        "r351_0",
        "r36_1",
        "r36_0"
    ],
    "conda_platforms": [
        "noarch"
    ],
    "created_at": "2019-01-10 22:26:59.701000+00:00",
    "description": "The package provides ready to use epigenomes (obtained from TWGBS) and transcriptomes (RNA-seq) from various tissues as obtained in the study (Delacher and Imbusch 2017, PMID: 28783152). Regulatory T cells (Treg cells) perform two distinct functions: they maintain self-tolerance, and they support organ homeostasis by differentiating into specialized tissue Treg cells. The underlying dataset characterises the epigenetic and transcriptomic modifications for specialized tissue Treg cells.",
    "dev_url": null,
    "doc_url": null,
    "files": [
        {
            "attrs": {
                "arch": null,
                "build": "r351_0",
                "build_number": 0,
                "depends": [
                    "r-base >=3.5.1,<3.5.2.0a0",
                    "wget"
                ],
                "has_prefix": false,
                "license": "GPL (>= 2)",
                "machine": null,
                "noarch": "generic",
                "operatingsystem": null,
                "platform": null,
                "subdir": "noarch",
                "target-triplet": "None-any-None",
                "timestamp": 1547159057856
            },
            "basename": "noarch/bioconductor-tissuetreg-1.2.0-r351_0.tar.bz2",
            "dependencies": {
                "depends": [
                    {
                        "name": "r-base",
                        "specs": [
                            [
                                ">=",
                                "3.5.1,<3.5.2.0a0"
                            ]
                        ]
                    },
                    {
                        "name": "wget",
                        "specs": []
                    }
                ]
            },
            "description": null,
            "distribution_type": "conda",
            "download_url": "//api.anaconda.org/download/bioconda/bioconductor-tissuetreg/1.2.0/noarch/bioconductor-tissuetreg-1.2.0-r351_0.tar.bz2",
            "full_name": "bioconda/bioconductor-tissuetreg/1.2.0/noarch/bioconductor-tissuetreg-1.2.0-r351_0.tar.bz2",
            "labels": [
                "gcc7",
                "main"
            ],
            "md5": "3f5567e661665bdfe8f8abde0e2016b8",
            "ndownloads": 62,
            "owner": "bioconda",
            "size": 6543,
            "type": "conda",
            "upload_time": "2019-01-10 22:27:00.666000+00:00",
            "version": "1.2.0"
        },
        {
            "attrs": {
                "arch": null,
                "build": "r351_0",
                "build_number": 0,
                "depends": [
                    "curl >=7.64.1,<8.0a0",
                    "r-base >=3.5.1,<3.5.2.0a0"
                ],
                "has_prefix": false,
                "license": "GPL (>= 2)",
                "machine": null,
                "noarch": "generic",
                "operatingsystem": null,
                "platform": null,
                "subdir": "noarch",
                "target-triplet": "None-any-None",
                "timestamp": 1557828901917
            },
            "basename": "noarch/bioconductor-tissuetreg-1.4.0-r351_0.tar.bz2",
            "dependencies": {
                "depends": [
                    {
                        "name": "curl",
                        "specs": [
                            [
                                ">=",
                                "7.64.1,<8.0a0"
                            ]
                        ]
                    },
                    {
                        "name": "r-base",
                        "specs": [
                            [
                                ">=",
                                "3.5.1,<3.5.2.0a0"
                            ]
                        ]
                    }
                ]
            },
            "description": null,
            "distribution_type": "conda",
            "download_url": "//api.anaconda.org/download/bioconda/bioconductor-tissuetreg/1.4.0/noarch/bioconductor-tissuetreg-1.4.0-r351_0.tar.bz2",
            "full_name": "bioconda/bioconductor-tissuetreg/1.4.0/noarch/bioconductor-tissuetreg-1.4.0-r351_0.tar.bz2",
            "labels": [
                "main"
            ],
            "md5": "f56bc5d6c0c0a55fbb6ac9501e6b517c",
            "ndownloads": 55,
            "owner": "bioconda",
            "size": 6505,
            "type": "conda",
            "upload_time": "2019-05-14 10:19:00.247000+00:00",
            "version": "1.4.0"
        },
        {
            "attrs": {
                "arch": null,
                "build": "r36_1",
                "build_number": 1,
                "depends": [
                    "curl >=7.64.1,<8.0a0",
                    "r-base >=3.6,<3.7.0a0"
                ],
                "has_prefix": false,
                "license": "GPL (>= 2)",
                "machine": null,
                "noarch": "generic",
                "operatingsystem": null,
                "platform": null,
                "subdir": "noarch",
                "target-triplet": "None-any-None",
                "timestamp": 1563232793444
            },
            "basename": "noarch/bioconductor-tissuetreg-1.4.0-r36_1.tar.bz2",
            "dependencies": {
                "depends": [
                    {
                        "name": "curl",
                        "specs": [
                            [
                                ">=",
                                "7.64.1,<8.0a0"
                            ]
                        ]
                    },
                    {
                        "name": "r-base",
                        "specs": [
                            [
                                ">=",
                                "3.6,<3.7.0a0"
                            ]
                        ]
                    }
                ]
            },
            "description": null,
            "distribution_type": "conda",
            "download_url": "//api.anaconda.org/download/bioconda/bioconductor-tissuetreg/1.4.0/noarch/bioconductor-tissuetreg-1.4.0-r36_1.tar.bz2",
            "full_name": "bioconda/bioconductor-tissuetreg/1.4.0/noarch/bioconductor-tissuetreg-1.4.0-r36_1.tar.bz2",
            "labels": [
                "main"
            ],
            "md5": "872f027504892bd6f9b6d32a70c4d31c",
            "ndownloads": 23,
            "owner": "bioconda",
            "size": 6785,
            "type": "conda",
            "upload_time": "2019-07-15 23:23:50.371000+00:00",
            "version": "1.4.0"
        },
        {
            "attrs": {
                "arch": null,
                "build": "r36_0",
                "build_number": 0,
                "depends": [
                    "curl >=7.65.3,<8.0a0",
                    "r-base >=3.6,<3.7.0a0"
                ],
                "has_prefix": false,
                "license": "GPL (>= 2)",
                "machine": null,
                "noarch": "generic",
                "operatingsystem": null,
                "platform": null,
                "subdir": "noarch",
                "target-triplet": "None-any-None",
                "timestamp": 1573073516258
            },
            "basename": "noarch/bioconductor-tissuetreg-1.6.0-r36_0.tar.bz2",
            "dependencies": {
                "depends": [
                    {
                        "name": "curl",
                        "specs": [
                            [
                                ">=",
                                "7.65.3,<8.0a0"
                            ]
                        ]
                    },
                    {
                        "name": "r-base",
                        "specs": [
                            [
                                ">=",
                                "3.6,<3.7.0a0"
                            ]
                        ]
                    }
                ]
            },
            "description": null,
            "distribution_type": "conda",
            "download_url": "//api.anaconda.org/download/bioconda/bioconductor-tissuetreg/1.6.0/noarch/bioconductor-tissuetreg-1.6.0-r36_0.tar.bz2",
            "full_name": "bioconda/bioconductor-tissuetreg/1.6.0/noarch/bioconductor-tissuetreg-1.6.0-r36_0.tar.bz2",
            "labels": [
                "main"
            ],
            "md5": "34e782538f43e42c30f1317d1659dd5a",
            "ndownloads": 21,
            "owner": "bioconda",
            "size": 17901,
            "type": "conda",
            "upload_time": "2019-11-06 20:55:58.172000+00:00",
            "version": "1.6.0"
        }
    ],
    "full_name": "bioconda/bioconductor-tissuetreg",
    "home": "https://bioconductor.org/packages/3.8/data/experiment/html/tissueTreg.html",
    "html_url": "http://anaconda.org/bioconda/bioconductor-tissuetreg",
    "id": "5c37c6b3d9c2cf1e039c775e",
    "latest_version": "1.6.0",
    "license": "GPL (>= 2)",
    "license_url": null,
    "modified_at": "2019-11-06 23:27:58.341000+00:00",
    "name": "bioconductor-tissuetreg",
    "owner": {
        "company": "",
        "created_at": "2015-09-11 22:59:20.880000+00:00",
        "description": "Bioconda is a distribution of bioinformatics software realized as a channel for the versatile Conda package manager.",
        "location": "",
        "login": "bioconda",
        "name": "bioconda",
        "url": "",
        "user_type": "org"
    },
    "package_types": [
        "conda"
    ],
    "public": true,
    "releases": [
        {
            "distributions": [],
            "full_name": "bioconda/bioconductor-tissuetreg/1.2.0",
            "version": "1.2.0"
        },
        {
            "distributions": [],
            "full_name": "bioconda/bioconductor-tissuetreg/1.4.0",
            "version": "1.4.0"
        },
        {
            "distributions": [],
            "full_name": "bioconda/bioconductor-tissuetreg/1.5.0",
            "version": "1.5.0"
        },
        {
            "distributions": [],
            "full_name": "bioconda/bioconductor-tissuetreg/1.6.0",
            "version": "1.6.0"
        }
    ],
    "revision": 8,
    "source_git_tag": null,
    "source_git_url": null,
    "summary": "TWGBS and RNA-seq data from tissue T regulatory cells from mice",
    "upvoted": 0,
    "url": "http://api.anaconda.org/packages/bioconda/bioconductor-tissuetreg",
    "versions": [
        "1.2.0",
        "1.4.0",
        "1.5.0",
        "1.6.0"
    ],
    "watchers": 1
}