{
    "app_entry": {},
    "app_summary": {},
    "app_type": {},
    "builds": [
        "r3.3.1_1",
        "r36_1",
        "r36_0",
        "r341_0",
        "r3.3.2_1",
        "r351_0",
        "0",
        "r3.4.1_1",
        "r3.4.1_0"
    ],
    "conda_platforms": [
        "linux-64",
        "noarch",
        "osx-64"
    ],
    "created_at": "2016-02-08 22:18:55.639000+00:00",
    "description": "topGO package provides tools for testing GO terms while accounting for the topology of the GO graph. Different test statistics and different methods for eliminating local similarities and dependencies between GO terms can be implemented and applied.",
    "dev_url": null,
    "doc_url": null,
    "files": [
        {
            "attrs": {
                "arch": "x86_64",
                "build": "0",
                "build_number": 0,
                "depends": [
                    "bioconductor-annotationdbi >=1.7.19",
                    "bioconductor-biobase >=2.0.0",
                    "bioconductor-biocgenerics >=0.13.6",
                    "bioconductor-go.db >=2.3.0",
                    "bioconductor-graph >=1.14.0",
                    "r >=2.10.0",
                    "r-sparsem >=0.73"
                ],
                "license": "LGPL",
                "machine": "x86_64",
                "operatingsystem": "linux",
                "platform": "linux",
                "subdir": "linux-64",
                "target-triplet": "x86_64-any-linux"
            },
            "basename": "linux-64/bioconductor-topgo-2.22.0-0.tar.bz2",
            "dependencies": {
                "depends": [
                    {
                        "name": "bioconductor-annotationdbi",
                        "specs": [
                            [
                                ">=",
                                "1.7.19"
                            ]
                        ]
                    },
                    {
                        "name": "bioconductor-biobase",
                        "specs": [
                            [
                                ">=",
                                "2.0.0"
                            ]
                        ]
                    },
                    {
                        "name": "bioconductor-biocgenerics",
                        "specs": [
                            [
                                ">=",
                                "0.13.6"
                            ]
                        ]
                    },
                    {
                        "name": "bioconductor-go.db",
                        "specs": [
                            [
                                ">=",
                                "2.3.0"
                            ]
                        ]
                    },
                    {
                        "name": "bioconductor-graph",
                        "specs": [
                            [
                                ">=",
                                "1.14.0"
                            ]
                        ]
                    },
                    {
                        "name": "r",
                        "specs": [
                            [
                                ">=",
                                "2.10.0"
                            ]
                        ]
                    },
                    {
                        "name": "r-sparsem",
                        "specs": [
                            [
                                ">=",
                                "0.73"
                            ]
                        ]
                    }
                ]
            },
            "description": null,
            "distribution_type": "conda",
            "download_url": "//api.anaconda.org/download/bioconda/bioconductor-topgo/2.22.0/linux-64/bioconductor-topgo-2.22.0-0.tar.bz2",
            "full_name": "bioconda/bioconductor-topgo/2.22.0/linux-64/bioconductor-topgo-2.22.0-0.tar.bz2",
            "labels": [
                "main",
                "cf201901"
            ],
            "md5": "6d74749546e6c9b425d96926a204200b",
            "ndownloads": 2663,
            "owner": "bioconda",
            "size": 450765,
            "type": "conda",
            "upload_time": "2016-02-08 22:18:55.926000+00:00",
            "version": "2.22.0"
        },
        {
            "attrs": {
                "arch": "x86_64",
                "build": "0",
                "build_number": 0,
                "depends": [
                    "bioconductor-annotationdbi >=1.7.19",
                    "bioconductor-biobase >=2.0.0",
                    "bioconductor-biocgenerics >=0.13.6",
                    "bioconductor-go.db >=2.3.0",
                    "bioconductor-graph >=1.14.0",
                    "r >=2.10.0",
                    "r-sparsem >=0.73"
                ],
                "license": "LGPL",
                "machine": "x86_64",
                "operatingsystem": "darwin",
                "platform": "osx",
                "subdir": "osx-64",
                "target-triplet": "x86_64-any-darwin"
            },
            "basename": "osx-64/bioconductor-topgo-2.22.0-0.tar.bz2",
            "dependencies": {
                "depends": [
                    {
                        "name": "bioconductor-annotationdbi",
                        "specs": [
                            [
                                ">=",
                                "1.7.19"
                            ]
                        ]
                    },
                    {
                        "name": "bioconductor-biobase",
                        "specs": [
                            [
                                ">=",
                                "2.0.0"
                            ]
                        ]
                    },
                    {
                        "name": "bioconductor-biocgenerics",
                        "specs": [
                            [
                                ">=",
                                "0.13.6"
                            ]
                        ]
                    },
                    {
                        "name": "bioconductor-go.db",
                        "specs": [
                            [
                                ">=",
                                "2.3.0"
                            ]
                        ]
                    },
                    {
                        "name": "bioconductor-graph",
                        "specs": [
                            [
                                ">=",
                                "1.14.0"
                            ]
                        ]
                    },
                    {
                        "name": "r",
                        "specs": [
                            [
                                ">=",
                                "2.10.0"
                            ]
                        ]
                    },
                    {
                        "name": "r-sparsem",
                        "specs": [
                            [
                                ">=",
                                "0.73"
                            ]
                        ]
                    }
                ]
            },
            "description": null,
            "distribution_type": "conda",
            "download_url": "//api.anaconda.org/download/bioconda/bioconductor-topgo/2.22.0/osx-64/bioconductor-topgo-2.22.0-0.tar.bz2",
            "full_name": "bioconda/bioconductor-topgo/2.22.0/osx-64/bioconductor-topgo-2.22.0-0.tar.bz2",
            "labels": [
                "main",
                "cf201901"
            ],
            "md5": "dc0767a267503211dc8f59c26158d3df",
            "ndownloads": 994,
            "owner": "bioconda",
            "size": 450886,
            "type": "conda",
            "upload_time": "2016-03-20 00:52:20.277000+00:00",
            "version": "2.22.0"
        },
        {
            "attrs": {
                "arch": "x86_64",
                "build": "r3.3.1_1",
                "build_number": 1,
                "depends": [
                    "bioconductor-annotationdbi >=1.7.19",
                    "bioconductor-biobase >=2.0.0",
                    "bioconductor-biocgenerics >=0.13.6",
                    "bioconductor-go.db >=2.3.0",
                    "bioconductor-graph >=1.14.0",
                    "r 3.3.1*",
                    "r-dbi",
                    "r-matrixstats",
                    "r-sparsem >=0.73"
                ],
                "license": "LGPL",
                "machine": "x86_64",
                "operatingsystem": "linux",
                "platform": "linux",
                "subdir": "linux-64",
                "target-triplet": "x86_64-any-linux"
            },
            "basename": "linux-64/bioconductor-topgo-2.24.0-r3.3.1_1.tar.bz2",
            "dependencies": {
                "depends": [
                    {
                        "name": "bioconductor-annotationdbi",
                        "specs": [
                            [
                                ">=",
                                "1.7.19"
                            ]
                        ]
                    },
                    {
                        "name": "bioconductor-biobase",
                        "specs": [
                            [
                                ">=",
                                "2.0.0"
                            ]
                        ]
                    },
                    {
                        "name": "bioconductor-biocgenerics",
                        "specs": [
                            [
                                ">=",
                                "0.13.6"
                            ]
                        ]
                    },
                    {
                        "name": "bioconductor-go.db",
                        "specs": [
                            [
                                ">=",
                                "2.3.0"
                            ]
                        ]
                    },
                    {
                        "name": "bioconductor-graph",
                        "specs": [
                            [
                                ">=",
                                "1.14.0"
                            ]
                        ]
                    },
                    {
                        "name": "r",
                        "specs": [
                            [
                                "==",
                                "3.3.1"
                            ]
                        ]
                    },
                    {
                        "name": "r-dbi",
                        "specs": []
                    },
                    {
                        "name": "r-matrixstats",
                        "specs": []
                    },
                    {
                        "name": "r-sparsem",
                        "specs": [
                            [
                                ">=",
                                "0.73"
                            ]
                        ]
                    }
                ]
            },
            "description": null,
            "distribution_type": "conda",
            "download_url": "//api.anaconda.org/download/bioconda/bioconductor-topgo/2.24.0/linux-64/bioconductor-topgo-2.24.0-r3.3.1_1.tar.bz2",
            "full_name": "bioconda/bioconductor-topgo/2.24.0/linux-64/bioconductor-topgo-2.24.0-r3.3.1_1.tar.bz2",
            "labels": [
                "main",
                "cf201901"
            ],
            "md5": "b66c4cf49e5e16f09b5e88c3583643f2",
            "ndownloads": 718,
            "owner": "bioconda",
            "size": 454362,
            "type": "conda",
            "upload_time": "2016-10-20 05:57:42.542000+00:00",
            "version": "2.24.0"
        },
        {
            "attrs": {
                "arch": "x86_64",
                "build": "r3.3.1_1",
                "build_number": 1,
                "depends": [
                    "bioconductor-annotationdbi >=1.7.19",
                    "bioconductor-biobase >=2.0.0",
                    "bioconductor-biocgenerics >=0.13.6",
                    "bioconductor-go.db >=2.3.0",
                    "bioconductor-graph >=1.14.0",
                    "r 3.3.1*",
                    "r-dbi",
                    "r-matrixstats",
                    "r-sparsem >=0.73"
                ],
                "license": "LGPL",
                "machine": "x86_64",
                "operatingsystem": "darwin",
                "platform": "osx",
                "subdir": "osx-64",
                "target-triplet": "x86_64-any-darwin"
            },
            "basename": "osx-64/bioconductor-topgo-2.24.0-r3.3.1_1.tar.bz2",
            "dependencies": {
                "depends": [
                    {
                        "name": "bioconductor-annotationdbi",
                        "specs": [
                            [
                                ">=",
                                "1.7.19"
                            ]
                        ]
                    },
                    {
                        "name": "bioconductor-biobase",
                        "specs": [
                            [
                                ">=",
                                "2.0.0"
                            ]
                        ]
                    },
                    {
                        "name": "bioconductor-biocgenerics",
                        "specs": [
                            [
                                ">=",
                                "0.13.6"
                            ]
                        ]
                    },
                    {
                        "name": "bioconductor-go.db",
                        "specs": [
                            [
                                ">=",
                                "2.3.0"
                            ]
                        ]
                    },
                    {
                        "name": "bioconductor-graph",
                        "specs": [
                            [
                                ">=",
                                "1.14.0"
                            ]
                        ]
                    },
                    {
                        "name": "r",
                        "specs": [
                            [
                                "==",
                                "3.3.1"
                            ]
                        ]
                    },
                    {
                        "name": "r-dbi",
                        "specs": []
                    },
                    {
                        "name": "r-matrixstats",
                        "specs": []
                    },
                    {
                        "name": "r-sparsem",
                        "specs": [
                            [
                                ">=",
                                "0.73"
                            ]
                        ]
                    }
                ]
            },
            "description": null,
            "distribution_type": "conda",
            "download_url": "//api.anaconda.org/download/bioconda/bioconductor-topgo/2.24.0/osx-64/bioconductor-topgo-2.24.0-r3.3.1_1.tar.bz2",
            "full_name": "bioconda/bioconductor-topgo/2.24.0/osx-64/bioconductor-topgo-2.24.0-r3.3.1_1.tar.bz2",
            "labels": [
                "main",
                "cf201901"
            ],
            "md5": "90a67a163f8b5503582b3239882ff150",
            "ndownloads": 67,
            "owner": "bioconda",
            "size": 454120,
            "type": "conda",
            "upload_time": "2016-10-20 05:59:34.648000+00:00",
            "version": "2.24.0"
        },
        {
            "attrs": {
                "arch": "x86_64",
                "build": "r3.4.1_0",
                "build_number": 0,
                "depends": [
                    "bioconductor-annotationdbi >=1.7.19",
                    "bioconductor-biobase >=2.0.0",
                    "bioconductor-biocgenerics >=0.13.6",
                    "bioconductor-go.db >=2.3.0",
                    "bioconductor-graph >=1.14.0",
                    "r-base 3.4.1*",
                    "r-dbi",
                    "r-lattice",
                    "r-matrixstats",
                    "r-sparsem >=0.73"
                ],
                "has_prefix": false,
                "license": "LGPL",
                "machine": "x86_64",
                "operatingsystem": "darwin",
                "platform": "osx",
                "subdir": "osx-64",
                "target-triplet": "x86_64-any-darwin"
            },
            "basename": "osx-64/bioconductor-topgo-2.28.0-r3.4.1_0.tar.bz2",
            "dependencies": {
                "depends": [
                    {
                        "name": "bioconductor-annotationdbi",
                        "specs": [
                            [
                                ">=",
                                "1.7.19"
                            ]
                        ]
                    },
                    {
                        "name": "bioconductor-biobase",
                        "specs": [
                            [
                                ">=",
                                "2.0.0"
                            ]
                        ]
                    },
                    {
                        "name": "bioconductor-biocgenerics",
                        "specs": [
                            [
                                ">=",
                                "0.13.6"
                            ]
                        ]
                    },
                    {
                        "name": "bioconductor-go.db",
                        "specs": [
                            [
                                ">=",
                                "2.3.0"
                            ]
                        ]
                    },
                    {
                        "name": "bioconductor-graph",
                        "specs": [
                            [
                                ">=",
                                "1.14.0"
                            ]
                        ]
                    },
                    {
                        "name": "r-base",
                        "specs": [
                            [
                                "==",
                                "3.4.1"
                            ]
                        ]
                    },
                    {
                        "name": "r-dbi",
                        "specs": []
                    },
                    {
                        "name": "r-lattice",
                        "specs": []
                    },
                    {
                        "name": "r-matrixstats",
                        "specs": []
                    },
                    {
                        "name": "r-sparsem",
                        "specs": [
                            [
                                ">=",
                                "0.73"
                            ]
                        ]
                    }
                ]
            },
            "description": null,
            "distribution_type": "conda",
            "download_url": "//api.anaconda.org/download/bioconda/bioconductor-topgo/2.28.0/osx-64/bioconductor-topgo-2.28.0-r3.4.1_0.tar.bz2",
            "full_name": "bioconda/bioconductor-topgo/2.28.0/osx-64/bioconductor-topgo-2.28.0-r3.4.1_0.tar.bz2",
            "labels": [
                "main",
                "cf201901"
            ],
            "md5": "18af3d0938a9bf35bc65ee10252dff44",
            "ndownloads": 773,
            "owner": "bioconda",
            "size": 1328319,
            "type": "conda",
            "upload_time": "2017-10-21 02:31:14.403000+00:00",
            "version": "2.28.0"
        },
        {
            "attrs": {
                "arch": "x86_64",
                "build": "r3.4.1_0",
                "build_number": 0,
                "depends": [
                    "bioconductor-annotationdbi >=1.7.19",
                    "bioconductor-biobase >=2.0.0",
                    "bioconductor-biocgenerics >=0.13.6",
                    "bioconductor-go.db >=2.3.0",
                    "bioconductor-graph >=1.14.0",
                    "r-base 3.4.1*",
                    "r-dbi",
                    "r-lattice",
                    "r-matrixstats",
                    "r-sparsem >=0.73"
                ],
                "has_prefix": false,
                "license": "LGPL",
                "machine": "x86_64",
                "operatingsystem": "linux",
                "platform": "linux",
                "subdir": "linux-64",
                "target-triplet": "x86_64-any-linux"
            },
            "basename": "linux-64/bioconductor-topgo-2.30.0-r3.4.1_0.tar.bz2",
            "dependencies": {
                "depends": [
                    {
                        "name": "bioconductor-annotationdbi",
                        "specs": [
                            [
                                ">=",
                                "1.7.19"
                            ]
                        ]
                    },
                    {
                        "name": "bioconductor-biobase",
                        "specs": [
                            [
                                ">=",
                                "2.0.0"
                            ]
                        ]
                    },
                    {
                        "name": "bioconductor-biocgenerics",
                        "specs": [
                            [
                                ">=",
                                "0.13.6"
                            ]
                        ]
                    },
                    {
                        "name": "bioconductor-go.db",
                        "specs": [
                            [
                                ">=",
                                "2.3.0"
                            ]
                        ]
                    },
                    {
                        "name": "bioconductor-graph",
                        "specs": [
                            [
                                ">=",
                                "1.14.0"
                            ]
                        ]
                    },
                    {
                        "name": "r-base",
                        "specs": [
                            [
                                "==",
                                "3.4.1"
                            ]
                        ]
                    },
                    {
                        "name": "r-dbi",
                        "specs": []
                    },
                    {
                        "name": "r-lattice",
                        "specs": []
                    },
                    {
                        "name": "r-matrixstats",
                        "specs": []
                    },
                    {
                        "name": "r-sparsem",
                        "specs": [
                            [
                                ">=",
                                "0.73"
                            ]
                        ]
                    }
                ]
            },
            "description": null,
            "distribution_type": "conda",
            "download_url": "//api.anaconda.org/download/bioconda/bioconductor-topgo/2.30.0/linux-64/bioconductor-topgo-2.30.0-r3.4.1_0.tar.bz2",
            "full_name": "bioconda/bioconductor-topgo/2.30.0/linux-64/bioconductor-topgo-2.30.0-r3.4.1_0.tar.bz2",
            "labels": [
                "main",
                "cf201901"
            ],
            "md5": "a6f7c5399731a05efaf36197932a8959",
            "ndownloads": 1176,
            "owner": "bioconda",
            "size": 1328773,
            "type": "conda",
            "upload_time": "2017-11-10 21:55:36.143000+00:00",
            "version": "2.30.0"
        },
        {
            "attrs": {
                "arch": "x86_64",
                "build": "r3.3.2_1",
                "build_number": 1,
                "depends": [
                    "bioconductor-annotationdbi >=1.7.19",
                    "bioconductor-biobase >=2.0.0",
                    "bioconductor-biocgenerics >=0.13.6",
                    "bioconductor-go.db >=2.3.0",
                    "bioconductor-graph >=1.14.0",
                    "r-base 3.3.2*",
                    "r-dbi",
                    "r-lattice",
                    "r-matrixstats",
                    "r-sparsem >=0.73"
                ],
                "has_prefix": false,
                "license": "LGPL",
                "machine": "x86_64",
                "operatingsystem": "darwin",
                "platform": "osx",
                "subdir": "osx-64",
                "target-triplet": "x86_64-any-darwin"
            },
            "basename": "osx-64/bioconductor-topgo-2.24.0-r3.3.2_1.tar.bz2",
            "dependencies": {
                "depends": [
                    {
                        "name": "bioconductor-annotationdbi",
                        "specs": [
                            [
                                ">=",
                                "1.7.19"
                            ]
                        ]
                    },
                    {
                        "name": "bioconductor-biobase",
                        "specs": [
                            [
                                ">=",
                                "2.0.0"
                            ]
                        ]
                    },
                    {
                        "name": "bioconductor-biocgenerics",
                        "specs": [
                            [
                                ">=",
                                "0.13.6"
                            ]
                        ]
                    },
                    {
                        "name": "bioconductor-go.db",
                        "specs": [
                            [
                                ">=",
                                "2.3.0"
                            ]
                        ]
                    },
                    {
                        "name": "bioconductor-graph",
                        "specs": [
                            [
                                ">=",
                                "1.14.0"
                            ]
                        ]
                    },
                    {
                        "name": "r-base",
                        "specs": [
                            [
                                "==",
                                "3.3.2"
                            ]
                        ]
                    },
                    {
                        "name": "r-dbi",
                        "specs": []
                    },
                    {
                        "name": "r-lattice",
                        "specs": []
                    },
                    {
                        "name": "r-matrixstats",
                        "specs": []
                    },
                    {
                        "name": "r-sparsem",
                        "specs": [
                            [
                                ">=",
                                "0.73"
                            ]
                        ]
                    }
                ]
            },
            "description": null,
            "distribution_type": "conda",
            "download_url": "//api.anaconda.org/download/bioconda/bioconductor-topgo/2.24.0/osx-64/bioconductor-topgo-2.24.0-r3.3.2_1.tar.bz2",
            "full_name": "bioconda/bioconductor-topgo/2.24.0/osx-64/bioconductor-topgo-2.24.0-r3.3.2_1.tar.bz2",
            "labels": [
                "main",
                "cf201901"
            ],
            "md5": "a05105ae8bcbcb8f7577cf47a27ed59c",
            "ndownloads": 129,
            "owner": "bioconda",
            "size": 457531,
            "type": "conda",
            "upload_time": "2017-06-05 20:40:52.048000+00:00",
            "version": "2.24.0"
        },
        {
            "attrs": {
                "arch": "x86_64",
                "build": "r3.3.2_1",
                "build_number": 1,
                "depends": [
                    "bioconductor-annotationdbi >=1.7.19",
                    "bioconductor-biobase >=2.0.0",
                    "bioconductor-biocgenerics >=0.13.6",
                    "bioconductor-go.db >=2.3.0",
                    "bioconductor-graph >=1.14.0",
                    "r-base 3.3.2*",
                    "r-dbi",
                    "r-lattice",
                    "r-matrixstats",
                    "r-sparsem >=0.73"
                ],
                "has_prefix": false,
                "license": "LGPL",
                "machine": "x86_64",
                "operatingsystem": "linux",
                "platform": "linux",
                "subdir": "linux-64",
                "target-triplet": "x86_64-any-linux"
            },
            "basename": "linux-64/bioconductor-topgo-2.24.0-r3.3.2_1.tar.bz2",
            "dependencies": {
                "depends": [
                    {
                        "name": "bioconductor-annotationdbi",
                        "specs": [
                            [
                                ">=",
                                "1.7.19"
                            ]
                        ]
                    },
                    {
                        "name": "bioconductor-biobase",
                        "specs": [
                            [
                                ">=",
                                "2.0.0"
                            ]
                        ]
                    },
                    {
                        "name": "bioconductor-biocgenerics",
                        "specs": [
                            [
                                ">=",
                                "0.13.6"
                            ]
                        ]
                    },
                    {
                        "name": "bioconductor-go.db",
                        "specs": [
                            [
                                ">=",
                                "2.3.0"
                            ]
                        ]
                    },
                    {
                        "name": "bioconductor-graph",
                        "specs": [
                            [
                                ">=",
                                "1.14.0"
                            ]
                        ]
                    },
                    {
                        "name": "r-base",
                        "specs": [
                            [
                                "==",
                                "3.3.2"
                            ]
                        ]
                    },
                    {
                        "name": "r-dbi",
                        "specs": []
                    },
                    {
                        "name": "r-lattice",
                        "specs": []
                    },
                    {
                        "name": "r-matrixstats",
                        "specs": []
                    },
                    {
                        "name": "r-sparsem",
                        "specs": [
                            [
                                ">=",
                                "0.73"
                            ]
                        ]
                    }
                ]
            },
            "description": null,
            "distribution_type": "conda",
            "download_url": "//api.anaconda.org/download/bioconda/bioconductor-topgo/2.24.0/linux-64/bioconductor-topgo-2.24.0-r3.3.2_1.tar.bz2",
            "full_name": "bioconda/bioconductor-topgo/2.24.0/linux-64/bioconductor-topgo-2.24.0-r3.3.2_1.tar.bz2",
            "labels": [
                "main",
                "cf201901"
            ],
            "md5": "2ade82ecd91b892ada60dab553353626",
            "ndownloads": 1274,
            "owner": "bioconda",
            "size": 457392,
            "type": "conda",
            "upload_time": "2017-06-05 21:12:49.809000+00:00",
            "version": "2.24.0"
        },
        {
            "attrs": {
                "arch": "x86_64",
                "build": "r3.4.1_1",
                "build_number": 1,
                "depends": [
                    "bioconductor-annotationdbi >=1.7.19",
                    "bioconductor-biobase >=2.0.0",
                    "bioconductor-biocgenerics >=0.13.6",
                    "bioconductor-go.db >=2.3.0",
                    "bioconductor-graph >=1.14.0",
                    "r-base 3.4.1*",
                    "r-dbi",
                    "r-lattice",
                    "r-matrixstats",
                    "r-sparsem >=0.73"
                ],
                "has_prefix": false,
                "license": "LGPL",
                "machine": "x86_64",
                "operatingsystem": "linux",
                "platform": "linux",
                "subdir": "linux-64",
                "target-triplet": "x86_64-any-linux"
            },
            "basename": "linux-64/bioconductor-topgo-2.24.0-r3.4.1_1.tar.bz2",
            "dependencies": {
                "depends": [
                    {
                        "name": "bioconductor-annotationdbi",
                        "specs": [
                            [
                                ">=",
                                "1.7.19"
                            ]
                        ]
                    },
                    {
                        "name": "bioconductor-biobase",
                        "specs": [
                            [
                                ">=",
                                "2.0.0"
                            ]
                        ]
                    },
                    {
                        "name": "bioconductor-biocgenerics",
                        "specs": [
                            [
                                ">=",
                                "0.13.6"
                            ]
                        ]
                    },
                    {
                        "name": "bioconductor-go.db",
                        "specs": [
                            [
                                ">=",
                                "2.3.0"
                            ]
                        ]
                    },
                    {
                        "name": "bioconductor-graph",
                        "specs": [
                            [
                                ">=",
                                "1.14.0"
                            ]
                        ]
                    },
                    {
                        "name": "r-base",
                        "specs": [
                            [
                                "==",
                                "3.4.1"
                            ]
                        ]
                    },
                    {
                        "name": "r-dbi",
                        "specs": []
                    },
                    {
                        "name": "r-lattice",
                        "specs": []
                    },
                    {
                        "name": "r-matrixstats",
                        "specs": []
                    },
                    {
                        "name": "r-sparsem",
                        "specs": [
                            [
                                ">=",
                                "0.73"
                            ]
                        ]
                    }
                ]
            },
            "description": null,
            "distribution_type": "conda",
            "download_url": "//api.anaconda.org/download/bioconda/bioconductor-topgo/2.24.0/linux-64/bioconductor-topgo-2.24.0-r3.4.1_1.tar.bz2",
            "full_name": "bioconda/bioconductor-topgo/2.24.0/linux-64/bioconductor-topgo-2.24.0-r3.4.1_1.tar.bz2",
            "labels": [
                "main",
                "cf201901"
            ],
            "md5": "7a0fbf8929a3771c8b0a5b9d4f33621a",
            "ndownloads": 490,
            "owner": "bioconda",
            "size": 497968,
            "type": "conda",
            "upload_time": "2017-09-20 21:06:56.494000+00:00",
            "version": "2.24.0"
        },
        {
            "attrs": {
                "arch": "x86_64",
                "build": "r3.4.1_1",
                "build_number": 1,
                "depends": [
                    "bioconductor-annotationdbi >=1.7.19",
                    "bioconductor-biobase >=2.0.0",
                    "bioconductor-biocgenerics >=0.13.6",
                    "bioconductor-go.db >=2.3.0",
                    "bioconductor-graph >=1.14.0",
                    "r-base 3.4.1*",
                    "r-dbi",
                    "r-lattice",
                    "r-matrixstats",
                    "r-sparsem >=0.73"
                ],
                "has_prefix": false,
                "license": "LGPL",
                "machine": "x86_64",
                "operatingsystem": "darwin",
                "platform": "osx",
                "subdir": "osx-64",
                "target-triplet": "x86_64-any-darwin"
            },
            "basename": "osx-64/bioconductor-topgo-2.24.0-r3.4.1_1.tar.bz2",
            "dependencies": {
                "depends": [
                    {
                        "name": "bioconductor-annotationdbi",
                        "specs": [
                            [
                                ">=",
                                "1.7.19"
                            ]
                        ]
                    },
                    {
                        "name": "bioconductor-biobase",
                        "specs": [
                            [
                                ">=",
                                "2.0.0"
                            ]
                        ]
                    },
                    {
                        "name": "bioconductor-biocgenerics",
                        "specs": [
                            [
                                ">=",
                                "0.13.6"
                            ]
                        ]
                    },
                    {
                        "name": "bioconductor-go.db",
                        "specs": [
                            [
                                ">=",
                                "2.3.0"
                            ]
                        ]
                    },
                    {
                        "name": "bioconductor-graph",
                        "specs": [
                            [
                                ">=",
                                "1.14.0"
                            ]
                        ]
                    },
                    {
                        "name": "r-base",
                        "specs": [
                            [
                                "==",
                                "3.4.1"
                            ]
                        ]
                    },
                    {
                        "name": "r-dbi",
                        "specs": []
                    },
                    {
                        "name": "r-lattice",
                        "specs": []
                    },
                    {
                        "name": "r-matrixstats",
                        "specs": []
                    },
                    {
                        "name": "r-sparsem",
                        "specs": [
                            [
                                ">=",
                                "0.73"
                            ]
                        ]
                    }
                ]
            },
            "description": null,
            "distribution_type": "conda",
            "download_url": "//api.anaconda.org/download/bioconda/bioconductor-topgo/2.24.0/osx-64/bioconductor-topgo-2.24.0-r3.4.1_1.tar.bz2",
            "full_name": "bioconda/bioconductor-topgo/2.24.0/osx-64/bioconductor-topgo-2.24.0-r3.4.1_1.tar.bz2",
            "labels": [
                "main",
                "cf201901"
            ],
            "md5": "6c54f0be4d9cb509399ac4b033244ce4",
            "ndownloads": 718,
            "owner": "bioconda",
            "size": 497726,
            "type": "conda",
            "upload_time": "2017-09-21 19:00:02.431000+00:00",
            "version": "2.24.0"
        },
        {
            "attrs": {
                "arch": "x86_64",
                "build": "r3.4.1_0",
                "build_number": 0,
                "depends": [
                    "bioconductor-annotationdbi >=1.7.19",
                    "bioconductor-biobase >=2.0.0",
                    "bioconductor-biocgenerics >=0.13.6",
                    "bioconductor-go.db >=2.3.0",
                    "bioconductor-graph >=1.14.0",
                    "r-base 3.4.1*",
                    "r-dbi",
                    "r-lattice",
                    "r-matrixstats",
                    "r-sparsem >=0.73"
                ],
                "has_prefix": false,
                "license": "LGPL",
                "machine": "x86_64",
                "operatingsystem": "linux",
                "platform": "linux",
                "subdir": "linux-64",
                "target-triplet": "x86_64-any-linux"
            },
            "basename": "linux-64/bioconductor-topgo-2.28.0-r3.4.1_0.tar.bz2",
            "dependencies": {
                "depends": [
                    {
                        "name": "bioconductor-annotationdbi",
                        "specs": [
                            [
                                ">=",
                                "1.7.19"
                            ]
                        ]
                    },
                    {
                        "name": "bioconductor-biobase",
                        "specs": [
                            [
                                ">=",
                                "2.0.0"
                            ]
                        ]
                    },
                    {
                        "name": "bioconductor-biocgenerics",
                        "specs": [
                            [
                                ">=",
                                "0.13.6"
                            ]
                        ]
                    },
                    {
                        "name": "bioconductor-go.db",
                        "specs": [
                            [
                                ">=",
                                "2.3.0"
                            ]
                        ]
                    },
                    {
                        "name": "bioconductor-graph",
                        "specs": [
                            [
                                ">=",
                                "1.14.0"
                            ]
                        ]
                    },
                    {
                        "name": "r-base",
                        "specs": [
                            [
                                "==",
                                "3.4.1"
                            ]
                        ]
                    },
                    {
                        "name": "r-dbi",
                        "specs": []
                    },
                    {
                        "name": "r-lattice",
                        "specs": []
                    },
                    {
                        "name": "r-matrixstats",
                        "specs": []
                    },
                    {
                        "name": "r-sparsem",
                        "specs": [
                            [
                                ">=",
                                "0.73"
                            ]
                        ]
                    }
                ]
            },
            "description": null,
            "distribution_type": "conda",
            "download_url": "//api.anaconda.org/download/bioconda/bioconductor-topgo/2.28.0/linux-64/bioconductor-topgo-2.28.0-r3.4.1_0.tar.bz2",
            "full_name": "bioconda/bioconductor-topgo/2.28.0/linux-64/bioconductor-topgo-2.28.0-r3.4.1_0.tar.bz2",
            "labels": [
                "main",
                "cf201901"
            ],
            "md5": "cead6645dd1f78c6d096f073ee24d72a",
            "ndownloads": 635,
            "owner": "bioconda",
            "size": 1328409,
            "type": "conda",
            "upload_time": "2017-10-16 16:31:28.813000+00:00",
            "version": "2.28.0"
        },
        {
            "attrs": {
                "arch": "x86_64",
                "build": "r3.4.1_0",
                "build_number": 0,
                "depends": [
                    "bioconductor-annotationdbi >=1.7.19",
                    "bioconductor-biobase >=2.0.0",
                    "bioconductor-biocgenerics >=0.13.6",
                    "bioconductor-go.db >=2.3.0",
                    "bioconductor-graph >=1.14.0",
                    "r-base 3.4.1*",
                    "r-dbi",
                    "r-lattice",
                    "r-matrixstats",
                    "r-sparsem >=0.73"
                ],
                "has_prefix": false,
                "license": "LGPL",
                "machine": "x86_64",
                "operatingsystem": "darwin",
                "platform": "osx",
                "subdir": "osx-64",
                "target-triplet": "x86_64-any-darwin"
            },
            "basename": "osx-64/bioconductor-topgo-2.30.0-r3.4.1_0.tar.bz2",
            "dependencies": {
                "depends": [
                    {
                        "name": "bioconductor-annotationdbi",
                        "specs": [
                            [
                                ">=",
                                "1.7.19"
                            ]
                        ]
                    },
                    {
                        "name": "bioconductor-biobase",
                        "specs": [
                            [
                                ">=",
                                "2.0.0"
                            ]
                        ]
                    },
                    {
                        "name": "bioconductor-biocgenerics",
                        "specs": [
                            [
                                ">=",
                                "0.13.6"
                            ]
                        ]
                    },
                    {
                        "name": "bioconductor-go.db",
                        "specs": [
                            [
                                ">=",
                                "2.3.0"
                            ]
                        ]
                    },
                    {
                        "name": "bioconductor-graph",
                        "specs": [
                            [
                                ">=",
                                "1.14.0"
                            ]
                        ]
                    },
                    {
                        "name": "r-base",
                        "specs": [
                            [
                                "==",
                                "3.4.1"
                            ]
                        ]
                    },
                    {
                        "name": "r-dbi",
                        "specs": []
                    },
                    {
                        "name": "r-lattice",
                        "specs": []
                    },
                    {
                        "name": "r-matrixstats",
                        "specs": []
                    },
                    {
                        "name": "r-sparsem",
                        "specs": [
                            [
                                ">=",
                                "0.73"
                            ]
                        ]
                    }
                ]
            },
            "description": null,
            "distribution_type": "conda",
            "download_url": "//api.anaconda.org/download/bioconda/bioconductor-topgo/2.30.0/osx-64/bioconductor-topgo-2.30.0-r3.4.1_0.tar.bz2",
            "full_name": "bioconda/bioconductor-topgo/2.30.0/osx-64/bioconductor-topgo-2.30.0-r3.4.1_0.tar.bz2",
            "labels": [
                "main",
                "cf201901"
            ],
            "md5": "35f7db77af8ce3b9b453103f1dd328e9",
            "ndownloads": 942,
            "owner": "bioconda",
            "size": 1328561,
            "type": "conda",
            "upload_time": "2017-11-07 03:44:36.162000+00:00",
            "version": "2.30.0"
        },
        {
            "attrs": {
                "arch": "x86_64",
                "build": "r351_0",
                "build_number": 0,
                "depends": [
                    "bioconductor-annotationdbi >=1.42.1,<1.44.0",
                    "bioconductor-biobase >=2.40.0,<2.42.0",
                    "bioconductor-biocgenerics >=0.26.0,<0.28.0",
                    "bioconductor-go.db >=3.6.0,<3.8.0",
                    "bioconductor-graph >=1.58.0,<1.60.0",
                    "r-base >=3.5.1,<3.5.2.0a0",
                    "r-dbi",
                    "r-lattice",
                    "r-matrixstats",
                    "r-sparsem >=0.73"
                ],
                "has_prefix": false,
                "license": "LGPL",
                "machine": "x86_64",
                "operatingsystem": "linux",
                "platform": "linux",
                "subdir": "linux-64",
                "target-triplet": "x86_64-any-linux",
                "timestamp": 1540197118354
            },
            "basename": "linux-64/bioconductor-topgo-2.32.0-r351_0.tar.bz2",
            "dependencies": {
                "depends": [
                    {
                        "name": "bioconductor-annotationdbi",
                        "specs": [
                            [
                                ">=",
                                "1.42.1,<1.44.0"
                            ]
                        ]
                    },
                    {
                        "name": "bioconductor-biobase",
                        "specs": [
                            [
                                ">=",
                                "2.40.0,<2.42.0"
                            ]
                        ]
                    },
                    {
                        "name": "bioconductor-biocgenerics",
                        "specs": [
                            [
                                ">=",
                                "0.26.0,<0.28.0"
                            ]
                        ]
                    },
                    {
                        "name": "bioconductor-go.db",
                        "specs": [
                            [
                                ">=",
                                "3.6.0,<3.8.0"
                            ]
                        ]
                    },
                    {
                        "name": "bioconductor-graph",
                        "specs": [
                            [
                                ">=",
                                "1.58.0,<1.60.0"
                            ]
                        ]
                    },
                    {
                        "name": "r-base",
                        "specs": [
                            [
                                ">=",
                                "3.5.1,<3.5.2.0a0"
                            ]
                        ]
                    },
                    {
                        "name": "r-dbi",
                        "specs": []
                    },
                    {
                        "name": "r-lattice",
                        "specs": []
                    },
                    {
                        "name": "r-matrixstats",
                        "specs": []
                    },
                    {
                        "name": "r-sparsem",
                        "specs": [
                            [
                                ">=",
                                "0.73"
                            ]
                        ]
                    }
                ]
            },
            "description": null,
            "distribution_type": "conda",
            "download_url": "//api.anaconda.org/download/bioconda/bioconductor-topgo/2.32.0/linux-64/bioconductor-topgo-2.32.0-r351_0.tar.bz2",
            "full_name": "bioconda/bioconductor-topgo/2.32.0/linux-64/bioconductor-topgo-2.32.0-r351_0.tar.bz2",
            "labels": [
                "main",
                "cf201901"
            ],
            "md5": "1a22da462e3fcb92416d7828d575967c",
            "ndownloads": 769,
            "owner": "bioconda",
            "size": 1544600,
            "type": "conda",
            "upload_time": "2018-10-22 08:38:20.769000+00:00",
            "version": "2.32.0"
        },
        {
            "attrs": {
                "arch": "x86_64",
                "build": "r341_0",
                "build_number": 0,
                "depends": [
                    "bioconductor-annotationdbi >=1.42.1,<1.44.0",
                    "bioconductor-biobase >=2.40.0,<2.42.0",
                    "bioconductor-biocgenerics >=0.26.0,<0.28.0",
                    "bioconductor-go.db >=3.6.0,<3.8.0",
                    "bioconductor-graph >=1.58.0,<1.60.0",
                    "r-base >=3.4.1,<3.4.2.0a0",
                    "r-dbi",
                    "r-lattice",
                    "r-matrixstats",
                    "r-sparsem >=0.73"
                ],
                "has_prefix": false,
                "license": "LGPL",
                "machine": "x86_64",
                "operatingsystem": "linux",
                "platform": "linux",
                "subdir": "linux-64",
                "target-triplet": "x86_64-any-linux",
                "timestamp": 1540196974478
            },
            "basename": "linux-64/bioconductor-topgo-2.32.0-r341_0.tar.bz2",
            "dependencies": {
                "depends": [
                    {
                        "name": "bioconductor-annotationdbi",
                        "specs": [
                            [
                                ">=",
                                "1.42.1,<1.44.0"
                            ]
                        ]
                    },
                    {
                        "name": "bioconductor-biobase",
                        "specs": [
                            [
                                ">=",
                                "2.40.0,<2.42.0"
                            ]
                        ]
                    },
                    {
                        "name": "bioconductor-biocgenerics",
                        "specs": [
                            [
                                ">=",
                                "0.26.0,<0.28.0"
                            ]
                        ]
                    },
                    {
                        "name": "bioconductor-go.db",
                        "specs": [
                            [
                                ">=",
                                "3.6.0,<3.8.0"
                            ]
                        ]
                    },
                    {
                        "name": "bioconductor-graph",
                        "specs": [
                            [
                                ">=",
                                "1.58.0,<1.60.0"
                            ]
                        ]
                    },
                    {
                        "name": "r-base",
                        "specs": [
                            [
                                ">=",
                                "3.4.1,<3.4.2.0a0"
                            ]
                        ]
                    },
                    {
                        "name": "r-dbi",
                        "specs": []
                    },
                    {
                        "name": "r-lattice",
                        "specs": []
                    },
                    {
                        "name": "r-matrixstats",
                        "specs": []
                    },
                    {
                        "name": "r-sparsem",
                        "specs": [
                            [
                                ">=",
                                "0.73"
                            ]
                        ]
                    }
                ]
            },
            "description": null,
            "distribution_type": "conda",
            "download_url": "//api.anaconda.org/download/bioconda/bioconductor-topgo/2.32.0/linux-64/bioconductor-topgo-2.32.0-r341_0.tar.bz2",
            "full_name": "bioconda/bioconductor-topgo/2.32.0/linux-64/bioconductor-topgo-2.32.0-r341_0.tar.bz2",
            "labels": [
                "main",
                "cf201901"
            ],
            "md5": "5ab46c5d09e1837a437b758c7ba0f00f",
            "ndownloads": 736,
            "owner": "bioconda",
            "size": 1349894,
            "type": "conda",
            "upload_time": "2018-10-22 08:38:17.056000+00:00",
            "version": "2.32.0"
        },
        {
            "attrs": {
                "arch": null,
                "build": "r351_0",
                "build_number": 0,
                "depends": [
                    "bioconductor-annotationdbi >=1.44.0,<1.45.0",
                    "bioconductor-biobase >=2.42.0,<2.43.0",
                    "bioconductor-biocgenerics >=0.28.0,<0.29.0",
                    "bioconductor-go.db >=3.7.0,<3.8.0",
                    "bioconductor-graph >=1.60.0,<1.61.0",
                    "r-base >=3.5.1,<3.5.2.0a0",
                    "r-dbi",
                    "r-lattice",
                    "r-matrixstats",
                    "r-sparsem >=0.73"
                ],
                "has_prefix": false,
                "license": "LGPL",
                "machine": null,
                "noarch": "generic",
                "operatingsystem": null,
                "platform": null,
                "subdir": "noarch",
                "target-triplet": "None-any-None",
                "timestamp": 1546038433557
            },
            "basename": "noarch/bioconductor-topgo-2.34.0-r351_0.tar.bz2",
            "dependencies": {
                "depends": [
                    {
                        "name": "bioconductor-annotationdbi",
                        "specs": [
                            [
                                ">=",
                                "1.44.0,<1.45.0"
                            ]
                        ]
                    },
                    {
                        "name": "bioconductor-biobase",
                        "specs": [
                            [
                                ">=",
                                "2.42.0,<2.43.0"
                            ]
                        ]
                    },
                    {
                        "name": "bioconductor-biocgenerics",
                        "specs": [
                            [
                                ">=",
                                "0.28.0,<0.29.0"
                            ]
                        ]
                    },
                    {
                        "name": "bioconductor-go.db",
                        "specs": [
                            [
                                ">=",
                                "3.7.0,<3.8.0"
                            ]
                        ]
                    },
                    {
                        "name": "bioconductor-graph",
                        "specs": [
                            [
                                ">=",
                                "1.60.0,<1.61.0"
                            ]
                        ]
                    },
                    {
                        "name": "r-base",
                        "specs": [
                            [
                                ">=",
                                "3.5.1,<3.5.2.0a0"
                            ]
                        ]
                    },
                    {
                        "name": "r-dbi",
                        "specs": []
                    },
                    {
                        "name": "r-lattice",
                        "specs": []
                    },
                    {
                        "name": "r-matrixstats",
                        "specs": []
                    },
                    {
                        "name": "r-sparsem",
                        "specs": [
                            [
                                ">=",
                                "0.73"
                            ]
                        ]
                    }
                ]
            },
            "description": null,
            "distribution_type": "conda",
            "download_url": "//api.anaconda.org/download/bioconda/bioconductor-topgo/2.34.0/noarch/bioconductor-topgo-2.34.0-r351_0.tar.bz2",
            "full_name": "bioconda/bioconductor-topgo/2.34.0/noarch/bioconductor-topgo-2.34.0-r351_0.tar.bz2",
            "labels": [
                "gcc7",
                "main"
            ],
            "md5": "5dd33067aa6bdf0af21d1ee82bd9a998",
            "ndownloads": 474,
            "owner": "bioconda",
            "size": 1574654,
            "type": "conda",
            "upload_time": "2018-12-28 23:11:15.862000+00:00",
            "version": "2.34.0"
        },
        {
            "attrs": {
                "arch": null,
                "build": "r36_1",
                "build_number": 1,
                "depends": [
                    "bioconductor-annotationdbi >=1.46.0,<1.47.0",
                    "bioconductor-biobase >=2.44.0,<2.45.0",
                    "bioconductor-biocgenerics >=0.30.0,<0.31.0",
                    "bioconductor-go.db >=3.8.0,<3.9.0",
                    "bioconductor-graph >=1.62.0,<1.63.0",
                    "r-base >=3.6,<3.7.0a0",
                    "r-dbi",
                    "r-lattice",
                    "r-matrixstats",
                    "r-sparsem >=0.73"
                ],
                "has_prefix": false,
                "license": "LGPL",
                "machine": null,
                "noarch": "generic",
                "operatingsystem": null,
                "platform": null,
                "subdir": "noarch",
                "target-triplet": "None-any-None",
                "timestamp": 1565123956928
            },
            "basename": "noarch/bioconductor-topgo-2.36.0-r36_1.tar.bz2",
            "dependencies": {
                "depends": [
                    {
                        "name": "bioconductor-annotationdbi",
                        "specs": [
                            [
                                ">=",
                                "1.46.0,<1.47.0"
                            ]
                        ]
                    },
                    {
                        "name": "bioconductor-biobase",
                        "specs": [
                            [
                                ">=",
                                "2.44.0,<2.45.0"
                            ]
                        ]
                    },
                    {
                        "name": "bioconductor-biocgenerics",
                        "specs": [
                            [
                                ">=",
                                "0.30.0,<0.31.0"
                            ]
                        ]
                    },
                    {
                        "name": "bioconductor-go.db",
                        "specs": [
                            [
                                ">=",
                                "3.8.0,<3.9.0"
                            ]
                        ]
                    },
                    {
                        "name": "bioconductor-graph",
                        "specs": [
                            [
                                ">=",
                                "1.62.0,<1.63.0"
                            ]
                        ]
                    },
                    {
                        "name": "r-base",
                        "specs": [
                            [
                                ">=",
                                "3.6,<3.7.0a0"
                            ]
                        ]
                    },
                    {
                        "name": "r-dbi",
                        "specs": []
                    },
                    {
                        "name": "r-lattice",
                        "specs": []
                    },
                    {
                        "name": "r-matrixstats",
                        "specs": []
                    },
                    {
                        "name": "r-sparsem",
                        "specs": [
                            [
                                ">=",
                                "0.73"
                            ]
                        ]
                    }
                ]
            },
            "description": null,
            "distribution_type": "conda",
            "download_url": "//api.anaconda.org/download/bioconda/bioconductor-topgo/2.36.0/noarch/bioconductor-topgo-2.36.0-r36_1.tar.bz2",
            "full_name": "bioconda/bioconductor-topgo/2.36.0/noarch/bioconductor-topgo-2.36.0-r36_1.tar.bz2",
            "labels": [
                "main"
            ],
            "md5": "44a0bc8f15cd370f749a86055c06e0d6",
            "ndownloads": 139,
            "owner": "bioconda",
            "size": 1575703,
            "type": "conda",
            "upload_time": "2019-08-06 20:44:44.812000+00:00",
            "version": "2.36.0"
        },
        {
            "attrs": {
                "arch": null,
                "build": "r36_0",
                "build_number": 0,
                "depends": [
                    "bioconductor-annotationdbi >=1.48.0,<1.49.0",
                    "bioconductor-biobase >=2.46.0,<2.47.0",
                    "bioconductor-biocgenerics >=0.32.0,<0.33.0",
                    "bioconductor-go.db >=3.10.0,<3.11.0",
                    "bioconductor-graph >=1.64.0,<1.65.0",
                    "r-base >=3.6,<3.7.0a0",
                    "r-dbi",
                    "r-lattice",
                    "r-matrixstats",
                    "r-sparsem >=0.73"
                ],
                "has_prefix": false,
                "license": "LGPL",
                "machine": null,
                "noarch": "generic",
                "operatingsystem": null,
                "platform": null,
                "subdir": "noarch",
                "target-triplet": "None-any-None",
                "timestamp": 1572873942545
            },
            "basename": "noarch/bioconductor-topgo-2.37.0-r36_0.tar.bz2",
            "dependencies": {
                "depends": [
                    {
                        "name": "bioconductor-annotationdbi",
                        "specs": [
                            [
                                ">=",
                                "1.48.0,<1.49.0"
                            ]
                        ]
                    },
                    {
                        "name": "bioconductor-biobase",
                        "specs": [
                            [
                                ">=",
                                "2.46.0,<2.47.0"
                            ]
                        ]
                    },
                    {
                        "name": "bioconductor-biocgenerics",
                        "specs": [
                            [
                                ">=",
                                "0.32.0,<0.33.0"
                            ]
                        ]
                    },
                    {
                        "name": "bioconductor-go.db",
                        "specs": [
                            [
                                ">=",
                                "3.10.0,<3.11.0"
                            ]
                        ]
                    },
                    {
                        "name": "bioconductor-graph",
                        "specs": [
                            [
                                ">=",
                                "1.64.0,<1.65.0"
                            ]
                        ]
                    },
                    {
                        "name": "r-base",
                        "specs": [
                            [
                                ">=",
                                "3.6,<3.7.0a0"
                            ]
                        ]
                    },
                    {
                        "name": "r-dbi",
                        "specs": []
                    },
                    {
                        "name": "r-lattice",
                        "specs": []
                    },
                    {
                        "name": "r-matrixstats",
                        "specs": []
                    },
                    {
                        "name": "r-sparsem",
                        "specs": [
                            [
                                ">=",
                                "0.73"
                            ]
                        ]
                    }
                ]
            },
            "description": null,
            "distribution_type": "conda",
            "download_url": "//api.anaconda.org/download/bioconda/bioconductor-topgo/2.37.0/noarch/bioconductor-topgo-2.37.0-r36_0.tar.bz2",
            "full_name": "bioconda/bioconductor-topgo/2.37.0/noarch/bioconductor-topgo-2.37.0-r36_0.tar.bz2",
            "labels": [
                "main"
            ],
            "md5": "f0177db50cc3e9f5113616a8dadc7342",
            "ndownloads": 93,
            "owner": "bioconda",
            "size": 1570888,
            "type": "conda",
            "upload_time": "2019-11-04 13:31:08.464000+00:00",
            "version": "2.37.0"
        }
    ],
    "full_name": "bioconda/bioconductor-topgo",
    "home": "None",
    "html_url": "http://anaconda.org/bioconda/bioconductor-topgo",
    "id": "56b9144f266fe40a406949fd",
    "latest_version": "2.37.0",
    "license": "LGPL",
    "license_url": null,
    "modified_at": "2019-11-04 13:31:08.819000+00:00",
    "name": "bioconductor-topgo",
    "owner": {
        "company": "",
        "created_at": "2015-09-11 22:59:20.880000+00:00",
        "description": "Bioconda is a distribution of bioinformatics software realized as a channel for the versatile Conda package manager.",
        "location": "",
        "login": "bioconda",
        "name": "bioconda",
        "url": "",
        "user_type": "org"
    },
    "package_types": [
        "conda"
    ],
    "public": true,
    "releases": [
        {
            "distributions": [
                "linux-64/bioconductor-topgo-2.22.0-0.tar.bz2",
                "osx-64/bioconductor-topgo-2.22.0-0.tar.bz2"
            ],
            "full_name": "bioconda/bioconductor-topgo/2.22.0",
            "version": "2.22.0"
        },
        {
            "distributions": [],
            "full_name": "bioconda/bioconductor-topgo/2.24.0",
            "version": "2.24.0"
        },
        {
            "distributions": [],
            "full_name": "bioconda/bioconductor-topgo/2.28.0",
            "version": "2.28.0"
        },
        {
            "distributions": [],
            "full_name": "bioconda/bioconductor-topgo/2.30.0",
            "version": "2.30.0"
        },
        {
            "distributions": [],
            "full_name": "bioconda/bioconductor-topgo/2.32.0",
            "version": "2.32.0"
        },
        {
            "distributions": [],
            "full_name": "bioconda/bioconductor-topgo/2.34.0",
            "version": "2.34.0"
        },
        {
            "distributions": [],
            "full_name": "bioconda/bioconductor-topgo/2.36.0",
            "version": "2.36.0"
        },
        {
            "distributions": [],
            "full_name": "bioconda/bioconductor-topgo/2.37.0",
            "version": "2.37.0"
        }
    ],
    "revision": 16,
    "source_git_tag": null,
    "source_git_url": null,
    "summary": "Enrichment Analysis for Gene Ontology",
    "upvoted": 0,
    "url": "http://api.anaconda.org/packages/bioconda/bioconductor-topgo",
    "versions": [
        "2.22.0",
        "2.24.0",
        "2.28.0",
        "2.30.0",
        "2.32.0",
        "2.34.0",
        "2.36.0",
        "2.37.0"
    ],
    "watchers": 1
}