{
    "app_entry": {},
    "app_summary": {},
    "app_type": {},
    "builds": [
        "r36h516909a_0",
        "r36h516909a_1",
        "r351h14c3975_0",
        "r3.3.2_0",
        "0",
        "r351h1de35cc_0",
        "r3.4.1_0",
        "r36h01d97ff_0",
        "r36h01d97ff_1",
        "r351h470a237_0",
        "r341h470a237_0"
    ],
    "conda_platforms": [
        "linux-64",
        "osx-64"
    ],
    "created_at": "2017-08-22 12:06:42.825000+00:00",
    "description": "Conducts pathway analysis by calculating the NT_k and NE_k statistics as described in Tian et al. (2005)",
    "dev_url": null,
    "doc_url": null,
    "files": [
        {
            "attrs": {
                "arch": "x86_64",
                "build": "r3.4.1_0",
                "build_number": 0,
                "depends": [
                    "r-base 3.4.1*"
                ],
                "has_prefix": false,
                "license": "GPL-2",
                "machine": "x86_64",
                "operatingsystem": "linux",
                "platform": "linux",
                "subdir": "linux-64",
                "target-triplet": "x86_64-any-linux"
            },
            "basename": "linux-64/bioconductor-sigpathway-1.46.0-r3.4.1_0.tar.bz2",
            "dependencies": {
                "depends": [
                    {
                        "name": "r-base",
                        "specs": [
                            [
                                "==",
                                "3.4.1"
                            ]
                        ]
                    }
                ]
            },
            "description": null,
            "distribution_type": "conda",
            "download_url": "//api.anaconda.org/download/bioconda/bioconductor-sigpathway/1.46.0/linux-64/bioconductor-sigpathway-1.46.0-r3.4.1_0.tar.bz2",
            "full_name": "bioconda/bioconductor-sigpathway/1.46.0/linux-64/bioconductor-sigpathway-1.46.0-r3.4.1_0.tar.bz2",
            "labels": [
                "main",
                "cf201901"
            ],
            "md5": "75ecf71f01e2c340039bdc895d34728d",
            "ndownloads": 546,
            "owner": "bioconda",
            "size": 704372,
            "type": "conda",
            "upload_time": "2017-11-06 18:55:15.912000+00:00",
            "version": "1.46.0"
        },
        {
            "attrs": {
                "arch": "x86_64",
                "build": "r341h470a237_0",
                "build_number": 0,
                "depends": [
                    "r-base >=3.4.1,<3.4.2.0a0"
                ],
                "has_prefix": true,
                "license": "GPL-2",
                "machine": "x86_64",
                "operatingsystem": "darwin",
                "platform": "osx",
                "subdir": "osx-64",
                "target-triplet": "x86_64-any-darwin",
                "timestamp": 1539124213422
            },
            "basename": "osx-64/bioconductor-sigpathway-1.48.0-r341h470a237_0.tar.bz2",
            "dependencies": {
                "depends": [
                    {
                        "name": "r-base",
                        "specs": [
                            [
                                ">=",
                                "3.4.1,<3.4.2.0a0"
                            ]
                        ]
                    }
                ]
            },
            "description": null,
            "distribution_type": "conda",
            "download_url": "//api.anaconda.org/download/bioconda/bioconductor-sigpathway/1.48.0/osx-64/bioconductor-sigpathway-1.48.0-r341h470a237_0.tar.bz2",
            "full_name": "bioconda/bioconductor-sigpathway/1.48.0/osx-64/bioconductor-sigpathway-1.48.0-r341h470a237_0.tar.bz2",
            "labels": [
                "main",
                "cf201901"
            ],
            "md5": "2a9f0d7e185aabb49e54aa3f091fd197",
            "ndownloads": 122,
            "owner": "bioconda",
            "size": 705412,
            "type": "conda",
            "upload_time": "2018-10-09 22:32:02.437000+00:00",
            "version": "1.48.0"
        },
        {
            "attrs": {
                "arch": "x86_64",
                "build": "r351h470a237_0",
                "build_number": 0,
                "depends": [
                    "r-base >=3.5.1,<3.5.2.0a0"
                ],
                "has_prefix": true,
                "license": "GPL-2",
                "machine": "x86_64",
                "operatingsystem": "darwin",
                "platform": "osx",
                "subdir": "osx-64",
                "target-triplet": "x86_64-any-darwin",
                "timestamp": 1539124286249
            },
            "basename": "osx-64/bioconductor-sigpathway-1.48.0-r351h470a237_0.tar.bz2",
            "dependencies": {
                "depends": [
                    {
                        "name": "r-base",
                        "specs": [
                            [
                                ">=",
                                "3.5.1,<3.5.2.0a0"
                            ]
                        ]
                    }
                ]
            },
            "description": null,
            "distribution_type": "conda",
            "download_url": "//api.anaconda.org/download/bioconda/bioconductor-sigpathway/1.48.0/osx-64/bioconductor-sigpathway-1.48.0-r351h470a237_0.tar.bz2",
            "full_name": "bioconda/bioconductor-sigpathway/1.48.0/osx-64/bioconductor-sigpathway-1.48.0-r351h470a237_0.tar.bz2",
            "labels": [
                "main",
                "cf201901"
            ],
            "md5": "3cc35735f03d0e17d078977a3937332c",
            "ndownloads": 624,
            "owner": "bioconda",
            "size": 743004,
            "type": "conda",
            "upload_time": "2018-10-09 22:32:06.819000+00:00",
            "version": "1.48.0"
        },
        {
            "attrs": {
                "arch": "x86_64",
                "build": "0",
                "build_number": 0,
                "depends": [
                    "r-base >=2.10"
                ],
                "has_prefix": false,
                "license": "GPL-2",
                "machine": "x86_64",
                "operatingsystem": "darwin",
                "platform": "osx",
                "subdir": "osx-64",
                "target-triplet": "x86_64-any-darwin"
            },
            "basename": "osx-64/bioconductor-sigpathway-1.44.1-0.tar.bz2",
            "dependencies": {
                "depends": [
                    {
                        "name": "r-base",
                        "specs": [
                            [
                                ">=",
                                "2.10"
                            ]
                        ]
                    }
                ]
            },
            "description": null,
            "distribution_type": "conda",
            "download_url": "//api.anaconda.org/download/bioconda/bioconductor-sigpathway/1.44.1/osx-64/bioconductor-sigpathway-1.44.1-0.tar.bz2",
            "full_name": "bioconda/bioconductor-sigpathway/1.44.1/osx-64/bioconductor-sigpathway-1.44.1-0.tar.bz2",
            "labels": [
                "main",
                "cf201901"
            ],
            "md5": "693e30bdf67cf17eb97ad30ab8254beb",
            "ndownloads": 27,
            "owner": "bioconda",
            "size": 703395,
            "type": "conda",
            "upload_time": "2017-10-12 15:12:19.387000+00:00",
            "version": "1.44.1"
        },
        {
            "attrs": {
                "arch": "x86_64",
                "build": "r3.3.2_0",
                "build_number": 0,
                "depends": [
                    "r-base 3.3.2*"
                ],
                "has_prefix": false,
                "license": "GPL-2",
                "machine": "x86_64",
                "operatingsystem": "darwin",
                "platform": "osx",
                "subdir": "osx-64",
                "target-triplet": "x86_64-any-darwin"
            },
            "basename": "osx-64/bioconductor-sigpathway-1.44.1-r3.3.2_0.tar.bz2",
            "dependencies": {
                "depends": [
                    {
                        "name": "r-base",
                        "specs": [
                            [
                                "==",
                                "3.3.2"
                            ]
                        ]
                    }
                ]
            },
            "description": null,
            "distribution_type": "conda",
            "download_url": "//api.anaconda.org/download/bioconda/bioconductor-sigpathway/1.44.1/osx-64/bioconductor-sigpathway-1.44.1-r3.3.2_0.tar.bz2",
            "full_name": "bioconda/bioconductor-sigpathway/1.44.1/osx-64/bioconductor-sigpathway-1.44.1-r3.3.2_0.tar.bz2",
            "labels": [
                "main",
                "cf201901"
            ],
            "md5": "3d67d8c1836b513e79857ff43520e885",
            "ndownloads": 141,
            "owner": "bioconda",
            "size": 703080,
            "type": "conda",
            "upload_time": "2017-08-22 12:06:43.326000+00:00",
            "version": "1.44.1"
        },
        {
            "attrs": {
                "arch": "x86_64",
                "build": "r3.3.2_0",
                "build_number": 0,
                "depends": [
                    "r-base 3.3.2*"
                ],
                "has_prefix": false,
                "license": "GPL-2",
                "machine": "x86_64",
                "operatingsystem": "linux",
                "platform": "linux",
                "subdir": "linux-64",
                "target-triplet": "x86_64-any-linux"
            },
            "basename": "linux-64/bioconductor-sigpathway-1.44.1-r3.3.2_0.tar.bz2",
            "dependencies": {
                "depends": [
                    {
                        "name": "r-base",
                        "specs": [
                            [
                                "==",
                                "3.3.2"
                            ]
                        ]
                    }
                ]
            },
            "description": null,
            "distribution_type": "conda",
            "download_url": "//api.anaconda.org/download/bioconda/bioconductor-sigpathway/1.44.1/linux-64/bioconductor-sigpathway-1.44.1-r3.3.2_0.tar.bz2",
            "full_name": "bioconda/bioconductor-sigpathway/1.44.1/linux-64/bioconductor-sigpathway-1.44.1-r3.3.2_0.tar.bz2",
            "labels": [
                "main",
                "cf201901"
            ],
            "md5": "d36cf7ccf686873cd6720b418a33ac32",
            "ndownloads": 377,
            "owner": "bioconda",
            "size": 703419,
            "type": "conda",
            "upload_time": "2017-08-22 12:06:50.209000+00:00",
            "version": "1.44.1"
        },
        {
            "attrs": {
                "arch": "x86_64",
                "build": "r3.4.1_0",
                "build_number": 0,
                "depends": [
                    "r-base 3.4.1*"
                ],
                "has_prefix": false,
                "license": "GPL-2",
                "machine": "x86_64",
                "operatingsystem": "darwin",
                "platform": "osx",
                "subdir": "osx-64",
                "target-triplet": "x86_64-any-darwin"
            },
            "basename": "osx-64/bioconductor-sigpathway-1.44.1-r3.4.1_0.tar.bz2",
            "dependencies": {
                "depends": [
                    {
                        "name": "r-base",
                        "specs": [
                            [
                                "==",
                                "3.4.1"
                            ]
                        ]
                    }
                ]
            },
            "description": null,
            "distribution_type": "conda",
            "download_url": "//api.anaconda.org/download/bioconda/bioconductor-sigpathway/1.44.1/osx-64/bioconductor-sigpathway-1.44.1-r3.4.1_0.tar.bz2",
            "full_name": "bioconda/bioconductor-sigpathway/1.44.1/osx-64/bioconductor-sigpathway-1.44.1-r3.4.1_0.tar.bz2",
            "labels": [
                "main",
                "cf201901"
            ],
            "md5": "a0ebba9e19740539fc02fbda52b1c0cb",
            "ndownloads": 637,
            "owner": "bioconda",
            "size": 703213,
            "type": "conda",
            "upload_time": "2017-09-18 01:12:45.649000+00:00",
            "version": "1.44.1"
        },
        {
            "attrs": {
                "arch": "x86_64",
                "build": "r3.4.1_0",
                "build_number": 0,
                "depends": [
                    "r-base 3.4.1*"
                ],
                "has_prefix": false,
                "license": "GPL-2",
                "machine": "x86_64",
                "operatingsystem": "linux",
                "platform": "linux",
                "subdir": "linux-64",
                "target-triplet": "x86_64-any-linux"
            },
            "basename": "linux-64/bioconductor-sigpathway-1.44.1-r3.4.1_0.tar.bz2",
            "dependencies": {
                "depends": [
                    {
                        "name": "r-base",
                        "specs": [
                            [
                                "==",
                                "3.4.1"
                            ]
                        ]
                    }
                ]
            },
            "description": null,
            "distribution_type": "conda",
            "download_url": "//api.anaconda.org/download/bioconda/bioconductor-sigpathway/1.44.1/linux-64/bioconductor-sigpathway-1.44.1-r3.4.1_0.tar.bz2",
            "full_name": "bioconda/bioconductor-sigpathway/1.44.1/linux-64/bioconductor-sigpathway-1.44.1-r3.4.1_0.tar.bz2",
            "labels": [
                "main",
                "cf201901"
            ],
            "md5": "09f5668931d14abd60fbae829f35c781",
            "ndownloads": 530,
            "owner": "bioconda",
            "size": 703765,
            "type": "conda",
            "upload_time": "2017-09-18 19:25:45.277000+00:00",
            "version": "1.44.1"
        },
        {
            "attrs": {
                "arch": "x86_64",
                "build": "r3.4.1_0",
                "build_number": 0,
                "depends": [
                    "r-base 3.4.1*"
                ],
                "has_prefix": false,
                "license": "GPL-2",
                "machine": "x86_64",
                "operatingsystem": "darwin",
                "platform": "osx",
                "subdir": "osx-64",
                "target-triplet": "x86_64-any-darwin"
            },
            "basename": "osx-64/bioconductor-sigpathway-1.46.0-r3.4.1_0.tar.bz2",
            "dependencies": {
                "depends": [
                    {
                        "name": "r-base",
                        "specs": [
                            [
                                "==",
                                "3.4.1"
                            ]
                        ]
                    }
                ]
            },
            "description": null,
            "distribution_type": "conda",
            "download_url": "//api.anaconda.org/download/bioconda/bioconductor-sigpathway/1.46.0/osx-64/bioconductor-sigpathway-1.46.0-r3.4.1_0.tar.bz2",
            "full_name": "bioconda/bioconductor-sigpathway/1.46.0/osx-64/bioconductor-sigpathway-1.46.0-r3.4.1_0.tar.bz2",
            "labels": [
                "main",
                "cf201901"
            ],
            "md5": "2f858d59f6e239dd317276c7f717e4d3",
            "ndownloads": 743,
            "owner": "bioconda",
            "size": 703673,
            "type": "conda",
            "upload_time": "2017-11-05 18:43:40.837000+00:00",
            "version": "1.46.0"
        },
        {
            "attrs": {
                "arch": "x86_64",
                "build": "r351h470a237_0",
                "build_number": 0,
                "depends": [
                    "libgcc-ng >=4.9",
                    "r-base >=3.5.1,<3.5.2.0a0"
                ],
                "has_prefix": false,
                "license": "GPL-2",
                "machine": "x86_64",
                "operatingsystem": "linux",
                "platform": "linux",
                "subdir": "linux-64",
                "target-triplet": "x86_64-any-linux",
                "timestamp": 1539134332978
            },
            "basename": "linux-64/bioconductor-sigpathway-1.48.0-r351h470a237_0.tar.bz2",
            "dependencies": {
                "depends": [
                    {
                        "name": "libgcc-ng",
                        "specs": [
                            [
                                ">=",
                                "4.9"
                            ]
                        ]
                    },
                    {
                        "name": "r-base",
                        "specs": [
                            [
                                ">=",
                                "3.5.1,<3.5.2.0a0"
                            ]
                        ]
                    }
                ]
            },
            "description": null,
            "distribution_type": "conda",
            "download_url": "//api.anaconda.org/download/bioconda/bioconductor-sigpathway/1.48.0/linux-64/bioconductor-sigpathway-1.48.0-r351h470a237_0.tar.bz2",
            "full_name": "bioconda/bioconductor-sigpathway/1.48.0/linux-64/bioconductor-sigpathway-1.48.0-r351h470a237_0.tar.bz2",
            "labels": [
                "main",
                "cf201901"
            ],
            "md5": "f291dabf9d1b3c4acc20ff48ba7b7c42",
            "ndownloads": 235,
            "owner": "bioconda",
            "size": 742654,
            "type": "conda",
            "upload_time": "2018-10-10 01:23:45.809000+00:00",
            "version": "1.48.0"
        },
        {
            "attrs": {
                "arch": "x86_64",
                "build": "r341h470a237_0",
                "build_number": 0,
                "depends": [
                    "libgcc-ng >=4.9",
                    "r-base >=3.4.1,<3.4.2.0a0"
                ],
                "has_prefix": false,
                "license": "GPL-2",
                "machine": "x86_64",
                "operatingsystem": "linux",
                "platform": "linux",
                "subdir": "linux-64",
                "target-triplet": "x86_64-any-linux",
                "timestamp": 1539134279431
            },
            "basename": "linux-64/bioconductor-sigpathway-1.48.0-r341h470a237_0.tar.bz2",
            "dependencies": {
                "depends": [
                    {
                        "name": "libgcc-ng",
                        "specs": [
                            [
                                ">=",
                                "4.9"
                            ]
                        ]
                    },
                    {
                        "name": "r-base",
                        "specs": [
                            [
                                ">=",
                                "3.4.1,<3.4.2.0a0"
                            ]
                        ]
                    }
                ]
            },
            "description": null,
            "distribution_type": "conda",
            "download_url": "//api.anaconda.org/download/bioconda/bioconductor-sigpathway/1.48.0/linux-64/bioconductor-sigpathway-1.48.0-r341h470a237_0.tar.bz2",
            "full_name": "bioconda/bioconductor-sigpathway/1.48.0/linux-64/bioconductor-sigpathway-1.48.0-r341h470a237_0.tar.bz2",
            "labels": [
                "main",
                "cf201901"
            ],
            "md5": "04092042b1d80c8436e4ea1867a11756",
            "ndownloads": 108,
            "owner": "bioconda",
            "size": 705194,
            "type": "conda",
            "upload_time": "2018-10-10 01:23:41.798000+00:00",
            "version": "1.48.0"
        },
        {
            "attrs": {
                "arch": "x86_64",
                "build": "r351h1de35cc_0",
                "build_number": 0,
                "depends": [
                    "r-base >=3.5.1,<3.5.2.0a0"
                ],
                "has_prefix": true,
                "license": "GPL-2",
                "machine": "x86_64",
                "operatingsystem": "darwin",
                "platform": "osx",
                "subdir": "osx-64",
                "target-triplet": "x86_64-any-darwin",
                "timestamp": 1544397938592
            },
            "basename": "osx-64/bioconductor-sigpathway-1.50.0-r351h1de35cc_0.tar.bz2",
            "dependencies": {
                "depends": [
                    {
                        "name": "r-base",
                        "specs": [
                            [
                                ">=",
                                "3.5.1,<3.5.2.0a0"
                            ]
                        ]
                    }
                ]
            },
            "description": null,
            "distribution_type": "conda",
            "download_url": "//api.anaconda.org/download/bioconda/bioconductor-sigpathway/1.50.0/osx-64/bioconductor-sigpathway-1.50.0-r351h1de35cc_0.tar.bz2",
            "full_name": "bioconda/bioconductor-sigpathway/1.50.0/osx-64/bioconductor-sigpathway-1.50.0-r351h1de35cc_0.tar.bz2",
            "labels": [
                "gcc7",
                "main"
            ],
            "md5": "c16173cbd13537a34c5a1c6eb4f374c1",
            "ndownloads": 668,
            "owner": "bioconda",
            "size": 748669,
            "type": "conda",
            "upload_time": "2018-12-09 23:26:19.328000+00:00",
            "version": "1.50.0"
        },
        {
            "attrs": {
                "arch": "x86_64",
                "build": "r351h14c3975_0",
                "build_number": 0,
                "depends": [
                    "libgcc-ng >=7.3.0",
                    "r-base >=3.5.1,<3.5.2.0a0"
                ],
                "has_prefix": false,
                "license": "GPL-2",
                "machine": "x86_64",
                "operatingsystem": "linux",
                "platform": "linux",
                "subdir": "linux-64",
                "target-triplet": "x86_64-any-linux",
                "timestamp": 1544396441337
            },
            "basename": "linux-64/bioconductor-sigpathway-1.50.0-r351h14c3975_0.tar.bz2",
            "dependencies": {
                "depends": [
                    {
                        "name": "libgcc-ng",
                        "specs": [
                            [
                                ">=",
                                "7.3.0"
                            ]
                        ]
                    },
                    {
                        "name": "r-base",
                        "specs": [
                            [
                                ">=",
                                "3.5.1,<3.5.2.0a0"
                            ]
                        ]
                    }
                ]
            },
            "description": null,
            "distribution_type": "conda",
            "download_url": "//api.anaconda.org/download/bioconda/bioconductor-sigpathway/1.50.0/linux-64/bioconductor-sigpathway-1.50.0-r351h14c3975_0.tar.bz2",
            "full_name": "bioconda/bioconductor-sigpathway/1.50.0/linux-64/bioconductor-sigpathway-1.50.0-r351h14c3975_0.tar.bz2",
            "labels": [
                "gcc7",
                "main"
            ],
            "md5": "284d6adf3fc9bd8d60a8bf1f3914111f",
            "ndownloads": 88,
            "owner": "bioconda",
            "size": 748841,
            "type": "conda",
            "upload_time": "2018-12-09 23:03:18.583000+00:00",
            "version": "1.50.0"
        },
        {
            "attrs": {
                "arch": "x86_64",
                "build": "r351h1de35cc_0",
                "build_number": 0,
                "depends": [
                    "r-base >=3.5.1,<3.5.2.0a0"
                ],
                "has_prefix": true,
                "license": "GPL-2",
                "machine": "x86_64",
                "operatingsystem": "darwin",
                "platform": "osx",
                "subdir": "osx-64",
                "target-triplet": "x86_64-any-darwin",
                "timestamp": 1557269107796
            },
            "basename": "osx-64/bioconductor-sigpathway-1.52.0-r351h1de35cc_0.tar.bz2",
            "dependencies": {
                "depends": [
                    {
                        "name": "r-base",
                        "specs": [
                            [
                                ">=",
                                "3.5.1,<3.5.2.0a0"
                            ]
                        ]
                    }
                ]
            },
            "description": null,
            "distribution_type": "conda",
            "download_url": "//api.anaconda.org/download/bioconda/bioconductor-sigpathway/1.52.0/osx-64/bioconductor-sigpathway-1.52.0-r351h1de35cc_0.tar.bz2",
            "full_name": "bioconda/bioconductor-sigpathway/1.52.0/osx-64/bioconductor-sigpathway-1.52.0-r351h1de35cc_0.tar.bz2",
            "labels": [
                "main"
            ],
            "md5": "c6d722849ab13a9109ab651923334af5",
            "ndownloads": 167,
            "owner": "bioconda",
            "size": 748885,
            "type": "conda",
            "upload_time": "2019-05-07 22:45:51.631000+00:00",
            "version": "1.52.0"
        },
        {
            "attrs": {
                "arch": "x86_64",
                "build": "r351h14c3975_0",
                "build_number": 0,
                "depends": [
                    "libgcc-ng >=7.3.0",
                    "r-base >=3.5.1,<3.5.2.0a0"
                ],
                "has_prefix": false,
                "license": "GPL-2",
                "machine": "x86_64",
                "operatingsystem": "linux",
                "platform": "linux",
                "subdir": "linux-64",
                "target-triplet": "x86_64-any-linux",
                "timestamp": 1557276366736
            },
            "basename": "linux-64/bioconductor-sigpathway-1.52.0-r351h14c3975_0.tar.bz2",
            "dependencies": {
                "depends": [
                    {
                        "name": "libgcc-ng",
                        "specs": [
                            [
                                ">=",
                                "7.3.0"
                            ]
                        ]
                    },
                    {
                        "name": "r-base",
                        "specs": [
                            [
                                ">=",
                                "3.5.1,<3.5.2.0a0"
                            ]
                        ]
                    }
                ]
            },
            "description": null,
            "distribution_type": "conda",
            "download_url": "//api.anaconda.org/download/bioconda/bioconductor-sigpathway/1.52.0/linux-64/bioconductor-sigpathway-1.52.0-r351h14c3975_0.tar.bz2",
            "full_name": "bioconda/bioconductor-sigpathway/1.52.0/linux-64/bioconductor-sigpathway-1.52.0-r351h14c3975_0.tar.bz2",
            "labels": [
                "main"
            ],
            "md5": "157b98b7799e79bcd45d08915e7bd12c",
            "ndownloads": 71,
            "owner": "bioconda",
            "size": 748966,
            "type": "conda",
            "upload_time": "2019-05-08 00:50:10.363000+00:00",
            "version": "1.52.0"
        },
        {
            "attrs": {
                "arch": "x86_64",
                "build": "r36h01d97ff_1",
                "build_number": 1,
                "depends": [
                    "r-base >=3.6,<3.7.0a0"
                ],
                "has_prefix": true,
                "license": "GPL-2",
                "machine": "x86_64",
                "operatingsystem": "darwin",
                "platform": "osx",
                "subdir": "osx-64",
                "target-triplet": "x86_64-any-darwin",
                "timestamp": 1563393369489
            },
            "basename": "osx-64/bioconductor-sigpathway-1.52.0-r36h01d97ff_1.tar.bz2",
            "dependencies": {
                "depends": [
                    {
                        "name": "r-base",
                        "specs": [
                            [
                                ">=",
                                "3.6,<3.7.0a0"
                            ]
                        ]
                    }
                ]
            },
            "description": null,
            "distribution_type": "conda",
            "download_url": "//api.anaconda.org/download/bioconda/bioconductor-sigpathway/1.52.0/osx-64/bioconductor-sigpathway-1.52.0-r36h01d97ff_1.tar.bz2",
            "full_name": "bioconda/bioconductor-sigpathway/1.52.0/osx-64/bioconductor-sigpathway-1.52.0-r36h01d97ff_1.tar.bz2",
            "labels": [
                "main"
            ],
            "md5": "37e1463ef2537557a04917781f78294e",
            "ndownloads": 358,
            "owner": "bioconda",
            "size": 750138,
            "type": "conda",
            "upload_time": "2019-07-17 19:56:53.037000+00:00",
            "version": "1.52.0"
        },
        {
            "attrs": {
                "arch": "x86_64",
                "build": "r36h516909a_1",
                "build_number": 1,
                "depends": [
                    "libgcc-ng >=7.3.0",
                    "r-base >=3.6,<3.7.0a0"
                ],
                "has_prefix": false,
                "license": "GPL-2",
                "machine": "x86_64",
                "operatingsystem": "linux",
                "platform": "linux",
                "subdir": "linux-64",
                "target-triplet": "x86_64-any-linux",
                "timestamp": 1563583147054
            },
            "basename": "linux-64/bioconductor-sigpathway-1.52.0-r36h516909a_1.tar.bz2",
            "dependencies": {
                "depends": [
                    {
                        "name": "libgcc-ng",
                        "specs": [
                            [
                                ">=",
                                "7.3.0"
                            ]
                        ]
                    },
                    {
                        "name": "r-base",
                        "specs": [
                            [
                                ">=",
                                "3.6,<3.7.0a0"
                            ]
                        ]
                    }
                ]
            },
            "description": null,
            "distribution_type": "conda",
            "download_url": "//api.anaconda.org/download/bioconda/bioconductor-sigpathway/1.52.0/linux-64/bioconductor-sigpathway-1.52.0-r36h516909a_1.tar.bz2",
            "full_name": "bioconda/bioconductor-sigpathway/1.52.0/linux-64/bioconductor-sigpathway-1.52.0-r36h516909a_1.tar.bz2",
            "labels": [
                "main"
            ],
            "md5": "1d34e6cffed3555d6e991fa7549d4103",
            "ndownloads": 41,
            "owner": "bioconda",
            "size": 750275,
            "type": "conda",
            "upload_time": "2019-07-20 00:43:06.982000+00:00",
            "version": "1.52.0"
        },
        {
            "attrs": {
                "arch": "x86_64",
                "build": "r36h01d97ff_0",
                "build_number": 0,
                "depends": [
                    "r-base >=3.6,<3.7.0a0"
                ],
                "has_prefix": true,
                "license": "GPL-2",
                "machine": "x86_64",
                "operatingsystem": "darwin",
                "platform": "osx",
                "subdir": "osx-64",
                "target-triplet": "x86_64-any-darwin",
                "timestamp": 1572594815136
            },
            "basename": "osx-64/bioconductor-sigpathway-1.54.0-r36h01d97ff_0.tar.bz2",
            "dependencies": {
                "depends": [
                    {
                        "name": "r-base",
                        "specs": [
                            [
                                ">=",
                                "3.6,<3.7.0a0"
                            ]
                        ]
                    }
                ]
            },
            "description": null,
            "distribution_type": "conda",
            "download_url": "//api.anaconda.org/download/bioconda/bioconductor-sigpathway/1.54.0/osx-64/bioconductor-sigpathway-1.54.0-r36h01d97ff_0.tar.bz2",
            "full_name": "bioconda/bioconductor-sigpathway/1.54.0/osx-64/bioconductor-sigpathway-1.54.0-r36h01d97ff_0.tar.bz2",
            "labels": [
                "main"
            ],
            "md5": "2c7b39f369e80a7044241eafd2de29d1",
            "ndownloads": 157,
            "owner": "bioconda",
            "size": 758680,
            "type": "conda",
            "upload_time": "2019-11-01 07:54:20.482000+00:00",
            "version": "1.54.0"
        },
        {
            "attrs": {
                "arch": "x86_64",
                "build": "r36h516909a_0",
                "build_number": 0,
                "depends": [
                    "libgcc-ng >=7.3.0",
                    "r-base >=3.6,<3.7.0a0"
                ],
                "has_prefix": false,
                "license": "GPL-2",
                "machine": "x86_64",
                "operatingsystem": "linux",
                "platform": "linux",
                "subdir": "linux-64",
                "target-triplet": "x86_64-any-linux",
                "timestamp": 1572640793135
            },
            "basename": "linux-64/bioconductor-sigpathway-1.54.0-r36h516909a_0.tar.bz2",
            "dependencies": {
                "depends": [
                    {
                        "name": "libgcc-ng",
                        "specs": [
                            [
                                ">=",
                                "7.3.0"
                            ]
                        ]
                    },
                    {
                        "name": "r-base",
                        "specs": [
                            [
                                ">=",
                                "3.6,<3.7.0a0"
                            ]
                        ]
                    }
                ]
            },
            "description": null,
            "distribution_type": "conda",
            "download_url": "//api.anaconda.org/download/bioconda/bioconductor-sigpathway/1.54.0/linux-64/bioconductor-sigpathway-1.54.0-r36h516909a_0.tar.bz2",
            "full_name": "bioconda/bioconductor-sigpathway/1.54.0/linux-64/bioconductor-sigpathway-1.54.0-r36h516909a_0.tar.bz2",
            "labels": [
                "main"
            ],
            "md5": "c948ea7a68f4a062a74db2891ce0cc3a",
            "ndownloads": 28,
            "owner": "bioconda",
            "size": 759334,
            "type": "conda",
            "upload_time": "2019-11-01 20:43:59.165000+00:00",
            "version": "1.54.0"
        }
    ],
    "full_name": "bioconda/bioconductor-sigpathway",
    "home": "http://bioconductor.org/packages/3.5/bioc/html/sigPathway.html",
    "html_url": "http://anaconda.org/bioconda/bioconductor-sigpathway",
    "id": "599c1e5207006a12cc2424c4",
    "latest_version": "1.54.0",
    "license": "GPL-2",
    "license_url": null,
    "modified_at": "2019-11-01 20:43:59.443000+00:00",
    "name": "bioconductor-sigpathway",
    "owner": {
        "company": "",
        "created_at": "2015-09-11 22:59:20.880000+00:00",
        "description": "Bioconda is a distribution of bioinformatics software realized as a channel for the versatile Conda package manager.",
        "location": "",
        "login": "bioconda",
        "name": "bioconda",
        "url": "",
        "user_type": "org"
    },
    "package_types": [
        "conda"
    ],
    "public": true,
    "releases": [
        {
            "distributions": [],
            "full_name": "bioconda/bioconductor-sigpathway/1.44.1",
            "version": "1.44.1"
        },
        {
            "distributions": [],
            "full_name": "bioconda/bioconductor-sigpathway/1.46.0",
            "version": "1.46.0"
        },
        {
            "distributions": [],
            "full_name": "bioconda/bioconductor-sigpathway/1.48.0",
            "version": "1.48.0"
        },
        {
            "distributions": [],
            "full_name": "bioconda/bioconductor-sigpathway/1.50.0",
            "version": "1.50.0"
        },
        {
            "distributions": [],
            "full_name": "bioconda/bioconductor-sigpathway/1.52.0",
            "version": "1.52.0"
        },
        {
            "distributions": [],
            "full_name": "bioconda/bioconductor-sigpathway/1.54.0",
            "version": "1.54.0"
        }
    ],
    "revision": 12,
    "source_git_tag": null,
    "source_git_url": null,
    "summary": "Pathway Analysis",
    "upvoted": 0,
    "url": "http://api.anaconda.org/packages/bioconda/bioconductor-sigpathway",
    "versions": [
        "1.44.1",
        "1.46.0",
        "1.48.0",
        "1.50.0",
        "1.52.0",
        "1.54.0"
    ],
    "watchers": 1
}