{
    "app_entry": {},
    "app_summary": {},
    "app_type": {},
    "builds": [
        "r351_0",
        "r351_1",
        "r36_3",
        "r36_4"
    ],
    "conda_platforms": [
        "noarch"
    ],
    "created_at": "2018-12-29 15:48:37.641000+00:00",
    "description": "",
    "dev_url": null,
    "doc_url": null,
    "files": [
        {
            "attrs": {
                "arch": null,
                "build": "r351_0",
                "build_number": 0,
                "depends": [
                    "bioconductor-annotationdbi >=1.44.0,<1.45.0",
                    "bioconductor-org.mm.eg.db >=3.7.0,<3.8.0",
                    "r-base >=3.5.1,<3.5.2.0a0",
                    "wget"
                ],
                "has_prefix": false,
                "license": "Artistic-2.0",
                "machine": null,
                "noarch": "generic",
                "operatingsystem": null,
                "platform": null,
                "subdir": "noarch",
                "target-triplet": "None-any-None",
                "timestamp": 1546098266460
            },
            "basename": "noarch/bioconductor-mpedbarray.db-3.2.3-r351_0.tar.bz2",
            "dependencies": {
                "depends": [
                    {
                        "name": "bioconductor-annotationdbi",
                        "specs": [
                            [
                                ">=",
                                "1.44.0,<1.45.0"
                            ]
                        ]
                    },
                    {
                        "name": "bioconductor-org.mm.eg.db",
                        "specs": [
                            [
                                ">=",
                                "3.7.0,<3.8.0"
                            ]
                        ]
                    },
                    {
                        "name": "r-base",
                        "specs": [
                            [
                                ">=",
                                "3.5.1,<3.5.2.0a0"
                            ]
                        ]
                    },
                    {
                        "name": "wget",
                        "specs": []
                    }
                ]
            },
            "description": null,
            "distribution_type": "conda",
            "download_url": "//api.anaconda.org/download/bioconda/bioconductor-mpedbarray.db/3.2.3/noarch/bioconductor-mpedbarray.db-3.2.3-r351_0.tar.bz2",
            "full_name": "bioconda/bioconductor-mpedbarray.db/3.2.3/noarch/bioconductor-mpedbarray.db-3.2.3-r351_0.tar.bz2",
            "labels": [
                "gcc7",
                "main"
            ],
            "md5": "3b61446da9b3f3bb0134a4423a722bc8",
            "ndownloads": 62,
            "owner": "bioconda",
            "size": 6466,
            "type": "conda",
            "upload_time": "2018-12-29 15:48:38.338000+00:00",
            "version": "3.2.3"
        },
        {
            "attrs": {
                "arch": null,
                "build": "r351_1",
                "build_number": 1,
                "depends": [
                    "bioconductor-annotationdbi >=1.44.0,<1.45.0",
                    "bioconductor-org.mm.eg.db >=3.7.0,<3.8.0",
                    "r-base >=3.5.1,<3.5.2.0a0",
                    "wget"
                ],
                "has_prefix": false,
                "license": "Artistic-2.0",
                "machine": null,
                "noarch": "generic",
                "operatingsystem": null,
                "platform": null,
                "subdir": "noarch",
                "target-triplet": "None-any-None",
                "timestamp": 1552304144156
            },
            "basename": "noarch/bioconductor-mpedbarray.db-3.2.3-r351_1.tar.bz2",
            "dependencies": {
                "depends": [
                    {
                        "name": "bioconductor-annotationdbi",
                        "specs": [
                            [
                                ">=",
                                "1.44.0,<1.45.0"
                            ]
                        ]
                    },
                    {
                        "name": "bioconductor-org.mm.eg.db",
                        "specs": [
                            [
                                ">=",
                                "3.7.0,<3.8.0"
                            ]
                        ]
                    },
                    {
                        "name": "r-base",
                        "specs": [
                            [
                                ">=",
                                "3.5.1,<3.5.2.0a0"
                            ]
                        ]
                    },
                    {
                        "name": "wget",
                        "specs": []
                    }
                ]
            },
            "description": null,
            "distribution_type": "conda",
            "download_url": "//api.anaconda.org/download/bioconda/bioconductor-mpedbarray.db/3.2.3/noarch/bioconductor-mpedbarray.db-3.2.3-r351_1.tar.bz2",
            "full_name": "bioconda/bioconductor-mpedbarray.db/3.2.3/noarch/bioconductor-mpedbarray.db-3.2.3-r351_1.tar.bz2",
            "labels": [
                "main"
            ],
            "md5": "ccb1502d4ab3442254998ac6c44b121f",
            "ndownloads": 68,
            "owner": "bioconda",
            "size": 6446,
            "type": "conda",
            "upload_time": "2019-03-11 11:39:59.255000+00:00",
            "version": "3.2.3"
        },
        {
            "attrs": {
                "arch": null,
                "build": "r36_3",
                "build_number": 3,
                "depends": [
                    "bioconductor-annotationdbi >=1.46.0,<1.47.0",
                    "bioconductor-org.mm.eg.db >=3.8.0,<3.9.0",
                    "curl >=7.65.3,<8.0a0",
                    "r-base >=3.6,<3.7.0a0"
                ],
                "has_prefix": false,
                "license": "Artistic-2.0",
                "machine": null,
                "noarch": "generic",
                "operatingsystem": null,
                "platform": null,
                "subdir": "noarch",
                "target-triplet": "None-any-None",
                "timestamp": 1564970952059
            },
            "basename": "noarch/bioconductor-mpedbarray.db-3.2.3-r36_3.tar.bz2",
            "dependencies": {
                "depends": [
                    {
                        "name": "bioconductor-annotationdbi",
                        "specs": [
                            [
                                ">=",
                                "1.46.0,<1.47.0"
                            ]
                        ]
                    },
                    {
                        "name": "bioconductor-org.mm.eg.db",
                        "specs": [
                            [
                                ">=",
                                "3.8.0,<3.9.0"
                            ]
                        ]
                    },
                    {
                        "name": "curl",
                        "specs": [
                            [
                                ">=",
                                "7.65.3,<8.0a0"
                            ]
                        ]
                    },
                    {
                        "name": "r-base",
                        "specs": [
                            [
                                ">=",
                                "3.6,<3.7.0a0"
                            ]
                        ]
                    }
                ]
            },
            "description": null,
            "distribution_type": "conda",
            "download_url": "//api.anaconda.org/download/bioconda/bioconductor-mpedbarray.db/3.2.3/noarch/bioconductor-mpedbarray.db-3.2.3-r36_3.tar.bz2",
            "full_name": "bioconda/bioconductor-mpedbarray.db/3.2.3/noarch/bioconductor-mpedbarray.db-3.2.3-r36_3.tar.bz2",
            "labels": [
                "main"
            ],
            "md5": "1e8ceee9731384a03d42b2869a56e2f6",
            "ndownloads": 27,
            "owner": "bioconda",
            "size": 6779,
            "type": "conda",
            "upload_time": "2019-08-05 02:14:43.772000+00:00",
            "version": "3.2.3"
        },
        {
            "attrs": {
                "arch": null,
                "build": "r36_4",
                "build_number": 4,
                "depends": [
                    "bioconductor-annotationdbi >=1.48.0,<1.49.0",
                    "bioconductor-org.mm.eg.db >=3.10.0,<3.11.0",
                    "curl >=7.65.3,<8.0a0",
                    "r-base >=3.6,<3.7.0a0"
                ],
                "has_prefix": false,
                "license": "Artistic-2.0",
                "machine": null,
                "noarch": "generic",
                "operatingsystem": null,
                "platform": null,
                "subdir": "noarch",
                "target-triplet": "None-any-None",
                "timestamp": 1572740880790
            },
            "basename": "noarch/bioconductor-mpedbarray.db-3.2.3-r36_4.tar.bz2",
            "dependencies": {
                "depends": [
                    {
                        "name": "bioconductor-annotationdbi",
                        "specs": [
                            [
                                ">=",
                                "1.48.0,<1.49.0"
                            ]
                        ]
                    },
                    {
                        "name": "bioconductor-org.mm.eg.db",
                        "specs": [
                            [
                                ">=",
                                "3.10.0,<3.11.0"
                            ]
                        ]
                    },
                    {
                        "name": "curl",
                        "specs": [
                            [
                                ">=",
                                "7.65.3,<8.0a0"
                            ]
                        ]
                    },
                    {
                        "name": "r-base",
                        "specs": [
                            [
                                ">=",
                                "3.6,<3.7.0a0"
                            ]
                        ]
                    }
                ]
            },
            "description": null,
            "distribution_type": "conda",
            "download_url": "//api.anaconda.org/download/bioconda/bioconductor-mpedbarray.db/3.2.3/noarch/bioconductor-mpedbarray.db-3.2.3-r36_4.tar.bz2",
            "full_name": "bioconda/bioconductor-mpedbarray.db/3.2.3/noarch/bioconductor-mpedbarray.db-3.2.3-r36_4.tar.bz2",
            "labels": [
                "main"
            ],
            "md5": "2838ba5812d6d356ba23fce137b2e487",
            "ndownloads": 15,
            "owner": "bioconda",
            "size": 6907,
            "type": "conda",
            "upload_time": "2019-11-03 00:34:48.360000+00:00",
            "version": "3.2.3"
        }
    ],
    "full_name": "bioconda/bioconductor-mpedbarray.db",
    "home": "https://bioconductor.org/packages/3.8/data/annotation/html/mpedbarray.db.html",
    "html_url": "http://anaconda.org/bioconda/bioconductor-mpedbarray.db",
    "id": "5c279755d9c2cf1352ce5897",
    "latest_version": "3.2.3",
    "license": "Artistic-2.0",
    "license_url": null,
    "modified_at": "2019-11-03 00:34:48.653000+00:00",
    "name": "bioconductor-mpedbarray.db",
    "owner": {
        "company": "",
        "created_at": "2015-09-11 22:59:20.880000+00:00",
        "description": "Bioconda is a distribution of bioinformatics software realized as a channel for the versatile Conda package manager.",
        "location": "",
        "login": "bioconda",
        "name": "bioconda",
        "url": "",
        "user_type": "org"
    },
    "package_types": [
        "conda"
    ],
    "public": true,
    "releases": [
        {
            "distributions": [],
            "full_name": "bioconda/bioconductor-mpedbarray.db/3.2.3",
            "version": "3.2.3"
        }
    ],
    "revision": 2,
    "source_git_tag": null,
    "source_git_url": null,
    "summary": "FHCRC Nelson Lab mpedbarray Annotation Data (mpedbarray) assembled using data from public repositories",
    "upvoted": 0,
    "url": "http://api.anaconda.org/packages/bioconda/bioconductor-mpedbarray.db",
    "versions": [
        "3.2.3"
    ],
    "watchers": 1
}