{
    "app_entry": {},
    "app_summary": {},
    "app_type": {},
    "builds": [
        "r351_0",
        "r36_3",
        "r36_2"
    ],
    "conda_platforms": [
        "noarch"
    ],
    "created_at": "2018-12-27 02:48:16.235000+00:00",
    "description": "",
    "dev_url": null,
    "doc_url": null,
    "files": [
        {
            "attrs": {
                "arch": null,
                "build": "r351_0",
                "build_number": 0,
                "depends": [
                    "bioconductor-annotationdbi >=1.44.0,<1.45.0",
                    "bioconductor-org.hs.eg.db >=3.7.0,<3.8.0",
                    "r-base >=3.5.1,<3.5.2.0a0",
                    "wget"
                ],
                "has_prefix": false,
                "license": "Artistic-2.0",
                "machine": null,
                "noarch": "generic",
                "operatingsystem": null,
                "platform": null,
                "subdir": "noarch",
                "target-triplet": "None-any-None",
                "timestamp": 1545878649767
            },
            "basename": "noarch/bioconductor-hgfocus.db-3.2.3-r351_0.tar.bz2",
            "dependencies": {
                "depends": [
                    {
                        "name": "bioconductor-annotationdbi",
                        "specs": [
                            [
                                ">=",
                                "1.44.0,<1.45.0"
                            ]
                        ]
                    },
                    {
                        "name": "bioconductor-org.hs.eg.db",
                        "specs": [
                            [
                                ">=",
                                "3.7.0,<3.8.0"
                            ]
                        ]
                    },
                    {
                        "name": "r-base",
                        "specs": [
                            [
                                ">=",
                                "3.5.1,<3.5.2.0a0"
                            ]
                        ]
                    },
                    {
                        "name": "wget",
                        "specs": []
                    }
                ]
            },
            "description": null,
            "distribution_type": "conda",
            "download_url": "//api.anaconda.org/download/bioconda/bioconductor-hgfocus.db/3.2.3/noarch/bioconductor-hgfocus.db-3.2.3-r351_0.tar.bz2",
            "full_name": "bioconda/bioconductor-hgfocus.db/3.2.3/noarch/bioconductor-hgfocus.db-3.2.3-r351_0.tar.bz2",
            "labels": [
                "gcc7",
                "main"
            ],
            "md5": "bdf8eae50333d6d34b9ae80d1a86cfe4",
            "ndownloads": 64,
            "owner": "bioconda",
            "size": 6463,
            "type": "conda",
            "upload_time": "2018-12-27 02:48:16.988000+00:00",
            "version": "3.2.3"
        },
        {
            "attrs": {
                "arch": null,
                "build": "r36_2",
                "build_number": 2,
                "depends": [
                    "bioconductor-annotationdbi >=1.46.0,<1.47.0",
                    "bioconductor-org.hs.eg.db >=3.8.0,<3.9.0",
                    "curl >=7.65.3,<8.0a0",
                    "r-base >=3.6,<3.7.0a0"
                ],
                "has_prefix": false,
                "license": "Artistic-2.0",
                "machine": null,
                "noarch": "generic",
                "operatingsystem": null,
                "platform": null,
                "subdir": "noarch",
                "target-triplet": "None-any-None",
                "timestamp": 1565115963004
            },
            "basename": "noarch/bioconductor-hgfocus.db-3.2.3-r36_2.tar.bz2",
            "dependencies": {
                "depends": [
                    {
                        "name": "bioconductor-annotationdbi",
                        "specs": [
                            [
                                ">=",
                                "1.46.0,<1.47.0"
                            ]
                        ]
                    },
                    {
                        "name": "bioconductor-org.hs.eg.db",
                        "specs": [
                            [
                                ">=",
                                "3.8.0,<3.9.0"
                            ]
                        ]
                    },
                    {
                        "name": "curl",
                        "specs": [
                            [
                                ">=",
                                "7.65.3,<8.0a0"
                            ]
                        ]
                    },
                    {
                        "name": "r-base",
                        "specs": [
                            [
                                ">=",
                                "3.6,<3.7.0a0"
                            ]
                        ]
                    }
                ]
            },
            "description": null,
            "distribution_type": "conda",
            "download_url": "//api.anaconda.org/download/bioconda/bioconductor-hgfocus.db/3.2.3/noarch/bioconductor-hgfocus.db-3.2.3-r36_2.tar.bz2",
            "full_name": "bioconda/bioconductor-hgfocus.db/3.2.3/noarch/bioconductor-hgfocus.db-3.2.3-r36_2.tar.bz2",
            "labels": [
                "main"
            ],
            "md5": "a47044a2e9e03d8b716a516a3682d863",
            "ndownloads": 26,
            "owner": "bioconda",
            "size": 6774,
            "type": "conda",
            "upload_time": "2019-08-06 18:31:47.726000+00:00",
            "version": "3.2.3"
        },
        {
            "attrs": {
                "arch": null,
                "build": "r36_3",
                "build_number": 3,
                "depends": [
                    "bioconductor-annotationdbi >=1.48.0,<1.49.0",
                    "bioconductor-org.hs.eg.db >=3.10.0,<3.11.0",
                    "curl >=7.65.3,<8.0a0",
                    "r-base >=3.6,<3.7.0a0"
                ],
                "has_prefix": false,
                "license": "Artistic-2.0",
                "machine": null,
                "noarch": "generic",
                "operatingsystem": null,
                "platform": null,
                "subdir": "noarch",
                "target-triplet": "None-any-None",
                "timestamp": 1572876289023
            },
            "basename": "noarch/bioconductor-hgfocus.db-3.2.3-r36_3.tar.bz2",
            "dependencies": {
                "depends": [
                    {
                        "name": "bioconductor-annotationdbi",
                        "specs": [
                            [
                                ">=",
                                "1.48.0,<1.49.0"
                            ]
                        ]
                    },
                    {
                        "name": "bioconductor-org.hs.eg.db",
                        "specs": [
                            [
                                ">=",
                                "3.10.0,<3.11.0"
                            ]
                        ]
                    },
                    {
                        "name": "curl",
                        "specs": [
                            [
                                ">=",
                                "7.65.3,<8.0a0"
                            ]
                        ]
                    },
                    {
                        "name": "r-base",
                        "specs": [
                            [
                                ">=",
                                "3.6,<3.7.0a0"
                            ]
                        ]
                    }
                ]
            },
            "description": null,
            "distribution_type": "conda",
            "download_url": "//api.anaconda.org/download/bioconda/bioconductor-hgfocus.db/3.2.3/noarch/bioconductor-hgfocus.db-3.2.3-r36_3.tar.bz2",
            "full_name": "bioconda/bioconductor-hgfocus.db/3.2.3/noarch/bioconductor-hgfocus.db-3.2.3-r36_3.tar.bz2",
            "labels": [
                "main"
            ],
            "md5": "b88969230b17bebec183d858173fa83c",
            "ndownloads": 13,
            "owner": "bioconda",
            "size": 6899,
            "type": "conda",
            "upload_time": "2019-11-04 14:10:37.762000+00:00",
            "version": "3.2.3"
        }
    ],
    "full_name": "bioconda/bioconductor-hgfocus.db",
    "home": "https://bioconductor.org/packages/3.8/data/annotation/html/hgfocus.db.html",
    "html_url": "http://anaconda.org/bioconda/bioconductor-hgfocus.db",
    "id": "5c243d70036b8602468c82d9",
    "latest_version": "3.2.3",
    "license": "Artistic-2.0",
    "license_url": null,
    "modified_at": "2019-11-04 14:10:38.079000+00:00",
    "name": "bioconductor-hgfocus.db",
    "owner": {
        "company": "",
        "created_at": "2015-09-11 22:59:20.880000+00:00",
        "description": "Bioconda is a distribution of bioinformatics software realized as a channel for the versatile Conda package manager.",
        "location": "",
        "login": "bioconda",
        "name": "bioconda",
        "url": "",
        "user_type": "org"
    },
    "package_types": [
        "conda"
    ],
    "public": true,
    "releases": [
        {
            "distributions": [],
            "full_name": "bioconda/bioconductor-hgfocus.db/3.2.3",
            "version": "3.2.3"
        }
    ],
    "revision": 2,
    "source_git_tag": null,
    "source_git_url": null,
    "summary": "Affymetrix Human Genome Focus Array annotation data (chip hgfocus) assembled using data from public repositories",
    "upvoted": 0,
    "url": "http://api.anaconda.org/packages/bioconda/bioconductor-hgfocus.db",
    "versions": [
        "3.2.3"
    ],
    "watchers": 1
}