{
    "app_entry": {},
    "app_summary": {},
    "app_type": {},
    "builds": [
        "r36_1",
        "r36_0"
    ],
    "conda_platforms": [
        "noarch"
    ],
    "created_at": "2019-08-16 09:40:31.056000+00:00",
    "description": "This package is based on the qBase algorithms published by Hellemans et al. in 2007. The EasyqpcR package allows you to import easily qPCR data files as described in the vignette. Thereafter, you can calculate amplification efficiencies, relative quantities and their standard errors, normalization factors based on the best reference genes choosen (using the SLqPCR package), and then the normalized relative quantities, the NRQs scaled to your control and their standard errors. This package has been created for low-throughput qPCR data analysis.",
    "dev_url": null,
    "doc_url": null,
    "files": [
        {
            "attrs": {
                "arch": null,
                "build": "r36_1",
                "build_number": 1,
                "depends": [
                    "r-base >=3.6,<3.7.0a0",
                    "r-gwidgetsrgtk2",
                    "r-matrixstats",
                    "r-plotrix",
                    "r-plyr"
                ],
                "has_prefix": false,
                "license": "GPL (>=2)",
                "machine": null,
                "noarch": "generic",
                "operatingsystem": null,
                "platform": null,
                "subdir": "noarch",
                "target-triplet": "None-any-None",
                "timestamp": 1565948125718
            },
            "basename": "noarch/bioconductor-easyqpcr-1.26.0-r36_1.tar.bz2",
            "dependencies": {
                "depends": [
                    {
                        "name": "r-base",
                        "specs": [
                            [
                                ">=",
                                "3.6,<3.7.0a0"
                            ]
                        ]
                    },
                    {
                        "name": "r-gwidgetsrgtk2",
                        "specs": []
                    },
                    {
                        "name": "r-matrixstats",
                        "specs": []
                    },
                    {
                        "name": "r-plotrix",
                        "specs": []
                    },
                    {
                        "name": "r-plyr",
                        "specs": []
                    }
                ]
            },
            "description": null,
            "distribution_type": "conda",
            "download_url": "//api.anaconda.org/download/bioconda/bioconductor-easyqpcr/1.26.0/noarch/bioconductor-easyqpcr-1.26.0-r36_1.tar.bz2",
            "full_name": "bioconda/bioconductor-easyqpcr/1.26.0/noarch/bioconductor-easyqpcr-1.26.0-r36_1.tar.bz2",
            "labels": [
                "main"
            ],
            "md5": "de8c00e1146415f326023ef826b0b637",
            "ndownloads": 28,
            "owner": "bioconda",
            "size": 1843548,
            "type": "conda",
            "upload_time": "2019-08-16 09:40:31.852000+00:00",
            "version": "1.26.0"
        },
        {
            "attrs": {
                "arch": null,
                "build": "r36_0",
                "build_number": 0,
                "depends": [
                    "r-base >=3.6,<3.7.0a0",
                    "r-gwidgetsrgtk2",
                    "r-matrixstats",
                    "r-plotrix",
                    "r-plyr"
                ],
                "has_prefix": false,
                "license": "GPL (>=2)",
                "machine": null,
                "noarch": "generic",
                "operatingsystem": null,
                "platform": null,
                "subdir": "noarch",
                "target-triplet": "None-any-None",
                "timestamp": 1572606561654
            },
            "basename": "noarch/bioconductor-easyqpcr-1.28.0-r36_0.tar.bz2",
            "dependencies": {
                "depends": [
                    {
                        "name": "r-base",
                        "specs": [
                            [
                                ">=",
                                "3.6,<3.7.0a0"
                            ]
                        ]
                    },
                    {
                        "name": "r-gwidgetsrgtk2",
                        "specs": []
                    },
                    {
                        "name": "r-matrixstats",
                        "specs": []
                    },
                    {
                        "name": "r-plotrix",
                        "specs": []
                    },
                    {
                        "name": "r-plyr",
                        "specs": []
                    }
                ]
            },
            "description": null,
            "distribution_type": "conda",
            "download_url": "//api.anaconda.org/download/bioconda/bioconductor-easyqpcr/1.28.0/noarch/bioconductor-easyqpcr-1.28.0-r36_0.tar.bz2",
            "full_name": "bioconda/bioconductor-easyqpcr/1.28.0/noarch/bioconductor-easyqpcr-1.28.0-r36_0.tar.bz2",
            "labels": [
                "main"
            ],
            "md5": "db75805e5c22f7872ff711b9d7b8b745",
            "ndownloads": 21,
            "owner": "bioconda",
            "size": 1856000,
            "type": "conda",
            "upload_time": "2019-11-01 11:14:31.301000+00:00",
            "version": "1.28.0"
        }
    ],
    "full_name": "bioconda/bioconductor-easyqpcr",
    "home": "https://bioconductor.org/packages/3.9/bioc/html/EasyqpcR.html",
    "html_url": "http://anaconda.org/bioconda/bioconductor-easyqpcr",
    "id": "5d567a0ffe6b2a65c4162c02",
    "latest_version": "1.28.0",
    "license": "GPL (>=2)",
    "license_url": null,
    "modified_at": "2019-11-01 11:14:31.630000+00:00",
    "name": "bioconductor-easyqpcr",
    "owner": {
        "company": "",
        "created_at": "2015-09-11 22:59:20.880000+00:00",
        "description": "Bioconda is a distribution of bioinformatics software realized as a channel for the versatile Conda package manager.",
        "location": "",
        "login": "bioconda",
        "name": "bioconda",
        "url": "",
        "user_type": "org"
    },
    "package_types": [
        "conda"
    ],
    "public": true,
    "releases": [
        {
            "distributions": [],
            "full_name": "bioconda/bioconductor-easyqpcr/1.26.0",
            "version": "1.26.0"
        },
        {
            "distributions": [],
            "full_name": "bioconda/bioconductor-easyqpcr/1.28.0",
            "version": "1.28.0"
        }
    ],
    "revision": 4,
    "source_git_tag": null,
    "source_git_url": null,
    "summary": "EasyqpcR for low-throughput real-time quantitative PCR data analysis",
    "upvoted": 0,
    "url": "http://api.anaconda.org/packages/bioconda/bioconductor-easyqpcr",
    "versions": [
        "1.26.0",
        "1.28.0"
    ],
    "watchers": 1
}