{
    "app_entry": {},
    "app_summary": {},
    "app_type": {},
    "builds": [
        "r351_0",
        "r36_3",
        "r36_2"
    ],
    "conda_platforms": [
        "noarch"
    ],
    "created_at": "2019-01-08 00:38:32.300000+00:00",
    "description": "",
    "dev_url": null,
    "doc_url": null,
    "files": [
        {
            "attrs": {
                "arch": null,
                "build": "r351_0",
                "build_number": 0,
                "depends": [
                    "bioconductor-biostrings >=2.50.0,<2.51.0",
                    "bioconductor-iranges >=2.16.0,<2.17.0",
                    "bioconductor-oligo >=1.46.0,<1.47.0",
                    "bioconductor-oligoclasses >=1.44.0,<1.45.0",
                    "bioconductor-s4vectors >=0.20.0,<0.21.0",
                    "r-base >=3.5.1,<3.5.2.0a0",
                    "r-dbi >=0.3.1",
                    "r-rsqlite >=1.0.0",
                    "wget"
                ],
                "has_prefix": false,
                "license": "Artistic-2.0",
                "machine": null,
                "noarch": "generic",
                "operatingsystem": null,
                "platform": null,
                "subdir": "noarch",
                "target-triplet": "None-any-None",
                "timestamp": 1546907655113
            },
            "basename": "noarch/bioconductor-pd.rhegene.1.1.st-3.12.0-r351_0.tar.bz2",
            "dependencies": {
                "depends": [
                    {
                        "name": "bioconductor-biostrings",
                        "specs": [
                            [
                                ">=",
                                "2.50.0,<2.51.0"
                            ]
                        ]
                    },
                    {
                        "name": "bioconductor-iranges",
                        "specs": [
                            [
                                ">=",
                                "2.16.0,<2.17.0"
                            ]
                        ]
                    },
                    {
                        "name": "bioconductor-oligo",
                        "specs": [
                            [
                                ">=",
                                "1.46.0,<1.47.0"
                            ]
                        ]
                    },
                    {
                        "name": "bioconductor-oligoclasses",
                        "specs": [
                            [
                                ">=",
                                "1.44.0,<1.45.0"
                            ]
                        ]
                    },
                    {
                        "name": "bioconductor-s4vectors",
                        "specs": [
                            [
                                ">=",
                                "0.20.0,<0.21.0"
                            ]
                        ]
                    },
                    {
                        "name": "r-base",
                        "specs": [
                            [
                                ">=",
                                "3.5.1,<3.5.2.0a0"
                            ]
                        ]
                    },
                    {
                        "name": "r-dbi",
                        "specs": [
                            [
                                ">=",
                                "0.3.1"
                            ]
                        ]
                    },
                    {
                        "name": "r-rsqlite",
                        "specs": [
                            [
                                ">=",
                                "1.0.0"
                            ]
                        ]
                    },
                    {
                        "name": "wget",
                        "specs": []
                    }
                ]
            },
            "description": null,
            "distribution_type": "conda",
            "download_url": "//api.anaconda.org/download/bioconda/bioconductor-pd.rhegene.1.1.st/3.12.0/noarch/bioconductor-pd.rhegene.1.1.st-3.12.0-r351_0.tar.bz2",
            "full_name": "bioconda/bioconductor-pd.rhegene.1.1.st/3.12.0/noarch/bioconductor-pd.rhegene.1.1.st-3.12.0-r351_0.tar.bz2",
            "labels": [
                "gcc7",
                "main"
            ],
            "md5": "213117ee6b34131d615ba0b9658d122e",
            "ndownloads": 59,
            "owner": "bioconda",
            "size": 6770,
            "type": "conda",
            "upload_time": "2019-01-08 00:38:33.156000+00:00",
            "version": "3.12.0"
        },
        {
            "attrs": {
                "arch": null,
                "build": "r36_2",
                "build_number": 2,
                "depends": [
                    "bioconductor-biostrings >=2.52.0,<2.53.0",
                    "bioconductor-iranges >=2.18.0,<2.19.0",
                    "bioconductor-oligo >=1.48.0,<1.49.0",
                    "bioconductor-oligoclasses >=1.46.0,<1.47.0",
                    "bioconductor-s4vectors >=0.22.0,<0.23.0",
                    "curl >=7.65.3,<8.0a0",
                    "r-base >=3.6,<3.7.0a0",
                    "r-dbi >=0.3.1",
                    "r-rsqlite >=1.0.0"
                ],
                "has_prefix": false,
                "license": "Artistic-2.0",
                "machine": null,
                "noarch": "generic",
                "operatingsystem": null,
                "platform": null,
                "subdir": "noarch",
                "target-triplet": "None-any-None",
                "timestamp": 1564441341099
            },
            "basename": "noarch/bioconductor-pd.rhegene.1.1.st-3.12.0-r36_2.tar.bz2",
            "dependencies": {
                "depends": [
                    {
                        "name": "bioconductor-biostrings",
                        "specs": [
                            [
                                ">=",
                                "2.52.0,<2.53.0"
                            ]
                        ]
                    },
                    {
                        "name": "bioconductor-iranges",
                        "specs": [
                            [
                                ">=",
                                "2.18.0,<2.19.0"
                            ]
                        ]
                    },
                    {
                        "name": "bioconductor-oligo",
                        "specs": [
                            [
                                ">=",
                                "1.48.0,<1.49.0"
                            ]
                        ]
                    },
                    {
                        "name": "bioconductor-oligoclasses",
                        "specs": [
                            [
                                ">=",
                                "1.46.0,<1.47.0"
                            ]
                        ]
                    },
                    {
                        "name": "bioconductor-s4vectors",
                        "specs": [
                            [
                                ">=",
                                "0.22.0,<0.23.0"
                            ]
                        ]
                    },
                    {
                        "name": "curl",
                        "specs": [
                            [
                                ">=",
                                "7.65.3,<8.0a0"
                            ]
                        ]
                    },
                    {
                        "name": "r-base",
                        "specs": [
                            [
                                ">=",
                                "3.6,<3.7.0a0"
                            ]
                        ]
                    },
                    {
                        "name": "r-dbi",
                        "specs": [
                            [
                                ">=",
                                "0.3.1"
                            ]
                        ]
                    },
                    {
                        "name": "r-rsqlite",
                        "specs": [
                            [
                                ">=",
                                "1.0.0"
                            ]
                        ]
                    }
                ]
            },
            "description": null,
            "distribution_type": "conda",
            "download_url": "//api.anaconda.org/download/bioconda/bioconductor-pd.rhegene.1.1.st/3.12.0/noarch/bioconductor-pd.rhegene.1.1.st-3.12.0-r36_2.tar.bz2",
            "full_name": "bioconda/bioconductor-pd.rhegene.1.1.st/3.12.0/noarch/bioconductor-pd.rhegene.1.1.st-3.12.0-r36_2.tar.bz2",
            "labels": [
                "main"
            ],
            "md5": "000d7f9cbdc79c041ec7997737a9574d",
            "ndownloads": 23,
            "owner": "bioconda",
            "size": 7059,
            "type": "conda",
            "upload_time": "2019-07-29 23:07:53.760000+00:00",
            "version": "3.12.0"
        },
        {
            "attrs": {
                "arch": null,
                "build": "r36_3",
                "build_number": 3,
                "depends": [
                    "bioconductor-biostrings >=2.54.0,<2.55.0",
                    "bioconductor-iranges >=2.20.0,<2.21.0",
                    "bioconductor-oligo >=1.50.0,<1.51.0",
                    "bioconductor-oligoclasses >=1.48.0,<1.49.0",
                    "bioconductor-s4vectors >=0.24.0,<0.25.0",
                    "curl >=7.65.3,<8.0a0",
                    "r-base >=3.6,<3.7.0a0",
                    "r-dbi >=0.3.1",
                    "r-rsqlite >=1.0.0"
                ],
                "has_prefix": false,
                "license": "Artistic-2.0",
                "machine": null,
                "noarch": "generic",
                "operatingsystem": null,
                "platform": null,
                "subdir": "noarch",
                "target-triplet": "None-any-None",
                "timestamp": 1572796812988
            },
            "basename": "noarch/bioconductor-pd.rhegene.1.1.st-3.12.0-r36_3.tar.bz2",
            "dependencies": {
                "depends": [
                    {
                        "name": "bioconductor-biostrings",
                        "specs": [
                            [
                                ">=",
                                "2.54.0,<2.55.0"
                            ]
                        ]
                    },
                    {
                        "name": "bioconductor-iranges",
                        "specs": [
                            [
                                ">=",
                                "2.20.0,<2.21.0"
                            ]
                        ]
                    },
                    {
                        "name": "bioconductor-oligo",
                        "specs": [
                            [
                                ">=",
                                "1.50.0,<1.51.0"
                            ]
                        ]
                    },
                    {
                        "name": "bioconductor-oligoclasses",
                        "specs": [
                            [
                                ">=",
                                "1.48.0,<1.49.0"
                            ]
                        ]
                    },
                    {
                        "name": "bioconductor-s4vectors",
                        "specs": [
                            [
                                ">=",
                                "0.24.0,<0.25.0"
                            ]
                        ]
                    },
                    {
                        "name": "curl",
                        "specs": [
                            [
                                ">=",
                                "7.65.3,<8.0a0"
                            ]
                        ]
                    },
                    {
                        "name": "r-base",
                        "specs": [
                            [
                                ">=",
                                "3.6,<3.7.0a0"
                            ]
                        ]
                    },
                    {
                        "name": "r-dbi",
                        "specs": [
                            [
                                ">=",
                                "0.3.1"
                            ]
                        ]
                    },
                    {
                        "name": "r-rsqlite",
                        "specs": [
                            [
                                ">=",
                                "1.0.0"
                            ]
                        ]
                    }
                ]
            },
            "description": null,
            "distribution_type": "conda",
            "download_url": "//api.anaconda.org/download/bioconda/bioconductor-pd.rhegene.1.1.st/3.12.0/noarch/bioconductor-pd.rhegene.1.1.st-3.12.0-r36_3.tar.bz2",
            "full_name": "bioconda/bioconductor-pd.rhegene.1.1.st/3.12.0/noarch/bioconductor-pd.rhegene.1.1.st-3.12.0-r36_3.tar.bz2",
            "labels": [
                "main"
            ],
            "md5": "9c5d2fb2d66170cf7c963a4e9ed864a1",
            "ndownloads": 14,
            "owner": "bioconda",
            "size": 7214,
            "type": "conda",
            "upload_time": "2019-11-03 16:06:59.676000+00:00",
            "version": "3.12.0"
        }
    ],
    "full_name": "bioconda/bioconductor-pd.rhegene.1.1.st",
    "home": "https://bioconductor.org/packages/3.8/data/annotation/html/pd.rhegene.1.1.st.html",
    "html_url": "http://anaconda.org/bioconda/bioconductor-pd.rhegene.1.1.st",
    "id": "5c33f10837f339133febabe1",
    "latest_version": "3.12.0",
    "license": "Artistic-2.0",
    "license_url": null,
    "modified_at": "2019-11-03 16:06:59.847000+00:00",
    "name": "bioconductor-pd.rhegene.1.1.st",
    "owner": {
        "company": "",
        "created_at": "2015-09-11 22:59:20.880000+00:00",
        "description": "Bioconda is a distribution of bioinformatics software realized as a channel for the versatile Conda package manager.",
        "location": "",
        "login": "bioconda",
        "name": "bioconda",
        "url": "",
        "user_type": "org"
    },
    "package_types": [
        "conda"
    ],
    "public": true,
    "releases": [
        {
            "distributions": [],
            "full_name": "bioconda/bioconductor-pd.rhegene.1.1.st/3.12.0",
            "version": "3.12.0"
        }
    ],
    "revision": 2,
    "source_git_tag": null,
    "source_git_url": null,
    "summary": "Platform Design Info for Affymetrix RheGene-1_1-st",
    "upvoted": 0,
    "url": "http://api.anaconda.org/packages/bioconda/bioconductor-pd.rhegene.1.1.st",
    "versions": [
        "3.12.0"
    ],
    "watchers": 1
}