{
    "app_entry": {},
    "app_summary": {},
    "app_type": {},
    "builds": [
        "r351hfc679d8_0",
        "r351h0a44026_0",
        "r351hf484d3e_0",
        "r36he1b5a44_1",
        "r36he1b5a44_0",
        "r3.4.1_0",
        "r341hfc679d8_0",
        "r36h6de7cb9_1",
        "r36h6de7cb9_0"
    ],
    "conda_platforms": [
        "linux-64",
        "osx-64"
    ],
    "created_at": "2018-02-18 17:25:38.811000+00:00",
    "description": "This package provides methods to compute co-expression networks of lincRNAs and protein-coding genes. Biological terms associated with the sets of protein-coding genes predict the biological contexts of lincRNAs according to the 'Guilty by Association' approach.",
    "dev_url": null,
    "doc_url": null,
    "files": [
        {
            "attrs": {
                "arch": "x86_64",
                "build": "r3.4.1_0",
                "build_number": 0,
                "depends": [
                    "bioconductor-biobase",
                    "bioconductor-clusterprofiler",
                    "bioconductor-dose",
                    "bioconductor-ggtree",
                    "bioconductor-org.hs.eg.db",
                    "bioconductor-reactomepa",
                    "bioconductor-sva",
                    "r-ape",
                    "r-base 3.4.1*",
                    "r-ggplot2",
                    "r-gridextra",
                    "r-png",
                    "r-rcpp >=0.11.0",
                    "r-reshape2"
                ],
                "has_prefix": true,
                "license": "Artistic-2.0",
                "machine": "x86_64",
                "operatingsystem": "linux",
                "platform": "linux",
                "subdir": "linux-64",
                "target-triplet": "x86_64-any-linux"
            },
            "basename": "linux-64/bioconductor-linc-1.6.0-r3.4.1_0.tar.bz2",
            "dependencies": {
                "depends": [
                    {
                        "name": "bioconductor-biobase",
                        "specs": []
                    },
                    {
                        "name": "bioconductor-clusterprofiler",
                        "specs": []
                    },
                    {
                        "name": "bioconductor-dose",
                        "specs": []
                    },
                    {
                        "name": "bioconductor-ggtree",
                        "specs": []
                    },
                    {
                        "name": "bioconductor-org.hs.eg.db",
                        "specs": []
                    },
                    {
                        "name": "bioconductor-reactomepa",
                        "specs": []
                    },
                    {
                        "name": "bioconductor-sva",
                        "specs": []
                    },
                    {
                        "name": "r-ape",
                        "specs": []
                    },
                    {
                        "name": "r-base",
                        "specs": [
                            [
                                "==",
                                "3.4.1"
                            ]
                        ]
                    },
                    {
                        "name": "r-ggplot2",
                        "specs": []
                    },
                    {
                        "name": "r-gridextra",
                        "specs": []
                    },
                    {
                        "name": "r-png",
                        "specs": []
                    },
                    {
                        "name": "r-rcpp",
                        "specs": [
                            [
                                ">=",
                                "0.11.0"
                            ]
                        ]
                    },
                    {
                        "name": "r-reshape2",
                        "specs": []
                    }
                ]
            },
            "description": null,
            "distribution_type": "conda",
            "download_url": "//api.anaconda.org/download/bioconda/bioconductor-linc/1.6.0/linux-64/bioconductor-linc-1.6.0-r3.4.1_0.tar.bz2",
            "full_name": "bioconda/bioconductor-linc/1.6.0/linux-64/bioconductor-linc-1.6.0-r3.4.1_0.tar.bz2",
            "labels": [
                "main",
                "cf201901"
            ],
            "md5": "8f7e7b44bcd6909af65ceb0f2c3fdfa7",
            "ndownloads": 307,
            "owner": "bioconda",
            "size": 4586691,
            "type": "conda",
            "upload_time": "2018-02-18 17:25:39.355000+00:00",
            "version": "1.6.0"
        },
        {
            "attrs": {
                "arch": "x86_64",
                "build": "r3.4.1_0",
                "build_number": 0,
                "depends": [
                    "bioconductor-biobase",
                    "bioconductor-clusterprofiler",
                    "bioconductor-dose",
                    "bioconductor-ggtree",
                    "bioconductor-org.hs.eg.db",
                    "bioconductor-reactomepa",
                    "bioconductor-sva",
                    "libcxx",
                    "r-ape",
                    "r-base 3.4.1*",
                    "r-ggplot2",
                    "r-gridextra",
                    "r-png",
                    "r-rcpp >=0.11.0",
                    "r-reshape2"
                ],
                "has_prefix": false,
                "license": "Artistic-2.0",
                "machine": "x86_64",
                "operatingsystem": "darwin",
                "platform": "osx",
                "subdir": "osx-64",
                "target-triplet": "x86_64-any-darwin"
            },
            "basename": "osx-64/bioconductor-linc-1.6.0-r3.4.1_0.tar.bz2",
            "dependencies": {
                "depends": [
                    {
                        "name": "bioconductor-biobase",
                        "specs": []
                    },
                    {
                        "name": "bioconductor-clusterprofiler",
                        "specs": []
                    },
                    {
                        "name": "bioconductor-dose",
                        "specs": []
                    },
                    {
                        "name": "bioconductor-ggtree",
                        "specs": []
                    },
                    {
                        "name": "bioconductor-org.hs.eg.db",
                        "specs": []
                    },
                    {
                        "name": "bioconductor-reactomepa",
                        "specs": []
                    },
                    {
                        "name": "bioconductor-sva",
                        "specs": []
                    },
                    {
                        "name": "libcxx",
                        "specs": []
                    },
                    {
                        "name": "r-ape",
                        "specs": []
                    },
                    {
                        "name": "r-base",
                        "specs": [
                            [
                                "==",
                                "3.4.1"
                            ]
                        ]
                    },
                    {
                        "name": "r-ggplot2",
                        "specs": []
                    },
                    {
                        "name": "r-gridextra",
                        "specs": []
                    },
                    {
                        "name": "r-png",
                        "specs": []
                    },
                    {
                        "name": "r-rcpp",
                        "specs": [
                            [
                                ">=",
                                "0.11.0"
                            ]
                        ]
                    },
                    {
                        "name": "r-reshape2",
                        "specs": []
                    }
                ]
            },
            "description": null,
            "distribution_type": "conda",
            "download_url": "//api.anaconda.org/download/bioconda/bioconductor-linc/1.6.0/osx-64/bioconductor-linc-1.6.0-r3.4.1_0.tar.bz2",
            "full_name": "bioconda/bioconductor-linc/1.6.0/osx-64/bioconductor-linc-1.6.0-r3.4.1_0.tar.bz2",
            "labels": [
                "main",
                "cf201901"
            ],
            "md5": "642310b9f0eb7f53620d591157b9e7f9",
            "ndownloads": 745,
            "owner": "bioconda",
            "size": 4578013,
            "type": "conda",
            "upload_time": "2018-02-18 17:46:43.602000+00:00",
            "version": "1.6.0"
        },
        {
            "attrs": {
                "arch": "x86_64",
                "build": "r351hfc679d8_0",
                "build_number": 0,
                "depends": [
                    "bioconductor-biobase >=2.40.0,<2.42.0",
                    "bioconductor-clusterprofiler >=3.8.1,<3.10.0",
                    "bioconductor-dose >=3.6.1,<3.8.0",
                    "bioconductor-ggtree >=1.12.7,<1.14.0",
                    "bioconductor-org.hs.eg.db >=3.6.0,<3.8.0",
                    "bioconductor-reactomepa >=1.24.0,<1.26.0",
                    "bioconductor-sva >=3.28.0,<3.30.0",
                    "libgcc-ng >=4.9",
                    "libstdcxx-ng >=4.9",
                    "r-ape",
                    "r-base >=3.5.1,<3.5.2.0a0",
                    "r-ggplot2",
                    "r-gridextra",
                    "r-png",
                    "r-rcpp >=0.11.0",
                    "r-reshape2"
                ],
                "has_prefix": false,
                "license": "Artistic-2.0",
                "machine": "x86_64",
                "operatingsystem": "linux",
                "platform": "linux",
                "subdir": "linux-64",
                "target-triplet": "x86_64-any-linux",
                "timestamp": 1540414910956
            },
            "basename": "linux-64/bioconductor-linc-1.8.0-r351hfc679d8_0.tar.bz2",
            "dependencies": {
                "depends": [
                    {
                        "name": "bioconductor-biobase",
                        "specs": [
                            [
                                ">=",
                                "2.40.0,<2.42.0"
                            ]
                        ]
                    },
                    {
                        "name": "bioconductor-clusterprofiler",
                        "specs": [
                            [
                                ">=",
                                "3.8.1,<3.10.0"
                            ]
                        ]
                    },
                    {
                        "name": "bioconductor-dose",
                        "specs": [
                            [
                                ">=",
                                "3.6.1,<3.8.0"
                            ]
                        ]
                    },
                    {
                        "name": "bioconductor-ggtree",
                        "specs": [
                            [
                                ">=",
                                "1.12.7,<1.14.0"
                            ]
                        ]
                    },
                    {
                        "name": "bioconductor-org.hs.eg.db",
                        "specs": [
                            [
                                ">=",
                                "3.6.0,<3.8.0"
                            ]
                        ]
                    },
                    {
                        "name": "bioconductor-reactomepa",
                        "specs": [
                            [
                                ">=",
                                "1.24.0,<1.26.0"
                            ]
                        ]
                    },
                    {
                        "name": "bioconductor-sva",
                        "specs": [
                            [
                                ">=",
                                "3.28.0,<3.30.0"
                            ]
                        ]
                    },
                    {
                        "name": "libgcc-ng",
                        "specs": [
                            [
                                ">=",
                                "4.9"
                            ]
                        ]
                    },
                    {
                        "name": "libstdcxx-ng",
                        "specs": [
                            [
                                ">=",
                                "4.9"
                            ]
                        ]
                    },
                    {
                        "name": "r-ape",
                        "specs": []
                    },
                    {
                        "name": "r-base",
                        "specs": [
                            [
                                ">=",
                                "3.5.1,<3.5.2.0a0"
                            ]
                        ]
                    },
                    {
                        "name": "r-ggplot2",
                        "specs": []
                    },
                    {
                        "name": "r-gridextra",
                        "specs": []
                    },
                    {
                        "name": "r-png",
                        "specs": []
                    },
                    {
                        "name": "r-rcpp",
                        "specs": [
                            [
                                ">=",
                                "0.11.0"
                            ]
                        ]
                    },
                    {
                        "name": "r-reshape2",
                        "specs": []
                    }
                ]
            },
            "description": null,
            "distribution_type": "conda",
            "download_url": "//api.anaconda.org/download/bioconda/bioconductor-linc/1.8.0/linux-64/bioconductor-linc-1.8.0-r351hfc679d8_0.tar.bz2",
            "full_name": "bioconda/bioconductor-linc/1.8.0/linux-64/bioconductor-linc-1.8.0-r351hfc679d8_0.tar.bz2",
            "labels": [
                "main",
                "cf201901"
            ],
            "md5": "ce4bdbe1d98dce897894b4373930064f",
            "ndownloads": 981,
            "owner": "bioconda",
            "size": 4732973,
            "type": "conda",
            "upload_time": "2018-10-24 21:31:03.579000+00:00",
            "version": "1.8.0"
        },
        {
            "attrs": {
                "arch": "x86_64",
                "build": "r341hfc679d8_0",
                "build_number": 0,
                "depends": [
                    "bioconductor-biobase >=2.40.0,<2.42.0",
                    "bioconductor-clusterprofiler >=3.8.1,<3.10.0",
                    "bioconductor-dose >=3.6.1,<3.8.0",
                    "bioconductor-ggtree >=1.12.7,<1.14.0",
                    "bioconductor-org.hs.eg.db >=3.6.0,<3.8.0",
                    "bioconductor-reactomepa >=1.24.0,<1.26.0",
                    "bioconductor-sva >=3.28.0,<3.30.0",
                    "libgcc-ng >=4.9",
                    "libstdcxx-ng >=4.9",
                    "r-ape",
                    "r-base >=3.4.1,<3.4.2.0a0",
                    "r-ggplot2",
                    "r-gridextra",
                    "r-png",
                    "r-rcpp >=0.11.0",
                    "r-reshape2"
                ],
                "has_prefix": false,
                "license": "Artistic-2.0",
                "machine": "x86_64",
                "operatingsystem": "linux",
                "platform": "linux",
                "subdir": "linux-64",
                "target-triplet": "x86_64-any-linux",
                "timestamp": 1540414037433
            },
            "basename": "linux-64/bioconductor-linc-1.8.0-r341hfc679d8_0.tar.bz2",
            "dependencies": {
                "depends": [
                    {
                        "name": "bioconductor-biobase",
                        "specs": [
                            [
                                ">=",
                                "2.40.0,<2.42.0"
                            ]
                        ]
                    },
                    {
                        "name": "bioconductor-clusterprofiler",
                        "specs": [
                            [
                                ">=",
                                "3.8.1,<3.10.0"
                            ]
                        ]
                    },
                    {
                        "name": "bioconductor-dose",
                        "specs": [
                            [
                                ">=",
                                "3.6.1,<3.8.0"
                            ]
                        ]
                    },
                    {
                        "name": "bioconductor-ggtree",
                        "specs": [
                            [
                                ">=",
                                "1.12.7,<1.14.0"
                            ]
                        ]
                    },
                    {
                        "name": "bioconductor-org.hs.eg.db",
                        "specs": [
                            [
                                ">=",
                                "3.6.0,<3.8.0"
                            ]
                        ]
                    },
                    {
                        "name": "bioconductor-reactomepa",
                        "specs": [
                            [
                                ">=",
                                "1.24.0,<1.26.0"
                            ]
                        ]
                    },
                    {
                        "name": "bioconductor-sva",
                        "specs": [
                            [
                                ">=",
                                "3.28.0,<3.30.0"
                            ]
                        ]
                    },
                    {
                        "name": "libgcc-ng",
                        "specs": [
                            [
                                ">=",
                                "4.9"
                            ]
                        ]
                    },
                    {
                        "name": "libstdcxx-ng",
                        "specs": [
                            [
                                ">=",
                                "4.9"
                            ]
                        ]
                    },
                    {
                        "name": "r-ape",
                        "specs": []
                    },
                    {
                        "name": "r-base",
                        "specs": [
                            [
                                ">=",
                                "3.4.1,<3.4.2.0a0"
                            ]
                        ]
                    },
                    {
                        "name": "r-ggplot2",
                        "specs": []
                    },
                    {
                        "name": "r-gridextra",
                        "specs": []
                    },
                    {
                        "name": "r-png",
                        "specs": []
                    },
                    {
                        "name": "r-rcpp",
                        "specs": [
                            [
                                ">=",
                                "0.11.0"
                            ]
                        ]
                    },
                    {
                        "name": "r-reshape2",
                        "specs": []
                    }
                ]
            },
            "description": null,
            "distribution_type": "conda",
            "download_url": "//api.anaconda.org/download/bioconda/bioconductor-linc/1.8.0/linux-64/bioconductor-linc-1.8.0-r341hfc679d8_0.tar.bz2",
            "full_name": "bioconda/bioconductor-linc/1.8.0/linux-64/bioconductor-linc-1.8.0-r341hfc679d8_0.tar.bz2",
            "labels": [
                "main",
                "cf201901"
            ],
            "md5": "396bdd714ba79142afd397835edea203",
            "ndownloads": 118,
            "owner": "bioconda",
            "size": 4636240,
            "type": "conda",
            "upload_time": "2018-10-24 21:31:07.826000+00:00",
            "version": "1.8.0"
        },
        {
            "attrs": {
                "arch": "x86_64",
                "build": "r351h0a44026_0",
                "build_number": 0,
                "depends": [
                    "bioconductor-biobase >=2.42.0,<2.43.0",
                    "bioconductor-clusterprofiler >=3.10.0,<3.11.0",
                    "bioconductor-dose >=3.8.0,<3.9.0",
                    "bioconductor-ggtree >=1.14.0,<1.15.0",
                    "bioconductor-org.hs.eg.db >=3.7.0,<3.8.0",
                    "bioconductor-reactomepa >=1.26.0,<1.27.0",
                    "bioconductor-sva >=3.30.0,<3.31.0",
                    "libcxx >=4.0.1",
                    "r-ape",
                    "r-base >=3.5.1,<3.5.2.0a0",
                    "r-ggplot2",
                    "r-gridextra",
                    "r-png",
                    "r-rcpp >=0.11.0",
                    "r-reshape2"
                ],
                "has_prefix": true,
                "license": "Artistic-2.0",
                "machine": "x86_64",
                "operatingsystem": "darwin",
                "platform": "osx",
                "subdir": "osx-64",
                "target-triplet": "x86_64-any-darwin",
                "timestamp": 1547398146268
            },
            "basename": "osx-64/bioconductor-linc-1.10.0-r351h0a44026_0.tar.bz2",
            "dependencies": {
                "depends": [
                    {
                        "name": "bioconductor-biobase",
                        "specs": [
                            [
                                ">=",
                                "2.42.0,<2.43.0"
                            ]
                        ]
                    },
                    {
                        "name": "bioconductor-clusterprofiler",
                        "specs": [
                            [
                                ">=",
                                "3.10.0,<3.11.0"
                            ]
                        ]
                    },
                    {
                        "name": "bioconductor-dose",
                        "specs": [
                            [
                                ">=",
                                "3.8.0,<3.9.0"
                            ]
                        ]
                    },
                    {
                        "name": "bioconductor-ggtree",
                        "specs": [
                            [
                                ">=",
                                "1.14.0,<1.15.0"
                            ]
                        ]
                    },
                    {
                        "name": "bioconductor-org.hs.eg.db",
                        "specs": [
                            [
                                ">=",
                                "3.7.0,<3.8.0"
                            ]
                        ]
                    },
                    {
                        "name": "bioconductor-reactomepa",
                        "specs": [
                            [
                                ">=",
                                "1.26.0,<1.27.0"
                            ]
                        ]
                    },
                    {
                        "name": "bioconductor-sva",
                        "specs": [
                            [
                                ">=",
                                "3.30.0,<3.31.0"
                            ]
                        ]
                    },
                    {
                        "name": "libcxx",
                        "specs": [
                            [
                                ">=",
                                "4.0.1"
                            ]
                        ]
                    },
                    {
                        "name": "r-ape",
                        "specs": []
                    },
                    {
                        "name": "r-base",
                        "specs": [
                            [
                                ">=",
                                "3.5.1,<3.5.2.0a0"
                            ]
                        ]
                    },
                    {
                        "name": "r-ggplot2",
                        "specs": []
                    },
                    {
                        "name": "r-gridextra",
                        "specs": []
                    },
                    {
                        "name": "r-png",
                        "specs": []
                    },
                    {
                        "name": "r-rcpp",
                        "specs": [
                            [
                                ">=",
                                "0.11.0"
                            ]
                        ]
                    },
                    {
                        "name": "r-reshape2",
                        "specs": []
                    }
                ]
            },
            "description": null,
            "distribution_type": "conda",
            "download_url": "//api.anaconda.org/download/bioconda/bioconductor-linc/1.10.0/osx-64/bioconductor-linc-1.10.0-r351h0a44026_0.tar.bz2",
            "full_name": "bioconda/bioconductor-linc/1.10.0/osx-64/bioconductor-linc-1.10.0-r351h0a44026_0.tar.bz2",
            "labels": [
                "gcc7",
                "main"
            ],
            "md5": "dbee909d79ab74c06f07adfcd3358389",
            "ndownloads": 701,
            "owner": "bioconda",
            "size": 4678347,
            "type": "conda",
            "upload_time": "2019-01-13 16:54:21.006000+00:00",
            "version": "1.10.0"
        },
        {
            "attrs": {
                "arch": "x86_64",
                "build": "r351hf484d3e_0",
                "build_number": 0,
                "depends": [
                    "bioconductor-biobase >=2.42.0,<2.43.0",
                    "bioconductor-clusterprofiler >=3.10.0,<3.11.0",
                    "bioconductor-dose >=3.8.0,<3.9.0",
                    "bioconductor-ggtree >=1.14.0,<1.15.0",
                    "bioconductor-org.hs.eg.db >=3.7.0,<3.8.0",
                    "bioconductor-reactomepa >=1.26.0,<1.27.0",
                    "bioconductor-sva >=3.30.0,<3.31.0",
                    "libgcc-ng >=7.3.0",
                    "libstdcxx-ng >=7.3.0",
                    "r-ape",
                    "r-base >=3.5.1,<3.5.2.0a0",
                    "r-ggplot2",
                    "r-gridextra",
                    "r-png",
                    "r-rcpp >=0.11.0",
                    "r-reshape2"
                ],
                "has_prefix": false,
                "license": "Artistic-2.0",
                "machine": "x86_64",
                "operatingsystem": "linux",
                "platform": "linux",
                "subdir": "linux-64",
                "target-triplet": "x86_64-any-linux",
                "timestamp": 1547402219992
            },
            "basename": "linux-64/bioconductor-linc-1.10.0-r351hf484d3e_0.tar.bz2",
            "dependencies": {
                "depends": [
                    {
                        "name": "bioconductor-biobase",
                        "specs": [
                            [
                                ">=",
                                "2.42.0,<2.43.0"
                            ]
                        ]
                    },
                    {
                        "name": "bioconductor-clusterprofiler",
                        "specs": [
                            [
                                ">=",
                                "3.10.0,<3.11.0"
                            ]
                        ]
                    },
                    {
                        "name": "bioconductor-dose",
                        "specs": [
                            [
                                ">=",
                                "3.8.0,<3.9.0"
                            ]
                        ]
                    },
                    {
                        "name": "bioconductor-ggtree",
                        "specs": [
                            [
                                ">=",
                                "1.14.0,<1.15.0"
                            ]
                        ]
                    },
                    {
                        "name": "bioconductor-org.hs.eg.db",
                        "specs": [
                            [
                                ">=",
                                "3.7.0,<3.8.0"
                            ]
                        ]
                    },
                    {
                        "name": "bioconductor-reactomepa",
                        "specs": [
                            [
                                ">=",
                                "1.26.0,<1.27.0"
                            ]
                        ]
                    },
                    {
                        "name": "bioconductor-sva",
                        "specs": [
                            [
                                ">=",
                                "3.30.0,<3.31.0"
                            ]
                        ]
                    },
                    {
                        "name": "libgcc-ng",
                        "specs": [
                            [
                                ">=",
                                "7.3.0"
                            ]
                        ]
                    },
                    {
                        "name": "libstdcxx-ng",
                        "specs": [
                            [
                                ">=",
                                "7.3.0"
                            ]
                        ]
                    },
                    {
                        "name": "r-ape",
                        "specs": []
                    },
                    {
                        "name": "r-base",
                        "specs": [
                            [
                                ">=",
                                "3.5.1,<3.5.2.0a0"
                            ]
                        ]
                    },
                    {
                        "name": "r-ggplot2",
                        "specs": []
                    },
                    {
                        "name": "r-gridextra",
                        "specs": []
                    },
                    {
                        "name": "r-png",
                        "specs": []
                    },
                    {
                        "name": "r-rcpp",
                        "specs": [
                            [
                                ">=",
                                "0.11.0"
                            ]
                        ]
                    },
                    {
                        "name": "r-reshape2",
                        "specs": []
                    }
                ]
            },
            "description": null,
            "distribution_type": "conda",
            "download_url": "//api.anaconda.org/download/bioconda/bioconductor-linc/1.10.0/linux-64/bioconductor-linc-1.10.0-r351hf484d3e_0.tar.bz2",
            "full_name": "bioconda/bioconductor-linc/1.10.0/linux-64/bioconductor-linc-1.10.0-r351hf484d3e_0.tar.bz2",
            "labels": [
                "gcc7",
                "main"
            ],
            "md5": "2aa7c7b0ab589ff3613ad79427850a8e",
            "ndownloads": 94,
            "owner": "bioconda",
            "size": 4663668,
            "type": "conda",
            "upload_time": "2019-01-13 18:09:13.303000+00:00",
            "version": "1.10.0"
        },
        {
            "attrs": {
                "arch": "x86_64",
                "build": "r36h6de7cb9_1",
                "build_number": 1,
                "depends": [
                    "bioconductor-biobase >=2.44.0,<2.45.0",
                    "bioconductor-clusterprofiler >=3.12.0,<3.13.0",
                    "bioconductor-dose >=3.10.0,<3.11.0",
                    "bioconductor-ggtree >=1.16.0,<1.17.0",
                    "bioconductor-org.hs.eg.db >=3.8.0,<3.9.0",
                    "bioconductor-reactomepa >=1.28.0,<1.29.0",
                    "bioconductor-sva >=3.32.0,<3.33.0",
                    "libcxx >=4.0.1",
                    "r-ape",
                    "r-base >=3.6,<3.7.0a0",
                    "r-ggplot2",
                    "r-gridextra",
                    "r-png",
                    "r-rcpp >=0.11.0",
                    "r-reshape2"
                ],
                "has_prefix": true,
                "license": "Artistic-2.0",
                "machine": "x86_64",
                "operatingsystem": "darwin",
                "platform": "osx",
                "subdir": "osx-64",
                "target-triplet": "x86_64-any-darwin",
                "timestamp": 1564784213764
            },
            "basename": "osx-64/bioconductor-linc-1.12.0-r36h6de7cb9_1.tar.bz2",
            "dependencies": {
                "depends": [
                    {
                        "name": "bioconductor-biobase",
                        "specs": [
                            [
                                ">=",
                                "2.44.0,<2.45.0"
                            ]
                        ]
                    },
                    {
                        "name": "bioconductor-clusterprofiler",
                        "specs": [
                            [
                                ">=",
                                "3.12.0,<3.13.0"
                            ]
                        ]
                    },
                    {
                        "name": "bioconductor-dose",
                        "specs": [
                            [
                                ">=",
                                "3.10.0,<3.11.0"
                            ]
                        ]
                    },
                    {
                        "name": "bioconductor-ggtree",
                        "specs": [
                            [
                                ">=",
                                "1.16.0,<1.17.0"
                            ]
                        ]
                    },
                    {
                        "name": "bioconductor-org.hs.eg.db",
                        "specs": [
                            [
                                ">=",
                                "3.8.0,<3.9.0"
                            ]
                        ]
                    },
                    {
                        "name": "bioconductor-reactomepa",
                        "specs": [
                            [
                                ">=",
                                "1.28.0,<1.29.0"
                            ]
                        ]
                    },
                    {
                        "name": "bioconductor-sva",
                        "specs": [
                            [
                                ">=",
                                "3.32.0,<3.33.0"
                            ]
                        ]
                    },
                    {
                        "name": "libcxx",
                        "specs": [
                            [
                                ">=",
                                "4.0.1"
                            ]
                        ]
                    },
                    {
                        "name": "r-ape",
                        "specs": []
                    },
                    {
                        "name": "r-base",
                        "specs": [
                            [
                                ">=",
                                "3.6,<3.7.0a0"
                            ]
                        ]
                    },
                    {
                        "name": "r-ggplot2",
                        "specs": []
                    },
                    {
                        "name": "r-gridextra",
                        "specs": []
                    },
                    {
                        "name": "r-png",
                        "specs": []
                    },
                    {
                        "name": "r-rcpp",
                        "specs": [
                            [
                                ">=",
                                "0.11.0"
                            ]
                        ]
                    },
                    {
                        "name": "r-reshape2",
                        "specs": []
                    }
                ]
            },
            "description": null,
            "distribution_type": "conda",
            "download_url": "//api.anaconda.org/download/bioconda/bioconductor-linc/1.12.0/osx-64/bioconductor-linc-1.12.0-r36h6de7cb9_1.tar.bz2",
            "full_name": "bioconda/bioconductor-linc/1.12.0/osx-64/bioconductor-linc-1.12.0-r36h6de7cb9_1.tar.bz2",
            "labels": [
                "main"
            ],
            "md5": "49854edce42c6ebb2b2726b036851c3d",
            "ndownloads": 300,
            "owner": "bioconda",
            "size": 4647513,
            "type": "conda",
            "upload_time": "2019-08-02 22:21:22.368000+00:00",
            "version": "1.12.0"
        },
        {
            "attrs": {
                "arch": "x86_64",
                "build": "r36he1b5a44_1",
                "build_number": 1,
                "depends": [
                    "bioconductor-biobase >=2.44.0,<2.45.0",
                    "bioconductor-clusterprofiler >=3.12.0,<3.13.0",
                    "bioconductor-dose >=3.10.0,<3.11.0",
                    "bioconductor-ggtree >=1.16.0,<1.17.0",
                    "bioconductor-org.hs.eg.db >=3.8.0,<3.9.0",
                    "bioconductor-reactomepa >=1.28.0,<1.29.0",
                    "bioconductor-sva >=3.32.0,<3.33.0",
                    "libgcc-ng >=7.3.0",
                    "libstdcxx-ng >=7.3.0",
                    "r-ape",
                    "r-base >=3.6,<3.7.0a0",
                    "r-ggplot2",
                    "r-gridextra",
                    "r-png",
                    "r-rcpp >=0.11.0",
                    "r-reshape2"
                ],
                "has_prefix": false,
                "license": "Artistic-2.0",
                "machine": "x86_64",
                "operatingsystem": "linux",
                "platform": "linux",
                "subdir": "linux-64",
                "target-triplet": "x86_64-any-linux",
                "timestamp": 1565232264164
            },
            "basename": "linux-64/bioconductor-linc-1.12.0-r36he1b5a44_1.tar.bz2",
            "dependencies": {
                "depends": [
                    {
                        "name": "bioconductor-biobase",
                        "specs": [
                            [
                                ">=",
                                "2.44.0,<2.45.0"
                            ]
                        ]
                    },
                    {
                        "name": "bioconductor-clusterprofiler",
                        "specs": [
                            [
                                ">=",
                                "3.12.0,<3.13.0"
                            ]
                        ]
                    },
                    {
                        "name": "bioconductor-dose",
                        "specs": [
                            [
                                ">=",
                                "3.10.0,<3.11.0"
                            ]
                        ]
                    },
                    {
                        "name": "bioconductor-ggtree",
                        "specs": [
                            [
                                ">=",
                                "1.16.0,<1.17.0"
                            ]
                        ]
                    },
                    {
                        "name": "bioconductor-org.hs.eg.db",
                        "specs": [
                            [
                                ">=",
                                "3.8.0,<3.9.0"
                            ]
                        ]
                    },
                    {
                        "name": "bioconductor-reactomepa",
                        "specs": [
                            [
                                ">=",
                                "1.28.0,<1.29.0"
                            ]
                        ]
                    },
                    {
                        "name": "bioconductor-sva",
                        "specs": [
                            [
                                ">=",
                                "3.32.0,<3.33.0"
                            ]
                        ]
                    },
                    {
                        "name": "libgcc-ng",
                        "specs": [
                            [
                                ">=",
                                "7.3.0"
                            ]
                        ]
                    },
                    {
                        "name": "libstdcxx-ng",
                        "specs": [
                            [
                                ">=",
                                "7.3.0"
                            ]
                        ]
                    },
                    {
                        "name": "r-ape",
                        "specs": []
                    },
                    {
                        "name": "r-base",
                        "specs": [
                            [
                                ">=",
                                "3.6,<3.7.0a0"
                            ]
                        ]
                    },
                    {
                        "name": "r-ggplot2",
                        "specs": []
                    },
                    {
                        "name": "r-gridextra",
                        "specs": []
                    },
                    {
                        "name": "r-png",
                        "specs": []
                    },
                    {
                        "name": "r-rcpp",
                        "specs": [
                            [
                                ">=",
                                "0.11.0"
                            ]
                        ]
                    },
                    {
                        "name": "r-reshape2",
                        "specs": []
                    }
                ]
            },
            "description": null,
            "distribution_type": "conda",
            "download_url": "//api.anaconda.org/download/bioconda/bioconductor-linc/1.12.0/linux-64/bioconductor-linc-1.12.0-r36he1b5a44_1.tar.bz2",
            "full_name": "bioconda/bioconductor-linc/1.12.0/linux-64/bioconductor-linc-1.12.0-r36he1b5a44_1.tar.bz2",
            "labels": [
                "main"
            ],
            "md5": "803e5f277e0c0d2182d689993689d475",
            "ndownloads": 40,
            "owner": "bioconda",
            "size": 4661809,
            "type": "conda",
            "upload_time": "2019-08-08 02:56:49.632000+00:00",
            "version": "1.12.0"
        },
        {
            "attrs": {
                "arch": "x86_64",
                "build": "r36h6de7cb9_0",
                "build_number": 0,
                "depends": [
                    "bioconductor-biobase >=2.46.0,<2.47.0",
                    "bioconductor-clusterprofiler >=3.14.0,<3.15.0",
                    "bioconductor-dose >=3.12.0,<3.13.0",
                    "bioconductor-ggtree >=2.0.0,<2.1.0",
                    "bioconductor-org.hs.eg.db >=3.10.0,<3.11.0",
                    "bioconductor-reactomepa >=1.30.0,<1.31.0",
                    "bioconductor-sva >=3.34.0,<3.35.0",
                    "libcxx >=4.0.1",
                    "r-ape",
                    "r-base >=3.6,<3.7.0a0",
                    "r-ggplot2",
                    "r-gridextra",
                    "r-png",
                    "r-rcpp >=0.11.0",
                    "r-reshape2"
                ],
                "has_prefix": true,
                "license": "Artistic-2.0",
                "machine": "x86_64",
                "operatingsystem": "darwin",
                "platform": "osx",
                "subdir": "osx-64",
                "target-triplet": "x86_64-any-darwin",
                "timestamp": 1572712131911
            },
            "basename": "osx-64/bioconductor-linc-1.14.0-r36h6de7cb9_0.tar.bz2",
            "dependencies": {
                "depends": [
                    {
                        "name": "bioconductor-biobase",
                        "specs": [
                            [
                                ">=",
                                "2.46.0,<2.47.0"
                            ]
                        ]
                    },
                    {
                        "name": "bioconductor-clusterprofiler",
                        "specs": [
                            [
                                ">=",
                                "3.14.0,<3.15.0"
                            ]
                        ]
                    },
                    {
                        "name": "bioconductor-dose",
                        "specs": [
                            [
                                ">=",
                                "3.12.0,<3.13.0"
                            ]
                        ]
                    },
                    {
                        "name": "bioconductor-ggtree",
                        "specs": [
                            [
                                ">=",
                                "2.0.0,<2.1.0"
                            ]
                        ]
                    },
                    {
                        "name": "bioconductor-org.hs.eg.db",
                        "specs": [
                            [
                                ">=",
                                "3.10.0,<3.11.0"
                            ]
                        ]
                    },
                    {
                        "name": "bioconductor-reactomepa",
                        "specs": [
                            [
                                ">=",
                                "1.30.0,<1.31.0"
                            ]
                        ]
                    },
                    {
                        "name": "bioconductor-sva",
                        "specs": [
                            [
                                ">=",
                                "3.34.0,<3.35.0"
                            ]
                        ]
                    },
                    {
                        "name": "libcxx",
                        "specs": [
                            [
                                ">=",
                                "4.0.1"
                            ]
                        ]
                    },
                    {
                        "name": "r-ape",
                        "specs": []
                    },
                    {
                        "name": "r-base",
                        "specs": [
                            [
                                ">=",
                                "3.6,<3.7.0a0"
                            ]
                        ]
                    },
                    {
                        "name": "r-ggplot2",
                        "specs": []
                    },
                    {
                        "name": "r-gridextra",
                        "specs": []
                    },
                    {
                        "name": "r-png",
                        "specs": []
                    },
                    {
                        "name": "r-rcpp",
                        "specs": [
                            [
                                ">=",
                                "0.11.0"
                            ]
                        ]
                    },
                    {
                        "name": "r-reshape2",
                        "specs": []
                    }
                ]
            },
            "description": null,
            "distribution_type": "conda",
            "download_url": "//api.anaconda.org/download/bioconda/bioconductor-linc/1.14.0/osx-64/bioconductor-linc-1.14.0-r36h6de7cb9_0.tar.bz2",
            "full_name": "bioconda/bioconductor-linc/1.14.0/osx-64/bioconductor-linc-1.14.0-r36h6de7cb9_0.tar.bz2",
            "labels": [
                "main"
            ],
            "md5": "6d167680f399b66d81b760a274a77790",
            "ndownloads": 159,
            "owner": "bioconda",
            "size": 4655439,
            "type": "conda",
            "upload_time": "2019-11-02 16:33:03.194000+00:00",
            "version": "1.14.0"
        },
        {
            "attrs": {
                "arch": "x86_64",
                "build": "r36he1b5a44_0",
                "build_number": 0,
                "depends": [
                    "bioconductor-biobase >=2.46.0,<2.47.0",
                    "bioconductor-clusterprofiler >=3.14.0,<3.15.0",
                    "bioconductor-dose >=3.12.0,<3.13.0",
                    "bioconductor-ggtree >=2.0.0,<2.1.0",
                    "bioconductor-org.hs.eg.db >=3.10.0,<3.11.0",
                    "bioconductor-reactomepa >=1.30.0,<1.31.0",
                    "bioconductor-sva >=3.34.0,<3.35.0",
                    "libgcc-ng >=7.3.0",
                    "libstdcxx-ng >=7.3.0",
                    "r-ape",
                    "r-base >=3.6,<3.7.0a0",
                    "r-ggplot2",
                    "r-gridextra",
                    "r-png",
                    "r-rcpp >=0.11.0",
                    "r-reshape2"
                ],
                "has_prefix": false,
                "license": "Artistic-2.0",
                "machine": "x86_64",
                "operatingsystem": "linux",
                "platform": "linux",
                "subdir": "linux-64",
                "target-triplet": "x86_64-any-linux",
                "timestamp": 1572966041644
            },
            "basename": "linux-64/bioconductor-linc-1.14.0-r36he1b5a44_0.tar.bz2",
            "dependencies": {
                "depends": [
                    {
                        "name": "bioconductor-biobase",
                        "specs": [
                            [
                                ">=",
                                "2.46.0,<2.47.0"
                            ]
                        ]
                    },
                    {
                        "name": "bioconductor-clusterprofiler",
                        "specs": [
                            [
                                ">=",
                                "3.14.0,<3.15.0"
                            ]
                        ]
                    },
                    {
                        "name": "bioconductor-dose",
                        "specs": [
                            [
                                ">=",
                                "3.12.0,<3.13.0"
                            ]
                        ]
                    },
                    {
                        "name": "bioconductor-ggtree",
                        "specs": [
                            [
                                ">=",
                                "2.0.0,<2.1.0"
                            ]
                        ]
                    },
                    {
                        "name": "bioconductor-org.hs.eg.db",
                        "specs": [
                            [
                                ">=",
                                "3.10.0,<3.11.0"
                            ]
                        ]
                    },
                    {
                        "name": "bioconductor-reactomepa",
                        "specs": [
                            [
                                ">=",
                                "1.30.0,<1.31.0"
                            ]
                        ]
                    },
                    {
                        "name": "bioconductor-sva",
                        "specs": [
                            [
                                ">=",
                                "3.34.0,<3.35.0"
                            ]
                        ]
                    },
                    {
                        "name": "libgcc-ng",
                        "specs": [
                            [
                                ">=",
                                "7.3.0"
                            ]
                        ]
                    },
                    {
                        "name": "libstdcxx-ng",
                        "specs": [
                            [
                                ">=",
                                "7.3.0"
                            ]
                        ]
                    },
                    {
                        "name": "r-ape",
                        "specs": []
                    },
                    {
                        "name": "r-base",
                        "specs": [
                            [
                                ">=",
                                "3.6,<3.7.0a0"
                            ]
                        ]
                    },
                    {
                        "name": "r-ggplot2",
                        "specs": []
                    },
                    {
                        "name": "r-gridextra",
                        "specs": []
                    },
                    {
                        "name": "r-png",
                        "specs": []
                    },
                    {
                        "name": "r-rcpp",
                        "specs": [
                            [
                                ">=",
                                "0.11.0"
                            ]
                        ]
                    },
                    {
                        "name": "r-reshape2",
                        "specs": []
                    }
                ]
            },
            "description": null,
            "distribution_type": "conda",
            "download_url": "//api.anaconda.org/download/bioconda/bioconductor-linc/1.14.0/linux-64/bioconductor-linc-1.14.0-r36he1b5a44_0.tar.bz2",
            "full_name": "bioconda/bioconductor-linc/1.14.0/linux-64/bioconductor-linc-1.14.0-r36he1b5a44_0.tar.bz2",
            "labels": [
                "main"
            ],
            "md5": "d7b32f87c9806f381cd86011965a78ae",
            "ndownloads": 31,
            "owner": "bioconda",
            "size": 4667000,
            "type": "conda",
            "upload_time": "2019-11-05 15:16:37.516000+00:00",
            "version": "1.14.0"
        }
    ],
    "full_name": "bioconda/bioconductor-linc",
    "home": "http://bioconductor.org/packages/3.6/bioc/html/LINC.html",
    "html_url": "http://anaconda.org/bioconda/bioconductor-linc",
    "id": "5a89b71282e5d2123f1cb19a",
    "latest_version": "1.14.0",
    "license": "Artistic-2.0",
    "license_url": null,
    "modified_at": "2019-11-05 15:16:37.909000+00:00",
    "name": "bioconductor-linc",
    "owner": {
        "company": "",
        "created_at": "2015-09-11 22:59:20.880000+00:00",
        "description": "Bioconda is a distribution of bioinformatics software realized as a channel for the versatile Conda package manager.",
        "location": "",
        "login": "bioconda",
        "name": "bioconda",
        "url": "",
        "user_type": "org"
    },
    "package_types": [
        "conda"
    ],
    "public": true,
    "releases": [
        {
            "distributions": [],
            "full_name": "bioconda/bioconductor-linc/1.6.0",
            "version": "1.6.0"
        },
        {
            "distributions": [],
            "full_name": "bioconda/bioconductor-linc/1.8.0",
            "version": "1.8.0"
        },
        {
            "distributions": [],
            "full_name": "bioconda/bioconductor-linc/1.10.0",
            "version": "1.10.0"
        },
        {
            "distributions": [],
            "full_name": "bioconda/bioconductor-linc/1.12.0",
            "version": "1.12.0"
        },
        {
            "distributions": [],
            "full_name": "bioconda/bioconductor-linc/1.14.0",
            "version": "1.14.0"
        }
    ],
    "revision": 10,
    "source_git_tag": null,
    "source_git_url": null,
    "summary": "co-expression of lincRNAs and protein-coding genes",
    "upvoted": 0,
    "url": "http://api.anaconda.org/packages/bioconda/bioconductor-linc",
    "versions": [
        "1.6.0",
        "1.8.0",
        "1.10.0",
        "1.12.0",
        "1.14.0"
    ],
    "watchers": 1
}