{
    "app_entry": {},
    "app_summary": {},
    "app_type": {},
    "builds": [
        "r351_0",
        "r36_1",
        "r36_0"
    ],
    "conda_platforms": [
        "noarch"
    ],
    "created_at": "2018-12-21 02:55:24.369000+00:00",
    "description": "Implementation of a clustering method for time series gene expression data based on mixed-effects models with Gaussian variables and non-parametric cubic splines estimation. The method can robustly account for the high levels of noise present in typical gene expression time series datasets.",
    "dev_url": null,
    "doc_url": null,
    "files": [
        {
            "attrs": {
                "arch": null,
                "build": "r351_0",
                "build_number": 0,
                "depends": [
                    "bioconductor-biobase >=2.42.0,<2.43.0",
                    "bioconductor-biocparallel >=1.16.0,<1.17.0",
                    "bioconductor-spem >=1.22.0,<1.23.0",
                    "r-base >=3.5.1,<3.5.2.0a0",
                    "r-cluster",
                    "r-flexclust",
                    "r-gss",
                    "r-mvtnorm",
                    "r-zoo"
                ],
                "has_prefix": false,
                "license": "GPL (>=2)",
                "machine": null,
                "noarch": "generic",
                "operatingsystem": null,
                "platform": null,
                "subdir": "noarch",
                "target-triplet": "None-any-None",
                "timestamp": 1545360697663
            },
            "basename": "noarch/bioconductor-tmixclust-1.4.0-r351_0.tar.bz2",
            "dependencies": {
                "depends": [
                    {
                        "name": "bioconductor-biobase",
                        "specs": [
                            [
                                ">=",
                                "2.42.0,<2.43.0"
                            ]
                        ]
                    },
                    {
                        "name": "bioconductor-biocparallel",
                        "specs": [
                            [
                                ">=",
                                "1.16.0,<1.17.0"
                            ]
                        ]
                    },
                    {
                        "name": "bioconductor-spem",
                        "specs": [
                            [
                                ">=",
                                "1.22.0,<1.23.0"
                            ]
                        ]
                    },
                    {
                        "name": "r-base",
                        "specs": [
                            [
                                ">=",
                                "3.5.1,<3.5.2.0a0"
                            ]
                        ]
                    },
                    {
                        "name": "r-cluster",
                        "specs": []
                    },
                    {
                        "name": "r-flexclust",
                        "specs": []
                    },
                    {
                        "name": "r-gss",
                        "specs": []
                    },
                    {
                        "name": "r-mvtnorm",
                        "specs": []
                    },
                    {
                        "name": "r-zoo",
                        "specs": []
                    }
                ]
            },
            "description": null,
            "distribution_type": "conda",
            "download_url": "//api.anaconda.org/download/bioconda/bioconductor-tmixclust/1.4.0/noarch/bioconductor-tmixclust-1.4.0-r351_0.tar.bz2",
            "full_name": "bioconda/bioconductor-tmixclust/1.4.0/noarch/bioconductor-tmixclust-1.4.0-r351_0.tar.bz2",
            "labels": [
                "gcc7",
                "main"
            ],
            "md5": "b84937327873f5cef8f2848aabf4c2e9",
            "ndownloads": 72,
            "owner": "bioconda",
            "size": 732773,
            "type": "conda",
            "upload_time": "2018-12-21 02:55:25.245000+00:00",
            "version": "1.4.0"
        },
        {
            "attrs": {
                "arch": null,
                "build": "r36_1",
                "build_number": 1,
                "depends": [
                    "bioconductor-biobase >=2.44.0,<2.45.0",
                    "bioconductor-biocparallel >=1.18.0,<1.19.0",
                    "bioconductor-spem >=1.24.0,<1.25.0",
                    "r-base >=3.6,<3.7.0a0",
                    "r-cluster",
                    "r-flexclust",
                    "r-gss",
                    "r-mvtnorm",
                    "r-zoo"
                ],
                "has_prefix": false,
                "license": "GPL (>=2)",
                "machine": null,
                "noarch": "generic",
                "operatingsystem": null,
                "platform": null,
                "subdir": "noarch",
                "target-triplet": "None-any-None",
                "timestamp": 1564049256503
            },
            "basename": "noarch/bioconductor-tmixclust-1.6.0-r36_1.tar.bz2",
            "dependencies": {
                "depends": [
                    {
                        "name": "bioconductor-biobase",
                        "specs": [
                            [
                                ">=",
                                "2.44.0,<2.45.0"
                            ]
                        ]
                    },
                    {
                        "name": "bioconductor-biocparallel",
                        "specs": [
                            [
                                ">=",
                                "1.18.0,<1.19.0"
                            ]
                        ]
                    },
                    {
                        "name": "bioconductor-spem",
                        "specs": [
                            [
                                ">=",
                                "1.24.0,<1.25.0"
                            ]
                        ]
                    },
                    {
                        "name": "r-base",
                        "specs": [
                            [
                                ">=",
                                "3.6,<3.7.0a0"
                            ]
                        ]
                    },
                    {
                        "name": "r-cluster",
                        "specs": []
                    },
                    {
                        "name": "r-flexclust",
                        "specs": []
                    },
                    {
                        "name": "r-gss",
                        "specs": []
                    },
                    {
                        "name": "r-mvtnorm",
                        "specs": []
                    },
                    {
                        "name": "r-zoo",
                        "specs": []
                    }
                ]
            },
            "description": null,
            "distribution_type": "conda",
            "download_url": "//api.anaconda.org/download/bioconda/bioconductor-tmixclust/1.6.0/noarch/bioconductor-tmixclust-1.6.0-r36_1.tar.bz2",
            "full_name": "bioconda/bioconductor-tmixclust/1.6.0/noarch/bioconductor-tmixclust-1.6.0-r36_1.tar.bz2",
            "labels": [
                "main"
            ],
            "md5": "28ac6350cbf7c263eb4d5ca45e44571f",
            "ndownloads": 28,
            "owner": "bioconda",
            "size": 728103,
            "type": "conda",
            "upload_time": "2019-07-25 10:11:39.065000+00:00",
            "version": "1.6.0"
        },
        {
            "attrs": {
                "arch": null,
                "build": "r36_0",
                "build_number": 0,
                "depends": [
                    "bioconductor-biobase >=2.46.0,<2.47.0",
                    "bioconductor-biocparallel >=1.20.0,<1.21.0",
                    "bioconductor-spem >=1.26.0,<1.27.0",
                    "r-base >=3.6,<3.7.0a0",
                    "r-cluster",
                    "r-flexclust",
                    "r-gss",
                    "r-mvtnorm",
                    "r-zoo"
                ],
                "has_prefix": false,
                "license": "GPL (>=2)",
                "machine": null,
                "noarch": "generic",
                "operatingsystem": null,
                "platform": null,
                "subdir": "noarch",
                "target-triplet": "None-any-None",
                "timestamp": 1572638198933
            },
            "basename": "noarch/bioconductor-tmixclust-1.8.0-r36_0.tar.bz2",
            "dependencies": {
                "depends": [
                    {
                        "name": "bioconductor-biobase",
                        "specs": [
                            [
                                ">=",
                                "2.46.0,<2.47.0"
                            ]
                        ]
                    },
                    {
                        "name": "bioconductor-biocparallel",
                        "specs": [
                            [
                                ">=",
                                "1.20.0,<1.21.0"
                            ]
                        ]
                    },
                    {
                        "name": "bioconductor-spem",
                        "specs": [
                            [
                                ">=",
                                "1.26.0,<1.27.0"
                            ]
                        ]
                    },
                    {
                        "name": "r-base",
                        "specs": [
                            [
                                ">=",
                                "3.6,<3.7.0a0"
                            ]
                        ]
                    },
                    {
                        "name": "r-cluster",
                        "specs": []
                    },
                    {
                        "name": "r-flexclust",
                        "specs": []
                    },
                    {
                        "name": "r-gss",
                        "specs": []
                    },
                    {
                        "name": "r-mvtnorm",
                        "specs": []
                    },
                    {
                        "name": "r-zoo",
                        "specs": []
                    }
                ]
            },
            "description": null,
            "distribution_type": "conda",
            "download_url": "//api.anaconda.org/download/bioconda/bioconductor-tmixclust/1.8.0/noarch/bioconductor-tmixclust-1.8.0-r36_0.tar.bz2",
            "full_name": "bioconda/bioconductor-tmixclust/1.8.0/noarch/bioconductor-tmixclust-1.8.0-r36_0.tar.bz2",
            "labels": [
                "main"
            ],
            "md5": "91b7777497ff42c215ed35acf6e2d1b0",
            "ndownloads": 17,
            "owner": "bioconda",
            "size": 743942,
            "type": "conda",
            "upload_time": "2019-11-01 20:00:46.279000+00:00",
            "version": "1.8.0"
        }
    ],
    "full_name": "bioconda/bioconductor-tmixclust",
    "home": "https://bioconductor.org/packages/3.8/bioc/html/TMixClust.html",
    "html_url": "http://anaconda.org/bioconda/bioconductor-tmixclust",
    "id": "5c1c561c036b8602462d84f9",
    "latest_version": "1.8.0",
    "license": "GPL (>=2)",
    "license_url": null,
    "modified_at": "2019-11-01 20:00:46.622000+00:00",
    "name": "bioconductor-tmixclust",
    "owner": {
        "company": "",
        "created_at": "2015-09-11 22:59:20.880000+00:00",
        "description": "Bioconda is a distribution of bioinformatics software realized as a channel for the versatile Conda package manager.",
        "location": "",
        "login": "bioconda",
        "name": "bioconda",
        "url": "",
        "user_type": "org"
    },
    "package_types": [
        "conda"
    ],
    "public": true,
    "releases": [
        {
            "distributions": [],
            "full_name": "bioconda/bioconductor-tmixclust/1.4.0",
            "version": "1.4.0"
        },
        {
            "distributions": [],
            "full_name": "bioconda/bioconductor-tmixclust/1.6.0",
            "version": "1.6.0"
        },
        {
            "distributions": [],
            "full_name": "bioconda/bioconductor-tmixclust/1.8.0",
            "version": "1.8.0"
        }
    ],
    "revision": 6,
    "source_git_tag": null,
    "source_git_url": null,
    "summary": "Time Series Clustering of Gene Expression with Gaussian Mixed-Effects Models and Smoothing Splines",
    "upvoted": 0,
    "url": "http://api.anaconda.org/packages/bioconda/bioconductor-tmixclust",
    "versions": [
        "1.4.0",
        "1.6.0",
        "1.8.0"
    ],
    "watchers": 1
}