{
    "app_entry": {},
    "app_summary": {},
    "app_type": {},
    "builds": [
        "r351_0",
        "r36_1",
        "r341_0",
        "r3.4.1_0",
        "r36_0"
    ],
    "conda_platforms": [
        "linux-64",
        "noarch",
        "osx-64"
    ],
    "created_at": "2018-01-31 21:20:42.177000+00:00",
    "description": "A package with focus on analysis of discrete regions of the genome. This package is useful for investigation of one or a few genes using Affymetrix data, since it will extract probe level data using the Affymetrix Power Tools application and wrap these data into a ProbeLevelSet. A ProbeLevelSet directly extends the expressionSet, but includes additional information about the sequence of each probe and the probe set it is derived from. The package includes a number of functions used for plotting these probe level data as a function of location along sequences of mRNA-strands. This can be used for analysis of variable splicing, and is especially well suited for use with exon-array data.",
    "dev_url": null,
    "doc_url": null,
    "files": [
        {
            "attrs": {
                "arch": "x86_64",
                "build": "r3.4.1_0",
                "build_number": 0,
                "depends": [
                    "bioconductor-affxparser",
                    "bioconductor-biobase >=2.5.5",
                    "bioconductor-biostrings",
                    "bioconductor-s4vectors >=0.9.25",
                    "r-base 3.4.1*",
                    "r-rcolorbrewer"
                ],
                "has_prefix": false,
                "license": "GPL (>= 2)",
                "machine": "x86_64",
                "operatingsystem": "linux",
                "platform": "linux",
                "subdir": "linux-64",
                "target-triplet": "x86_64-any-linux"
            },
            "basename": "linux-64/bioconductor-generegionscan-1.34.0-r3.4.1_0.tar.bz2",
            "dependencies": {
                "depends": [
                    {
                        "name": "bioconductor-affxparser",
                        "specs": []
                    },
                    {
                        "name": "bioconductor-biobase",
                        "specs": [
                            [
                                ">=",
                                "2.5.5"
                            ]
                        ]
                    },
                    {
                        "name": "bioconductor-biostrings",
                        "specs": []
                    },
                    {
                        "name": "bioconductor-s4vectors",
                        "specs": [
                            [
                                ">=",
                                "0.9.25"
                            ]
                        ]
                    },
                    {
                        "name": "r-base",
                        "specs": [
                            [
                                "==",
                                "3.4.1"
                            ]
                        ]
                    },
                    {
                        "name": "r-rcolorbrewer",
                        "specs": []
                    }
                ]
            },
            "description": null,
            "distribution_type": "conda",
            "download_url": "//api.anaconda.org/download/bioconda/bioconductor-generegionscan/1.34.0/linux-64/bioconductor-generegionscan-1.34.0-r3.4.1_0.tar.bz2",
            "full_name": "bioconda/bioconductor-generegionscan/1.34.0/linux-64/bioconductor-generegionscan-1.34.0-r3.4.1_0.tar.bz2",
            "labels": [
                "main",
                "cf201901"
            ],
            "md5": "90b8f653e1321f2556479c70e24ae6d1",
            "ndownloads": 329,
            "owner": "bioconda",
            "size": 7394812,
            "type": "conda",
            "upload_time": "2018-01-31 21:20:43.175000+00:00",
            "version": "1.34.0"
        },
        {
            "attrs": {
                "arch": "x86_64",
                "build": "r3.4.1_0",
                "build_number": 0,
                "depends": [
                    "bioconductor-affxparser",
                    "bioconductor-biobase >=2.5.5",
                    "bioconductor-biostrings",
                    "bioconductor-s4vectors >=0.9.25",
                    "r-base 3.4.1*",
                    "r-rcolorbrewer"
                ],
                "has_prefix": false,
                "license": "GPL (>= 2)",
                "machine": "x86_64",
                "operatingsystem": "darwin",
                "platform": "osx",
                "subdir": "osx-64",
                "target-triplet": "x86_64-any-darwin"
            },
            "basename": "osx-64/bioconductor-generegionscan-1.34.0-r3.4.1_0.tar.bz2",
            "dependencies": {
                "depends": [
                    {
                        "name": "bioconductor-affxparser",
                        "specs": []
                    },
                    {
                        "name": "bioconductor-biobase",
                        "specs": [
                            [
                                ">=",
                                "2.5.5"
                            ]
                        ]
                    },
                    {
                        "name": "bioconductor-biostrings",
                        "specs": []
                    },
                    {
                        "name": "bioconductor-s4vectors",
                        "specs": [
                            [
                                ">=",
                                "0.9.25"
                            ]
                        ]
                    },
                    {
                        "name": "r-base",
                        "specs": [
                            [
                                "==",
                                "3.4.1"
                            ]
                        ]
                    },
                    {
                        "name": "r-rcolorbrewer",
                        "specs": []
                    }
                ]
            },
            "description": null,
            "distribution_type": "conda",
            "download_url": "//api.anaconda.org/download/bioconda/bioconductor-generegionscan/1.34.0/osx-64/bioconductor-generegionscan-1.34.0-r3.4.1_0.tar.bz2",
            "full_name": "bioconda/bioconductor-generegionscan/1.34.0/osx-64/bioconductor-generegionscan-1.34.0-r3.4.1_0.tar.bz2",
            "labels": [
                "main",
                "cf201901"
            ],
            "md5": "aabda5328f54be1d0670c1f23f25d593",
            "ndownloads": 778,
            "owner": "bioconda",
            "size": 7396014,
            "type": "conda",
            "upload_time": "2018-01-31 21:47:54.779000+00:00",
            "version": "1.34.0"
        },
        {
            "attrs": {
                "arch": "x86_64",
                "build": "r341_0",
                "build_number": 0,
                "depends": [
                    "bioconductor-affxparser >=1.52.0,<1.54.0",
                    "bioconductor-biobase >=2.40.0,<2.42.0",
                    "bioconductor-biostrings >=2.48.0,<2.50.0",
                    "bioconductor-s4vectors >=0.18.3,<0.20.0",
                    "r-base >=3.4.1,<3.4.2.0a0",
                    "r-rcolorbrewer"
                ],
                "has_prefix": false,
                "license": "GPL (>= 2)",
                "machine": "x86_64",
                "operatingsystem": "darwin",
                "platform": "osx",
                "subdir": "osx-64",
                "target-triplet": "x86_64-any-darwin",
                "timestamp": 1540505345450
            },
            "basename": "osx-64/bioconductor-generegionscan-1.36.0-r341_0.tar.bz2",
            "dependencies": {
                "depends": [
                    {
                        "name": "bioconductor-affxparser",
                        "specs": [
                            [
                                ">=",
                                "1.52.0,<1.54.0"
                            ]
                        ]
                    },
                    {
                        "name": "bioconductor-biobase",
                        "specs": [
                            [
                                ">=",
                                "2.40.0,<2.42.0"
                            ]
                        ]
                    },
                    {
                        "name": "bioconductor-biostrings",
                        "specs": [
                            [
                                ">=",
                                "2.48.0,<2.50.0"
                            ]
                        ]
                    },
                    {
                        "name": "bioconductor-s4vectors",
                        "specs": [
                            [
                                ">=",
                                "0.18.3,<0.20.0"
                            ]
                        ]
                    },
                    {
                        "name": "r-base",
                        "specs": [
                            [
                                ">=",
                                "3.4.1,<3.4.2.0a0"
                            ]
                        ]
                    },
                    {
                        "name": "r-rcolorbrewer",
                        "specs": []
                    }
                ]
            },
            "description": null,
            "distribution_type": "conda",
            "download_url": "//api.anaconda.org/download/bioconda/bioconductor-generegionscan/1.36.0/osx-64/bioconductor-generegionscan-1.36.0-r341_0.tar.bz2",
            "full_name": "bioconda/bioconductor-generegionscan/1.36.0/osx-64/bioconductor-generegionscan-1.36.0-r341_0.tar.bz2",
            "labels": [
                "main",
                "cf201901"
            ],
            "md5": "da65308b3e0d43b3b7866bc38aec4131",
            "ndownloads": 33,
            "owner": "bioconda",
            "size": 7391200,
            "type": "conda",
            "upload_time": "2018-10-25 22:12:03.820000+00:00",
            "version": "1.36.0"
        },
        {
            "attrs": {
                "arch": "x86_64",
                "build": "r351_0",
                "build_number": 0,
                "depends": [
                    "bioconductor-affxparser >=1.52.0,<1.54.0",
                    "bioconductor-biobase >=2.40.0,<2.42.0",
                    "bioconductor-biostrings >=2.48.0,<2.50.0",
                    "bioconductor-s4vectors >=0.18.3,<0.20.0",
                    "r-base >=3.5.1,<3.5.2.0a0",
                    "r-rcolorbrewer"
                ],
                "has_prefix": false,
                "license": "GPL (>= 2)",
                "machine": "x86_64",
                "operatingsystem": "darwin",
                "platform": "osx",
                "subdir": "osx-64",
                "target-triplet": "x86_64-any-darwin",
                "timestamp": 1540505464795
            },
            "basename": "osx-64/bioconductor-generegionscan-1.36.0-r351_0.tar.bz2",
            "dependencies": {
                "depends": [
                    {
                        "name": "bioconductor-affxparser",
                        "specs": [
                            [
                                ">=",
                                "1.52.0,<1.54.0"
                            ]
                        ]
                    },
                    {
                        "name": "bioconductor-biobase",
                        "specs": [
                            [
                                ">=",
                                "2.40.0,<2.42.0"
                            ]
                        ]
                    },
                    {
                        "name": "bioconductor-biostrings",
                        "specs": [
                            [
                                ">=",
                                "2.48.0,<2.50.0"
                            ]
                        ]
                    },
                    {
                        "name": "bioconductor-s4vectors",
                        "specs": [
                            [
                                ">=",
                                "0.18.3,<0.20.0"
                            ]
                        ]
                    },
                    {
                        "name": "r-base",
                        "specs": [
                            [
                                ">=",
                                "3.5.1,<3.5.2.0a0"
                            ]
                        ]
                    },
                    {
                        "name": "r-rcolorbrewer",
                        "specs": []
                    }
                ]
            },
            "description": null,
            "distribution_type": "conda",
            "download_url": "//api.anaconda.org/download/bioconda/bioconductor-generegionscan/1.36.0/osx-64/bioconductor-generegionscan-1.36.0-r351_0.tar.bz2",
            "full_name": "bioconda/bioconductor-generegionscan/1.36.0/osx-64/bioconductor-generegionscan-1.36.0-r351_0.tar.bz2",
            "labels": [
                "main",
                "cf201901"
            ],
            "md5": "5df24b66cb48fd9e0054737819666615",
            "ndownloads": 772,
            "owner": "bioconda",
            "size": 7523312,
            "type": "conda",
            "upload_time": "2018-10-25 22:12:16.217000+00:00",
            "version": "1.36.0"
        },
        {
            "attrs": {
                "arch": "x86_64",
                "build": "r351_0",
                "build_number": 0,
                "depends": [
                    "bioconductor-affxparser >=1.52.0,<1.54.0",
                    "bioconductor-biobase >=2.40.0,<2.42.0",
                    "bioconductor-biostrings >=2.48.0,<2.50.0",
                    "bioconductor-s4vectors >=0.18.3,<0.20.0",
                    "r-base >=3.5.1,<3.5.2.0a0",
                    "r-rcolorbrewer"
                ],
                "has_prefix": false,
                "license": "GPL (>= 2)",
                "machine": "x86_64",
                "operatingsystem": "linux",
                "platform": "linux",
                "subdir": "linux-64",
                "target-triplet": "x86_64-any-linux",
                "timestamp": 1540726998014
            },
            "basename": "linux-64/bioconductor-generegionscan-1.36.0-r351_0.tar.bz2",
            "dependencies": {
                "depends": [
                    {
                        "name": "bioconductor-affxparser",
                        "specs": [
                            [
                                ">=",
                                "1.52.0,<1.54.0"
                            ]
                        ]
                    },
                    {
                        "name": "bioconductor-biobase",
                        "specs": [
                            [
                                ">=",
                                "2.40.0,<2.42.0"
                            ]
                        ]
                    },
                    {
                        "name": "bioconductor-biostrings",
                        "specs": [
                            [
                                ">=",
                                "2.48.0,<2.50.0"
                            ]
                        ]
                    },
                    {
                        "name": "bioconductor-s4vectors",
                        "specs": [
                            [
                                ">=",
                                "0.18.3,<0.20.0"
                            ]
                        ]
                    },
                    {
                        "name": "r-base",
                        "specs": [
                            [
                                ">=",
                                "3.5.1,<3.5.2.0a0"
                            ]
                        ]
                    },
                    {
                        "name": "r-rcolorbrewer",
                        "specs": []
                    }
                ]
            },
            "description": null,
            "distribution_type": "conda",
            "download_url": "//api.anaconda.org/download/bioconda/bioconductor-generegionscan/1.36.0/linux-64/bioconductor-generegionscan-1.36.0-r351_0.tar.bz2",
            "full_name": "bioconda/bioconductor-generegionscan/1.36.0/linux-64/bioconductor-generegionscan-1.36.0-r351_0.tar.bz2",
            "labels": [
                "main",
                "cf201901"
            ],
            "md5": "8b5422df662d794012adf6653e3997fa",
            "ndownloads": 251,
            "owner": "bioconda",
            "size": 7522517,
            "type": "conda",
            "upload_time": "2018-10-28 11:48:20.397000+00:00",
            "version": "1.36.0"
        },
        {
            "attrs": {
                "arch": "x86_64",
                "build": "r341_0",
                "build_number": 0,
                "depends": [
                    "bioconductor-affxparser >=1.52.0,<1.54.0",
                    "bioconductor-biobase >=2.40.0,<2.42.0",
                    "bioconductor-biostrings >=2.48.0,<2.50.0",
                    "bioconductor-s4vectors >=0.18.3,<0.20.0",
                    "r-base >=3.4.1,<3.4.2.0a0",
                    "r-rcolorbrewer"
                ],
                "has_prefix": false,
                "license": "GPL (>= 2)",
                "machine": "x86_64",
                "operatingsystem": "linux",
                "platform": "linux",
                "subdir": "linux-64",
                "target-triplet": "x86_64-any-linux",
                "timestamp": 1540726894749
            },
            "basename": "linux-64/bioconductor-generegionscan-1.36.0-r341_0.tar.bz2",
            "dependencies": {
                "depends": [
                    {
                        "name": "bioconductor-affxparser",
                        "specs": [
                            [
                                ">=",
                                "1.52.0,<1.54.0"
                            ]
                        ]
                    },
                    {
                        "name": "bioconductor-biobase",
                        "specs": [
                            [
                                ">=",
                                "2.40.0,<2.42.0"
                            ]
                        ]
                    },
                    {
                        "name": "bioconductor-biostrings",
                        "specs": [
                            [
                                ">=",
                                "2.48.0,<2.50.0"
                            ]
                        ]
                    },
                    {
                        "name": "bioconductor-s4vectors",
                        "specs": [
                            [
                                ">=",
                                "0.18.3,<0.20.0"
                            ]
                        ]
                    },
                    {
                        "name": "r-base",
                        "specs": [
                            [
                                ">=",
                                "3.4.1,<3.4.2.0a0"
                            ]
                        ]
                    },
                    {
                        "name": "r-rcolorbrewer",
                        "specs": []
                    }
                ]
            },
            "description": null,
            "distribution_type": "conda",
            "download_url": "//api.anaconda.org/download/bioconda/bioconductor-generegionscan/1.36.0/linux-64/bioconductor-generegionscan-1.36.0-r341_0.tar.bz2",
            "full_name": "bioconda/bioconductor-generegionscan/1.36.0/linux-64/bioconductor-generegionscan-1.36.0-r341_0.tar.bz2",
            "labels": [
                "main",
                "cf201901"
            ],
            "md5": "abf8bcceb8519e4d96d2944352a24845",
            "ndownloads": 138,
            "owner": "bioconda",
            "size": 7388564,
            "type": "conda",
            "upload_time": "2018-10-28 11:48:23.742000+00:00",
            "version": "1.36.0"
        },
        {
            "attrs": {
                "arch": null,
                "build": "r351_0",
                "build_number": 0,
                "depends": [
                    "bioconductor-affxparser >=1.54.0,<1.55.0",
                    "bioconductor-biobase >=2.42.0,<2.43.0",
                    "bioconductor-biostrings >=2.50.0,<2.51.0",
                    "bioconductor-s4vectors >=0.20.0,<0.21.0",
                    "r-base >=3.5.1,<3.5.2.0a0",
                    "r-rcolorbrewer"
                ],
                "has_prefix": false,
                "license": "GPL (>= 2)",
                "machine": null,
                "noarch": "generic",
                "operatingsystem": null,
                "platform": null,
                "subdir": "noarch",
                "target-triplet": "None-any-None",
                "timestamp": 1546726813119
            },
            "basename": "noarch/bioconductor-generegionscan-1.38.0-r351_0.tar.bz2",
            "dependencies": {
                "depends": [
                    {
                        "name": "bioconductor-affxparser",
                        "specs": [
                            [
                                ">=",
                                "1.54.0,<1.55.0"
                            ]
                        ]
                    },
                    {
                        "name": "bioconductor-biobase",
                        "specs": [
                            [
                                ">=",
                                "2.42.0,<2.43.0"
                            ]
                        ]
                    },
                    {
                        "name": "bioconductor-biostrings",
                        "specs": [
                            [
                                ">=",
                                "2.50.0,<2.51.0"
                            ]
                        ]
                    },
                    {
                        "name": "bioconductor-s4vectors",
                        "specs": [
                            [
                                ">=",
                                "0.20.0,<0.21.0"
                            ]
                        ]
                    },
                    {
                        "name": "r-base",
                        "specs": [
                            [
                                ">=",
                                "3.5.1,<3.5.2.0a0"
                            ]
                        ]
                    },
                    {
                        "name": "r-rcolorbrewer",
                        "specs": []
                    }
                ]
            },
            "description": null,
            "distribution_type": "conda",
            "download_url": "//api.anaconda.org/download/bioconda/bioconductor-generegionscan/1.38.0/noarch/bioconductor-generegionscan-1.38.0-r351_0.tar.bz2",
            "full_name": "bioconda/bioconductor-generegionscan/1.38.0/noarch/bioconductor-generegionscan-1.38.0-r351_0.tar.bz2",
            "labels": [
                "gcc7",
                "main"
            ],
            "md5": "cd7ccc7263ae942d565efdd2461d52e3",
            "ndownloads": 84,
            "owner": "bioconda",
            "size": 7520685,
            "type": "conda",
            "upload_time": "2019-01-05 22:23:01.832000+00:00",
            "version": "1.38.0"
        },
        {
            "attrs": {
                "arch": null,
                "build": "r36_1",
                "build_number": 1,
                "depends": [
                    "bioconductor-affxparser >=1.56.0,<1.57.0",
                    "bioconductor-biobase >=2.44.0,<2.45.0",
                    "bioconductor-biostrings >=2.52.0,<2.53.0",
                    "bioconductor-s4vectors >=0.22.0,<0.23.0",
                    "r-base >=3.6,<3.7.0a0",
                    "r-rcolorbrewer"
                ],
                "has_prefix": false,
                "license": "GPL (>= 2)",
                "machine": null,
                "noarch": "generic",
                "operatingsystem": null,
                "platform": null,
                "subdir": "noarch",
                "target-triplet": "None-any-None",
                "timestamp": 1564057061716
            },
            "basename": "noarch/bioconductor-generegionscan-1.40.0-r36_1.tar.bz2",
            "dependencies": {
                "depends": [
                    {
                        "name": "bioconductor-affxparser",
                        "specs": [
                            [
                                ">=",
                                "1.56.0,<1.57.0"
                            ]
                        ]
                    },
                    {
                        "name": "bioconductor-biobase",
                        "specs": [
                            [
                                ">=",
                                "2.44.0,<2.45.0"
                            ]
                        ]
                    },
                    {
                        "name": "bioconductor-biostrings",
                        "specs": [
                            [
                                ">=",
                                "2.52.0,<2.53.0"
                            ]
                        ]
                    },
                    {
                        "name": "bioconductor-s4vectors",
                        "specs": [
                            [
                                ">=",
                                "0.22.0,<0.23.0"
                            ]
                        ]
                    },
                    {
                        "name": "r-base",
                        "specs": [
                            [
                                ">=",
                                "3.6,<3.7.0a0"
                            ]
                        ]
                    },
                    {
                        "name": "r-rcolorbrewer",
                        "specs": []
                    }
                ]
            },
            "description": null,
            "distribution_type": "conda",
            "download_url": "//api.anaconda.org/download/bioconda/bioconductor-generegionscan/1.40.0/noarch/bioconductor-generegionscan-1.40.0-r36_1.tar.bz2",
            "full_name": "bioconda/bioconductor-generegionscan/1.40.0/noarch/bioconductor-generegionscan-1.40.0-r36_1.tar.bz2",
            "labels": [
                "main"
            ],
            "md5": "ab07a7cb10b3f3201e6c3e503e196bcd",
            "ndownloads": 41,
            "owner": "bioconda",
            "size": 7539532,
            "type": "conda",
            "upload_time": "2019-07-25 12:21:53.935000+00:00",
            "version": "1.40.0"
        },
        {
            "attrs": {
                "arch": null,
                "build": "r36_0",
                "build_number": 0,
                "depends": [
                    "bioconductor-affxparser >=1.58.0,<1.59.0",
                    "bioconductor-biobase >=2.46.0,<2.47.0",
                    "bioconductor-biostrings >=2.54.0,<2.55.0",
                    "bioconductor-s4vectors >=0.24.0,<0.25.0",
                    "r-base >=3.6,<3.7.0a0",
                    "r-rcolorbrewer"
                ],
                "has_prefix": false,
                "license": "GPL (>= 2)",
                "machine": null,
                "noarch": "generic",
                "operatingsystem": null,
                "platform": null,
                "subdir": "noarch",
                "target-triplet": "None-any-None",
                "timestamp": 1572630937601
            },
            "basename": "noarch/bioconductor-generegionscan-1.42.0-r36_0.tar.bz2",
            "dependencies": {
                "depends": [
                    {
                        "name": "bioconductor-affxparser",
                        "specs": [
                            [
                                ">=",
                                "1.58.0,<1.59.0"
                            ]
                        ]
                    },
                    {
                        "name": "bioconductor-biobase",
                        "specs": [
                            [
                                ">=",
                                "2.46.0,<2.47.0"
                            ]
                        ]
                    },
                    {
                        "name": "bioconductor-biostrings",
                        "specs": [
                            [
                                ">=",
                                "2.54.0,<2.55.0"
                            ]
                        ]
                    },
                    {
                        "name": "bioconductor-s4vectors",
                        "specs": [
                            [
                                ">=",
                                "0.24.0,<0.25.0"
                            ]
                        ]
                    },
                    {
                        "name": "r-base",
                        "specs": [
                            [
                                ">=",
                                "3.6,<3.7.0a0"
                            ]
                        ]
                    },
                    {
                        "name": "r-rcolorbrewer",
                        "specs": []
                    }
                ]
            },
            "description": null,
            "distribution_type": "conda",
            "download_url": "//api.anaconda.org/download/bioconda/bioconductor-generegionscan/1.42.0/noarch/bioconductor-generegionscan-1.42.0-r36_0.tar.bz2",
            "full_name": "bioconda/bioconductor-generegionscan/1.42.0/noarch/bioconductor-generegionscan-1.42.0-r36_0.tar.bz2",
            "labels": [
                "main"
            ],
            "md5": "0a52e55dbd25989f7dfb467c5fa5c931",
            "ndownloads": 26,
            "owner": "bioconda",
            "size": 7533556,
            "type": "conda",
            "upload_time": "2019-11-01 18:00:55.585000+00:00",
            "version": "1.42.0"
        }
    ],
    "full_name": "bioconda/bioconductor-generegionscan",
    "home": "http://bioconductor.org/packages/3.6/bioc/html/GeneRegionScan.html",
    "html_url": "http://anaconda.org/bioconda/bioconductor-generegionscan",
    "id": "5a72332af69148121b692a31",
    "latest_version": "1.42.0",
    "license": "GPL (>= 2)",
    "license_url": null,
    "modified_at": "2019-11-01 18:00:55.989000+00:00",
    "name": "bioconductor-generegionscan",
    "owner": {
        "company": "",
        "created_at": "2015-09-11 22:59:20.880000+00:00",
        "description": "Bioconda is a distribution of bioinformatics software realized as a channel for the versatile Conda package manager.",
        "location": "",
        "login": "bioconda",
        "name": "bioconda",
        "url": "",
        "user_type": "org"
    },
    "package_types": [
        "conda"
    ],
    "public": true,
    "releases": [
        {
            "distributions": [],
            "full_name": "bioconda/bioconductor-generegionscan/1.34.0",
            "version": "1.34.0"
        },
        {
            "distributions": [],
            "full_name": "bioconda/bioconductor-generegionscan/1.36.0",
            "version": "1.36.0"
        },
        {
            "distributions": [],
            "full_name": "bioconda/bioconductor-generegionscan/1.38.0",
            "version": "1.38.0"
        },
        {
            "distributions": [],
            "full_name": "bioconda/bioconductor-generegionscan/1.40.0",
            "version": "1.40.0"
        },
        {
            "distributions": [],
            "full_name": "bioconda/bioconductor-generegionscan/1.42.0",
            "version": "1.42.0"
        }
    ],
    "revision": 10,
    "source_git_tag": null,
    "source_git_url": null,
    "summary": "GeneRegionScan",
    "upvoted": 0,
    "url": "http://api.anaconda.org/packages/bioconda/bioconductor-generegionscan",
    "versions": [
        "1.34.0",
        "1.36.0",
        "1.38.0",
        "1.40.0",
        "1.42.0"
    ],
    "watchers": 1
}