{
    "app_entry": {},
    "app_summary": {},
    "app_type": {},
    "builds": [
        "r351_0",
        "r36_1",
        "r36_0"
    ],
    "conda_platforms": [
        "noarch"
    ],
    "created_at": "2018-12-13 12:59:30.131000+00:00",
    "description": "Two dataset that can be used to run examples from the flowFit vignette and examples",
    "dev_url": null,
    "doc_url": null,
    "files": [
        {
            "attrs": {
                "arch": null,
                "build": "r351_0",
                "build_number": 0,
                "depends": [
                    "bioconductor-flowcore >=1.48.0,<1.49.0",
                    "r-base >=3.5.1,<3.5.2.0a0",
                    "wget"
                ],
                "has_prefix": false,
                "license": "Artistic-2.0",
                "machine": null,
                "noarch": "generic",
                "operatingsystem": null,
                "platform": null,
                "subdir": "noarch",
                "target-triplet": "None-any-None",
                "timestamp": 1544705742509
            },
            "basename": "noarch/bioconductor-flowfitexampledata-1.18.0-r351_0.tar.bz2",
            "dependencies": {
                "depends": [
                    {
                        "name": "bioconductor-flowcore",
                        "specs": [
                            [
                                ">=",
                                "1.48.0,<1.49.0"
                            ]
                        ]
                    },
                    {
                        "name": "r-base",
                        "specs": [
                            [
                                ">=",
                                "3.5.1,<3.5.2.0a0"
                            ]
                        ]
                    },
                    {
                        "name": "wget",
                        "specs": []
                    }
                ]
            },
            "description": null,
            "distribution_type": "conda",
            "download_url": "//api.anaconda.org/download/bioconda/bioconductor-flowfitexampledata/1.18.0/noarch/bioconductor-flowfitexampledata-1.18.0-r351_0.tar.bz2",
            "full_name": "bioconda/bioconductor-flowfitexampledata/1.18.0/noarch/bioconductor-flowfitexampledata-1.18.0-r351_0.tar.bz2",
            "labels": [
                "gcc7",
                "main"
            ],
            "md5": "23a8c9699eef77a9e9c9df9c1fa44fff",
            "ndownloads": 71,
            "owner": "bioconda",
            "size": 6171,
            "type": "conda",
            "upload_time": "2018-12-13 12:59:30.877000+00:00",
            "version": "1.18.0"
        },
        {
            "attrs": {
                "arch": null,
                "build": "r36_1",
                "build_number": 1,
                "depends": [
                    "bioconductor-flowcore >=1.50.0,<1.51.0",
                    "curl >=7.65.3,<8.0a0",
                    "r-base >=3.6,<3.7.0a0"
                ],
                "has_prefix": false,
                "license": "Artistic-2.0",
                "machine": null,
                "noarch": "generic",
                "operatingsystem": null,
                "platform": null,
                "subdir": "noarch",
                "target-triplet": "None-any-None",
                "timestamp": 1564129056194
            },
            "basename": "noarch/bioconductor-flowfitexampledata-1.20.0-r36_1.tar.bz2",
            "dependencies": {
                "depends": [
                    {
                        "name": "bioconductor-flowcore",
                        "specs": [
                            [
                                ">=",
                                "1.50.0,<1.51.0"
                            ]
                        ]
                    },
                    {
                        "name": "curl",
                        "specs": [
                            [
                                ">=",
                                "7.65.3,<8.0a0"
                            ]
                        ]
                    },
                    {
                        "name": "r-base",
                        "specs": [
                            [
                                ">=",
                                "3.6,<3.7.0a0"
                            ]
                        ]
                    }
                ]
            },
            "description": null,
            "distribution_type": "conda",
            "download_url": "//api.anaconda.org/download/bioconda/bioconductor-flowfitexampledata/1.20.0/noarch/bioconductor-flowfitexampledata-1.20.0-r36_1.tar.bz2",
            "full_name": "bioconda/bioconductor-flowfitexampledata/1.20.0/noarch/bioconductor-flowfitexampledata-1.20.0-r36_1.tar.bz2",
            "labels": [
                "main"
            ],
            "md5": "53c20365c31c16988ff8b3fc15608f20",
            "ndownloads": 28,
            "owner": "bioconda",
            "size": 6655,
            "type": "conda",
            "upload_time": "2019-07-26 08:21:42.700000+00:00",
            "version": "1.20.0"
        },
        {
            "attrs": {
                "arch": null,
                "build": "r36_0",
                "build_number": 0,
                "depends": [
                    "bioconductor-flowcore >=1.52.0,<1.53.0",
                    "curl >=7.65.3,<8.0a0",
                    "r-base >=3.6,<3.7.0a0"
                ],
                "has_prefix": false,
                "license": "Artistic-2.0",
                "machine": null,
                "noarch": "generic",
                "operatingsystem": null,
                "platform": null,
                "subdir": "noarch",
                "target-triplet": "None-any-None",
                "timestamp": 1573081428560
            },
            "basename": "noarch/bioconductor-flowfitexampledata-1.22.0-r36_0.tar.bz2",
            "dependencies": {
                "depends": [
                    {
                        "name": "bioconductor-flowcore",
                        "specs": [
                            [
                                ">=",
                                "1.52.0,<1.53.0"
                            ]
                        ]
                    },
                    {
                        "name": "curl",
                        "specs": [
                            [
                                ">=",
                                "7.65.3,<8.0a0"
                            ]
                        ]
                    },
                    {
                        "name": "r-base",
                        "specs": [
                            [
                                ">=",
                                "3.6,<3.7.0a0"
                            ]
                        ]
                    }
                ]
            },
            "description": null,
            "distribution_type": "conda",
            "download_url": "//api.anaconda.org/download/bioconda/bioconductor-flowfitexampledata/1.22.0/noarch/bioconductor-flowfitexampledata-1.22.0-r36_0.tar.bz2",
            "full_name": "bioconda/bioconductor-flowfitexampledata/1.22.0/noarch/bioconductor-flowfitexampledata-1.22.0-r36_0.tar.bz2",
            "labels": [
                "main"
            ],
            "md5": "501f21e6cf5d6bfdc8cd4c18b5700632",
            "ndownloads": 16,
            "owner": "bioconda",
            "size": 6674,
            "type": "conda",
            "upload_time": "2019-11-06 23:09:03.095000+00:00",
            "version": "1.22.0"
        }
    ],
    "full_name": "bioconda/bioconductor-flowfitexampledata",
    "home": "https://bioconductor.org/packages/3.8/data/experiment/html/flowFitExampleData.html",
    "html_url": "http://anaconda.org/bioconda/bioconductor-flowfitexampledata",
    "id": "5c1257b2036b8613543fc920",
    "latest_version": "1.22.0",
    "license": "Artistic-2.0",
    "license_url": null,
    "modified_at": "2019-11-06 23:21:54.125000+00:00",
    "name": "bioconductor-flowfitexampledata",
    "owner": {
        "company": "",
        "created_at": "2015-09-11 22:59:20.880000+00:00",
        "description": "Bioconda is a distribution of bioinformatics software realized as a channel for the versatile Conda package manager.",
        "location": "",
        "login": "bioconda",
        "name": "bioconda",
        "url": "",
        "user_type": "org"
    },
    "package_types": [
        "conda"
    ],
    "public": true,
    "releases": [
        {
            "distributions": [],
            "full_name": "bioconda/bioconductor-flowfitexampledata/1.18.0",
            "version": "1.18.0"
        },
        {
            "distributions": [],
            "full_name": "bioconda/bioconductor-flowfitexampledata/1.20.0",
            "version": "1.20.0"
        },
        {
            "distributions": [],
            "full_name": "bioconda/bioconductor-flowfitexampledata/1.21.0",
            "version": "1.21.0"
        },
        {
            "distributions": [],
            "full_name": "bioconda/bioconductor-flowfitexampledata/1.22.0",
            "version": "1.22.0"
        }
    ],
    "revision": 8,
    "source_git_tag": null,
    "source_git_url": null,
    "summary": "Example data for the flowFit package",
    "upvoted": 0,
    "url": "http://api.anaconda.org/packages/bioconda/bioconductor-flowfitexampledata",
    "versions": [
        "1.18.0",
        "1.20.0",
        "1.21.0",
        "1.22.0"
    ],
    "watchers": 1
}