{
    "app_entry": {},
    "app_summary": {},
    "app_type": {},
    "builds": [
        "r36_1",
        "r36_0"
    ],
    "conda_platforms": [
        "noarch"
    ],
    "created_at": "2019-08-14 02:00:33.577000+00:00",
    "description": "PAST takes GWAS output and assigns SNPs to genes, uses those genes to find pathways associated with the genes, and plots pathways based on significance. Implements methods for reading GWAS input data, finding genes associated with SNPs, calculating enrichment score and significance of pathways, and plotting pathways.",
    "dev_url": null,
    "doc_url": null,
    "files": [
        {
            "attrs": {
                "arch": null,
                "build": "r36_1",
                "build_number": 1,
                "depends": [
                    "bioconductor-qvalue >=2.16.0,<2.17.0",
                    "bioconductor-rtracklayer >=1.44.0,<1.45.0",
                    "r-base >=3.6,<3.7.0a0",
                    "r-doparallel",
                    "r-dplyr",
                    "r-foreach",
                    "r-ggplot2",
                    "r-iterators",
                    "r-rlang"
                ],
                "has_prefix": false,
                "license": "GPL (>=3)",
                "machine": null,
                "noarch": "generic",
                "operatingsystem": null,
                "platform": null,
                "subdir": "noarch",
                "target-triplet": "None-any-None",
                "timestamp": 1565747707002
            },
            "basename": "noarch/bioconductor-past-1.0.0-r36_1.tar.bz2",
            "dependencies": {
                "depends": [
                    {
                        "name": "bioconductor-qvalue",
                        "specs": [
                            [
                                ">=",
                                "2.16.0,<2.17.0"
                            ]
                        ]
                    },
                    {
                        "name": "bioconductor-rtracklayer",
                        "specs": [
                            [
                                ">=",
                                "1.44.0,<1.45.0"
                            ]
                        ]
                    },
                    {
                        "name": "r-base",
                        "specs": [
                            [
                                ">=",
                                "3.6,<3.7.0a0"
                            ]
                        ]
                    },
                    {
                        "name": "r-doparallel",
                        "specs": []
                    },
                    {
                        "name": "r-dplyr",
                        "specs": []
                    },
                    {
                        "name": "r-foreach",
                        "specs": []
                    },
                    {
                        "name": "r-ggplot2",
                        "specs": []
                    },
                    {
                        "name": "r-iterators",
                        "specs": []
                    },
                    {
                        "name": "r-rlang",
                        "specs": []
                    }
                ]
            },
            "description": null,
            "distribution_type": "conda",
            "download_url": "//api.anaconda.org/download/bioconda/bioconductor-past/1.0.0/noarch/bioconductor-past-1.0.0-r36_1.tar.bz2",
            "full_name": "bioconda/bioconductor-past/1.0.0/noarch/bioconductor-past-1.0.0-r36_1.tar.bz2",
            "labels": [
                "main"
            ],
            "md5": "19f3765fe90a69f885cdf6a27fe6c93b",
            "ndownloads": 26,
            "owner": "bioconda",
            "size": 1264969,
            "type": "conda",
            "upload_time": "2019-08-14 02:00:34.421000+00:00",
            "version": "1.0.0"
        },
        {
            "attrs": {
                "arch": null,
                "build": "r36_0",
                "build_number": 0,
                "depends": [
                    "bioconductor-qvalue >=2.18.0,<2.19.0",
                    "bioconductor-rtracklayer >=1.46.0,<1.47.0",
                    "r-base >=3.6,<3.7.0a0",
                    "r-doparallel",
                    "r-dplyr",
                    "r-foreach",
                    "r-ggplot2",
                    "r-iterators",
                    "r-rlang"
                ],
                "has_prefix": false,
                "license": "GPL (>=3)",
                "machine": null,
                "noarch": "generic",
                "operatingsystem": null,
                "platform": null,
                "subdir": "noarch",
                "target-triplet": "None-any-None",
                "timestamp": 1572805206434
            },
            "basename": "noarch/bioconductor-past-1.2.0-r36_0.tar.bz2",
            "dependencies": {
                "depends": [
                    {
                        "name": "bioconductor-qvalue",
                        "specs": [
                            [
                                ">=",
                                "2.18.0,<2.19.0"
                            ]
                        ]
                    },
                    {
                        "name": "bioconductor-rtracklayer",
                        "specs": [
                            [
                                ">=",
                                "1.46.0,<1.47.0"
                            ]
                        ]
                    },
                    {
                        "name": "r-base",
                        "specs": [
                            [
                                ">=",
                                "3.6,<3.7.0a0"
                            ]
                        ]
                    },
                    {
                        "name": "r-doparallel",
                        "specs": []
                    },
                    {
                        "name": "r-dplyr",
                        "specs": []
                    },
                    {
                        "name": "r-foreach",
                        "specs": []
                    },
                    {
                        "name": "r-ggplot2",
                        "specs": []
                    },
                    {
                        "name": "r-iterators",
                        "specs": []
                    },
                    {
                        "name": "r-rlang",
                        "specs": []
                    }
                ]
            },
            "description": null,
            "distribution_type": "conda",
            "download_url": "//api.anaconda.org/download/bioconda/bioconductor-past/1.2.0/noarch/bioconductor-past-1.2.0-r36_0.tar.bz2",
            "full_name": "bioconda/bioconductor-past/1.2.0/noarch/bioconductor-past-1.2.0-r36_0.tar.bz2",
            "labels": [
                "main"
            ],
            "md5": "01304b144b5cd0e42f09464c1e008145",
            "ndownloads": 19,
            "owner": "bioconda",
            "size": 1283931,
            "type": "conda",
            "upload_time": "2019-11-03 18:25:30.964000+00:00",
            "version": "1.2.0"
        }
    ],
    "full_name": "bioconda/bioconductor-past",
    "home": "https://bioconductor.org/packages/3.9/bioc/html/PAST.html",
    "html_url": "http://anaconda.org/bioconda/bioconductor-past",
    "id": "5d536b417870580c963796a4",
    "latest_version": "1.2.0",
    "license": "GPL (>=3)",
    "license_url": null,
    "modified_at": "2019-11-03 18:25:31.500000+00:00",
    "name": "bioconductor-past",
    "owner": {
        "company": "",
        "created_at": "2015-09-11 22:59:20.880000+00:00",
        "description": "Bioconda is a distribution of bioinformatics software realized as a channel for the versatile Conda package manager.",
        "location": "",
        "login": "bioconda",
        "name": "bioconda",
        "url": "",
        "user_type": "org"
    },
    "package_types": [
        "conda"
    ],
    "public": true,
    "releases": [
        {
            "distributions": [],
            "full_name": "bioconda/bioconductor-past/1.0.0",
            "version": "1.0.0"
        },
        {
            "distributions": [],
            "full_name": "bioconda/bioconductor-past/1.2.0",
            "version": "1.2.0"
        }
    ],
    "revision": 4,
    "source_git_tag": null,
    "source_git_url": null,
    "summary": "Pathway Association Study Tool (PAST)",
    "upvoted": 0,
    "url": "http://api.anaconda.org/packages/bioconda/bioconductor-past",
    "versions": [
        "1.0.0",
        "1.2.0"
    ],
    "watchers": 1
}