{
    "app_entry": {},
    "app_summary": {},
    "app_type": {},
    "builds": [
        "r351_0",
        "r36_1",
        "r36_0"
    ],
    "conda_platforms": [
        "noarch"
    ],
    "created_at": "2019-01-05 16:53:39.701000+00:00",
    "description": "This package provides an integrated analysis workflow for robust and reproducible analysis of mass spectrometry proteomics data for differential protein expression or differential enrichment. It requires tabular input (e.g. txt files) as generated by quantitative analysis softwares of raw mass spectrometry data, such as MaxQuant or IsobarQuant. Functions are provided for data preparation, filtering, variance normalization and imputation of missing values, as well as statistical testing of differentially enriched / expressed proteins. It also includes tools to check intermediate steps in the workflow, such as normalization and missing values imputation. Finally, visualization tools are provided to explore the results, including heatmap, volcano plot and barplot representations. For scientists with limited experience in R, the package also contains wrapper functions that entail the complete analysis workflow and generate a report. Even easier to use are the interactive Shiny apps that are provided by the package.",
    "dev_url": null,
    "doc_url": null,
    "files": [
        {
            "attrs": {
                "arch": null,
                "build": "r351_0",
                "build_number": 0,
                "depends": [
                    "bioconductor-complexheatmap >=1.20.0,<1.21.0",
                    "bioconductor-limma >=3.38.0,<3.39.0",
                    "bioconductor-msnbase >=2.8.0,<2.9.0",
                    "bioconductor-summarizedexperiment >=1.12.0,<1.13.0",
                    "bioconductor-vsn >=3.50.0,<3.51.0",
                    "r-assertthat",
                    "r-base >=3.5.1,<3.5.2.0a0",
                    "r-circlize",
                    "r-cluster",
                    "r-dplyr",
                    "r-dt",
                    "r-fdrtool",
                    "r-ggplot2",
                    "r-ggrepel",
                    "r-gridextra",
                    "r-imputelcmd",
                    "r-purrr",
                    "r-rcolorbrewer",
                    "r-readr",
                    "r-rmarkdown",
                    "r-shiny",
                    "r-shinydashboard",
                    "r-tibble",
                    "r-tidyr"
                ],
                "has_prefix": false,
                "license": "Artistic-2.0",
                "machine": null,
                "noarch": "generic",
                "operatingsystem": null,
                "platform": null,
                "subdir": "noarch",
                "target-triplet": "None-any-None",
                "timestamp": 1546706907300
            },
            "basename": "noarch/bioconductor-dep-1.4.0-r351_0.tar.bz2",
            "dependencies": {
                "depends": [
                    {
                        "name": "bioconductor-complexheatmap",
                        "specs": [
                            [
                                ">=",
                                "1.20.0,<1.21.0"
                            ]
                        ]
                    },
                    {
                        "name": "bioconductor-limma",
                        "specs": [
                            [
                                ">=",
                                "3.38.0,<3.39.0"
                            ]
                        ]
                    },
                    {
                        "name": "bioconductor-msnbase",
                        "specs": [
                            [
                                ">=",
                                "2.8.0,<2.9.0"
                            ]
                        ]
                    },
                    {
                        "name": "bioconductor-summarizedexperiment",
                        "specs": [
                            [
                                ">=",
                                "1.12.0,<1.13.0"
                            ]
                        ]
                    },
                    {
                        "name": "bioconductor-vsn",
                        "specs": [
                            [
                                ">=",
                                "3.50.0,<3.51.0"
                            ]
                        ]
                    },
                    {
                        "name": "r-assertthat",
                        "specs": []
                    },
                    {
                        "name": "r-base",
                        "specs": [
                            [
                                ">=",
                                "3.5.1,<3.5.2.0a0"
                            ]
                        ]
                    },
                    {
                        "name": "r-circlize",
                        "specs": []
                    },
                    {
                        "name": "r-cluster",
                        "specs": []
                    },
                    {
                        "name": "r-dplyr",
                        "specs": []
                    },
                    {
                        "name": "r-dt",
                        "specs": []
                    },
                    {
                        "name": "r-fdrtool",
                        "specs": []
                    },
                    {
                        "name": "r-ggplot2",
                        "specs": []
                    },
                    {
                        "name": "r-ggrepel",
                        "specs": []
                    },
                    {
                        "name": "r-gridextra",
                        "specs": []
                    },
                    {
                        "name": "r-imputelcmd",
                        "specs": []
                    },
                    {
                        "name": "r-purrr",
                        "specs": []
                    },
                    {
                        "name": "r-rcolorbrewer",
                        "specs": []
                    },
                    {
                        "name": "r-readr",
                        "specs": []
                    },
                    {
                        "name": "r-rmarkdown",
                        "specs": []
                    },
                    {
                        "name": "r-shiny",
                        "specs": []
                    },
                    {
                        "name": "r-shinydashboard",
                        "specs": []
                    },
                    {
                        "name": "r-tibble",
                        "specs": []
                    },
                    {
                        "name": "r-tidyr",
                        "specs": []
                    }
                ]
            },
            "description": null,
            "distribution_type": "conda",
            "download_url": "//api.anaconda.org/download/bioconda/bioconductor-dep/1.4.0/noarch/bioconductor-dep-1.4.0-r351_0.tar.bz2",
            "full_name": "bioconda/bioconductor-dep/1.4.0/noarch/bioconductor-dep-1.4.0-r351_0.tar.bz2",
            "labels": [
                "gcc7",
                "main"
            ],
            "md5": "960067399163bc174c6cb0d009132de9",
            "ndownloads": 85,
            "owner": "bioconda",
            "size": 4295614,
            "type": "conda",
            "upload_time": "2019-01-05 16:53:40.486000+00:00",
            "version": "1.4.0"
        },
        {
            "attrs": {
                "arch": null,
                "build": "r36_1",
                "build_number": 1,
                "depends": [
                    "bioconductor-complexheatmap >=2.0.0,<2.1.0",
                    "bioconductor-limma >=3.40.0,<3.41.0",
                    "bioconductor-msnbase >=2.10.0,<2.11.0",
                    "bioconductor-summarizedexperiment >=1.14.0,<1.15.0",
                    "bioconductor-vsn >=3.52.0,<3.53.0",
                    "r-assertthat",
                    "r-base >=3.6,<3.7.0a0",
                    "r-circlize",
                    "r-cluster",
                    "r-dplyr",
                    "r-dt",
                    "r-fdrtool",
                    "r-ggplot2",
                    "r-ggrepel",
                    "r-gridextra",
                    "r-imputelcmd",
                    "r-purrr",
                    "r-rcolorbrewer",
                    "r-readr",
                    "r-rmarkdown",
                    "r-shiny",
                    "r-shinydashboard",
                    "r-tibble",
                    "r-tidyr"
                ],
                "has_prefix": false,
                "license": "Artistic-2.0",
                "machine": null,
                "noarch": "generic",
                "operatingsystem": null,
                "platform": null,
                "subdir": "noarch",
                "target-triplet": "None-any-None",
                "timestamp": 1565021639610
            },
            "basename": "noarch/bioconductor-dep-1.6.0-r36_1.tar.bz2",
            "dependencies": {
                "depends": [
                    {
                        "name": "bioconductor-complexheatmap",
                        "specs": [
                            [
                                ">=",
                                "2.0.0,<2.1.0"
                            ]
                        ]
                    },
                    {
                        "name": "bioconductor-limma",
                        "specs": [
                            [
                                ">=",
                                "3.40.0,<3.41.0"
                            ]
                        ]
                    },
                    {
                        "name": "bioconductor-msnbase",
                        "specs": [
                            [
                                ">=",
                                "2.10.0,<2.11.0"
                            ]
                        ]
                    },
                    {
                        "name": "bioconductor-summarizedexperiment",
                        "specs": [
                            [
                                ">=",
                                "1.14.0,<1.15.0"
                            ]
                        ]
                    },
                    {
                        "name": "bioconductor-vsn",
                        "specs": [
                            [
                                ">=",
                                "3.52.0,<3.53.0"
                            ]
                        ]
                    },
                    {
                        "name": "r-assertthat",
                        "specs": []
                    },
                    {
                        "name": "r-base",
                        "specs": [
                            [
                                ">=",
                                "3.6,<3.7.0a0"
                            ]
                        ]
                    },
                    {
                        "name": "r-circlize",
                        "specs": []
                    },
                    {
                        "name": "r-cluster",
                        "specs": []
                    },
                    {
                        "name": "r-dplyr",
                        "specs": []
                    },
                    {
                        "name": "r-dt",
                        "specs": []
                    },
                    {
                        "name": "r-fdrtool",
                        "specs": []
                    },
                    {
                        "name": "r-ggplot2",
                        "specs": []
                    },
                    {
                        "name": "r-ggrepel",
                        "specs": []
                    },
                    {
                        "name": "r-gridextra",
                        "specs": []
                    },
                    {
                        "name": "r-imputelcmd",
                        "specs": []
                    },
                    {
                        "name": "r-purrr",
                        "specs": []
                    },
                    {
                        "name": "r-rcolorbrewer",
                        "specs": []
                    },
                    {
                        "name": "r-readr",
                        "specs": []
                    },
                    {
                        "name": "r-rmarkdown",
                        "specs": []
                    },
                    {
                        "name": "r-shiny",
                        "specs": []
                    },
                    {
                        "name": "r-shinydashboard",
                        "specs": []
                    },
                    {
                        "name": "r-tibble",
                        "specs": []
                    },
                    {
                        "name": "r-tidyr",
                        "specs": []
                    }
                ]
            },
            "description": null,
            "distribution_type": "conda",
            "download_url": "//api.anaconda.org/download/bioconda/bioconductor-dep/1.6.0/noarch/bioconductor-dep-1.6.0-r36_1.tar.bz2",
            "full_name": "bioconda/bioconductor-dep/1.6.0/noarch/bioconductor-dep-1.6.0-r36_1.tar.bz2",
            "labels": [
                "main"
            ],
            "md5": "e0af529d14206f17b52ea43a230f0454",
            "ndownloads": 35,
            "owner": "bioconda",
            "size": 4276527,
            "type": "conda",
            "upload_time": "2019-08-05 16:20:23.096000+00:00",
            "version": "1.6.0"
        },
        {
            "attrs": {
                "arch": null,
                "build": "r36_0",
                "build_number": 0,
                "depends": [
                    "bioconductor-complexheatmap >=2.2.0,<2.3.0",
                    "bioconductor-limma >=3.42.0,<3.43.0",
                    "bioconductor-msnbase >=2.12.0,<2.13.0",
                    "bioconductor-summarizedexperiment >=1.16.0,<1.17.0",
                    "bioconductor-vsn >=3.54.0,<3.55.0",
                    "r-assertthat",
                    "r-base >=3.6,<3.7.0a0",
                    "r-circlize",
                    "r-cluster",
                    "r-dplyr",
                    "r-dt",
                    "r-fdrtool",
                    "r-ggplot2",
                    "r-ggrepel",
                    "r-gridextra",
                    "r-imputelcmd",
                    "r-purrr",
                    "r-rcolorbrewer",
                    "r-readr",
                    "r-rmarkdown",
                    "r-shiny",
                    "r-shinydashboard",
                    "r-tibble",
                    "r-tidyr"
                ],
                "has_prefix": false,
                "license": "Artistic-2.0",
                "machine": null,
                "noarch": "generic",
                "operatingsystem": null,
                "platform": null,
                "subdir": "noarch",
                "target-triplet": "None-any-None",
                "timestamp": 1572827924729
            },
            "basename": "noarch/bioconductor-dep-1.8.0-r36_0.tar.bz2",
            "dependencies": {
                "depends": [
                    {
                        "name": "bioconductor-complexheatmap",
                        "specs": [
                            [
                                ">=",
                                "2.2.0,<2.3.0"
                            ]
                        ]
                    },
                    {
                        "name": "bioconductor-limma",
                        "specs": [
                            [
                                ">=",
                                "3.42.0,<3.43.0"
                            ]
                        ]
                    },
                    {
                        "name": "bioconductor-msnbase",
                        "specs": [
                            [
                                ">=",
                                "2.12.0,<2.13.0"
                            ]
                        ]
                    },
                    {
                        "name": "bioconductor-summarizedexperiment",
                        "specs": [
                            [
                                ">=",
                                "1.16.0,<1.17.0"
                            ]
                        ]
                    },
                    {
                        "name": "bioconductor-vsn",
                        "specs": [
                            [
                                ">=",
                                "3.54.0,<3.55.0"
                            ]
                        ]
                    },
                    {
                        "name": "r-assertthat",
                        "specs": []
                    },
                    {
                        "name": "r-base",
                        "specs": [
                            [
                                ">=",
                                "3.6,<3.7.0a0"
                            ]
                        ]
                    },
                    {
                        "name": "r-circlize",
                        "specs": []
                    },
                    {
                        "name": "r-cluster",
                        "specs": []
                    },
                    {
                        "name": "r-dplyr",
                        "specs": []
                    },
                    {
                        "name": "r-dt",
                        "specs": []
                    },
                    {
                        "name": "r-fdrtool",
                        "specs": []
                    },
                    {
                        "name": "r-ggplot2",
                        "specs": []
                    },
                    {
                        "name": "r-ggrepel",
                        "specs": []
                    },
                    {
                        "name": "r-gridextra",
                        "specs": []
                    },
                    {
                        "name": "r-imputelcmd",
                        "specs": []
                    },
                    {
                        "name": "r-purrr",
                        "specs": []
                    },
                    {
                        "name": "r-rcolorbrewer",
                        "specs": []
                    },
                    {
                        "name": "r-readr",
                        "specs": []
                    },
                    {
                        "name": "r-rmarkdown",
                        "specs": []
                    },
                    {
                        "name": "r-shiny",
                        "specs": []
                    },
                    {
                        "name": "r-shinydashboard",
                        "specs": []
                    },
                    {
                        "name": "r-tibble",
                        "specs": []
                    },
                    {
                        "name": "r-tidyr",
                        "specs": []
                    }
                ]
            },
            "description": null,
            "distribution_type": "conda",
            "download_url": "//api.anaconda.org/download/bioconda/bioconductor-dep/1.8.0/noarch/bioconductor-dep-1.8.0-r36_0.tar.bz2",
            "full_name": "bioconda/bioconductor-dep/1.8.0/noarch/bioconductor-dep-1.8.0-r36_0.tar.bz2",
            "labels": [
                "main"
            ],
            "md5": "640c2ba0b5ef4820bcc8f381249d1300",
            "ndownloads": 29,
            "owner": "bioconda",
            "size": 4258414,
            "type": "conda",
            "upload_time": "2019-11-04 00:45:38.580000+00:00",
            "version": "1.8.0"
        }
    ],
    "full_name": "bioconda/bioconductor-dep",
    "home": "https://bioconductor.org/packages/3.8/bioc/html/DEP.html",
    "html_url": "http://anaconda.org/bioconda/bioconductor-dep",
    "id": "5c30e11337f339207a8a64e3",
    "latest_version": "1.8.0",
    "license": "Artistic-2.0",
    "license_url": null,
    "modified_at": "2019-11-04 00:45:38.961000+00:00",
    "name": "bioconductor-dep",
    "owner": {
        "company": "",
        "created_at": "2015-09-11 22:59:20.880000+00:00",
        "description": "Bioconda is a distribution of bioinformatics software realized as a channel for the versatile Conda package manager.",
        "location": "",
        "login": "bioconda",
        "name": "bioconda",
        "url": "",
        "user_type": "org"
    },
    "package_types": [
        "conda"
    ],
    "public": true,
    "releases": [
        {
            "distributions": [],
            "full_name": "bioconda/bioconductor-dep/1.4.0",
            "version": "1.4.0"
        },
        {
            "distributions": [],
            "full_name": "bioconda/bioconductor-dep/1.6.0",
            "version": "1.6.0"
        },
        {
            "distributions": [],
            "full_name": "bioconda/bioconductor-dep/1.8.0",
            "version": "1.8.0"
        }
    ],
    "revision": 6,
    "source_git_tag": null,
    "source_git_url": null,
    "summary": "Differential Enrichment analysis of Proteomics data",
    "upvoted": 0,
    "url": "http://api.anaconda.org/packages/bioconda/bioconductor-dep",
    "versions": [
        "1.4.0",
        "1.6.0",
        "1.8.0"
    ],
    "watchers": 1
}