{
    "app_entry": {},
    "app_summary": {},
    "app_type": {},
    "builds": [
        "r351_0",
        "r36_3",
        "r36_2"
    ],
    "conda_platforms": [
        "noarch"
    ],
    "created_at": "2018-12-27 14:43:52.278000+00:00",
    "description": "",
    "dev_url": null,
    "doc_url": null,
    "files": [
        {
            "attrs": {
                "arch": null,
                "build": "r351_0",
                "build_number": 0,
                "depends": [
                    "bioconductor-annotationdbi >=1.44.0,<1.45.0",
                    "bioconductor-org.hs.eg.db >=3.7.0,<3.8.0",
                    "r-base >=3.5.1,<3.5.2.0a0",
                    "wget"
                ],
                "has_prefix": false,
                "license": "Artistic-2.0",
                "machine": null,
                "noarch": "generic",
                "operatingsystem": null,
                "platform": null,
                "subdir": "noarch",
                "target-triplet": "None-any-None",
                "timestamp": 1545921583110
            },
            "basename": "noarch/bioconductor-illuminahumanv4.db-1.26.0-r351_0.tar.bz2",
            "dependencies": {
                "depends": [
                    {
                        "name": "bioconductor-annotationdbi",
                        "specs": [
                            [
                                ">=",
                                "1.44.0,<1.45.0"
                            ]
                        ]
                    },
                    {
                        "name": "bioconductor-org.hs.eg.db",
                        "specs": [
                            [
                                ">=",
                                "3.7.0,<3.8.0"
                            ]
                        ]
                    },
                    {
                        "name": "r-base",
                        "specs": [
                            [
                                ">=",
                                "3.5.1,<3.5.2.0a0"
                            ]
                        ]
                    },
                    {
                        "name": "wget",
                        "specs": []
                    }
                ]
            },
            "description": null,
            "distribution_type": "conda",
            "download_url": "//api.anaconda.org/download/bioconda/bioconductor-illuminahumanv4.db/1.26.0/noarch/bioconductor-illuminahumanv4.db-1.26.0-r351_0.tar.bz2",
            "full_name": "bioconda/bioconductor-illuminahumanv4.db/1.26.0/noarch/bioconductor-illuminahumanv4.db-1.26.0-r351_0.tar.bz2",
            "labels": [
                "gcc7",
                "main"
            ],
            "md5": "de8978a2369f32a35fe7e1e78e72d34a",
            "ndownloads": 68,
            "owner": "bioconda",
            "size": 6462,
            "type": "conda",
            "upload_time": "2018-12-27 14:43:53.085000+00:00",
            "version": "1.26.0"
        },
        {
            "attrs": {
                "arch": null,
                "build": "r36_2",
                "build_number": 2,
                "depends": [
                    "bioconductor-annotationdbi >=1.46.0,<1.47.0",
                    "bioconductor-org.hs.eg.db >=3.8.0,<3.9.0",
                    "curl >=7.65.3,<8.0a0",
                    "r-base >=3.6,<3.7.0a0"
                ],
                "has_prefix": false,
                "license": "Artistic-2.0",
                "machine": null,
                "noarch": "generic",
                "operatingsystem": null,
                "platform": null,
                "subdir": "noarch",
                "target-triplet": "None-any-None",
                "timestamp": 1564361365070
            },
            "basename": "noarch/bioconductor-illuminahumanv4.db-1.26.0-r36_2.tar.bz2",
            "dependencies": {
                "depends": [
                    {
                        "name": "bioconductor-annotationdbi",
                        "specs": [
                            [
                                ">=",
                                "1.46.0,<1.47.0"
                            ]
                        ]
                    },
                    {
                        "name": "bioconductor-org.hs.eg.db",
                        "specs": [
                            [
                                ">=",
                                "3.8.0,<3.9.0"
                            ]
                        ]
                    },
                    {
                        "name": "curl",
                        "specs": [
                            [
                                ">=",
                                "7.65.3,<8.0a0"
                            ]
                        ]
                    },
                    {
                        "name": "r-base",
                        "specs": [
                            [
                                ">=",
                                "3.6,<3.7.0a0"
                            ]
                        ]
                    }
                ]
            },
            "description": null,
            "distribution_type": "conda",
            "download_url": "//api.anaconda.org/download/bioconda/bioconductor-illuminahumanv4.db/1.26.0/noarch/bioconductor-illuminahumanv4.db-1.26.0-r36_2.tar.bz2",
            "full_name": "bioconda/bioconductor-illuminahumanv4.db/1.26.0/noarch/bioconductor-illuminahumanv4.db-1.26.0-r36_2.tar.bz2",
            "labels": [
                "main"
            ],
            "md5": "7b93fee5dee2e2d653a5b1ee30e6f9f7",
            "ndownloads": 30,
            "owner": "bioconda",
            "size": 6791,
            "type": "conda",
            "upload_time": "2019-07-29 00:54:58.976000+00:00",
            "version": "1.26.0"
        },
        {
            "attrs": {
                "arch": null,
                "build": "r36_3",
                "build_number": 3,
                "depends": [
                    "bioconductor-annotationdbi >=1.48.0,<1.49.0",
                    "bioconductor-org.hs.eg.db >=3.10.0,<3.11.0",
                    "curl >=7.65.3,<8.0a0",
                    "r-base >=3.6,<3.7.0a0"
                ],
                "has_prefix": false,
                "license": "Artistic-2.0",
                "machine": null,
                "noarch": "generic",
                "operatingsystem": null,
                "platform": null,
                "subdir": "noarch",
                "target-triplet": "None-any-None",
                "timestamp": 1572745267699
            },
            "basename": "noarch/bioconductor-illuminahumanv4.db-1.26.0-r36_3.tar.bz2",
            "dependencies": {
                "depends": [
                    {
                        "name": "bioconductor-annotationdbi",
                        "specs": [
                            [
                                ">=",
                                "1.48.0,<1.49.0"
                            ]
                        ]
                    },
                    {
                        "name": "bioconductor-org.hs.eg.db",
                        "specs": [
                            [
                                ">=",
                                "3.10.0,<3.11.0"
                            ]
                        ]
                    },
                    {
                        "name": "curl",
                        "specs": [
                            [
                                ">=",
                                "7.65.3,<8.0a0"
                            ]
                        ]
                    },
                    {
                        "name": "r-base",
                        "specs": [
                            [
                                ">=",
                                "3.6,<3.7.0a0"
                            ]
                        ]
                    }
                ]
            },
            "description": null,
            "distribution_type": "conda",
            "download_url": "//api.anaconda.org/download/bioconda/bioconductor-illuminahumanv4.db/1.26.0/noarch/bioconductor-illuminahumanv4.db-1.26.0-r36_3.tar.bz2",
            "full_name": "bioconda/bioconductor-illuminahumanv4.db/1.26.0/noarch/bioconductor-illuminahumanv4.db-1.26.0-r36_3.tar.bz2",
            "labels": [
                "main"
            ],
            "md5": "761f47e3c97109376f9f306166710309",
            "ndownloads": 14,
            "owner": "bioconda",
            "size": 6911,
            "type": "conda",
            "upload_time": "2019-11-03 01:47:54.398000+00:00",
            "version": "1.26.0"
        }
    ],
    "full_name": "bioconda/bioconductor-illuminahumanv4.db",
    "home": "https://bioconductor.org/packages/3.8/data/annotation/html/illuminaHumanv4.db.html",
    "html_url": "http://anaconda.org/bioconda/bioconductor-illuminahumanv4.db",
    "id": "5c24e528036b860246ab0689",
    "latest_version": "1.26.0",
    "license": "Artistic-2.0",
    "license_url": null,
    "modified_at": "2019-11-03 01:47:54.676000+00:00",
    "name": "bioconductor-illuminahumanv4.db",
    "owner": {
        "company": "",
        "created_at": "2015-09-11 22:59:20.880000+00:00",
        "description": "Bioconda is a distribution of bioinformatics software realized as a channel for the versatile Conda package manager.",
        "location": "",
        "login": "bioconda",
        "name": "bioconda",
        "url": "",
        "user_type": "org"
    },
    "package_types": [
        "conda"
    ],
    "public": true,
    "releases": [
        {
            "distributions": [],
            "full_name": "bioconda/bioconductor-illuminahumanv4.db/1.26.0",
            "version": "1.26.0"
        }
    ],
    "revision": 2,
    "source_git_tag": null,
    "source_git_url": null,
    "summary": "Illumina HumanHT12v4 annotation data (chip illuminaHumanv4) assembled using data from public repositories",
    "upvoted": 0,
    "url": "http://api.anaconda.org/packages/bioconda/bioconductor-illuminahumanv4.db",
    "versions": [
        "1.26.0"
    ],
    "watchers": 1
}