{
    "app_entry": {},
    "app_summary": {},
    "app_type": {},
    "builds": [
        "r36h516909a_0",
        "r3.3.1_0",
        "r3.3.2_0",
        "r351h14c3975_0",
        "0",
        "r351h1de35cc_0",
        "r341h470a237_0",
        "r36h01d97ff_0",
        "r351h470a237_0",
        "r3.4.1_0"
    ],
    "conda_platforms": [
        "linux-64",
        "osx-64"
    ],
    "created_at": "2015-11-07 04:28:39.198000+00:00",
    "description": "The sva package contains functions for removing batch effects and other unwanted variation in high-throughput experiment. Specifically, the sva package contains functions for the identifying and building surrogate variables for high-dimensional data sets. Surrogate variables are covariates constructed directly from high-dimensional data (like gene expression/RNA sequencing/methylation/brain imaging data) that can be used in subsequent analyses to adjust for unknown, unmodeled, or latent sources of noise. The sva package can be used to remove artifacts in three ways: (1) identifying and estimating surrogate variables for unknown sources of variation in high-throughput experiments (Leek and Storey 2007 PLoS Genetics,2008 PNAS), (2) directly removing known batch effects using ComBat (Johnson et al. 2007 Biostatistics) and (3) removing batch effects with known control probes (Leek 2014 biorXiv). Removing batch effects and using surrogate variables in differential expression analysis have been shown to reduce dependence, stabilize error rate estimates, and improve reproducibility, see (Leek and Storey 2007 PLoS Genetics, 2008 PNAS or Leek et al. 2011 Nat. Reviews Genetics).",
    "dev_url": null,
    "doc_url": null,
    "files": [
        {
            "attrs": {
                "arch": "x86_64",
                "build": "0",
                "build_number": 0,
                "depends": [
                    "bioconductor-genefilter",
                    "libgcc",
                    "r >=2.8"
                ],
                "license": "Artistic-2.0",
                "machine": "x86_64",
                "operatingsystem": "linux",
                "platform": "linux",
                "subdir": "linux-64",
                "target-triplet": "x86_64-any-linux"
            },
            "basename": "linux-64/bioconductor-sva-3.15.0-0.tar.bz2",
            "dependencies": {
                "depends": [
                    {
                        "name": "bioconductor-genefilter",
                        "specs": []
                    },
                    {
                        "name": "libgcc",
                        "specs": []
                    },
                    {
                        "name": "r",
                        "specs": [
                            [
                                ">=",
                                "2.8"
                            ]
                        ]
                    }
                ]
            },
            "description": null,
            "distribution_type": "conda",
            "download_url": "//api.anaconda.org/download/bioconda/bioconductor-sva/3.15.0/linux-64/bioconductor-sva-3.15.0-0.tar.bz2",
            "full_name": "bioconda/bioconductor-sva/3.15.0/linux-64/bioconductor-sva-3.15.0-0.tar.bz2",
            "labels": [
                "main",
                "cf201901"
            ],
            "md5": "aac501e2c674f6d7e414272f9907f182",
            "ndownloads": 662,
            "owner": "bioconda",
            "size": 54227,
            "type": "conda",
            "upload_time": "2016-03-11 03:45:53.875000+00:00",
            "version": "3.15.0"
        },
        {
            "attrs": {
                "arch": "x86_64",
                "build": "r3.3.1_0",
                "build_number": 0,
                "depends": [
                    "bioconductor-genefilter",
                    "libgcc",
                    "r 3.3.1*"
                ],
                "has_prefix": true,
                "license": "Artistic-2.0",
                "machine": "x86_64",
                "operatingsystem": "linux",
                "platform": "linux",
                "subdir": "linux-64",
                "target-triplet": "x86_64-any-linux"
            },
            "basename": "linux-64/bioconductor-sva-3.20.0-r3.3.1_0.tar.bz2",
            "dependencies": {
                "depends": [
                    {
                        "name": "bioconductor-genefilter",
                        "specs": []
                    },
                    {
                        "name": "libgcc",
                        "specs": []
                    },
                    {
                        "name": "r",
                        "specs": [
                            [
                                "==",
                                "3.3.1"
                            ]
                        ]
                    }
                ]
            },
            "description": null,
            "distribution_type": "conda",
            "download_url": "//api.anaconda.org/download/bioconda/bioconductor-sva/3.20.0/linux-64/bioconductor-sva-3.20.0-r3.3.1_0.tar.bz2",
            "full_name": "bioconda/bioconductor-sva/3.20.0/linux-64/bioconductor-sva-3.20.0-r3.3.1_0.tar.bz2",
            "labels": [
                "main",
                "cf201901"
            ],
            "md5": "6bb6171b519e44c0acaa9bc9740a20a0",
            "ndownloads": 1145,
            "owner": "bioconda",
            "size": 55935,
            "type": "conda",
            "upload_time": "2016-10-25 22:51:13.764000+00:00",
            "version": "3.20.0"
        },
        {
            "attrs": {
                "arch": "x86_64",
                "build": "r3.3.2_0",
                "build_number": 0,
                "depends": [
                    "bioconductor-genefilter",
                    "r-base 3.3.2*",
                    "r-mgcv"
                ],
                "has_prefix": false,
                "license": "Artistic-2.0",
                "machine": "x86_64",
                "operatingsystem": "darwin",
                "platform": "osx",
                "subdir": "osx-64",
                "target-triplet": "x86_64-any-darwin"
            },
            "basename": "osx-64/bioconductor-sva-3.20.0-r3.3.2_0.tar.bz2",
            "dependencies": {
                "depends": [
                    {
                        "name": "bioconductor-genefilter",
                        "specs": []
                    },
                    {
                        "name": "r-base",
                        "specs": [
                            [
                                "==",
                                "3.3.2"
                            ]
                        ]
                    },
                    {
                        "name": "r-mgcv",
                        "specs": []
                    }
                ]
            },
            "description": null,
            "distribution_type": "conda",
            "download_url": "//api.anaconda.org/download/bioconda/bioconductor-sva/3.20.0/osx-64/bioconductor-sva-3.20.0-r3.3.2_0.tar.bz2",
            "full_name": "bioconda/bioconductor-sva/3.20.0/osx-64/bioconductor-sva-3.20.0-r3.3.2_0.tar.bz2",
            "labels": [
                "main",
                "cf201901"
            ],
            "md5": "42c7e57827ef840dbe88dac3714f075d",
            "ndownloads": 124,
            "owner": "bioconda",
            "size": 55954,
            "type": "conda",
            "upload_time": "2017-06-06 10:30:21.518000+00:00",
            "version": "3.20.0"
        },
        {
            "attrs": {
                "arch": "x86_64",
                "build": "0",
                "build_number": 0,
                "depends": [
                    "bioconductor-genefilter",
                    "libgcc",
                    "r >=2.8"
                ],
                "license": "Artistic-2.0",
                "machine": "x86_64",
                "operatingsystem": "darwin",
                "platform": "osx",
                "subdir": "osx-64",
                "target-triplet": "x86_64-any-darwin"
            },
            "basename": "osx-64/bioconductor-sva-3.15.0-0.tar.bz2",
            "dependencies": {
                "depends": [
                    {
                        "name": "bioconductor-genefilter",
                        "specs": []
                    },
                    {
                        "name": "libgcc",
                        "specs": []
                    },
                    {
                        "name": "r",
                        "specs": [
                            [
                                ">=",
                                "2.8"
                            ]
                        ]
                    }
                ]
            },
            "description": null,
            "distribution_type": "conda",
            "download_url": "//api.anaconda.org/download/bioconda/bioconductor-sva/3.15.0/osx-64/bioconductor-sva-3.15.0-0.tar.bz2",
            "full_name": "bioconda/bioconductor-sva/3.15.0/osx-64/bioconductor-sva-3.15.0-0.tar.bz2",
            "labels": [
                "main",
                "cf201901"
            ],
            "md5": "e15278d244cf92d58f22195af1e33b4f",
            "ndownloads": 1222,
            "owner": "bioconda",
            "size": 52493,
            "type": "conda",
            "upload_time": "2016-03-11 03:48:36.842000+00:00",
            "version": "3.15.0"
        },
        {
            "attrs": {
                "arch": "x86_64",
                "build": "r3.3.2_0",
                "build_number": 0,
                "depends": [
                    "bioconductor-genefilter",
                    "libgcc",
                    "r-base 3.3.2*",
                    "r-mgcv"
                ],
                "has_prefix": true,
                "license": "Artistic-2.0",
                "machine": "x86_64",
                "operatingsystem": "linux",
                "platform": "linux",
                "subdir": "linux-64",
                "target-triplet": "x86_64-any-linux"
            },
            "basename": "linux-64/bioconductor-sva-3.20.0-r3.3.2_0.tar.bz2",
            "dependencies": {
                "depends": [
                    {
                        "name": "bioconductor-genefilter",
                        "specs": []
                    },
                    {
                        "name": "libgcc",
                        "specs": []
                    },
                    {
                        "name": "r-base",
                        "specs": [
                            [
                                "==",
                                "3.3.2"
                            ]
                        ]
                    },
                    {
                        "name": "r-mgcv",
                        "specs": []
                    }
                ]
            },
            "description": null,
            "distribution_type": "conda",
            "download_url": "//api.anaconda.org/download/bioconda/bioconductor-sva/3.20.0/linux-64/bioconductor-sva-3.20.0-r3.3.2_0.tar.bz2",
            "full_name": "bioconda/bioconductor-sva/3.20.0/linux-64/bioconductor-sva-3.20.0-r3.3.2_0.tar.bz2",
            "labels": [
                "main",
                "cf201901"
            ],
            "md5": "fde9f477e9f64d2fc8c16eda2cf7dc72",
            "ndownloads": 1343,
            "owner": "bioconda",
            "size": 57967,
            "type": "conda",
            "upload_time": "2017-06-06 10:25:07.385000+00:00",
            "version": "3.20.0"
        },
        {
            "attrs": {
                "arch": "x86_64",
                "build": "r3.4.1_0",
                "build_number": 0,
                "depends": [
                    "bioconductor-genefilter",
                    "libgcc",
                    "r-base 3.4.1*",
                    "r-mgcv"
                ],
                "has_prefix": true,
                "license": "Artistic-2.0",
                "machine": "x86_64",
                "operatingsystem": "linux",
                "platform": "linux",
                "subdir": "linux-64",
                "target-triplet": "x86_64-any-linux"
            },
            "basename": "linux-64/bioconductor-sva-3.20.0-r3.4.1_0.tar.bz2",
            "dependencies": {
                "depends": [
                    {
                        "name": "bioconductor-genefilter",
                        "specs": []
                    },
                    {
                        "name": "libgcc",
                        "specs": []
                    },
                    {
                        "name": "r-base",
                        "specs": [
                            [
                                "==",
                                "3.4.1"
                            ]
                        ]
                    },
                    {
                        "name": "r-mgcv",
                        "specs": []
                    }
                ]
            },
            "description": null,
            "distribution_type": "conda",
            "download_url": "//api.anaconda.org/download/bioconda/bioconductor-sva/3.20.0/linux-64/bioconductor-sva-3.20.0-r3.4.1_0.tar.bz2",
            "full_name": "bioconda/bioconductor-sva/3.20.0/linux-64/bioconductor-sva-3.20.0-r3.4.1_0.tar.bz2",
            "labels": [
                "main",
                "cf201901"
            ],
            "md5": "3b08b50a4db5bd0d3c8217f98060d8fb",
            "ndownloads": 705,
            "owner": "bioconda",
            "size": 60221,
            "type": "conda",
            "upload_time": "2017-09-20 08:02:08.402000+00:00",
            "version": "3.20.0"
        },
        {
            "attrs": {
                "arch": "x86_64",
                "build": "r3.4.1_0",
                "build_number": 0,
                "depends": [
                    "bioconductor-biocparallel",
                    "bioconductor-genefilter",
                    "bioconductor-limma",
                    "r-base 3.4.1*",
                    "r-matrixstats",
                    "r-mgcv"
                ],
                "has_prefix": false,
                "license": "Artistic-2.0",
                "machine": "x86_64",
                "operatingsystem": "linux",
                "platform": "linux",
                "subdir": "linux-64",
                "target-triplet": "x86_64-any-linux"
            },
            "basename": "linux-64/bioconductor-sva-3.24.4-r3.4.1_0.tar.bz2",
            "dependencies": {
                "depends": [
                    {
                        "name": "bioconductor-biocparallel",
                        "specs": []
                    },
                    {
                        "name": "bioconductor-genefilter",
                        "specs": []
                    },
                    {
                        "name": "bioconductor-limma",
                        "specs": []
                    },
                    {
                        "name": "r-base",
                        "specs": [
                            [
                                "==",
                                "3.4.1"
                            ]
                        ]
                    },
                    {
                        "name": "r-matrixstats",
                        "specs": []
                    },
                    {
                        "name": "r-mgcv",
                        "specs": []
                    }
                ]
            },
            "description": null,
            "distribution_type": "conda",
            "download_url": "//api.anaconda.org/download/bioconda/bioconductor-sva/3.24.4/linux-64/bioconductor-sva-3.24.4-r3.4.1_0.tar.bz2",
            "full_name": "bioconda/bioconductor-sva/3.24.4/linux-64/bioconductor-sva-3.24.4-r3.4.1_0.tar.bz2",
            "labels": [
                "main",
                "cf201901"
            ],
            "md5": "0f99ae5bab01afeac930912d3591cc44",
            "ndownloads": 577,
            "owner": "bioconda",
            "size": 356297,
            "type": "conda",
            "upload_time": "2017-10-19 01:16:35.298000+00:00",
            "version": "3.24.4"
        },
        {
            "attrs": {
                "arch": "x86_64",
                "build": "r3.4.1_0",
                "build_number": 0,
                "depends": [
                    "bioconductor-biocparallel",
                    "bioconductor-genefilter",
                    "bioconductor-limma",
                    "r-base 3.4.1*",
                    "r-matrixstats",
                    "r-mgcv"
                ],
                "has_prefix": false,
                "license": "Artistic-2.0",
                "machine": "x86_64",
                "operatingsystem": "darwin",
                "platform": "osx",
                "subdir": "osx-64",
                "target-triplet": "x86_64-any-darwin"
            },
            "basename": "osx-64/bioconductor-sva-3.24.4-r3.4.1_0.tar.bz2",
            "dependencies": {
                "depends": [
                    {
                        "name": "bioconductor-biocparallel",
                        "specs": []
                    },
                    {
                        "name": "bioconductor-genefilter",
                        "specs": []
                    },
                    {
                        "name": "bioconductor-limma",
                        "specs": []
                    },
                    {
                        "name": "r-base",
                        "specs": [
                            [
                                "==",
                                "3.4.1"
                            ]
                        ]
                    },
                    {
                        "name": "r-matrixstats",
                        "specs": []
                    },
                    {
                        "name": "r-mgcv",
                        "specs": []
                    }
                ]
            },
            "description": null,
            "distribution_type": "conda",
            "download_url": "//api.anaconda.org/download/bioconda/bioconductor-sva/3.24.4/osx-64/bioconductor-sva-3.24.4-r3.4.1_0.tar.bz2",
            "full_name": "bioconda/bioconductor-sva/3.24.4/osx-64/bioconductor-sva-3.24.4-r3.4.1_0.tar.bz2",
            "labels": [
                "main",
                "cf201901"
            ],
            "md5": "14a67ef4c05b117e4667e94255ed0354",
            "ndownloads": 769,
            "owner": "bioconda",
            "size": 354653,
            "type": "conda",
            "upload_time": "2017-10-21 03:10:07.185000+00:00",
            "version": "3.24.4"
        },
        {
            "attrs": {
                "arch": "x86_64",
                "build": "r3.4.1_0",
                "build_number": 0,
                "depends": [
                    "bioconductor-biocparallel",
                    "bioconductor-genefilter",
                    "bioconductor-limma",
                    "r-base 3.4.1*",
                    "r-matrixstats",
                    "r-mgcv"
                ],
                "has_prefix": false,
                "license": "Artistic-2.0",
                "machine": "x86_64",
                "operatingsystem": "darwin",
                "platform": "osx",
                "subdir": "osx-64",
                "target-triplet": "x86_64-any-darwin"
            },
            "basename": "osx-64/bioconductor-sva-3.26.0-r3.4.1_0.tar.bz2",
            "dependencies": {
                "depends": [
                    {
                        "name": "bioconductor-biocparallel",
                        "specs": []
                    },
                    {
                        "name": "bioconductor-genefilter",
                        "specs": []
                    },
                    {
                        "name": "bioconductor-limma",
                        "specs": []
                    },
                    {
                        "name": "r-base",
                        "specs": [
                            [
                                "==",
                                "3.4.1"
                            ]
                        ]
                    },
                    {
                        "name": "r-matrixstats",
                        "specs": []
                    },
                    {
                        "name": "r-mgcv",
                        "specs": []
                    }
                ]
            },
            "description": null,
            "distribution_type": "conda",
            "download_url": "//api.anaconda.org/download/bioconda/bioconductor-sva/3.26.0/osx-64/bioconductor-sva-3.26.0-r3.4.1_0.tar.bz2",
            "full_name": "bioconda/bioconductor-sva/3.26.0/osx-64/bioconductor-sva-3.26.0-r3.4.1_0.tar.bz2",
            "labels": [
                "main",
                "cf201901"
            ],
            "md5": "d1c7e7dfa4c6ab7ce468fd02396d6304",
            "ndownloads": 838,
            "owner": "bioconda",
            "size": 414844,
            "type": "conda",
            "upload_time": "2017-11-08 02:47:37.200000+00:00",
            "version": "3.26.0"
        },
        {
            "attrs": {
                "arch": "x86_64",
                "build": "r3.4.1_0",
                "build_number": 0,
                "depends": [
                    "bioconductor-biocparallel",
                    "bioconductor-genefilter",
                    "bioconductor-limma",
                    "r-base 3.4.1*",
                    "r-matrixstats",
                    "r-mgcv"
                ],
                "has_prefix": false,
                "license": "Artistic-2.0",
                "machine": "x86_64",
                "operatingsystem": "linux",
                "platform": "linux",
                "subdir": "linux-64",
                "target-triplet": "x86_64-any-linux"
            },
            "basename": "linux-64/bioconductor-sva-3.26.0-r3.4.1_0.tar.bz2",
            "dependencies": {
                "depends": [
                    {
                        "name": "bioconductor-biocparallel",
                        "specs": []
                    },
                    {
                        "name": "bioconductor-genefilter",
                        "specs": []
                    },
                    {
                        "name": "bioconductor-limma",
                        "specs": []
                    },
                    {
                        "name": "r-base",
                        "specs": [
                            [
                                "==",
                                "3.4.1"
                            ]
                        ]
                    },
                    {
                        "name": "r-matrixstats",
                        "specs": []
                    },
                    {
                        "name": "r-mgcv",
                        "specs": []
                    }
                ]
            },
            "description": null,
            "distribution_type": "conda",
            "download_url": "//api.anaconda.org/download/bioconda/bioconductor-sva/3.26.0/linux-64/bioconductor-sva-3.26.0-r3.4.1_0.tar.bz2",
            "full_name": "bioconda/bioconductor-sva/3.26.0/linux-64/bioconductor-sva-3.26.0-r3.4.1_0.tar.bz2",
            "labels": [
                "main",
                "cf201901"
            ],
            "md5": "0a6ac5a29f9b372b3f2a9cc4a953aa54",
            "ndownloads": 1598,
            "owner": "bioconda",
            "size": 416995,
            "type": "conda",
            "upload_time": "2017-11-09 22:35:26.052000+00:00",
            "version": "3.26.0"
        },
        {
            "attrs": {
                "arch": "x86_64",
                "build": "r3.3.1_0",
                "build_number": 0,
                "depends": [
                    "bioconductor-genefilter",
                    "r 3.3.1*"
                ],
                "has_prefix": false,
                "license": "Artistic-2.0",
                "machine": "x86_64",
                "operatingsystem": "darwin",
                "platform": "osx",
                "subdir": "osx-64",
                "target-triplet": "x86_64-any-darwin"
            },
            "basename": "osx-64/bioconductor-sva-3.20.0-r3.3.1_0.tar.bz2",
            "dependencies": {
                "depends": [
                    {
                        "name": "bioconductor-genefilter",
                        "specs": []
                    },
                    {
                        "name": "r",
                        "specs": [
                            [
                                "==",
                                "3.3.1"
                            ]
                        ]
                    }
                ]
            },
            "description": null,
            "distribution_type": "conda",
            "download_url": "//api.anaconda.org/download/bioconda/bioconductor-sva/3.20.0/osx-64/bioconductor-sva-3.20.0-r3.3.1_0.tar.bz2",
            "full_name": "bioconda/bioconductor-sva/3.20.0/osx-64/bioconductor-sva-3.20.0-r3.3.1_0.tar.bz2",
            "labels": [
                "main",
                "cf201901"
            ],
            "md5": "cd9423b33ea6203bb5505a90b012a263",
            "ndownloads": 570,
            "owner": "bioconda",
            "size": 54586,
            "type": "conda",
            "upload_time": "2016-10-26 05:58:55.410000+00:00",
            "version": "3.20.0"
        },
        {
            "attrs": {
                "arch": "x86_64",
                "build": "r3.4.1_0",
                "build_number": 0,
                "depends": [
                    "bioconductor-genefilter",
                    "r-base 3.4.1*",
                    "r-mgcv"
                ],
                "has_prefix": false,
                "license": "Artistic-2.0",
                "machine": "x86_64",
                "operatingsystem": "darwin",
                "platform": "osx",
                "subdir": "osx-64",
                "target-triplet": "x86_64-any-darwin"
            },
            "basename": "osx-64/bioconductor-sva-3.20.0-r3.4.1_0.tar.bz2",
            "dependencies": {
                "depends": [
                    {
                        "name": "bioconductor-genefilter",
                        "specs": []
                    },
                    {
                        "name": "r-base",
                        "specs": [
                            [
                                "==",
                                "3.4.1"
                            ]
                        ]
                    },
                    {
                        "name": "r-mgcv",
                        "specs": []
                    }
                ]
            },
            "description": null,
            "distribution_type": "conda",
            "download_url": "//api.anaconda.org/download/bioconda/bioconductor-sva/3.20.0/osx-64/bioconductor-sva-3.20.0-r3.4.1_0.tar.bz2",
            "full_name": "bioconda/bioconductor-sva/3.20.0/osx-64/bioconductor-sva-3.20.0-r3.4.1_0.tar.bz2",
            "labels": [
                "main",
                "cf201901"
            ],
            "md5": "359b5f10910ff2336425052ee05c234e",
            "ndownloads": 705,
            "owner": "bioconda",
            "size": 58016,
            "type": "conda",
            "upload_time": "2017-09-21 15:42:18.970000+00:00",
            "version": "3.20.0"
        },
        {
            "attrs": {
                "arch": "x86_64",
                "build": "r341h470a237_0",
                "build_number": 0,
                "depends": [
                    "bioconductor-biocparallel >=1.14.2,<1.16.0",
                    "bioconductor-genefilter >=1.62.0,<1.64.0",
                    "bioconductor-limma >=3.36.5,<3.38.0",
                    "r-base >=3.4.1,<3.4.2.0a0",
                    "r-matrixstats",
                    "r-mgcv"
                ],
                "has_prefix": true,
                "license": "Artistic-2.0",
                "machine": "x86_64",
                "operatingsystem": "darwin",
                "platform": "osx",
                "subdir": "osx-64",
                "target-triplet": "x86_64-any-darwin",
                "timestamp": 1540342121110
            },
            "basename": "osx-64/bioconductor-sva-3.28.0-r341h470a237_0.tar.bz2",
            "dependencies": {
                "depends": [
                    {
                        "name": "bioconductor-biocparallel",
                        "specs": [
                            [
                                ">=",
                                "1.14.2,<1.16.0"
                            ]
                        ]
                    },
                    {
                        "name": "bioconductor-genefilter",
                        "specs": [
                            [
                                ">=",
                                "1.62.0,<1.64.0"
                            ]
                        ]
                    },
                    {
                        "name": "bioconductor-limma",
                        "specs": [
                            [
                                ">=",
                                "3.36.5,<3.38.0"
                            ]
                        ]
                    },
                    {
                        "name": "r-base",
                        "specs": [
                            [
                                ">=",
                                "3.4.1,<3.4.2.0a0"
                            ]
                        ]
                    },
                    {
                        "name": "r-matrixstats",
                        "specs": []
                    },
                    {
                        "name": "r-mgcv",
                        "specs": []
                    }
                ]
            },
            "description": null,
            "distribution_type": "conda",
            "download_url": "//api.anaconda.org/download/bioconda/bioconductor-sva/3.28.0/osx-64/bioconductor-sva-3.28.0-r341h470a237_0.tar.bz2",
            "full_name": "bioconda/bioconductor-sva/3.28.0/osx-64/bioconductor-sva-3.28.0-r341h470a237_0.tar.bz2",
            "labels": [
                "main",
                "cf201901"
            ],
            "md5": "110986dd60bbc01ae1dc9027ec26dddb",
            "ndownloads": 70,
            "owner": "bioconda",
            "size": 417267,
            "type": "conda",
            "upload_time": "2018-10-24 00:49:46.460000+00:00",
            "version": "3.28.0"
        },
        {
            "attrs": {
                "arch": "x86_64",
                "build": "r351h470a237_0",
                "build_number": 0,
                "depends": [
                    "bioconductor-biocparallel >=1.14.2,<1.16.0",
                    "bioconductor-genefilter >=1.62.0,<1.64.0",
                    "bioconductor-limma >=3.36.5,<3.38.0",
                    "r-base >=3.5.1,<3.5.2.0a0",
                    "r-matrixstats",
                    "r-mgcv"
                ],
                "has_prefix": true,
                "license": "Artistic-2.0",
                "machine": "x86_64",
                "operatingsystem": "darwin",
                "platform": "osx",
                "subdir": "osx-64",
                "target-triplet": "x86_64-any-darwin",
                "timestamp": 1540341982541
            },
            "basename": "osx-64/bioconductor-sva-3.28.0-r351h470a237_0.tar.bz2",
            "dependencies": {
                "depends": [
                    {
                        "name": "bioconductor-biocparallel",
                        "specs": [
                            [
                                ">=",
                                "1.14.2,<1.16.0"
                            ]
                        ]
                    },
                    {
                        "name": "bioconductor-genefilter",
                        "specs": [
                            [
                                ">=",
                                "1.62.0,<1.64.0"
                            ]
                        ]
                    },
                    {
                        "name": "bioconductor-limma",
                        "specs": [
                            [
                                ">=",
                                "3.36.5,<3.38.0"
                            ]
                        ]
                    },
                    {
                        "name": "r-base",
                        "specs": [
                            [
                                ">=",
                                "3.5.1,<3.5.2.0a0"
                            ]
                        ]
                    },
                    {
                        "name": "r-matrixstats",
                        "specs": []
                    },
                    {
                        "name": "r-mgcv",
                        "specs": []
                    }
                ]
            },
            "description": null,
            "distribution_type": "conda",
            "download_url": "//api.anaconda.org/download/bioconda/bioconductor-sva/3.28.0/osx-64/bioconductor-sva-3.28.0-r351h470a237_0.tar.bz2",
            "full_name": "bioconda/bioconductor-sva/3.28.0/osx-64/bioconductor-sva-3.28.0-r351h470a237_0.tar.bz2",
            "labels": [
                "main",
                "cf201901"
            ],
            "md5": "b6806cb6495390126abea170eb934bcb",
            "ndownloads": 823,
            "owner": "bioconda",
            "size": 454402,
            "type": "conda",
            "upload_time": "2018-10-24 00:49:51.121000+00:00",
            "version": "3.28.0"
        },
        {
            "attrs": {
                "arch": "x86_64",
                "build": "r351h470a237_0",
                "build_number": 0,
                "depends": [
                    "bioconductor-biocparallel >=1.14.2,<1.16.0",
                    "bioconductor-genefilter >=1.62.0,<1.64.0",
                    "bioconductor-limma >=3.36.5,<3.38.0",
                    "libgcc-ng >=4.9",
                    "r-base >=3.5.1,<3.5.2.0a0",
                    "r-matrixstats",
                    "r-mgcv"
                ],
                "has_prefix": false,
                "license": "Artistic-2.0",
                "machine": "x86_64",
                "operatingsystem": "linux",
                "platform": "linux",
                "subdir": "linux-64",
                "target-triplet": "x86_64-any-linux",
                "timestamp": 1540409861629
            },
            "basename": "linux-64/bioconductor-sva-3.28.0-r351h470a237_0.tar.bz2",
            "dependencies": {
                "depends": [
                    {
                        "name": "bioconductor-biocparallel",
                        "specs": [
                            [
                                ">=",
                                "1.14.2,<1.16.0"
                            ]
                        ]
                    },
                    {
                        "name": "bioconductor-genefilter",
                        "specs": [
                            [
                                ">=",
                                "1.62.0,<1.64.0"
                            ]
                        ]
                    },
                    {
                        "name": "bioconductor-limma",
                        "specs": [
                            [
                                ">=",
                                "3.36.5,<3.38.0"
                            ]
                        ]
                    },
                    {
                        "name": "libgcc-ng",
                        "specs": [
                            [
                                ">=",
                                "4.9"
                            ]
                        ]
                    },
                    {
                        "name": "r-base",
                        "specs": [
                            [
                                ">=",
                                "3.5.1,<3.5.2.0a0"
                            ]
                        ]
                    },
                    {
                        "name": "r-matrixstats",
                        "specs": []
                    },
                    {
                        "name": "r-mgcv",
                        "specs": []
                    }
                ]
            },
            "description": null,
            "distribution_type": "conda",
            "download_url": "//api.anaconda.org/download/bioconda/bioconductor-sva/3.28.0/linux-64/bioconductor-sva-3.28.0-r351h470a237_0.tar.bz2",
            "full_name": "bioconda/bioconductor-sva/3.28.0/linux-64/bioconductor-sva-3.28.0-r351h470a237_0.tar.bz2",
            "labels": [
                "main",
                "cf201901"
            ],
            "md5": "c8881e395da27a586ce808786e9c3e2e",
            "ndownloads": 567,
            "owner": "bioconda",
            "size": 455574,
            "type": "conda",
            "upload_time": "2018-10-24 19:44:45.643000+00:00",
            "version": "3.28.0"
        },
        {
            "attrs": {
                "arch": "x86_64",
                "build": "r341h470a237_0",
                "build_number": 0,
                "depends": [
                    "bioconductor-biocparallel >=1.14.2,<1.16.0",
                    "bioconductor-genefilter >=1.62.0,<1.64.0",
                    "bioconductor-limma >=3.36.5,<3.38.0",
                    "libgcc-ng >=4.9",
                    "r-base >=3.4.1,<3.4.2.0a0",
                    "r-matrixstats",
                    "r-mgcv"
                ],
                "has_prefix": false,
                "license": "Artistic-2.0",
                "machine": "x86_64",
                "operatingsystem": "linux",
                "platform": "linux",
                "subdir": "linux-64",
                "target-triplet": "x86_64-any-linux",
                "timestamp": 1540409738539
            },
            "basename": "linux-64/bioconductor-sva-3.28.0-r341h470a237_0.tar.bz2",
            "dependencies": {
                "depends": [
                    {
                        "name": "bioconductor-biocparallel",
                        "specs": [
                            [
                                ">=",
                                "1.14.2,<1.16.0"
                            ]
                        ]
                    },
                    {
                        "name": "bioconductor-genefilter",
                        "specs": [
                            [
                                ">=",
                                "1.62.0,<1.64.0"
                            ]
                        ]
                    },
                    {
                        "name": "bioconductor-limma",
                        "specs": [
                            [
                                ">=",
                                "3.36.5,<3.38.0"
                            ]
                        ]
                    },
                    {
                        "name": "libgcc-ng",
                        "specs": [
                            [
                                ">=",
                                "4.9"
                            ]
                        ]
                    },
                    {
                        "name": "r-base",
                        "specs": [
                            [
                                ">=",
                                "3.4.1,<3.4.2.0a0"
                            ]
                        ]
                    },
                    {
                        "name": "r-matrixstats",
                        "specs": []
                    },
                    {
                        "name": "r-mgcv",
                        "specs": []
                    }
                ]
            },
            "description": null,
            "distribution_type": "conda",
            "download_url": "//api.anaconda.org/download/bioconda/bioconductor-sva/3.28.0/linux-64/bioconductor-sva-3.28.0-r341h470a237_0.tar.bz2",
            "full_name": "bioconda/bioconductor-sva/3.28.0/linux-64/bioconductor-sva-3.28.0-r341h470a237_0.tar.bz2",
            "labels": [
                "main",
                "cf201901"
            ],
            "md5": "aa4e88339bd3af3e8ff819a3686a25a5",
            "ndownloads": 558,
            "owner": "bioconda",
            "size": 417947,
            "type": "conda",
            "upload_time": "2018-10-24 19:44:48.572000+00:00",
            "version": "3.28.0"
        },
        {
            "attrs": {
                "arch": "x86_64",
                "build": "0",
                "build_number": 0,
                "depends": [
                    "bioconductor-genefilter",
                    "r >=2.8"
                ],
                "license": "Artistic-2.0",
                "machine": "x86_64",
                "operatingsystem": "linux",
                "platform": "linux",
                "subdir": "linux-64",
                "target-triplet": "x86_64-any-linux"
            },
            "basename": "linux-64/bioconductor-sva-3.18.0-0.tar.bz2",
            "dependencies": {
                "depends": [
                    {
                        "name": "bioconductor-genefilter",
                        "specs": []
                    },
                    {
                        "name": "r",
                        "specs": [
                            [
                                ">=",
                                "2.8"
                            ]
                        ]
                    }
                ]
            },
            "description": null,
            "distribution_type": "conda",
            "download_url": "//api.anaconda.org/download/bioconda/bioconductor-sva/3.18.0/linux-64/bioconductor-sva-3.18.0-0.tar.bz2",
            "full_name": "bioconda/bioconductor-sva/3.18.0/linux-64/bioconductor-sva-3.18.0-0.tar.bz2",
            "labels": [
                "main",
                "cf201901"
            ],
            "md5": "f8a6cc021dc12fdc5a140506fa3bb4c7",
            "ndownloads": 2047,
            "owner": "bioconda",
            "size": 223551,
            "type": "conda",
            "upload_time": "2015-11-07 04:28:39.431000+00:00",
            "version": "3.18.0"
        },
        {
            "attrs": {
                "arch": "x86_64",
                "build": "r351h1de35cc_0",
                "build_number": 0,
                "depends": [
                    "bioconductor-biocparallel >=1.16.0,<1.17.0",
                    "bioconductor-genefilter >=1.64.0,<1.65.0",
                    "bioconductor-limma >=3.38.0,<3.39.0",
                    "r-base >=3.5.1,<3.5.2.0a0",
                    "r-matrixstats",
                    "r-mgcv"
                ],
                "has_prefix": true,
                "license": "Artistic-2.0",
                "machine": "x86_64",
                "operatingsystem": "darwin",
                "platform": "osx",
                "subdir": "osx-64",
                "target-triplet": "x86_64-any-darwin",
                "timestamp": 1544626793563
            },
            "basename": "osx-64/bioconductor-sva-3.30.0-r351h1de35cc_0.tar.bz2",
            "dependencies": {
                "depends": [
                    {
                        "name": "bioconductor-biocparallel",
                        "specs": [
                            [
                                ">=",
                                "1.16.0,<1.17.0"
                            ]
                        ]
                    },
                    {
                        "name": "bioconductor-genefilter",
                        "specs": [
                            [
                                ">=",
                                "1.64.0,<1.65.0"
                            ]
                        ]
                    },
                    {
                        "name": "bioconductor-limma",
                        "specs": [
                            [
                                ">=",
                                "3.38.0,<3.39.0"
                            ]
                        ]
                    },
                    {
                        "name": "r-base",
                        "specs": [
                            [
                                ">=",
                                "3.5.1,<3.5.2.0a0"
                            ]
                        ]
                    },
                    {
                        "name": "r-matrixstats",
                        "specs": []
                    },
                    {
                        "name": "r-mgcv",
                        "specs": []
                    }
                ]
            },
            "description": null,
            "distribution_type": "conda",
            "download_url": "//api.anaconda.org/download/bioconda/bioconductor-sva/3.30.0/osx-64/bioconductor-sva-3.30.0-r351h1de35cc_0.tar.bz2",
            "full_name": "bioconda/bioconductor-sva/3.30.0/osx-64/bioconductor-sva-3.30.0-r351h1de35cc_0.tar.bz2",
            "labels": [
                "gcc7",
                "main"
            ],
            "md5": "c36cd6f0a1a03206881c57b08a8b67f1",
            "ndownloads": 809,
            "owner": "bioconda",
            "size": 457442,
            "type": "conda",
            "upload_time": "2018-12-12 15:01:15.240000+00:00",
            "version": "3.30.0"
        },
        {
            "attrs": {
                "arch": "x86_64",
                "build": "r351h14c3975_0",
                "build_number": 0,
                "depends": [
                    "bioconductor-biocparallel >=1.16.0,<1.17.0",
                    "bioconductor-genefilter >=1.64.0,<1.65.0",
                    "bioconductor-limma >=3.38.0,<3.39.0",
                    "libgcc-ng >=7.3.0",
                    "r-base >=3.5.1,<3.5.2.0a0",
                    "r-matrixstats",
                    "r-mgcv"
                ],
                "has_prefix": false,
                "license": "Artistic-2.0",
                "machine": "x86_64",
                "operatingsystem": "linux",
                "platform": "linux",
                "subdir": "linux-64",
                "target-triplet": "x86_64-any-linux",
                "timestamp": 1546335440756
            },
            "basename": "linux-64/bioconductor-sva-3.30.0-r351h14c3975_0.tar.bz2",
            "dependencies": {
                "depends": [
                    {
                        "name": "bioconductor-biocparallel",
                        "specs": [
                            [
                                ">=",
                                "1.16.0,<1.17.0"
                            ]
                        ]
                    },
                    {
                        "name": "bioconductor-genefilter",
                        "specs": [
                            [
                                ">=",
                                "1.64.0,<1.65.0"
                            ]
                        ]
                    },
                    {
                        "name": "bioconductor-limma",
                        "specs": [
                            [
                                ">=",
                                "3.38.0,<3.39.0"
                            ]
                        ]
                    },
                    {
                        "name": "libgcc-ng",
                        "specs": [
                            [
                                ">=",
                                "7.3.0"
                            ]
                        ]
                    },
                    {
                        "name": "r-base",
                        "specs": [
                            [
                                ">=",
                                "3.5.1,<3.5.2.0a0"
                            ]
                        ]
                    },
                    {
                        "name": "r-matrixstats",
                        "specs": []
                    },
                    {
                        "name": "r-mgcv",
                        "specs": []
                    }
                ]
            },
            "description": null,
            "distribution_type": "conda",
            "download_url": "//api.anaconda.org/download/bioconda/bioconductor-sva/3.30.0/linux-64/bioconductor-sva-3.30.0-r351h14c3975_0.tar.bz2",
            "full_name": "bioconda/bioconductor-sva/3.30.0/linux-64/bioconductor-sva-3.30.0-r351h14c3975_0.tar.bz2",
            "labels": [
                "gcc7",
                "main"
            ],
            "md5": "5c96a138dab23448a9f7c5a4e3fd6cea",
            "ndownloads": 821,
            "owner": "bioconda",
            "size": 458517,
            "type": "conda",
            "upload_time": "2019-01-01 09:41:11.481000+00:00",
            "version": "3.30.0"
        },
        {
            "attrs": {
                "arch": "x86_64",
                "build": "r351h14c3975_0",
                "build_number": 0,
                "depends": [
                    "bioconductor-biocparallel >=1.16.0,<1.17.0",
                    "bioconductor-genefilter >=1.64.0,<1.65.0",
                    "bioconductor-limma >=3.38.0,<3.39.0",
                    "libgcc-ng >=7.3.0",
                    "r-base >=3.5.1,<3.5.2.0a0",
                    "r-matrixstats",
                    "r-mgcv"
                ],
                "has_prefix": false,
                "license": "Artistic-2.0",
                "machine": "x86_64",
                "operatingsystem": "linux",
                "platform": "linux",
                "subdir": "linux-64",
                "target-triplet": "x86_64-any-linux",
                "timestamp": 1557555463705
            },
            "basename": "linux-64/bioconductor-sva-3.30.1-r351h14c3975_0.tar.bz2",
            "dependencies": {
                "depends": [
                    {
                        "name": "bioconductor-biocparallel",
                        "specs": [
                            [
                                ">=",
                                "1.16.0,<1.17.0"
                            ]
                        ]
                    },
                    {
                        "name": "bioconductor-genefilter",
                        "specs": [
                            [
                                ">=",
                                "1.64.0,<1.65.0"
                            ]
                        ]
                    },
                    {
                        "name": "bioconductor-limma",
                        "specs": [
                            [
                                ">=",
                                "3.38.0,<3.39.0"
                            ]
                        ]
                    },
                    {
                        "name": "libgcc-ng",
                        "specs": [
                            [
                                ">=",
                                "7.3.0"
                            ]
                        ]
                    },
                    {
                        "name": "r-base",
                        "specs": [
                            [
                                ">=",
                                "3.5.1,<3.5.2.0a0"
                            ]
                        ]
                    },
                    {
                        "name": "r-matrixstats",
                        "specs": []
                    },
                    {
                        "name": "r-mgcv",
                        "specs": []
                    }
                ]
            },
            "description": null,
            "distribution_type": "conda",
            "download_url": "//api.anaconda.org/download/bioconda/bioconductor-sva/3.30.1/linux-64/bioconductor-sva-3.30.1-r351h14c3975_0.tar.bz2",
            "full_name": "bioconda/bioconductor-sva/3.30.1/linux-64/bioconductor-sva-3.30.1-r351h14c3975_0.tar.bz2",
            "labels": [
                "main"
            ],
            "md5": "62003d6203babdccbbf4c6b2186ceb05",
            "ndownloads": 645,
            "owner": "bioconda",
            "size": 462101,
            "type": "conda",
            "upload_time": "2019-05-11 16:45:34.709000+00:00",
            "version": "3.30.1"
        },
        {
            "attrs": {
                "arch": "x86_64",
                "build": "r351h1de35cc_0",
                "build_number": 0,
                "depends": [
                    "bioconductor-biocparallel >=1.16.0,<1.17.0",
                    "bioconductor-genefilter >=1.64.0,<1.65.0",
                    "bioconductor-limma >=3.38.0,<3.39.0",
                    "r-base >=3.5.1,<3.5.2.0a0",
                    "r-matrixstats",
                    "r-mgcv"
                ],
                "has_prefix": true,
                "license": "Artistic-2.0",
                "machine": "x86_64",
                "operatingsystem": "darwin",
                "platform": "osx",
                "subdir": "osx-64",
                "target-triplet": "x86_64-any-darwin",
                "timestamp": 1557557500924
            },
            "basename": "osx-64/bioconductor-sva-3.30.1-r351h1de35cc_0.tar.bz2",
            "dependencies": {
                "depends": [
                    {
                        "name": "bioconductor-biocparallel",
                        "specs": [
                            [
                                ">=",
                                "1.16.0,<1.17.0"
                            ]
                        ]
                    },
                    {
                        "name": "bioconductor-genefilter",
                        "specs": [
                            [
                                ">=",
                                "1.64.0,<1.65.0"
                            ]
                        ]
                    },
                    {
                        "name": "bioconductor-limma",
                        "specs": [
                            [
                                ">=",
                                "3.38.0,<3.39.0"
                            ]
                        ]
                    },
                    {
                        "name": "r-base",
                        "specs": [
                            [
                                ">=",
                                "3.5.1,<3.5.2.0a0"
                            ]
                        ]
                    },
                    {
                        "name": "r-matrixstats",
                        "specs": []
                    },
                    {
                        "name": "r-mgcv",
                        "specs": []
                    }
                ]
            },
            "description": null,
            "distribution_type": "conda",
            "download_url": "//api.anaconda.org/download/bioconda/bioconductor-sva/3.30.1/osx-64/bioconductor-sva-3.30.1-r351h1de35cc_0.tar.bz2",
            "full_name": "bioconda/bioconductor-sva/3.30.1/osx-64/bioconductor-sva-3.30.1-r351h1de35cc_0.tar.bz2",
            "labels": [
                "main"
            ],
            "md5": "225d6e35c8287fc96e7b395ca7f4d394",
            "ndownloads": 642,
            "owner": "bioconda",
            "size": 460073,
            "type": "conda",
            "upload_time": "2019-05-11 16:45:37.285000+00:00",
            "version": "3.30.1"
        },
        {
            "attrs": {
                "arch": "x86_64",
                "build": "r36h01d97ff_0",
                "build_number": 0,
                "depends": [
                    "bioconductor-biocparallel >=1.18.0,<1.19.0",
                    "bioconductor-genefilter >=1.66.0,<1.67.0",
                    "bioconductor-limma >=3.40.0,<3.41.0",
                    "r-base >=3.6,<3.7.0a0",
                    "r-matrixstats",
                    "r-mgcv"
                ],
                "has_prefix": true,
                "license": "Artistic-2.0",
                "machine": "x86_64",
                "operatingsystem": "darwin",
                "platform": "osx",
                "subdir": "osx-64",
                "target-triplet": "x86_64-any-darwin",
                "timestamp": 1563598196307
            },
            "basename": "osx-64/bioconductor-sva-3.32.1-r36h01d97ff_0.tar.bz2",
            "dependencies": {
                "depends": [
                    {
                        "name": "bioconductor-biocparallel",
                        "specs": [
                            [
                                ">=",
                                "1.18.0,<1.19.0"
                            ]
                        ]
                    },
                    {
                        "name": "bioconductor-genefilter",
                        "specs": [
                            [
                                ">=",
                                "1.66.0,<1.67.0"
                            ]
                        ]
                    },
                    {
                        "name": "bioconductor-limma",
                        "specs": [
                            [
                                ">=",
                                "3.40.0,<3.41.0"
                            ]
                        ]
                    },
                    {
                        "name": "r-base",
                        "specs": [
                            [
                                ">=",
                                "3.6,<3.7.0a0"
                            ]
                        ]
                    },
                    {
                        "name": "r-matrixstats",
                        "specs": []
                    },
                    {
                        "name": "r-mgcv",
                        "specs": []
                    }
                ]
            },
            "description": null,
            "distribution_type": "conda",
            "download_url": "//api.anaconda.org/download/bioconda/bioconductor-sva/3.32.1/osx-64/bioconductor-sva-3.32.1-r36h01d97ff_0.tar.bz2",
            "full_name": "bioconda/bioconductor-sva/3.32.1/osx-64/bioconductor-sva-3.32.1-r36h01d97ff_0.tar.bz2",
            "labels": [
                "main"
            ],
            "md5": "67c8c718b6989a1c856e8374a4c7fad4",
            "ndownloads": 464,
            "owner": "bioconda",
            "size": 459805,
            "type": "conda",
            "upload_time": "2019-07-20 04:50:54.335000+00:00",
            "version": "3.32.1"
        },
        {
            "attrs": {
                "arch": "x86_64",
                "build": "r36h516909a_0",
                "build_number": 0,
                "depends": [
                    "bioconductor-biocparallel >=1.18.0,<1.19.0",
                    "bioconductor-genefilter >=1.66.0,<1.67.0",
                    "bioconductor-limma >=3.40.0,<3.41.0",
                    "libgcc-ng >=7.3.0",
                    "r-base >=3.6,<3.7.0a0",
                    "r-matrixstats",
                    "r-mgcv"
                ],
                "has_prefix": false,
                "license": "Artistic-2.0",
                "machine": "x86_64",
                "operatingsystem": "linux",
                "platform": "linux",
                "subdir": "linux-64",
                "target-triplet": "x86_64-any-linux",
                "timestamp": 1564294660774
            },
            "basename": "linux-64/bioconductor-sva-3.32.1-r36h516909a_0.tar.bz2",
            "dependencies": {
                "depends": [
                    {
                        "name": "bioconductor-biocparallel",
                        "specs": [
                            [
                                ">=",
                                "1.18.0,<1.19.0"
                            ]
                        ]
                    },
                    {
                        "name": "bioconductor-genefilter",
                        "specs": [
                            [
                                ">=",
                                "1.66.0,<1.67.0"
                            ]
                        ]
                    },
                    {
                        "name": "bioconductor-limma",
                        "specs": [
                            [
                                ">=",
                                "3.40.0,<3.41.0"
                            ]
                        ]
                    },
                    {
                        "name": "libgcc-ng",
                        "specs": [
                            [
                                ">=",
                                "7.3.0"
                            ]
                        ]
                    },
                    {
                        "name": "r-base",
                        "specs": [
                            [
                                ">=",
                                "3.6,<3.7.0a0"
                            ]
                        ]
                    },
                    {
                        "name": "r-matrixstats",
                        "specs": []
                    },
                    {
                        "name": "r-mgcv",
                        "specs": []
                    }
                ]
            },
            "description": null,
            "distribution_type": "conda",
            "download_url": "//api.anaconda.org/download/bioconda/bioconductor-sva/3.32.1/linux-64/bioconductor-sva-3.32.1-r36h516909a_0.tar.bz2",
            "full_name": "bioconda/bioconductor-sva/3.32.1/linux-64/bioconductor-sva-3.32.1-r36h516909a_0.tar.bz2",
            "labels": [
                "main"
            ],
            "md5": "2646b0c571382bbc6479e8061ed3e5e3",
            "ndownloads": 548,
            "owner": "bioconda",
            "size": 460527,
            "type": "conda",
            "upload_time": "2019-07-28 06:22:48.879000+00:00",
            "version": "3.32.1"
        },
        {
            "attrs": {
                "arch": "x86_64",
                "build": "r36h01d97ff_0",
                "build_number": 0,
                "depends": [
                    "bioconductor-biocparallel >=1.20.0,<1.21.0",
                    "bioconductor-genefilter >=1.68.0,<1.69.0",
                    "bioconductor-limma >=3.42.0,<3.43.0",
                    "r-base >=3.6,<3.7.0a0",
                    "r-matrixstats",
                    "r-mgcv"
                ],
                "has_prefix": true,
                "license": "Artistic-2.0",
                "machine": "x86_64",
                "operatingsystem": "darwin",
                "platform": "osx",
                "subdir": "osx-64",
                "target-triplet": "x86_64-any-darwin",
                "timestamp": 1572612321837
            },
            "basename": "osx-64/bioconductor-sva-3.34.0-r36h01d97ff_0.tar.bz2",
            "dependencies": {
                "depends": [
                    {
                        "name": "bioconductor-biocparallel",
                        "specs": [
                            [
                                ">=",
                                "1.20.0,<1.21.0"
                            ]
                        ]
                    },
                    {
                        "name": "bioconductor-genefilter",
                        "specs": [
                            [
                                ">=",
                                "1.68.0,<1.69.0"
                            ]
                        ]
                    },
                    {
                        "name": "bioconductor-limma",
                        "specs": [
                            [
                                ">=",
                                "3.42.0,<3.43.0"
                            ]
                        ]
                    },
                    {
                        "name": "r-base",
                        "specs": [
                            [
                                ">=",
                                "3.6,<3.7.0a0"
                            ]
                        ]
                    },
                    {
                        "name": "r-matrixstats",
                        "specs": []
                    },
                    {
                        "name": "r-mgcv",
                        "specs": []
                    }
                ]
            },
            "description": null,
            "distribution_type": "conda",
            "download_url": "//api.anaconda.org/download/bioconda/bioconductor-sva/3.34.0/osx-64/bioconductor-sva-3.34.0-r36h01d97ff_0.tar.bz2",
            "full_name": "bioconda/bioconductor-sva/3.34.0/osx-64/bioconductor-sva-3.34.0-r36h01d97ff_0.tar.bz2",
            "labels": [
                "main"
            ],
            "md5": "68ab93268314215ef576c80fb6bf6158",
            "ndownloads": 203,
            "owner": "bioconda",
            "size": 459727,
            "type": "conda",
            "upload_time": "2019-11-01 12:46:28.587000+00:00",
            "version": "3.34.0"
        },
        {
            "attrs": {
                "arch": "x86_64",
                "build": "r36h516909a_0",
                "build_number": 0,
                "depends": [
                    "bioconductor-biocparallel >=1.20.0,<1.21.0",
                    "bioconductor-genefilter >=1.68.0,<1.69.0",
                    "bioconductor-limma >=3.42.0,<3.43.0",
                    "libgcc-ng >=7.3.0",
                    "r-base >=3.6,<3.7.0a0",
                    "r-matrixstats",
                    "r-mgcv"
                ],
                "has_prefix": false,
                "license": "Artistic-2.0",
                "machine": "x86_64",
                "operatingsystem": "linux",
                "platform": "linux",
                "subdir": "linux-64",
                "target-triplet": "x86_64-any-linux",
                "timestamp": 1572779967591
            },
            "basename": "linux-64/bioconductor-sva-3.34.0-r36h516909a_0.tar.bz2",
            "dependencies": {
                "depends": [
                    {
                        "name": "bioconductor-biocparallel",
                        "specs": [
                            [
                                ">=",
                                "1.20.0,<1.21.0"
                            ]
                        ]
                    },
                    {
                        "name": "bioconductor-genefilter",
                        "specs": [
                            [
                                ">=",
                                "1.68.0,<1.69.0"
                            ]
                        ]
                    },
                    {
                        "name": "bioconductor-limma",
                        "specs": [
                            [
                                ">=",
                                "3.42.0,<3.43.0"
                            ]
                        ]
                    },
                    {
                        "name": "libgcc-ng",
                        "specs": [
                            [
                                ">=",
                                "7.3.0"
                            ]
                        ]
                    },
                    {
                        "name": "r-base",
                        "specs": [
                            [
                                ">=",
                                "3.6,<3.7.0a0"
                            ]
                        ]
                    },
                    {
                        "name": "r-matrixstats",
                        "specs": []
                    },
                    {
                        "name": "r-mgcv",
                        "specs": []
                    }
                ]
            },
            "description": null,
            "distribution_type": "conda",
            "download_url": "//api.anaconda.org/download/bioconda/bioconductor-sva/3.34.0/linux-64/bioconductor-sva-3.34.0-r36h516909a_0.tar.bz2",
            "full_name": "bioconda/bioconductor-sva/3.34.0/linux-64/bioconductor-sva-3.34.0-r36h516909a_0.tar.bz2",
            "labels": [
                "main"
            ],
            "md5": "8ef3e565e5bbb8fb832704d6e0eaca3b",
            "ndownloads": 215,
            "owner": "bioconda",
            "size": 464920,
            "type": "conda",
            "upload_time": "2019-11-03 11:24:51.825000+00:00",
            "version": "3.34.0"
        }
    ],
    "full_name": "bioconda/bioconductor-sva",
    "home": "None",
    "html_url": "http://anaconda.org/bioconda/bioconductor-sva",
    "id": "563d7df71ff7c555998dc27f",
    "latest_version": "3.34.0",
    "license": "Artistic-2.0",
    "license_url": null,
    "modified_at": "2019-11-03 11:24:52.106000+00:00",
    "name": "bioconductor-sva",
    "owner": {
        "company": "",
        "created_at": "2015-09-11 22:59:20.880000+00:00",
        "description": "Bioconda is a distribution of bioinformatics software realized as a channel for the versatile Conda package manager.",
        "location": "",
        "login": "bioconda",
        "name": "bioconda",
        "url": "",
        "user_type": "org"
    },
    "package_types": [
        "conda"
    ],
    "public": true,
    "releases": [
        {
            "distributions": [
                "linux-64/bioconductor-sva-3.18.0-0.tar.bz2"
            ],
            "full_name": "bioconda/bioconductor-sva/3.18.0",
            "version": "3.18.0"
        },
        {
            "distributions": [
                "linux-64/bioconductor-sva-3.15.0-0.tar.bz2",
                "osx-64/bioconductor-sva-3.15.0-0.tar.bz2"
            ],
            "full_name": "bioconda/bioconductor-sva/3.15.0",
            "version": "3.15.0"
        },
        {
            "distributions": [],
            "full_name": "bioconda/bioconductor-sva/3.20.0",
            "version": "3.20.0"
        },
        {
            "distributions": [],
            "full_name": "bioconda/bioconductor-sva/3.24.4",
            "version": "3.24.4"
        },
        {
            "distributions": [],
            "full_name": "bioconda/bioconductor-sva/3.26.0",
            "version": "3.26.0"
        },
        {
            "distributions": [],
            "full_name": "bioconda/bioconductor-sva/3.28.0",
            "version": "3.28.0"
        },
        {
            "distributions": [],
            "full_name": "bioconda/bioconductor-sva/3.30.0",
            "version": "3.30.0"
        },
        {
            "distributions": [],
            "full_name": "bioconda/bioconductor-sva/3.30.1",
            "version": "3.30.1"
        },
        {
            "distributions": [],
            "full_name": "bioconda/bioconductor-sva/3.32.1",
            "version": "3.32.1"
        },
        {
            "distributions": [],
            "full_name": "bioconda/bioconductor-sva/3.34.0",
            "version": "3.34.0"
        }
    ],
    "revision": 20,
    "source_git_tag": null,
    "source_git_url": null,
    "summary": "Surrogate Variable Analysis",
    "upvoted": 0,
    "url": "http://api.anaconda.org/packages/bioconda/bioconductor-sva",
    "versions": [
        "3.18.0",
        "3.15.0",
        "3.20.0",
        "3.24.4",
        "3.26.0",
        "3.28.0",
        "3.30.0",
        "3.30.1",
        "3.32.1",
        "3.34.0"
    ],
    "watchers": 1
}