{
    "app_entry": {},
    "app_summary": {},
    "app_type": {},
    "builds": [
        "r351_0",
        "r36_1",
        "r36_0",
        "r3.3.2_0",
        "r3.4.1_0"
    ],
    "conda_platforms": [
        "linux-64",
        "noarch",
        "osx-64"
    ],
    "created_at": "2017-08-19 15:14:55.162000+00:00",
    "description": "Mean Log P Analysis",
    "dev_url": null,
    "doc_url": null,
    "files": [
        {
            "attrs": {
                "arch": "x86_64",
                "build": "r3.3.2_0",
                "build_number": 0,
                "depends": [
                    "bioconductor-affy",
                    "bioconductor-annotationdbi",
                    "r-base 3.3.2*",
                    "r-gdata",
                    "r-gmodels",
                    "r-gplots",
                    "r-gtools",
                    "r-plotrix"
                ],
                "has_prefix": false,
                "license": "GPL-3",
                "machine": "x86_64",
                "operatingsystem": "darwin",
                "platform": "osx",
                "subdir": "osx-64",
                "target-triplet": "x86_64-any-darwin"
            },
            "basename": "osx-64/bioconductor-mlp-1.24.0-r3.3.2_0.tar.bz2",
            "dependencies": {
                "depends": [
                    {
                        "name": "bioconductor-affy",
                        "specs": []
                    },
                    {
                        "name": "bioconductor-annotationdbi",
                        "specs": []
                    },
                    {
                        "name": "r-base",
                        "specs": [
                            [
                                "==",
                                "3.3.2"
                            ]
                        ]
                    },
                    {
                        "name": "r-gdata",
                        "specs": []
                    },
                    {
                        "name": "r-gmodels",
                        "specs": []
                    },
                    {
                        "name": "r-gplots",
                        "specs": []
                    },
                    {
                        "name": "r-gtools",
                        "specs": []
                    },
                    {
                        "name": "r-plotrix",
                        "specs": []
                    }
                ]
            },
            "description": null,
            "distribution_type": "conda",
            "download_url": "//api.anaconda.org/download/bioconda/bioconductor-mlp/1.24.0/osx-64/bioconductor-mlp-1.24.0-r3.3.2_0.tar.bz2",
            "full_name": "bioconda/bioconductor-mlp/1.24.0/osx-64/bioconductor-mlp-1.24.0-r3.3.2_0.tar.bz2",
            "labels": [
                "main",
                "cf201901"
            ],
            "md5": "f03a17b26c47caa50861bc8fa4b88d4f",
            "ndownloads": 271,
            "owner": "bioconda",
            "size": 4478303,
            "type": "conda",
            "upload_time": "2017-08-19 15:14:55.639000+00:00",
            "version": "1.24.0"
        },
        {
            "attrs": {
                "arch": "x86_64",
                "build": "r3.3.2_0",
                "build_number": 0,
                "depends": [
                    "bioconductor-affy",
                    "bioconductor-annotationdbi",
                    "r-base 3.3.2*",
                    "r-gdata",
                    "r-gmodels",
                    "r-gplots",
                    "r-gtools",
                    "r-plotrix"
                ],
                "has_prefix": false,
                "license": "GPL-3",
                "machine": "x86_64",
                "operatingsystem": "linux",
                "platform": "linux",
                "subdir": "linux-64",
                "target-triplet": "x86_64-any-linux"
            },
            "basename": "linux-64/bioconductor-mlp-1.24.0-r3.3.2_0.tar.bz2",
            "dependencies": {
                "depends": [
                    {
                        "name": "bioconductor-affy",
                        "specs": []
                    },
                    {
                        "name": "bioconductor-annotationdbi",
                        "specs": []
                    },
                    {
                        "name": "r-base",
                        "specs": [
                            [
                                "==",
                                "3.3.2"
                            ]
                        ]
                    },
                    {
                        "name": "r-gdata",
                        "specs": []
                    },
                    {
                        "name": "r-gmodels",
                        "specs": []
                    },
                    {
                        "name": "r-gplots",
                        "specs": []
                    },
                    {
                        "name": "r-gtools",
                        "specs": []
                    },
                    {
                        "name": "r-plotrix",
                        "specs": []
                    }
                ]
            },
            "description": null,
            "distribution_type": "conda",
            "download_url": "//api.anaconda.org/download/bioconda/bioconductor-mlp/1.24.0/linux-64/bioconductor-mlp-1.24.0-r3.3.2_0.tar.bz2",
            "full_name": "bioconda/bioconductor-mlp/1.24.0/linux-64/bioconductor-mlp-1.24.0-r3.3.2_0.tar.bz2",
            "labels": [
                "main",
                "cf201901"
            ],
            "md5": "781b99ca1fc5bfe4860f3b63c9079b7b",
            "ndownloads": 415,
            "owner": "bioconda",
            "size": 4478595,
            "type": "conda",
            "upload_time": "2017-08-19 15:17:18.080000+00:00",
            "version": "1.24.0"
        },
        {
            "attrs": {
                "arch": "x86_64",
                "build": "r3.4.1_0",
                "build_number": 0,
                "depends": [
                    "bioconductor-affy",
                    "bioconductor-annotationdbi",
                    "r-base 3.4.1*",
                    "r-gdata",
                    "r-gmodels",
                    "r-gplots",
                    "r-gtools",
                    "r-plotrix"
                ],
                "has_prefix": false,
                "license": "GPL-3",
                "machine": "x86_64",
                "operatingsystem": "linux",
                "platform": "linux",
                "subdir": "linux-64",
                "target-triplet": "x86_64-any-linux"
            },
            "basename": "linux-64/bioconductor-mlp-1.24.0-r3.4.1_0.tar.bz2",
            "dependencies": {
                "depends": [
                    {
                        "name": "bioconductor-affy",
                        "specs": []
                    },
                    {
                        "name": "bioconductor-annotationdbi",
                        "specs": []
                    },
                    {
                        "name": "r-base",
                        "specs": [
                            [
                                "==",
                                "3.4.1"
                            ]
                        ]
                    },
                    {
                        "name": "r-gdata",
                        "specs": []
                    },
                    {
                        "name": "r-gmodels",
                        "specs": []
                    },
                    {
                        "name": "r-gplots",
                        "specs": []
                    },
                    {
                        "name": "r-gtools",
                        "specs": []
                    },
                    {
                        "name": "r-plotrix",
                        "specs": []
                    }
                ]
            },
            "description": null,
            "distribution_type": "conda",
            "download_url": "//api.anaconda.org/download/bioconda/bioconductor-mlp/1.24.0/linux-64/bioconductor-mlp-1.24.0-r3.4.1_0.tar.bz2",
            "full_name": "bioconda/bioconductor-mlp/1.24.0/linux-64/bioconductor-mlp-1.24.0-r3.4.1_0.tar.bz2",
            "labels": [
                "main",
                "cf201901"
            ],
            "md5": "287261ca0948d540da51f6ea6975c17e",
            "ndownloads": 533,
            "owner": "bioconda",
            "size": 4479010,
            "type": "conda",
            "upload_time": "2017-09-19 12:22:47.811000+00:00",
            "version": "1.24.0"
        },
        {
            "attrs": {
                "arch": "x86_64",
                "build": "r3.4.1_0",
                "build_number": 0,
                "depends": [
                    "bioconductor-affy",
                    "bioconductor-annotationdbi",
                    "r-base 3.4.1*",
                    "r-gdata",
                    "r-gmodels",
                    "r-gplots",
                    "r-gtools",
                    "r-plotrix"
                ],
                "has_prefix": false,
                "license": "GPL-3",
                "machine": "x86_64",
                "operatingsystem": "darwin",
                "platform": "osx",
                "subdir": "osx-64",
                "target-triplet": "x86_64-any-darwin"
            },
            "basename": "osx-64/bioconductor-mlp-1.24.0-r3.4.1_0.tar.bz2",
            "dependencies": {
                "depends": [
                    {
                        "name": "bioconductor-affy",
                        "specs": []
                    },
                    {
                        "name": "bioconductor-annotationdbi",
                        "specs": []
                    },
                    {
                        "name": "r-base",
                        "specs": [
                            [
                                "==",
                                "3.4.1"
                            ]
                        ]
                    },
                    {
                        "name": "r-gdata",
                        "specs": []
                    },
                    {
                        "name": "r-gmodels",
                        "specs": []
                    },
                    {
                        "name": "r-gplots",
                        "specs": []
                    },
                    {
                        "name": "r-gtools",
                        "specs": []
                    },
                    {
                        "name": "r-plotrix",
                        "specs": []
                    }
                ]
            },
            "description": null,
            "distribution_type": "conda",
            "download_url": "//api.anaconda.org/download/bioconda/bioconductor-mlp/1.24.0/osx-64/bioconductor-mlp-1.24.0-r3.4.1_0.tar.bz2",
            "full_name": "bioconda/bioconductor-mlp/1.24.0/osx-64/bioconductor-mlp-1.24.0-r3.4.1_0.tar.bz2",
            "labels": [
                "main",
                "cf201901"
            ],
            "md5": "f550cd9ffba1a4c074a9c04b2b9522a9",
            "ndownloads": 525,
            "owner": "bioconda",
            "size": 4478627,
            "type": "conda",
            "upload_time": "2017-09-21 09:30:20.223000+00:00",
            "version": "1.24.0"
        },
        {
            "attrs": {
                "arch": "x86_64",
                "build": "r3.4.1_0",
                "build_number": 0,
                "depends": [
                    "bioconductor-affy",
                    "bioconductor-annotationdbi",
                    "r-base 3.4.1*",
                    "r-gdata",
                    "r-gmodels",
                    "r-gplots",
                    "r-gtools",
                    "r-plotrix"
                ],
                "has_prefix": false,
                "license": "GPL-3",
                "machine": "x86_64",
                "operatingsystem": "darwin",
                "platform": "osx",
                "subdir": "osx-64",
                "target-triplet": "x86_64-any-darwin"
            },
            "basename": "osx-64/bioconductor-mlp-1.26.0-r3.4.1_0.tar.bz2",
            "dependencies": {
                "depends": [
                    {
                        "name": "bioconductor-affy",
                        "specs": []
                    },
                    {
                        "name": "bioconductor-annotationdbi",
                        "specs": []
                    },
                    {
                        "name": "r-base",
                        "specs": [
                            [
                                "==",
                                "3.4.1"
                            ]
                        ]
                    },
                    {
                        "name": "r-gdata",
                        "specs": []
                    },
                    {
                        "name": "r-gmodels",
                        "specs": []
                    },
                    {
                        "name": "r-gplots",
                        "specs": []
                    },
                    {
                        "name": "r-gtools",
                        "specs": []
                    },
                    {
                        "name": "r-plotrix",
                        "specs": []
                    }
                ]
            },
            "description": null,
            "distribution_type": "conda",
            "download_url": "//api.anaconda.org/download/bioconda/bioconductor-mlp/1.26.0/osx-64/bioconductor-mlp-1.26.0-r3.4.1_0.tar.bz2",
            "full_name": "bioconda/bioconductor-mlp/1.26.0/osx-64/bioconductor-mlp-1.26.0-r3.4.1_0.tar.bz2",
            "labels": [
                "main",
                "cf201901"
            ],
            "md5": "92eb012d9499a2aa501192d9ef5d8404",
            "ndownloads": 763,
            "owner": "bioconda",
            "size": 4478823,
            "type": "conda",
            "upload_time": "2017-11-07 16:09:17.803000+00:00",
            "version": "1.26.0"
        },
        {
            "attrs": {
                "arch": "x86_64",
                "build": "r3.4.1_0",
                "build_number": 0,
                "depends": [
                    "bioconductor-affy",
                    "bioconductor-annotationdbi",
                    "r-base 3.4.1*",
                    "r-gdata",
                    "r-gmodels",
                    "r-gplots",
                    "r-gtools",
                    "r-plotrix"
                ],
                "has_prefix": false,
                "license": "GPL-3",
                "machine": "x86_64",
                "operatingsystem": "linux",
                "platform": "linux",
                "subdir": "linux-64",
                "target-triplet": "x86_64-any-linux"
            },
            "basename": "linux-64/bioconductor-mlp-1.26.0-r3.4.1_0.tar.bz2",
            "dependencies": {
                "depends": [
                    {
                        "name": "bioconductor-affy",
                        "specs": []
                    },
                    {
                        "name": "bioconductor-annotationdbi",
                        "specs": []
                    },
                    {
                        "name": "r-base",
                        "specs": [
                            [
                                "==",
                                "3.4.1"
                            ]
                        ]
                    },
                    {
                        "name": "r-gdata",
                        "specs": []
                    },
                    {
                        "name": "r-gmodels",
                        "specs": []
                    },
                    {
                        "name": "r-gplots",
                        "specs": []
                    },
                    {
                        "name": "r-gtools",
                        "specs": []
                    },
                    {
                        "name": "r-plotrix",
                        "specs": []
                    }
                ]
            },
            "description": null,
            "distribution_type": "conda",
            "download_url": "//api.anaconda.org/download/bioconda/bioconductor-mlp/1.26.0/linux-64/bioconductor-mlp-1.26.0-r3.4.1_0.tar.bz2",
            "full_name": "bioconda/bioconductor-mlp/1.26.0/linux-64/bioconductor-mlp-1.26.0-r3.4.1_0.tar.bz2",
            "labels": [
                "main",
                "cf201901"
            ],
            "md5": "840d5499b2921b4a11e2a745b34afc8f",
            "ndownloads": 566,
            "owner": "bioconda",
            "size": 4479172,
            "type": "conda",
            "upload_time": "2017-11-10 17:10:57.237000+00:00",
            "version": "1.26.0"
        },
        {
            "attrs": {
                "arch": "x86_64",
                "build": "r351_0",
                "build_number": 0,
                "depends": [
                    "bioconductor-affy >=1.58.0,<1.60.0",
                    "bioconductor-annotationdbi >=1.42.1,<1.44.0",
                    "r-base >=3.5.1,<3.5.2.0a0",
                    "r-gdata",
                    "r-gmodels",
                    "r-gplots",
                    "r-gtools",
                    "r-plotrix"
                ],
                "has_prefix": false,
                "license": "GPL-3",
                "machine": "x86_64",
                "operatingsystem": "darwin",
                "platform": "osx",
                "subdir": "osx-64",
                "target-triplet": "x86_64-any-darwin",
                "timestamp": 1540492656574
            },
            "basename": "osx-64/bioconductor-mlp-1.28.0-r351_0.tar.bz2",
            "dependencies": {
                "depends": [
                    {
                        "name": "bioconductor-affy",
                        "specs": [
                            [
                                ">=",
                                "1.58.0,<1.60.0"
                            ]
                        ]
                    },
                    {
                        "name": "bioconductor-annotationdbi",
                        "specs": [
                            [
                                ">=",
                                "1.42.1,<1.44.0"
                            ]
                        ]
                    },
                    {
                        "name": "r-base",
                        "specs": [
                            [
                                ">=",
                                "3.5.1,<3.5.2.0a0"
                            ]
                        ]
                    },
                    {
                        "name": "r-gdata",
                        "specs": []
                    },
                    {
                        "name": "r-gmodels",
                        "specs": []
                    },
                    {
                        "name": "r-gplots",
                        "specs": []
                    },
                    {
                        "name": "r-gtools",
                        "specs": []
                    },
                    {
                        "name": "r-plotrix",
                        "specs": []
                    }
                ]
            },
            "description": null,
            "distribution_type": "conda",
            "download_url": "//api.anaconda.org/download/bioconda/bioconductor-mlp/1.28.0/osx-64/bioconductor-mlp-1.28.0-r351_0.tar.bz2",
            "full_name": "bioconda/bioconductor-mlp/1.28.0/osx-64/bioconductor-mlp-1.28.0-r351_0.tar.bz2",
            "labels": [
                "main",
                "cf201901"
            ],
            "md5": "08e596581f95cda572aa5ada07ee98a6",
            "ndownloads": 760,
            "owner": "bioconda",
            "size": 4512313,
            "type": "conda",
            "upload_time": "2018-10-25 18:38:49.577000+00:00",
            "version": "1.28.0"
        },
        {
            "attrs": {
                "arch": "x86_64",
                "build": "r351_0",
                "build_number": 0,
                "depends": [
                    "bioconductor-affy >=1.58.0,<1.60.0",
                    "bioconductor-annotationdbi >=1.42.1,<1.44.0",
                    "r-base >=3.5.1,<3.5.2.0a0",
                    "r-gdata",
                    "r-gmodels",
                    "r-gplots",
                    "r-gtools",
                    "r-plotrix"
                ],
                "has_prefix": false,
                "license": "GPL-3",
                "machine": "x86_64",
                "operatingsystem": "linux",
                "platform": "linux",
                "subdir": "linux-64",
                "target-triplet": "x86_64-any-linux",
                "timestamp": 1540668420547
            },
            "basename": "linux-64/bioconductor-mlp-1.28.0-r351_0.tar.bz2",
            "dependencies": {
                "depends": [
                    {
                        "name": "bioconductor-affy",
                        "specs": [
                            [
                                ">=",
                                "1.58.0,<1.60.0"
                            ]
                        ]
                    },
                    {
                        "name": "bioconductor-annotationdbi",
                        "specs": [
                            [
                                ">=",
                                "1.42.1,<1.44.0"
                            ]
                        ]
                    },
                    {
                        "name": "r-base",
                        "specs": [
                            [
                                ">=",
                                "3.5.1,<3.5.2.0a0"
                            ]
                        ]
                    },
                    {
                        "name": "r-gdata",
                        "specs": []
                    },
                    {
                        "name": "r-gmodels",
                        "specs": []
                    },
                    {
                        "name": "r-gplots",
                        "specs": []
                    },
                    {
                        "name": "r-gtools",
                        "specs": []
                    },
                    {
                        "name": "r-plotrix",
                        "specs": []
                    }
                ]
            },
            "description": null,
            "distribution_type": "conda",
            "download_url": "//api.anaconda.org/download/bioconda/bioconductor-mlp/1.28.0/linux-64/bioconductor-mlp-1.28.0-r351_0.tar.bz2",
            "full_name": "bioconda/bioconductor-mlp/1.28.0/linux-64/bioconductor-mlp-1.28.0-r351_0.tar.bz2",
            "labels": [
                "main",
                "cf201901"
            ],
            "md5": "7fa85dc55d5f7a2dede8c5aefbadaa79",
            "ndownloads": 249,
            "owner": "bioconda",
            "size": 4511777,
            "type": "conda",
            "upload_time": "2018-10-27 19:29:50.527000+00:00",
            "version": "1.28.0"
        },
        {
            "attrs": {
                "arch": null,
                "build": "r351_0",
                "build_number": 0,
                "depends": [
                    "bioconductor-affy >=1.60.0,<1.61.0",
                    "bioconductor-annotationdbi >=1.44.0,<1.45.0",
                    "r-base >=3.5.1,<3.5.2.0a0",
                    "r-gdata",
                    "r-gmodels",
                    "r-gplots",
                    "r-gtools",
                    "r-plotrix"
                ],
                "has_prefix": false,
                "license": "GPL-3",
                "machine": null,
                "noarch": "generic",
                "operatingsystem": null,
                "platform": null,
                "subdir": "noarch",
                "target-triplet": "None-any-None",
                "timestamp": 1546615517287
            },
            "basename": "noarch/bioconductor-mlp-1.30.0-r351_0.tar.bz2",
            "dependencies": {
                "depends": [
                    {
                        "name": "bioconductor-affy",
                        "specs": [
                            [
                                ">=",
                                "1.60.0,<1.61.0"
                            ]
                        ]
                    },
                    {
                        "name": "bioconductor-annotationdbi",
                        "specs": [
                            [
                                ">=",
                                "1.44.0,<1.45.0"
                            ]
                        ]
                    },
                    {
                        "name": "r-base",
                        "specs": [
                            [
                                ">=",
                                "3.5.1,<3.5.2.0a0"
                            ]
                        ]
                    },
                    {
                        "name": "r-gdata",
                        "specs": []
                    },
                    {
                        "name": "r-gmodels",
                        "specs": []
                    },
                    {
                        "name": "r-gplots",
                        "specs": []
                    },
                    {
                        "name": "r-gtools",
                        "specs": []
                    },
                    {
                        "name": "r-plotrix",
                        "specs": []
                    }
                ]
            },
            "description": null,
            "distribution_type": "conda",
            "download_url": "//api.anaconda.org/download/bioconda/bioconductor-mlp/1.30.0/noarch/bioconductor-mlp-1.30.0-r351_0.tar.bz2",
            "full_name": "bioconda/bioconductor-mlp/1.30.0/noarch/bioconductor-mlp-1.30.0-r351_0.tar.bz2",
            "labels": [
                "gcc7",
                "main"
            ],
            "md5": "22daaf88849357d75e45aa9f46c056c9",
            "ndownloads": 84,
            "owner": "bioconda",
            "size": 4514225,
            "type": "conda",
            "upload_time": "2019-01-04 15:29:12.200000+00:00",
            "version": "1.30.0"
        },
        {
            "attrs": {
                "arch": null,
                "build": "r36_1",
                "build_number": 1,
                "depends": [
                    "bioconductor-affy >=1.62.0,<1.63.0",
                    "bioconductor-annotationdbi >=1.46.0,<1.47.0",
                    "r-base >=3.6,<3.7.0a0",
                    "r-gdata",
                    "r-gmodels",
                    "r-gplots",
                    "r-gtools",
                    "r-plotrix"
                ],
                "has_prefix": false,
                "license": "GPL-3",
                "machine": null,
                "noarch": "generic",
                "operatingsystem": null,
                "platform": null,
                "subdir": "noarch",
                "target-triplet": "None-any-None",
                "timestamp": 1565169722777
            },
            "basename": "noarch/bioconductor-mlp-1.32.0-r36_1.tar.bz2",
            "dependencies": {
                "depends": [
                    {
                        "name": "bioconductor-affy",
                        "specs": [
                            [
                                ">=",
                                "1.62.0,<1.63.0"
                            ]
                        ]
                    },
                    {
                        "name": "bioconductor-annotationdbi",
                        "specs": [
                            [
                                ">=",
                                "1.46.0,<1.47.0"
                            ]
                        ]
                    },
                    {
                        "name": "r-base",
                        "specs": [
                            [
                                ">=",
                                "3.6,<3.7.0a0"
                            ]
                        ]
                    },
                    {
                        "name": "r-gdata",
                        "specs": []
                    },
                    {
                        "name": "r-gmodels",
                        "specs": []
                    },
                    {
                        "name": "r-gplots",
                        "specs": []
                    },
                    {
                        "name": "r-gtools",
                        "specs": []
                    },
                    {
                        "name": "r-plotrix",
                        "specs": []
                    }
                ]
            },
            "description": null,
            "distribution_type": "conda",
            "download_url": "//api.anaconda.org/download/bioconda/bioconductor-mlp/1.32.0/noarch/bioconductor-mlp-1.32.0-r36_1.tar.bz2",
            "full_name": "bioconda/bioconductor-mlp/1.32.0/noarch/bioconductor-mlp-1.32.0-r36_1.tar.bz2",
            "labels": [
                "main"
            ],
            "md5": "52f8cdbbc30c7dac8097676f8a00db6c",
            "ndownloads": 33,
            "owner": "bioconda",
            "size": 4519533,
            "type": "conda",
            "upload_time": "2019-08-07 09:26:14.923000+00:00",
            "version": "1.32.0"
        },
        {
            "attrs": {
                "arch": null,
                "build": "r36_0",
                "build_number": 0,
                "depends": [
                    "bioconductor-affy >=1.64.0,<1.65.0",
                    "bioconductor-annotationdbi >=1.48.0,<1.49.0",
                    "r-base >=3.6,<3.7.0a0",
                    "r-gdata",
                    "r-gmodels",
                    "r-gplots",
                    "r-gtools",
                    "r-plotrix"
                ],
                "has_prefix": false,
                "license": "GPL-3",
                "machine": null,
                "noarch": "generic",
                "operatingsystem": null,
                "platform": null,
                "subdir": "noarch",
                "target-triplet": "None-any-None",
                "timestamp": 1572680941727
            },
            "basename": "noarch/bioconductor-mlp-1.34.0-r36_0.tar.bz2",
            "dependencies": {
                "depends": [
                    {
                        "name": "bioconductor-affy",
                        "specs": [
                            [
                                ">=",
                                "1.64.0,<1.65.0"
                            ]
                        ]
                    },
                    {
                        "name": "bioconductor-annotationdbi",
                        "specs": [
                            [
                                ">=",
                                "1.48.0,<1.49.0"
                            ]
                        ]
                    },
                    {
                        "name": "r-base",
                        "specs": [
                            [
                                ">=",
                                "3.6,<3.7.0a0"
                            ]
                        ]
                    },
                    {
                        "name": "r-gdata",
                        "specs": []
                    },
                    {
                        "name": "r-gmodels",
                        "specs": []
                    },
                    {
                        "name": "r-gplots",
                        "specs": []
                    },
                    {
                        "name": "r-gtools",
                        "specs": []
                    },
                    {
                        "name": "r-plotrix",
                        "specs": []
                    }
                ]
            },
            "description": null,
            "distribution_type": "conda",
            "download_url": "//api.anaconda.org/download/bioconda/bioconductor-mlp/1.34.0/noarch/bioconductor-mlp-1.34.0-r36_0.tar.bz2",
            "full_name": "bioconda/bioconductor-mlp/1.34.0/noarch/bioconductor-mlp-1.34.0-r36_0.tar.bz2",
            "labels": [
                "main"
            ],
            "md5": "e3b7b81c9fa32c94a9d8daa1f8f55c77",
            "ndownloads": 23,
            "owner": "bioconda",
            "size": 4535003,
            "type": "conda",
            "upload_time": "2019-11-02 07:53:10.524000+00:00",
            "version": "1.34.0"
        }
    ],
    "full_name": "bioconda/bioconductor-mlp",
    "home": "http://bioconductor.org/packages/3.5/bioc/html/MLP.html",
    "html_url": "http://anaconda.org/bioconda/bioconductor-mlp",
    "id": "599855ef449cc412b741f698",
    "latest_version": "1.34.0",
    "license": "GPL-3",
    "license_url": null,
    "modified_at": "2019-11-02 07:53:10.943000+00:00",
    "name": "bioconductor-mlp",
    "owner": {
        "company": "",
        "created_at": "2015-09-11 22:59:20.880000+00:00",
        "description": "Bioconda is a distribution of bioinformatics software realized as a channel for the versatile Conda package manager.",
        "location": "",
        "login": "bioconda",
        "name": "bioconda",
        "url": "",
        "user_type": "org"
    },
    "package_types": [
        "conda"
    ],
    "public": true,
    "releases": [
        {
            "distributions": [],
            "full_name": "bioconda/bioconductor-mlp/1.24.0",
            "version": "1.24.0"
        },
        {
            "distributions": [],
            "full_name": "bioconda/bioconductor-mlp/1.26.0",
            "version": "1.26.0"
        },
        {
            "distributions": [],
            "full_name": "bioconda/bioconductor-mlp/1.28.0",
            "version": "1.28.0"
        },
        {
            "distributions": [],
            "full_name": "bioconda/bioconductor-mlp/1.30.0",
            "version": "1.30.0"
        },
        {
            "distributions": [],
            "full_name": "bioconda/bioconductor-mlp/1.32.0",
            "version": "1.32.0"
        },
        {
            "distributions": [],
            "full_name": "bioconda/bioconductor-mlp/1.34.0",
            "version": "1.34.0"
        }
    ],
    "revision": 12,
    "source_git_tag": null,
    "source_git_url": null,
    "summary": "MLP",
    "upvoted": 0,
    "url": "http://api.anaconda.org/packages/bioconda/bioconductor-mlp",
    "versions": [
        "1.24.0",
        "1.26.0",
        "1.28.0",
        "1.30.0",
        "1.32.0",
        "1.34.0"
    ],
    "watchers": 1
}