{
    "app_entry": {},
    "app_summary": {},
    "app_type": {},
    "builds": [
        "r351_0",
        "r351_1",
        "r36_3",
        "r36_2"
    ],
    "conda_platforms": [
        "noarch"
    ],
    "created_at": "2019-01-09 10:19:38.243000+00:00",
    "description": "",
    "dev_url": null,
    "doc_url": null,
    "files": [
        {
            "attrs": {
                "arch": null,
                "build": "r351_0",
                "build_number": 0,
                "depends": [
                    "r-base >=3.5.1,<3.5.2.0a0",
                    "wget"
                ],
                "has_prefix": false,
                "license": "GPL (>= 2)",
                "machine": null,
                "noarch": "generic",
                "operatingsystem": null,
                "platform": null,
                "subdir": "noarch",
                "target-triplet": "None-any-None",
                "timestamp": 1547029003692
            },
            "basename": "noarch/bioconductor-huex.1.0.st.v2frmavecs-1.1.0-r351_0.tar.bz2",
            "dependencies": {
                "depends": [
                    {
                        "name": "r-base",
                        "specs": [
                            [
                                ">=",
                                "3.5.1,<3.5.2.0a0"
                            ]
                        ]
                    },
                    {
                        "name": "wget",
                        "specs": []
                    }
                ]
            },
            "description": null,
            "distribution_type": "conda",
            "download_url": "//api.anaconda.org/download/bioconda/bioconductor-huex.1.0.st.v2frmavecs/1.1.0/noarch/bioconductor-huex.1.0.st.v2frmavecs-1.1.0-r351_0.tar.bz2",
            "full_name": "bioconda/bioconductor-huex.1.0.st.v2frmavecs/1.1.0/noarch/bioconductor-huex.1.0.st.v2frmavecs-1.1.0-r351_0.tar.bz2",
            "labels": [
                "gcc7",
                "main"
            ],
            "md5": "8194bfe29265ac73ed801771bab8b2e9",
            "ndownloads": 65,
            "owner": "bioconda",
            "size": 6115,
            "type": "conda",
            "upload_time": "2019-01-09 10:19:39.042000+00:00",
            "version": "1.1.0"
        },
        {
            "attrs": {
                "arch": null,
                "build": "r351_1",
                "build_number": 1,
                "depends": [
                    "curl >=7.64.1,<8.0a0",
                    "r-base >=3.5.1,<3.5.2.0a0"
                ],
                "has_prefix": false,
                "license": "GPL (>= 2)",
                "machine": null,
                "noarch": "generic",
                "operatingsystem": null,
                "platform": null,
                "subdir": "noarch",
                "target-triplet": "None-any-None",
                "timestamp": 1557836452810
            },
            "basename": "noarch/bioconductor-huex.1.0.st.v2frmavecs-1.1.0-r351_1.tar.bz2",
            "dependencies": {
                "depends": [
                    {
                        "name": "curl",
                        "specs": [
                            [
                                ">=",
                                "7.64.1,<8.0a0"
                            ]
                        ]
                    },
                    {
                        "name": "r-base",
                        "specs": [
                            [
                                ">=",
                                "3.5.1,<3.5.2.0a0"
                            ]
                        ]
                    }
                ]
            },
            "description": null,
            "distribution_type": "conda",
            "download_url": "//api.anaconda.org/download/bioconda/bioconductor-huex.1.0.st.v2frmavecs/1.1.0/noarch/bioconductor-huex.1.0.st.v2frmavecs-1.1.0-r351_1.tar.bz2",
            "full_name": "bioconda/bioconductor-huex.1.0.st.v2frmavecs/1.1.0/noarch/bioconductor-huex.1.0.st.v2frmavecs-1.1.0-r351_1.tar.bz2",
            "labels": [
                "main"
            ],
            "md5": "0f082dd4aeacde72ee833935abc694a2",
            "ndownloads": 54,
            "owner": "bioconda",
            "size": 6062,
            "type": "conda",
            "upload_time": "2019-05-14 12:25:09.728000+00:00",
            "version": "1.1.0"
        },
        {
            "attrs": {
                "arch": null,
                "build": "r36_2",
                "build_number": 2,
                "depends": [
                    "curl >=7.64.1,<8.0a0",
                    "r-base >=3.6,<3.7.0a0"
                ],
                "has_prefix": false,
                "license": "GPL (>= 2)",
                "machine": null,
                "noarch": "generic",
                "operatingsystem": null,
                "platform": null,
                "subdir": "noarch",
                "target-triplet": "None-any-None",
                "timestamp": 1563228690130
            },
            "basename": "noarch/bioconductor-huex.1.0.st.v2frmavecs-1.1.0-r36_2.tar.bz2",
            "dependencies": {
                "depends": [
                    {
                        "name": "curl",
                        "specs": [
                            [
                                ">=",
                                "7.64.1,<8.0a0"
                            ]
                        ]
                    },
                    {
                        "name": "r-base",
                        "specs": [
                            [
                                ">=",
                                "3.6,<3.7.0a0"
                            ]
                        ]
                    }
                ]
            },
            "description": null,
            "distribution_type": "conda",
            "download_url": "//api.anaconda.org/download/bioconda/bioconductor-huex.1.0.st.v2frmavecs/1.1.0/noarch/bioconductor-huex.1.0.st.v2frmavecs-1.1.0-r36_2.tar.bz2",
            "full_name": "bioconda/bioconductor-huex.1.0.st.v2frmavecs/1.1.0/noarch/bioconductor-huex.1.0.st.v2frmavecs-1.1.0-r36_2.tar.bz2",
            "labels": [
                "main"
            ],
            "md5": "bb64f17eb6426b3caaa89d361ff7eb23",
            "ndownloads": 27,
            "owner": "bioconda",
            "size": 6374,
            "type": "conda",
            "upload_time": "2019-07-15 22:15:45.901000+00:00",
            "version": "1.1.0"
        },
        {
            "attrs": {
                "arch": null,
                "build": "r36_3",
                "build_number": 3,
                "depends": [
                    "curl >=7.65.3,<8.0a0",
                    "r-base >=3.6,<3.7.0a0"
                ],
                "has_prefix": false,
                "license": "GPL (>= 2)",
                "machine": null,
                "noarch": "generic",
                "operatingsystem": null,
                "platform": null,
                "subdir": "noarch",
                "target-triplet": "None-any-None",
                "timestamp": 1572635787149
            },
            "basename": "noarch/bioconductor-huex.1.0.st.v2frmavecs-1.1.0-r36_3.tar.bz2",
            "dependencies": {
                "depends": [
                    {
                        "name": "curl",
                        "specs": [
                            [
                                ">=",
                                "7.65.3,<8.0a0"
                            ]
                        ]
                    },
                    {
                        "name": "r-base",
                        "specs": [
                            [
                                ">=",
                                "3.6,<3.7.0a0"
                            ]
                        ]
                    }
                ]
            },
            "description": null,
            "distribution_type": "conda",
            "download_url": "//api.anaconda.org/download/bioconda/bioconductor-huex.1.0.st.v2frmavecs/1.1.0/noarch/bioconductor-huex.1.0.st.v2frmavecs-1.1.0-r36_3.tar.bz2",
            "full_name": "bioconda/bioconductor-huex.1.0.st.v2frmavecs/1.1.0/noarch/bioconductor-huex.1.0.st.v2frmavecs-1.1.0-r36_3.tar.bz2",
            "labels": [
                "main"
            ],
            "md5": "dd2260f1a24a672e8ca23257e30482c3",
            "ndownloads": 17,
            "owner": "bioconda",
            "size": 17533,
            "type": "conda",
            "upload_time": "2019-11-01 19:21:50.082000+00:00",
            "version": "1.1.0"
        }
    ],
    "full_name": "bioconda/bioconductor-huex.1.0.st.v2frmavecs",
    "home": "https://bioconductor.org/packages/3.8/data/annotation/html/huex.1.0.st.v2frmavecs.html",
    "html_url": "http://anaconda.org/bioconda/bioconductor-huex.1.0.st.v2frmavecs",
    "id": "5c35cabad9c2cf1e0318d097",
    "latest_version": "1.1.0",
    "license": "GPL (>= 2)",
    "license_url": null,
    "modified_at": "2019-11-01 19:21:50.503000+00:00",
    "name": "bioconductor-huex.1.0.st.v2frmavecs",
    "owner": {
        "company": "",
        "created_at": "2015-09-11 22:59:20.880000+00:00",
        "description": "Bioconda is a distribution of bioinformatics software realized as a channel for the versatile Conda package manager.",
        "location": "",
        "login": "bioconda",
        "name": "bioconda",
        "url": "",
        "user_type": "org"
    },
    "package_types": [
        "conda"
    ],
    "public": true,
    "releases": [
        {
            "distributions": [],
            "full_name": "bioconda/bioconductor-huex.1.0.st.v2frmavecs/1.1.0",
            "version": "1.1.0"
        }
    ],
    "revision": 2,
    "source_git_tag": null,
    "source_git_url": null,
    "summary": "This package was created by frmaTools version 1.9.2.",
    "upvoted": 0,
    "url": "http://api.anaconda.org/packages/bioconda/bioconductor-huex.1.0.st.v2frmavecs",
    "versions": [
        "1.1.0"
    ],
    "watchers": 1
}