{
    "app_entry": {},
    "app_summary": {},
    "app_type": {},
    "builds": [
        "r351_0",
        "r36_1",
        "r36_0"
    ],
    "conda_platforms": [
        "noarch"
    ],
    "created_at": "2018-12-12 17:05:01.043000+00:00",
    "description": "Performs outlier detection of sequences in a multiple sequence alignment using bootstrap of predefined distance metrics. Outlier sequences can make downstream analyses unreliable or make the alignments less accurate while they are being constructed. This package implements the OD-seq algorithm proposed by Jehl et al (doi 10.1186/s12859-015-0702-1) for aligned sequences and a variant using string kernels for unaligned sequences.",
    "dev_url": null,
    "doc_url": null,
    "files": [
        {
            "attrs": {
                "arch": null,
                "build": "r351_0",
                "build_number": 0,
                "depends": [
                    "bioconductor-kebabs >=1.16.0,<1.17.0",
                    "bioconductor-msa >=1.14.0,<1.15.0",
                    "r-base >=3.5.1,<3.5.2.0a0",
                    "r-mclust >=5.1"
                ],
                "has_prefix": false,
                "license": "MIT + file LICENSE",
                "machine": null,
                "noarch": "generic",
                "operatingsystem": null,
                "platform": null,
                "subdir": "noarch",
                "target-triplet": "None-any-None",
                "timestamp": 1544634076022
            },
            "basename": "noarch/bioconductor-odseq-1.10.0-r351_0.tar.bz2",
            "dependencies": {
                "depends": [
                    {
                        "name": "bioconductor-kebabs",
                        "specs": [
                            [
                                ">=",
                                "1.16.0,<1.17.0"
                            ]
                        ]
                    },
                    {
                        "name": "bioconductor-msa",
                        "specs": [
                            [
                                ">=",
                                "1.14.0,<1.15.0"
                            ]
                        ]
                    },
                    {
                        "name": "r-base",
                        "specs": [
                            [
                                ">=",
                                "3.5.1,<3.5.2.0a0"
                            ]
                        ]
                    },
                    {
                        "name": "r-mclust",
                        "specs": [
                            [
                                ">=",
                                "5.1"
                            ]
                        ]
                    }
                ]
            },
            "description": null,
            "distribution_type": "conda",
            "download_url": "//api.anaconda.org/download/bioconda/bioconductor-odseq/1.10.0/noarch/bioconductor-odseq-1.10.0-r351_0.tar.bz2",
            "full_name": "bioconda/bioconductor-odseq/1.10.0/noarch/bioconductor-odseq-1.10.0-r351_0.tar.bz2",
            "labels": [
                "gcc7",
                "main"
            ],
            "md5": "d98c534c88f19822ad6924f200be91a9",
            "ndownloads": 83,
            "owner": "bioconda",
            "size": 254398,
            "type": "conda",
            "upload_time": "2018-12-12 17:05:01.833000+00:00",
            "version": "1.10.0"
        },
        {
            "attrs": {
                "arch": null,
                "build": "r36_1",
                "build_number": 1,
                "depends": [
                    "bioconductor-kebabs >=1.18.0,<1.19.0",
                    "bioconductor-msa >=1.16.0,<1.17.0",
                    "r-base >=3.6,<3.7.0a0",
                    "r-mclust >=5.1"
                ],
                "has_prefix": false,
                "license": "MIT + file LICENSE",
                "machine": null,
                "noarch": "generic",
                "operatingsystem": null,
                "platform": null,
                "subdir": "noarch",
                "target-triplet": "None-any-None",
                "timestamp": 1563976938723
            },
            "basename": "noarch/bioconductor-odseq-1.12.0-r36_1.tar.bz2",
            "dependencies": {
                "depends": [
                    {
                        "name": "bioconductor-kebabs",
                        "specs": [
                            [
                                ">=",
                                "1.18.0,<1.19.0"
                            ]
                        ]
                    },
                    {
                        "name": "bioconductor-msa",
                        "specs": [
                            [
                                ">=",
                                "1.16.0,<1.17.0"
                            ]
                        ]
                    },
                    {
                        "name": "r-base",
                        "specs": [
                            [
                                ">=",
                                "3.6,<3.7.0a0"
                            ]
                        ]
                    },
                    {
                        "name": "r-mclust",
                        "specs": [
                            [
                                ">=",
                                "5.1"
                            ]
                        ]
                    }
                ]
            },
            "description": null,
            "distribution_type": "conda",
            "download_url": "//api.anaconda.org/download/bioconda/bioconductor-odseq/1.12.0/noarch/bioconductor-odseq-1.12.0-r36_1.tar.bz2",
            "full_name": "bioconda/bioconductor-odseq/1.12.0/noarch/bioconductor-odseq-1.12.0-r36_1.tar.bz2",
            "labels": [
                "main"
            ],
            "md5": "d7ba8c7f635b14d3686fcdd753917172",
            "ndownloads": 31,
            "owner": "bioconda",
            "size": 253935,
            "type": "conda",
            "upload_time": "2019-07-24 14:06:18.219000+00:00",
            "version": "1.12.0"
        },
        {
            "attrs": {
                "arch": null,
                "build": "r36_0",
                "build_number": 0,
                "depends": [
                    "bioconductor-kebabs >=1.20.0,<1.21.0",
                    "bioconductor-msa >=1.18.0,<1.19.0",
                    "r-base >=3.6,<3.7.0a0",
                    "r-mclust >=5.1"
                ],
                "has_prefix": false,
                "license": "MIT + file LICENSE",
                "machine": null,
                "noarch": "generic",
                "operatingsystem": null,
                "platform": null,
                "subdir": "noarch",
                "target-triplet": "None-any-None",
                "timestamp": 1572811939988
            },
            "basename": "noarch/bioconductor-odseq-1.14.0-r36_0.tar.bz2",
            "dependencies": {
                "depends": [
                    {
                        "name": "bioconductor-kebabs",
                        "specs": [
                            [
                                ">=",
                                "1.20.0,<1.21.0"
                            ]
                        ]
                    },
                    {
                        "name": "bioconductor-msa",
                        "specs": [
                            [
                                ">=",
                                "1.18.0,<1.19.0"
                            ]
                        ]
                    },
                    {
                        "name": "r-base",
                        "specs": [
                            [
                                ">=",
                                "3.6,<3.7.0a0"
                            ]
                        ]
                    },
                    {
                        "name": "r-mclust",
                        "specs": [
                            [
                                ">=",
                                "5.1"
                            ]
                        ]
                    }
                ]
            },
            "description": null,
            "distribution_type": "conda",
            "download_url": "//api.anaconda.org/download/bioconda/bioconductor-odseq/1.14.0/noarch/bioconductor-odseq-1.14.0-r36_0.tar.bz2",
            "full_name": "bioconda/bioconductor-odseq/1.14.0/noarch/bioconductor-odseq-1.14.0-r36_0.tar.bz2",
            "labels": [
                "main"
            ],
            "md5": "28f3638716830275dd198afca46c4344",
            "ndownloads": 18,
            "owner": "bioconda",
            "size": 254320,
            "type": "conda",
            "upload_time": "2019-11-03 20:16:27.819000+00:00",
            "version": "1.14.0"
        }
    ],
    "full_name": "bioconda/bioconductor-odseq",
    "home": "https://bioconductor.org/packages/3.8/bioc/html/odseq.html",
    "html_url": "http://anaconda.org/bioconda/bioconductor-odseq",
    "id": "5c113fbd036b86135839586e",
    "latest_version": "1.14.0",
    "license": "MIT + file LICENSE",
    "license_url": null,
    "modified_at": "2019-11-03 20:16:28.136000+00:00",
    "name": "bioconductor-odseq",
    "owner": {
        "company": "",
        "created_at": "2015-09-11 22:59:20.880000+00:00",
        "description": "Bioconda is a distribution of bioinformatics software realized as a channel for the versatile Conda package manager.",
        "location": "",
        "login": "bioconda",
        "name": "bioconda",
        "url": "",
        "user_type": "org"
    },
    "package_types": [
        "conda"
    ],
    "public": true,
    "releases": [
        {
            "distributions": [],
            "full_name": "bioconda/bioconductor-odseq/1.10.0",
            "version": "1.10.0"
        },
        {
            "distributions": [],
            "full_name": "bioconda/bioconductor-odseq/1.12.0",
            "version": "1.12.0"
        },
        {
            "distributions": [],
            "full_name": "bioconda/bioconductor-odseq/1.14.0",
            "version": "1.14.0"
        }
    ],
    "revision": 6,
    "source_git_tag": null,
    "source_git_url": null,
    "summary": "Outlier detection in multiple sequence alignments",
    "upvoted": 0,
    "url": "http://api.anaconda.org/packages/bioconda/bioconductor-odseq",
    "versions": [
        "1.10.0",
        "1.12.0",
        "1.14.0"
    ],
    "watchers": 1
}