{
    "app_entry": {},
    "app_summary": {},
    "app_type": {},
    "builds": [
        "r351_0",
        "r36_1",
        "r341_0",
        "r3.4.1_0",
        "r36_0"
    ],
    "conda_platforms": [
        "linux-64",
        "noarch",
        "osx-64"
    ],
    "created_at": "2018-02-16 13:40:56.777000+00:00",
    "description": "The package includes functions to find potential guide RNAs for input target sequences, optionally filter guide RNAs without restriction enzyme cut site, or without paired guide RNAs, genome-wide search for off-targets, score, rank, fetch flank sequence and indicate whether the target and off-targets are located in exon region or not. Potential guide RNAs are annotated with total score of the top5 and topN off-targets, detailed topN mismatch sites, restriction enzyme cut sites, and paired guide RNAs. This package leverages Biostrings and BSgenome packages.",
    "dev_url": null,
    "doc_url": null,
    "files": [
        {
            "attrs": {
                "arch": "x86_64",
                "build": "r3.4.1_0",
                "build_number": 0,
                "depends": [
                    "bioconductor-biocgenerics",
                    "bioconductor-biocparallel",
                    "bioconductor-biostrings",
                    "bioconductor-bsgenome",
                    "bioconductor-iranges",
                    "bioconductor-s4vectors >=0.9.25",
                    "r-base 3.4.1*",
                    "r-data.table",
                    "r-hash",
                    "r-seqinr"
                ],
                "has_prefix": false,
                "license": "GPL (>= 2)",
                "machine": "x86_64",
                "operatingsystem": "darwin",
                "platform": "osx",
                "subdir": "osx-64",
                "target-triplet": "x86_64-any-darwin"
            },
            "basename": "osx-64/bioconductor-crisprseek-1.18.0-r3.4.1_0.tar.bz2",
            "dependencies": {
                "depends": [
                    {
                        "name": "bioconductor-biocgenerics",
                        "specs": []
                    },
                    {
                        "name": "bioconductor-biocparallel",
                        "specs": []
                    },
                    {
                        "name": "bioconductor-biostrings",
                        "specs": []
                    },
                    {
                        "name": "bioconductor-bsgenome",
                        "specs": []
                    },
                    {
                        "name": "bioconductor-iranges",
                        "specs": []
                    },
                    {
                        "name": "bioconductor-s4vectors",
                        "specs": [
                            [
                                ">=",
                                "0.9.25"
                            ]
                        ]
                    },
                    {
                        "name": "r-base",
                        "specs": [
                            [
                                "==",
                                "3.4.1"
                            ]
                        ]
                    },
                    {
                        "name": "r-data.table",
                        "specs": []
                    },
                    {
                        "name": "r-hash",
                        "specs": []
                    },
                    {
                        "name": "r-seqinr",
                        "specs": []
                    }
                ]
            },
            "description": null,
            "distribution_type": "conda",
            "download_url": "//api.anaconda.org/download/bioconda/bioconductor-crisprseek/1.18.0/osx-64/bioconductor-crisprseek-1.18.0-r3.4.1_0.tar.bz2",
            "full_name": "bioconda/bioconductor-crisprseek/1.18.0/osx-64/bioconductor-crisprseek-1.18.0-r3.4.1_0.tar.bz2",
            "labels": [
                "main",
                "cf201901"
            ],
            "md5": "e2c54682ccb4e33c3ff56bb7742f3c8c",
            "ndownloads": 742,
            "owner": "bioconda",
            "size": 381290,
            "type": "conda",
            "upload_time": "2018-02-16 18:39:22.001000+00:00",
            "version": "1.18.0"
        },
        {
            "attrs": {
                "arch": "x86_64",
                "build": "r3.4.1_0",
                "build_number": 0,
                "depends": [
                    "bioconductor-biocgenerics",
                    "bioconductor-biocparallel",
                    "bioconductor-biostrings",
                    "bioconductor-bsgenome",
                    "bioconductor-iranges",
                    "bioconductor-s4vectors >=0.9.25",
                    "r-base 3.4.1*",
                    "r-data.table",
                    "r-hash",
                    "r-seqinr"
                ],
                "has_prefix": false,
                "license": "GPL (>= 2)",
                "machine": "x86_64",
                "operatingsystem": "linux",
                "platform": "linux",
                "subdir": "linux-64",
                "target-triplet": "x86_64-any-linux"
            },
            "basename": "linux-64/bioconductor-crisprseek-1.18.0-r3.4.1_0.tar.bz2",
            "dependencies": {
                "depends": [
                    {
                        "name": "bioconductor-biocgenerics",
                        "specs": []
                    },
                    {
                        "name": "bioconductor-biocparallel",
                        "specs": []
                    },
                    {
                        "name": "bioconductor-biostrings",
                        "specs": []
                    },
                    {
                        "name": "bioconductor-bsgenome",
                        "specs": []
                    },
                    {
                        "name": "bioconductor-iranges",
                        "specs": []
                    },
                    {
                        "name": "bioconductor-s4vectors",
                        "specs": [
                            [
                                ">=",
                                "0.9.25"
                            ]
                        ]
                    },
                    {
                        "name": "r-base",
                        "specs": [
                            [
                                "==",
                                "3.4.1"
                            ]
                        ]
                    },
                    {
                        "name": "r-data.table",
                        "specs": []
                    },
                    {
                        "name": "r-hash",
                        "specs": []
                    },
                    {
                        "name": "r-seqinr",
                        "specs": []
                    }
                ]
            },
            "description": null,
            "distribution_type": "conda",
            "download_url": "//api.anaconda.org/download/bioconda/bioconductor-crisprseek/1.18.0/linux-64/bioconductor-crisprseek-1.18.0-r3.4.1_0.tar.bz2",
            "full_name": "bioconda/bioconductor-crisprseek/1.18.0/linux-64/bioconductor-crisprseek-1.18.0-r3.4.1_0.tar.bz2",
            "labels": [
                "main",
                "cf201901"
            ],
            "md5": "5feac88bf42af2972e331361900bd374",
            "ndownloads": 320,
            "owner": "bioconda",
            "size": 380735,
            "type": "conda",
            "upload_time": "2018-02-16 13:40:57.299000+00:00",
            "version": "1.18.0"
        },
        {
            "attrs": {
                "arch": "x86_64",
                "build": "r351_0",
                "build_number": 0,
                "depends": [
                    "bioconductor-biocgenerics >=0.26.0,<0.28.0",
                    "bioconductor-biocparallel >=1.14.2,<1.16.0",
                    "bioconductor-biostrings >=2.48.0,<2.50.0",
                    "bioconductor-bsgenome >=1.48.0,<1.50.0",
                    "bioconductor-iranges >=2.14.12,<2.16.0",
                    "bioconductor-s4vectors >=0.18.3,<0.20.0",
                    "r-base >=3.5.1,<3.5.2.0a0",
                    "r-data.table",
                    "r-hash",
                    "r-seqinr"
                ],
                "has_prefix": false,
                "license": "GPL (>= 2)",
                "machine": "x86_64",
                "operatingsystem": "darwin",
                "platform": "osx",
                "subdir": "osx-64",
                "target-triplet": "x86_64-any-darwin",
                "timestamp": 1539642811440
            },
            "basename": "osx-64/bioconductor-crisprseek-1.20.0-r351_0.tar.bz2",
            "dependencies": {
                "depends": [
                    {
                        "name": "bioconductor-biocgenerics",
                        "specs": [
                            [
                                ">=",
                                "0.26.0,<0.28.0"
                            ]
                        ]
                    },
                    {
                        "name": "bioconductor-biocparallel",
                        "specs": [
                            [
                                ">=",
                                "1.14.2,<1.16.0"
                            ]
                        ]
                    },
                    {
                        "name": "bioconductor-biostrings",
                        "specs": [
                            [
                                ">=",
                                "2.48.0,<2.50.0"
                            ]
                        ]
                    },
                    {
                        "name": "bioconductor-bsgenome",
                        "specs": [
                            [
                                ">=",
                                "1.48.0,<1.50.0"
                            ]
                        ]
                    },
                    {
                        "name": "bioconductor-iranges",
                        "specs": [
                            [
                                ">=",
                                "2.14.12,<2.16.0"
                            ]
                        ]
                    },
                    {
                        "name": "bioconductor-s4vectors",
                        "specs": [
                            [
                                ">=",
                                "0.18.3,<0.20.0"
                            ]
                        ]
                    },
                    {
                        "name": "r-base",
                        "specs": [
                            [
                                ">=",
                                "3.5.1,<3.5.2.0a0"
                            ]
                        ]
                    },
                    {
                        "name": "r-data.table",
                        "specs": []
                    },
                    {
                        "name": "r-hash",
                        "specs": []
                    },
                    {
                        "name": "r-seqinr",
                        "specs": []
                    }
                ]
            },
            "description": null,
            "distribution_type": "conda",
            "download_url": "//api.anaconda.org/download/bioconda/bioconductor-crisprseek/1.20.0/osx-64/bioconductor-crisprseek-1.20.0-r351_0.tar.bz2",
            "full_name": "bioconda/bioconductor-crisprseek/1.20.0/osx-64/bioconductor-crisprseek-1.20.0-r351_0.tar.bz2",
            "labels": [
                "main",
                "cf201901"
            ],
            "md5": "7ace781b27ad118b7fefd92ff27cbe5e",
            "ndownloads": 735,
            "owner": "bioconda",
            "size": 476005,
            "type": "conda",
            "upload_time": "2018-10-15 22:37:35.253000+00:00",
            "version": "1.20.0"
        },
        {
            "attrs": {
                "arch": "x86_64",
                "build": "r341_0",
                "build_number": 0,
                "depends": [
                    "bioconductor-biocgenerics >=0.26.0,<0.28.0",
                    "bioconductor-biocparallel >=1.14.2,<1.16.0",
                    "bioconductor-biostrings >=2.48.0,<2.50.0",
                    "bioconductor-bsgenome >=1.48.0,<1.50.0",
                    "bioconductor-iranges >=2.14.12,<2.16.0",
                    "bioconductor-s4vectors >=0.18.3,<0.20.0",
                    "r-base >=3.4.1,<3.4.2.0a0",
                    "r-data.table",
                    "r-hash",
                    "r-seqinr"
                ],
                "has_prefix": false,
                "license": "GPL (>= 2)",
                "machine": "x86_64",
                "operatingsystem": "darwin",
                "platform": "osx",
                "subdir": "osx-64",
                "target-triplet": "x86_64-any-darwin",
                "timestamp": 1539642976934
            },
            "basename": "osx-64/bioconductor-crisprseek-1.20.0-r341_0.tar.bz2",
            "dependencies": {
                "depends": [
                    {
                        "name": "bioconductor-biocgenerics",
                        "specs": [
                            [
                                ">=",
                                "0.26.0,<0.28.0"
                            ]
                        ]
                    },
                    {
                        "name": "bioconductor-biocparallel",
                        "specs": [
                            [
                                ">=",
                                "1.14.2,<1.16.0"
                            ]
                        ]
                    },
                    {
                        "name": "bioconductor-biostrings",
                        "specs": [
                            [
                                ">=",
                                "2.48.0,<2.50.0"
                            ]
                        ]
                    },
                    {
                        "name": "bioconductor-bsgenome",
                        "specs": [
                            [
                                ">=",
                                "1.48.0,<1.50.0"
                            ]
                        ]
                    },
                    {
                        "name": "bioconductor-iranges",
                        "specs": [
                            [
                                ">=",
                                "2.14.12,<2.16.0"
                            ]
                        ]
                    },
                    {
                        "name": "bioconductor-s4vectors",
                        "specs": [
                            [
                                ">=",
                                "0.18.3,<0.20.0"
                            ]
                        ]
                    },
                    {
                        "name": "r-base",
                        "specs": [
                            [
                                ">=",
                                "3.4.1,<3.4.2.0a0"
                            ]
                        ]
                    },
                    {
                        "name": "r-data.table",
                        "specs": []
                    },
                    {
                        "name": "r-hash",
                        "specs": []
                    },
                    {
                        "name": "r-seqinr",
                        "specs": []
                    }
                ]
            },
            "description": null,
            "distribution_type": "conda",
            "download_url": "//api.anaconda.org/download/bioconda/bioconductor-crisprseek/1.20.0/osx-64/bioconductor-crisprseek-1.20.0-r341_0.tar.bz2",
            "full_name": "bioconda/bioconductor-crisprseek/1.20.0/osx-64/bioconductor-crisprseek-1.20.0-r341_0.tar.bz2",
            "labels": [
                "main",
                "cf201901"
            ],
            "md5": "e78664347f402a3dfdebbc403f5cade7",
            "ndownloads": 24,
            "owner": "bioconda",
            "size": 381593,
            "type": "conda",
            "upload_time": "2018-10-15 22:37:40.627000+00:00",
            "version": "1.20.0"
        },
        {
            "attrs": {
                "arch": "x86_64",
                "build": "r351_0",
                "build_number": 0,
                "depends": [
                    "bioconductor-biocgenerics >=0.26.0,<0.28.0",
                    "bioconductor-biocparallel >=1.14.2,<1.16.0",
                    "bioconductor-biostrings >=2.48.0,<2.50.0",
                    "bioconductor-bsgenome >=1.48.0,<1.50.0",
                    "bioconductor-iranges >=2.14.12,<2.16.0",
                    "bioconductor-s4vectors >=0.18.3,<0.20.0",
                    "r-base >=3.5.1,<3.5.2.0a0",
                    "r-data.table",
                    "r-hash",
                    "r-seqinr"
                ],
                "has_prefix": false,
                "license": "GPL (>= 2)",
                "machine": "x86_64",
                "operatingsystem": "linux",
                "platform": "linux",
                "subdir": "linux-64",
                "target-triplet": "x86_64-any-linux",
                "timestamp": 1539650923737
            },
            "basename": "linux-64/bioconductor-crisprseek-1.20.0-r351_0.tar.bz2",
            "dependencies": {
                "depends": [
                    {
                        "name": "bioconductor-biocgenerics",
                        "specs": [
                            [
                                ">=",
                                "0.26.0,<0.28.0"
                            ]
                        ]
                    },
                    {
                        "name": "bioconductor-biocparallel",
                        "specs": [
                            [
                                ">=",
                                "1.14.2,<1.16.0"
                            ]
                        ]
                    },
                    {
                        "name": "bioconductor-biostrings",
                        "specs": [
                            [
                                ">=",
                                "2.48.0,<2.50.0"
                            ]
                        ]
                    },
                    {
                        "name": "bioconductor-bsgenome",
                        "specs": [
                            [
                                ">=",
                                "1.48.0,<1.50.0"
                            ]
                        ]
                    },
                    {
                        "name": "bioconductor-iranges",
                        "specs": [
                            [
                                ">=",
                                "2.14.12,<2.16.0"
                            ]
                        ]
                    },
                    {
                        "name": "bioconductor-s4vectors",
                        "specs": [
                            [
                                ">=",
                                "0.18.3,<0.20.0"
                            ]
                        ]
                    },
                    {
                        "name": "r-base",
                        "specs": [
                            [
                                ">=",
                                "3.5.1,<3.5.2.0a0"
                            ]
                        ]
                    },
                    {
                        "name": "r-data.table",
                        "specs": []
                    },
                    {
                        "name": "r-hash",
                        "specs": []
                    },
                    {
                        "name": "r-seqinr",
                        "specs": []
                    }
                ]
            },
            "description": null,
            "distribution_type": "conda",
            "download_url": "//api.anaconda.org/download/bioconda/bioconductor-crisprseek/1.20.0/linux-64/bioconductor-crisprseek-1.20.0-r351_0.tar.bz2",
            "full_name": "bioconda/bioconductor-crisprseek/1.20.0/linux-64/bioconductor-crisprseek-1.20.0-r351_0.tar.bz2",
            "labels": [
                "main",
                "cf201901"
            ],
            "md5": "3d21e18ba96e6d10dbdc96c2ce00fa36",
            "ndownloads": 265,
            "owner": "bioconda",
            "size": 475474,
            "type": "conda",
            "upload_time": "2018-10-16 00:55:53.360000+00:00",
            "version": "1.20.0"
        },
        {
            "attrs": {
                "arch": "x86_64",
                "build": "r341_0",
                "build_number": 0,
                "depends": [
                    "bioconductor-biocgenerics >=0.26.0,<0.28.0",
                    "bioconductor-biocparallel >=1.14.2,<1.16.0",
                    "bioconductor-biostrings >=2.48.0,<2.50.0",
                    "bioconductor-bsgenome >=1.48.0,<1.50.0",
                    "bioconductor-iranges >=2.14.12,<2.16.0",
                    "bioconductor-s4vectors >=0.18.3,<0.20.0",
                    "r-base >=3.4.1,<3.4.2.0a0",
                    "r-data.table",
                    "r-hash",
                    "r-seqinr"
                ],
                "has_prefix": false,
                "license": "GPL (>= 2)",
                "machine": "x86_64",
                "operatingsystem": "linux",
                "platform": "linux",
                "subdir": "linux-64",
                "target-triplet": "x86_64-any-linux",
                "timestamp": 1539650777541
            },
            "basename": "linux-64/bioconductor-crisprseek-1.20.0-r341_0.tar.bz2",
            "dependencies": {
                "depends": [
                    {
                        "name": "bioconductor-biocgenerics",
                        "specs": [
                            [
                                ">=",
                                "0.26.0,<0.28.0"
                            ]
                        ]
                    },
                    {
                        "name": "bioconductor-biocparallel",
                        "specs": [
                            [
                                ">=",
                                "1.14.2,<1.16.0"
                            ]
                        ]
                    },
                    {
                        "name": "bioconductor-biostrings",
                        "specs": [
                            [
                                ">=",
                                "2.48.0,<2.50.0"
                            ]
                        ]
                    },
                    {
                        "name": "bioconductor-bsgenome",
                        "specs": [
                            [
                                ">=",
                                "1.48.0,<1.50.0"
                            ]
                        ]
                    },
                    {
                        "name": "bioconductor-iranges",
                        "specs": [
                            [
                                ">=",
                                "2.14.12,<2.16.0"
                            ]
                        ]
                    },
                    {
                        "name": "bioconductor-s4vectors",
                        "specs": [
                            [
                                ">=",
                                "0.18.3,<0.20.0"
                            ]
                        ]
                    },
                    {
                        "name": "r-base",
                        "specs": [
                            [
                                ">=",
                                "3.4.1,<3.4.2.0a0"
                            ]
                        ]
                    },
                    {
                        "name": "r-data.table",
                        "specs": []
                    },
                    {
                        "name": "r-hash",
                        "specs": []
                    },
                    {
                        "name": "r-seqinr",
                        "specs": []
                    }
                ]
            },
            "description": null,
            "distribution_type": "conda",
            "download_url": "//api.anaconda.org/download/bioconda/bioconductor-crisprseek/1.20.0/linux-64/bioconductor-crisprseek-1.20.0-r341_0.tar.bz2",
            "full_name": "bioconda/bioconductor-crisprseek/1.20.0/linux-64/bioconductor-crisprseek-1.20.0-r341_0.tar.bz2",
            "labels": [
                "main",
                "cf201901"
            ],
            "md5": "7f577e1ff3dc5fe4acc35d4ad4648380",
            "ndownloads": 130,
            "owner": "bioconda",
            "size": 381058,
            "type": "conda",
            "upload_time": "2018-10-16 00:55:56.666000+00:00",
            "version": "1.20.0"
        },
        {
            "attrs": {
                "arch": null,
                "build": "r351_0",
                "build_number": 0,
                "depends": [
                    "bioconductor-biocgenerics >=0.28.0,<0.29.0",
                    "bioconductor-biocparallel >=1.16.0,<1.17.0",
                    "bioconductor-biostrings >=2.50.0,<2.51.0",
                    "bioconductor-bsgenome >=1.50.0,<1.51.0",
                    "bioconductor-iranges >=2.16.0,<2.17.0",
                    "bioconductor-s4vectors >=0.20.0,<0.21.0",
                    "r-base >=3.5.1,<3.5.2.0a0",
                    "r-data.table",
                    "r-hash",
                    "r-seqinr"
                ],
                "has_prefix": false,
                "license": "GPL (>= 2)",
                "machine": null,
                "noarch": "generic",
                "operatingsystem": null,
                "platform": null,
                "subdir": "noarch",
                "target-triplet": "None-any-None",
                "timestamp": 1545006234263
            },
            "basename": "noarch/bioconductor-crisprseek-1.22.0-r351_0.tar.bz2",
            "dependencies": {
                "depends": [
                    {
                        "name": "bioconductor-biocgenerics",
                        "specs": [
                            [
                                ">=",
                                "0.28.0,<0.29.0"
                            ]
                        ]
                    },
                    {
                        "name": "bioconductor-biocparallel",
                        "specs": [
                            [
                                ">=",
                                "1.16.0,<1.17.0"
                            ]
                        ]
                    },
                    {
                        "name": "bioconductor-biostrings",
                        "specs": [
                            [
                                ">=",
                                "2.50.0,<2.51.0"
                            ]
                        ]
                    },
                    {
                        "name": "bioconductor-bsgenome",
                        "specs": [
                            [
                                ">=",
                                "1.50.0,<1.51.0"
                            ]
                        ]
                    },
                    {
                        "name": "bioconductor-iranges",
                        "specs": [
                            [
                                ">=",
                                "2.16.0,<2.17.0"
                            ]
                        ]
                    },
                    {
                        "name": "bioconductor-s4vectors",
                        "specs": [
                            [
                                ">=",
                                "0.20.0,<0.21.0"
                            ]
                        ]
                    },
                    {
                        "name": "r-base",
                        "specs": [
                            [
                                ">=",
                                "3.5.1,<3.5.2.0a0"
                            ]
                        ]
                    },
                    {
                        "name": "r-data.table",
                        "specs": []
                    },
                    {
                        "name": "r-hash",
                        "specs": []
                    },
                    {
                        "name": "r-seqinr",
                        "specs": []
                    }
                ]
            },
            "description": null,
            "distribution_type": "conda",
            "download_url": "//api.anaconda.org/download/bioconda/bioconductor-crisprseek/1.22.0/noarch/bioconductor-crisprseek-1.22.0-r351_0.tar.bz2",
            "full_name": "bioconda/bioconductor-crisprseek/1.22.0/noarch/bioconductor-crisprseek-1.22.0-r351_0.tar.bz2",
            "labels": [
                "gcc7",
                "main"
            ],
            "md5": "23197265f1b5224bb1a9fa0a8f49f96c",
            "ndownloads": 92,
            "owner": "bioconda",
            "size": 650211,
            "type": "conda",
            "upload_time": "2018-12-17 00:27:52.536000+00:00",
            "version": "1.22.0"
        },
        {
            "attrs": {
                "arch": null,
                "build": "r36_1",
                "build_number": 1,
                "depends": [
                    "bioconductor-biocgenerics >=0.30.0,<0.31.0",
                    "bioconductor-biocparallel >=1.18.0,<1.19.0",
                    "bioconductor-biostrings >=2.52.0,<2.53.0",
                    "bioconductor-bsgenome >=1.52.0,<1.53.0",
                    "bioconductor-iranges >=2.18.0,<2.19.0",
                    "bioconductor-s4vectors >=0.22.0,<0.23.0",
                    "r-base >=3.6,<3.7.0a0",
                    "r-data.table",
                    "r-hash",
                    "r-seqinr"
                ],
                "has_prefix": false,
                "license": "GPL (>= 2)",
                "machine": null,
                "noarch": "generic",
                "operatingsystem": null,
                "platform": null,
                "subdir": "noarch",
                "target-triplet": "None-any-None",
                "timestamp": 1565634755525
            },
            "basename": "noarch/bioconductor-crisprseek-1.24.0-r36_1.tar.bz2",
            "dependencies": {
                "depends": [
                    {
                        "name": "bioconductor-biocgenerics",
                        "specs": [
                            [
                                ">=",
                                "0.30.0,<0.31.0"
                            ]
                        ]
                    },
                    {
                        "name": "bioconductor-biocparallel",
                        "specs": [
                            [
                                ">=",
                                "1.18.0,<1.19.0"
                            ]
                        ]
                    },
                    {
                        "name": "bioconductor-biostrings",
                        "specs": [
                            [
                                ">=",
                                "2.52.0,<2.53.0"
                            ]
                        ]
                    },
                    {
                        "name": "bioconductor-bsgenome",
                        "specs": [
                            [
                                ">=",
                                "1.52.0,<1.53.0"
                            ]
                        ]
                    },
                    {
                        "name": "bioconductor-iranges",
                        "specs": [
                            [
                                ">=",
                                "2.18.0,<2.19.0"
                            ]
                        ]
                    },
                    {
                        "name": "bioconductor-s4vectors",
                        "specs": [
                            [
                                ">=",
                                "0.22.0,<0.23.0"
                            ]
                        ]
                    },
                    {
                        "name": "r-base",
                        "specs": [
                            [
                                ">=",
                                "3.6,<3.7.0a0"
                            ]
                        ]
                    },
                    {
                        "name": "r-data.table",
                        "specs": []
                    },
                    {
                        "name": "r-hash",
                        "specs": []
                    },
                    {
                        "name": "r-seqinr",
                        "specs": []
                    }
                ]
            },
            "description": null,
            "distribution_type": "conda",
            "download_url": "//api.anaconda.org/download/bioconda/bioconductor-crisprseek/1.24.0/noarch/bioconductor-crisprseek-1.24.0-r36_1.tar.bz2",
            "full_name": "bioconda/bioconductor-crisprseek/1.24.0/noarch/bioconductor-crisprseek-1.24.0-r36_1.tar.bz2",
            "labels": [
                "main"
            ],
            "md5": "57b395e5ab1d5a5aa64ffe496594f62b",
            "ndownloads": 39,
            "owner": "bioconda",
            "size": 661316,
            "type": "conda",
            "upload_time": "2019-08-12 18:38:44.613000+00:00",
            "version": "1.24.0"
        },
        {
            "attrs": {
                "arch": null,
                "build": "r36_0",
                "build_number": 0,
                "depends": [
                    "bioconductor-biocgenerics >=0.32.0,<0.33.0",
                    "bioconductor-biocparallel >=1.20.0,<1.21.0",
                    "bioconductor-biostrings >=2.54.0,<2.55.0",
                    "bioconductor-bsgenome >=1.54.0,<1.55.0",
                    "bioconductor-iranges >=2.20.0,<2.21.0",
                    "bioconductor-s4vectors >=0.24.0,<0.25.0",
                    "r-base >=3.6,<3.7.0a0",
                    "r-data.table",
                    "r-hash",
                    "r-seqinr"
                ],
                "has_prefix": false,
                "license": "GPL (>= 2)",
                "machine": null,
                "noarch": "generic",
                "operatingsystem": null,
                "platform": null,
                "subdir": "noarch",
                "target-triplet": "None-any-None",
                "timestamp": 1572914074786
            },
            "basename": "noarch/bioconductor-crisprseek-1.26.0-r36_0.tar.bz2",
            "dependencies": {
                "depends": [
                    {
                        "name": "bioconductor-biocgenerics",
                        "specs": [
                            [
                                ">=",
                                "0.32.0,<0.33.0"
                            ]
                        ]
                    },
                    {
                        "name": "bioconductor-biocparallel",
                        "specs": [
                            [
                                ">=",
                                "1.20.0,<1.21.0"
                            ]
                        ]
                    },
                    {
                        "name": "bioconductor-biostrings",
                        "specs": [
                            [
                                ">=",
                                "2.54.0,<2.55.0"
                            ]
                        ]
                    },
                    {
                        "name": "bioconductor-bsgenome",
                        "specs": [
                            [
                                ">=",
                                "1.54.0,<1.55.0"
                            ]
                        ]
                    },
                    {
                        "name": "bioconductor-iranges",
                        "specs": [
                            [
                                ">=",
                                "2.20.0,<2.21.0"
                            ]
                        ]
                    },
                    {
                        "name": "bioconductor-s4vectors",
                        "specs": [
                            [
                                ">=",
                                "0.24.0,<0.25.0"
                            ]
                        ]
                    },
                    {
                        "name": "r-base",
                        "specs": [
                            [
                                ">=",
                                "3.6,<3.7.0a0"
                            ]
                        ]
                    },
                    {
                        "name": "r-data.table",
                        "specs": []
                    },
                    {
                        "name": "r-hash",
                        "specs": []
                    },
                    {
                        "name": "r-seqinr",
                        "specs": []
                    }
                ]
            },
            "description": null,
            "distribution_type": "conda",
            "download_url": "//api.anaconda.org/download/bioconda/bioconductor-crisprseek/1.26.0/noarch/bioconductor-crisprseek-1.26.0-r36_0.tar.bz2",
            "full_name": "bioconda/bioconductor-crisprseek/1.26.0/noarch/bioconductor-crisprseek-1.26.0-r36_0.tar.bz2",
            "labels": [
                "main"
            ],
            "md5": "c002e5f8808864973861a999e6e48b01",
            "ndownloads": 26,
            "owner": "bioconda",
            "size": 672742,
            "type": "conda",
            "upload_time": "2019-11-05 00:39:58.901000+00:00",
            "version": "1.26.0"
        }
    ],
    "full_name": "bioconda/bioconductor-crisprseek",
    "home": "http://bioconductor.org/packages/3.6/bioc/html/CRISPRseek.html",
    "html_url": "http://anaconda.org/bioconda/bioconductor-crisprseek",
    "id": "5a86df68baec3611fdc4e35d",
    "latest_version": "1.26.0",
    "license": "GPL (>= 2)",
    "license_url": null,
    "modified_at": "2019-11-05 00:39:59.210000+00:00",
    "name": "bioconductor-crisprseek",
    "owner": {
        "company": "",
        "created_at": "2015-09-11 22:59:20.880000+00:00",
        "description": "Bioconda is a distribution of bioinformatics software realized as a channel for the versatile Conda package manager.",
        "location": "",
        "login": "bioconda",
        "name": "bioconda",
        "url": "",
        "user_type": "org"
    },
    "package_types": [
        "conda"
    ],
    "public": true,
    "releases": [
        {
            "distributions": [],
            "full_name": "bioconda/bioconductor-crisprseek/1.18.0",
            "version": "1.18.0"
        },
        {
            "distributions": [],
            "full_name": "bioconda/bioconductor-crisprseek/1.20.0",
            "version": "1.20.0"
        },
        {
            "distributions": [],
            "full_name": "bioconda/bioconductor-crisprseek/1.22.0",
            "version": "1.22.0"
        },
        {
            "distributions": [],
            "full_name": "bioconda/bioconductor-crisprseek/1.24.0",
            "version": "1.24.0"
        },
        {
            "distributions": [],
            "full_name": "bioconda/bioconductor-crisprseek/1.26.0",
            "version": "1.26.0"
        }
    ],
    "revision": 10,
    "source_git_tag": null,
    "source_git_url": null,
    "summary": "Design of target-specific guide RNAs in CRISPR-Cas9, genome-editing systems",
    "upvoted": 0,
    "url": "http://api.anaconda.org/packages/bioconda/bioconductor-crisprseek",
    "versions": [
        "1.18.0",
        "1.20.0",
        "1.22.0",
        "1.24.0",
        "1.26.0"
    ],
    "watchers": 1
}