{
    "app_entry": {},
    "app_summary": {},
    "app_type": {},
    "builds": [
        "r351_0",
        "r36_3",
        "r36_2"
    ],
    "conda_platforms": [
        "noarch"
    ],
    "created_at": "2018-12-30 01:24:59.808000+00:00",
    "description": "",
    "dev_url": null,
    "doc_url": null,
    "files": [
        {
            "attrs": {
                "arch": null,
                "build": "r351_0",
                "build_number": 0,
                "depends": [
                    "bioconductor-annotationdbi >=1.44.0,<1.45.0",
                    "bioconductor-org.hs.eg.db >=3.7.0,<3.8.0",
                    "r-base >=3.5.1,<3.5.2.0a0",
                    "wget"
                ],
                "has_prefix": false,
                "license": "Artistic-2.0",
                "machine": null,
                "noarch": "generic",
                "operatingsystem": null,
                "platform": null,
                "subdir": "noarch",
                "target-triplet": "None-any-None",
                "timestamp": 1546132846927
            },
            "basename": "noarch/bioconductor-u133x3p.db-3.2.3-r351_0.tar.bz2",
            "dependencies": {
                "depends": [
                    {
                        "name": "bioconductor-annotationdbi",
                        "specs": [
                            [
                                ">=",
                                "1.44.0,<1.45.0"
                            ]
                        ]
                    },
                    {
                        "name": "bioconductor-org.hs.eg.db",
                        "specs": [
                            [
                                ">=",
                                "3.7.0,<3.8.0"
                            ]
                        ]
                    },
                    {
                        "name": "r-base",
                        "specs": [
                            [
                                ">=",
                                "3.5.1,<3.5.2.0a0"
                            ]
                        ]
                    },
                    {
                        "name": "wget",
                        "specs": []
                    }
                ]
            },
            "description": null,
            "distribution_type": "conda",
            "download_url": "//api.anaconda.org/download/bioconda/bioconductor-u133x3p.db/3.2.3/noarch/bioconductor-u133x3p.db-3.2.3-r351_0.tar.bz2",
            "full_name": "bioconda/bioconductor-u133x3p.db/3.2.3/noarch/bioconductor-u133x3p.db-3.2.3-r351_0.tar.bz2",
            "labels": [
                "gcc7",
                "main"
            ],
            "md5": "6fcb0f9129c45193fab4106888c1048f",
            "ndownloads": 58,
            "owner": "bioconda",
            "size": 6452,
            "type": "conda",
            "upload_time": "2018-12-30 01:25:01.030000+00:00",
            "version": "3.2.3"
        },
        {
            "attrs": {
                "arch": null,
                "build": "r36_2",
                "build_number": 2,
                "depends": [
                    "bioconductor-annotationdbi >=1.46.0,<1.47.0",
                    "bioconductor-org.hs.eg.db >=3.8.0,<3.9.0",
                    "curl >=7.65.3,<8.0a0",
                    "r-base >=3.6,<3.7.0a0"
                ],
                "has_prefix": false,
                "license": "Artistic-2.0",
                "machine": null,
                "noarch": "generic",
                "operatingsystem": null,
                "platform": null,
                "subdir": "noarch",
                "target-triplet": "None-any-None",
                "timestamp": 1564755266463
            },
            "basename": "noarch/bioconductor-u133x3p.db-3.2.3-r36_2.tar.bz2",
            "dependencies": {
                "depends": [
                    {
                        "name": "bioconductor-annotationdbi",
                        "specs": [
                            [
                                ">=",
                                "1.46.0,<1.47.0"
                            ]
                        ]
                    },
                    {
                        "name": "bioconductor-org.hs.eg.db",
                        "specs": [
                            [
                                ">=",
                                "3.8.0,<3.9.0"
                            ]
                        ]
                    },
                    {
                        "name": "curl",
                        "specs": [
                            [
                                ">=",
                                "7.65.3,<8.0a0"
                            ]
                        ]
                    },
                    {
                        "name": "r-base",
                        "specs": [
                            [
                                ">=",
                                "3.6,<3.7.0a0"
                            ]
                        ]
                    }
                ]
            },
            "description": null,
            "distribution_type": "conda",
            "download_url": "//api.anaconda.org/download/bioconda/bioconductor-u133x3p.db/3.2.3/noarch/bioconductor-u133x3p.db-3.2.3-r36_2.tar.bz2",
            "full_name": "bioconda/bioconductor-u133x3p.db/3.2.3/noarch/bioconductor-u133x3p.db-3.2.3-r36_2.tar.bz2",
            "labels": [
                "main"
            ],
            "md5": "e95d9831c302e992d135d2e47c73819d",
            "ndownloads": 30,
            "owner": "bioconda",
            "size": 6765,
            "type": "conda",
            "upload_time": "2019-08-02 14:20:02.100000+00:00",
            "version": "3.2.3"
        },
        {
            "attrs": {
                "arch": null,
                "build": "r36_3",
                "build_number": 3,
                "depends": [
                    "bioconductor-annotationdbi >=1.48.0,<1.49.0",
                    "bioconductor-org.hs.eg.db >=3.10.0,<3.11.0",
                    "curl >=7.65.3,<8.0a0",
                    "r-base >=3.6,<3.7.0a0"
                ],
                "has_prefix": false,
                "license": "Artistic-2.0",
                "machine": null,
                "noarch": "generic",
                "operatingsystem": null,
                "platform": null,
                "subdir": "noarch",
                "target-triplet": "None-any-None",
                "timestamp": 1572917855800
            },
            "basename": "noarch/bioconductor-u133x3p.db-3.2.3-r36_3.tar.bz2",
            "dependencies": {
                "depends": [
                    {
                        "name": "bioconductor-annotationdbi",
                        "specs": [
                            [
                                ">=",
                                "1.48.0,<1.49.0"
                            ]
                        ]
                    },
                    {
                        "name": "bioconductor-org.hs.eg.db",
                        "specs": [
                            [
                                ">=",
                                "3.10.0,<3.11.0"
                            ]
                        ]
                    },
                    {
                        "name": "curl",
                        "specs": [
                            [
                                ">=",
                                "7.65.3,<8.0a0"
                            ]
                        ]
                    },
                    {
                        "name": "r-base",
                        "specs": [
                            [
                                ">=",
                                "3.6,<3.7.0a0"
                            ]
                        ]
                    }
                ]
            },
            "description": null,
            "distribution_type": "conda",
            "download_url": "//api.anaconda.org/download/bioconda/bioconductor-u133x3p.db/3.2.3/noarch/bioconductor-u133x3p.db-3.2.3-r36_3.tar.bz2",
            "full_name": "bioconda/bioconductor-u133x3p.db/3.2.3/noarch/bioconductor-u133x3p.db-3.2.3-r36_3.tar.bz2",
            "labels": [
                "main"
            ],
            "md5": "572c9cbd5f374969fe5523292693190a",
            "ndownloads": 16,
            "owner": "bioconda",
            "size": 6887,
            "type": "conda",
            "upload_time": "2019-11-05 01:43:17.507000+00:00",
            "version": "3.2.3"
        }
    ],
    "full_name": "bioconda/bioconductor-u133x3p.db",
    "home": "https://bioconductor.org/packages/3.8/data/annotation/html/u133x3p.db.html",
    "html_url": "http://anaconda.org/bioconda/bioconductor-u133x3p.db",
    "id": "5c281e6b37f3391341dea8d5",
    "latest_version": "3.2.3",
    "license": "Artistic-2.0",
    "license_url": null,
    "modified_at": "2019-11-05 01:43:17.872000+00:00",
    "name": "bioconductor-u133x3p.db",
    "owner": {
        "company": "",
        "created_at": "2015-09-11 22:59:20.880000+00:00",
        "description": "Bioconda is a distribution of bioinformatics software realized as a channel for the versatile Conda package manager.",
        "location": "",
        "login": "bioconda",
        "name": "bioconda",
        "url": "",
        "user_type": "org"
    },
    "package_types": [
        "conda"
    ],
    "public": true,
    "releases": [
        {
            "distributions": [],
            "full_name": "bioconda/bioconductor-u133x3p.db/3.2.3",
            "version": "3.2.3"
        }
    ],
    "revision": 2,
    "source_git_tag": null,
    "source_git_url": null,
    "summary": "Affymetrix Human X3P Array annotation data (chip u133x3p) assembled using data from public repositories",
    "upvoted": 0,
    "url": "http://api.anaconda.org/packages/bioconda/bioconductor-u133x3p.db",
    "versions": [
        "3.2.3"
    ],
    "watchers": 1
}