{
    "app_entry": {},
    "app_summary": {},
    "app_type": {},
    "builds": [
        "r351_0",
        "r36_1"
    ],
    "conda_platforms": [
        "noarch"
    ],
    "created_at": "2018-12-22 09:08:07.942000+00:00",
    "description": "",
    "dev_url": null,
    "doc_url": null,
    "files": [
        {
            "attrs": {
                "arch": null,
                "build": "r351_0",
                "build_number": 0,
                "depends": [
                    "bioconductor-biocgenerics >=0.28.0,<0.29.0",
                    "bioconductor-experimenthub >=1.8.0,<1.9.0",
                    "r-base >=3.5.1,<3.5.2.0a0",
                    "r-ggplot2",
                    "r-gridextra",
                    "r-randomforest",
                    "r-rcolorbrewer",
                    "r-testthat"
                ],
                "has_prefix": false,
                "license": "CC BY-SA 4.0",
                "machine": null,
                "noarch": "generic",
                "operatingsystem": null,
                "platform": null,
                "subdir": "noarch",
                "target-triplet": "None-any-None",
                "timestamp": 1545469454674
            },
            "basename": "noarch/bioconductor-brainimager-1.0.0-r351_0.tar.bz2",
            "dependencies": {
                "depends": [
                    {
                        "name": "bioconductor-biocgenerics",
                        "specs": [
                            [
                                ">=",
                                "0.28.0,<0.29.0"
                            ]
                        ]
                    },
                    {
                        "name": "bioconductor-experimenthub",
                        "specs": [
                            [
                                ">=",
                                "1.8.0,<1.9.0"
                            ]
                        ]
                    },
                    {
                        "name": "r-base",
                        "specs": [
                            [
                                ">=",
                                "3.5.1,<3.5.2.0a0"
                            ]
                        ]
                    },
                    {
                        "name": "r-ggplot2",
                        "specs": []
                    },
                    {
                        "name": "r-gridextra",
                        "specs": []
                    },
                    {
                        "name": "r-randomforest",
                        "specs": []
                    },
                    {
                        "name": "r-rcolorbrewer",
                        "specs": []
                    },
                    {
                        "name": "r-testthat",
                        "specs": []
                    }
                ]
            },
            "description": null,
            "distribution_type": "conda",
            "download_url": "//api.anaconda.org/download/bioconda/bioconductor-brainimager/1.0.0/noarch/bioconductor-brainimager-1.0.0-r351_0.tar.bz2",
            "full_name": "bioconda/bioconductor-brainimager/1.0.0/noarch/bioconductor-brainimager-1.0.0-r351_0.tar.bz2",
            "labels": [
                "gcc7",
                "main"
            ],
            "md5": "73b8427f93de46c93d2d745ed7163dd5",
            "ndownloads": 77,
            "owner": "bioconda",
            "size": 1738831,
            "type": "conda",
            "upload_time": "2018-12-22 09:08:08.691000+00:00",
            "version": "1.0.0"
        },
        {
            "attrs": {
                "arch": null,
                "build": "r36_1",
                "build_number": 1,
                "depends": [
                    "bioconductor-biocgenerics >=0.30.0,<0.31.0",
                    "bioconductor-experimenthub >=1.10.0,<1.11.0",
                    "r-base >=3.6,<3.7.0a0",
                    "r-ggplot2",
                    "r-gridextra",
                    "r-randomforest",
                    "r-rcolorbrewer",
                    "r-testthat"
                ],
                "has_prefix": false,
                "license": "CC BY-SA 4.0",
                "machine": null,
                "noarch": "generic",
                "operatingsystem": null,
                "platform": null,
                "subdir": "noarch",
                "target-triplet": "None-any-None",
                "timestamp": 1564328971367
            },
            "basename": "noarch/bioconductor-brainimager-1.1.0-r36_1.tar.bz2",
            "dependencies": {
                "depends": [
                    {
                        "name": "bioconductor-biocgenerics",
                        "specs": [
                            [
                                ">=",
                                "0.30.0,<0.31.0"
                            ]
                        ]
                    },
                    {
                        "name": "bioconductor-experimenthub",
                        "specs": [
                            [
                                ">=",
                                "1.10.0,<1.11.0"
                            ]
                        ]
                    },
                    {
                        "name": "r-base",
                        "specs": [
                            [
                                ">=",
                                "3.6,<3.7.0a0"
                            ]
                        ]
                    },
                    {
                        "name": "r-ggplot2",
                        "specs": []
                    },
                    {
                        "name": "r-gridextra",
                        "specs": []
                    },
                    {
                        "name": "r-randomforest",
                        "specs": []
                    },
                    {
                        "name": "r-rcolorbrewer",
                        "specs": []
                    },
                    {
                        "name": "r-testthat",
                        "specs": []
                    }
                ]
            },
            "description": null,
            "distribution_type": "conda",
            "download_url": "//api.anaconda.org/download/bioconda/bioconductor-brainimager/1.1.0/noarch/bioconductor-brainimager-1.1.0-r36_1.tar.bz2",
            "full_name": "bioconda/bioconductor-brainimager/1.1.0/noarch/bioconductor-brainimager-1.1.0-r36_1.tar.bz2",
            "labels": [
                "main"
            ],
            "md5": "37be5695e6e9f8a67373cff3570d67e6",
            "ndownloads": 33,
            "owner": "bioconda",
            "size": 1740835,
            "type": "conda",
            "upload_time": "2019-07-28 15:54:36.865000+00:00",
            "version": "1.1.0"
        }
    ],
    "full_name": "bioconda/bioconductor-brainimager",
    "home": "https://bioconductor.org/packages/3.8/bioc/html/brainImageR.html",
    "html_url": "http://anaconda.org/bioconda/bioconductor-brainimager",
    "id": "5c1dfef737f33978adbf6257",
    "latest_version": "1.1.0",
    "license": "CC BY-SA 4.0",
    "license_url": null,
    "modified_at": "2019-07-28 15:54:37.206000+00:00",
    "name": "bioconductor-brainimager",
    "owner": {
        "company": "",
        "created_at": "2015-09-11 22:59:20.880000+00:00",
        "description": "Bioconda is a distribution of bioinformatics software realized as a channel for the versatile Conda package manager.",
        "location": "",
        "login": "bioconda",
        "name": "bioconda",
        "url": "",
        "user_type": "org"
    },
    "package_types": [
        "conda"
    ],
    "public": true,
    "releases": [
        {
            "distributions": [],
            "full_name": "bioconda/bioconductor-brainimager/1.0.0",
            "version": "1.0.0"
        },
        {
            "distributions": [],
            "full_name": "bioconda/bioconductor-brainimager/1.1.0",
            "version": "1.1.0"
        }
    ],
    "revision": 4,
    "source_git_tag": null,
    "source_git_url": null,
    "summary": "BrainImageR is a package that provides the user with information of where in the human brain their gene set corresponds to. This is provided both as a continuous variable and as a easily-interpretable image. BrainImageR has additional functionality of identifying approximately when in developmental time that a gene expression dataset corresponds to. Both the spatial gene set enrichment and the developmental time point prediction are assessed in comparison to the Allen Brain Atlas reference data.",
    "upvoted": 0,
    "url": "http://api.anaconda.org/packages/bioconda/bioconductor-brainimager",
    "versions": [
        "1.0.0",
        "1.1.0"
    ],
    "watchers": 1
}