{
    "app_entry": {},
    "app_summary": {},
    "app_type": {},
    "builds": [
        "r36_1",
        "r36_0",
        "r341_0",
        "r3.3.2_0",
        "r351_0",
        "r3.4.1_0"
    ],
    "conda_platforms": [
        "linux-64",
        "noarch",
        "osx-64"
    ],
    "created_at": "2017-08-22 09:41:46.212000+00:00",
    "description": "The rols package is an interface to the Ontology Lookup Service (OLS) to access and query hundred of ontolgies directly from R.",
    "dev_url": null,
    "doc_url": null,
    "files": [
        {
            "attrs": {
                "arch": "x86_64",
                "build": "r3.3.2_0",
                "build_number": 0,
                "depends": [
                    "bioconductor-biobase",
                    "r-base 3.3.2*",
                    "r-httr",
                    "r-jsonlite",
                    "r-progress"
                ],
                "has_prefix": false,
                "license": "GPL-2",
                "machine": "x86_64",
                "operatingsystem": "linux",
                "platform": "linux",
                "subdir": "linux-64",
                "target-triplet": "x86_64-any-linux"
            },
            "basename": "linux-64/bioconductor-rols-2.4.0-r3.3.2_0.tar.bz2",
            "dependencies": {
                "depends": [
                    {
                        "name": "bioconductor-biobase",
                        "specs": []
                    },
                    {
                        "name": "r-base",
                        "specs": [
                            [
                                "==",
                                "3.3.2"
                            ]
                        ]
                    },
                    {
                        "name": "r-httr",
                        "specs": []
                    },
                    {
                        "name": "r-jsonlite",
                        "specs": []
                    },
                    {
                        "name": "r-progress",
                        "specs": []
                    }
                ]
            },
            "description": null,
            "distribution_type": "conda",
            "download_url": "//api.anaconda.org/download/bioconda/bioconductor-rols/2.4.0/linux-64/bioconductor-rols-2.4.0-r3.3.2_0.tar.bz2",
            "full_name": "bioconda/bioconductor-rols/2.4.0/linux-64/bioconductor-rols-2.4.0-r3.3.2_0.tar.bz2",
            "labels": [
                "main",
                "cf201901"
            ],
            "md5": "85d9e9baa85865da841df7a0a2650c93",
            "ndownloads": 538,
            "owner": "bioconda",
            "size": 554616,
            "type": "conda",
            "upload_time": "2017-08-22 09:41:46.712000+00:00",
            "version": "2.4.0"
        },
        {
            "attrs": {
                "arch": "x86_64",
                "build": "r3.3.2_0",
                "build_number": 0,
                "depends": [
                    "bioconductor-biobase",
                    "r-base 3.3.2*",
                    "r-httr",
                    "r-jsonlite",
                    "r-progress"
                ],
                "has_prefix": false,
                "license": "GPL-2",
                "machine": "x86_64",
                "operatingsystem": "darwin",
                "platform": "osx",
                "subdir": "osx-64",
                "target-triplet": "x86_64-any-darwin"
            },
            "basename": "osx-64/bioconductor-rols-2.4.0-r3.3.2_0.tar.bz2",
            "dependencies": {
                "depends": [
                    {
                        "name": "bioconductor-biobase",
                        "specs": []
                    },
                    {
                        "name": "r-base",
                        "specs": [
                            [
                                "==",
                                "3.3.2"
                            ]
                        ]
                    },
                    {
                        "name": "r-httr",
                        "specs": []
                    },
                    {
                        "name": "r-jsonlite",
                        "specs": []
                    },
                    {
                        "name": "r-progress",
                        "specs": []
                    }
                ]
            },
            "description": null,
            "distribution_type": "conda",
            "download_url": "//api.anaconda.org/download/bioconda/bioconductor-rols/2.4.0/osx-64/bioconductor-rols-2.4.0-r3.3.2_0.tar.bz2",
            "full_name": "bioconda/bioconductor-rols/2.4.0/osx-64/bioconductor-rols-2.4.0-r3.3.2_0.tar.bz2",
            "labels": [
                "main",
                "cf201901"
            ],
            "md5": "c4a2c4ad7eab7bd1fc9ccb01bcfc73a8",
            "ndownloads": 261,
            "owner": "bioconda",
            "size": 554289,
            "type": "conda",
            "upload_time": "2017-08-22 09:45:05.542000+00:00",
            "version": "2.4.0"
        },
        {
            "attrs": {
                "arch": "x86_64",
                "build": "r3.4.1_0",
                "build_number": 0,
                "depends": [
                    "bioconductor-biobase",
                    "r-base 3.4.1*",
                    "r-httr",
                    "r-jsonlite",
                    "r-progress"
                ],
                "has_prefix": false,
                "license": "GPL-2",
                "machine": "x86_64",
                "operatingsystem": "linux",
                "platform": "linux",
                "subdir": "linux-64",
                "target-triplet": "x86_64-any-linux"
            },
            "basename": "linux-64/bioconductor-rols-2.4.0-r3.4.1_0.tar.bz2",
            "dependencies": {
                "depends": [
                    {
                        "name": "bioconductor-biobase",
                        "specs": []
                    },
                    {
                        "name": "r-base",
                        "specs": [
                            [
                                "==",
                                "3.4.1"
                            ]
                        ]
                    },
                    {
                        "name": "r-httr",
                        "specs": []
                    },
                    {
                        "name": "r-jsonlite",
                        "specs": []
                    },
                    {
                        "name": "r-progress",
                        "specs": []
                    }
                ]
            },
            "description": null,
            "distribution_type": "conda",
            "download_url": "//api.anaconda.org/download/bioconda/bioconductor-rols/2.4.0/linux-64/bioconductor-rols-2.4.0-r3.4.1_0.tar.bz2",
            "full_name": "bioconda/bioconductor-rols/2.4.0/linux-64/bioconductor-rols-2.4.0-r3.4.1_0.tar.bz2",
            "labels": [
                "main",
                "cf201901"
            ],
            "md5": "cb0fba276c59d6241f8a5260b8fc51e5",
            "ndownloads": 383,
            "owner": "bioconda",
            "size": 571775,
            "type": "conda",
            "upload_time": "2017-09-20 08:28:59.390000+00:00",
            "version": "2.4.0"
        },
        {
            "attrs": {
                "arch": "x86_64",
                "build": "r3.4.1_0",
                "build_number": 0,
                "depends": [
                    "bioconductor-biobase",
                    "r-base 3.4.1*",
                    "r-httr",
                    "r-jsonlite",
                    "r-progress"
                ],
                "has_prefix": false,
                "license": "GPL-2",
                "machine": "x86_64",
                "operatingsystem": "darwin",
                "platform": "osx",
                "subdir": "osx-64",
                "target-triplet": "x86_64-any-darwin"
            },
            "basename": "osx-64/bioconductor-rols-2.4.0-r3.4.1_0.tar.bz2",
            "dependencies": {
                "depends": [
                    {
                        "name": "bioconductor-biobase",
                        "specs": []
                    },
                    {
                        "name": "r-base",
                        "specs": [
                            [
                                "==",
                                "3.4.1"
                            ]
                        ]
                    },
                    {
                        "name": "r-httr",
                        "specs": []
                    },
                    {
                        "name": "r-jsonlite",
                        "specs": []
                    },
                    {
                        "name": "r-progress",
                        "specs": []
                    }
                ]
            },
            "description": null,
            "distribution_type": "conda",
            "download_url": "//api.anaconda.org/download/bioconda/bioconductor-rols/2.4.0/osx-64/bioconductor-rols-2.4.0-r3.4.1_0.tar.bz2",
            "full_name": "bioconda/bioconductor-rols/2.4.0/osx-64/bioconductor-rols-2.4.0-r3.4.1_0.tar.bz2",
            "labels": [
                "main",
                "cf201901"
            ],
            "md5": "d4a82759ec99f48e1854980074133d35",
            "ndownloads": 498,
            "owner": "bioconda",
            "size": 571751,
            "type": "conda",
            "upload_time": "2017-09-21 09:18:01.400000+00:00",
            "version": "2.4.0"
        },
        {
            "attrs": {
                "arch": "x86_64",
                "build": "r3.4.1_0",
                "build_number": 0,
                "depends": [
                    "bioconductor-biobase",
                    "bioconductor-biocgenerics >=0.23.1",
                    "r-base 3.4.1*",
                    "r-httr",
                    "r-jsonlite",
                    "r-progress"
                ],
                "has_prefix": false,
                "license": "GPL-2",
                "machine": "x86_64",
                "operatingsystem": "darwin",
                "platform": "osx",
                "subdir": "osx-64",
                "target-triplet": "x86_64-any-darwin"
            },
            "basename": "osx-64/bioconductor-rols-2.6.0-r3.4.1_0.tar.bz2",
            "dependencies": {
                "depends": [
                    {
                        "name": "bioconductor-biobase",
                        "specs": []
                    },
                    {
                        "name": "bioconductor-biocgenerics",
                        "specs": [
                            [
                                ">=",
                                "0.23.1"
                            ]
                        ]
                    },
                    {
                        "name": "r-base",
                        "specs": [
                            [
                                "==",
                                "3.4.1"
                            ]
                        ]
                    },
                    {
                        "name": "r-httr",
                        "specs": []
                    },
                    {
                        "name": "r-jsonlite",
                        "specs": []
                    },
                    {
                        "name": "r-progress",
                        "specs": []
                    }
                ]
            },
            "description": null,
            "distribution_type": "conda",
            "download_url": "//api.anaconda.org/download/bioconda/bioconductor-rols/2.6.0/osx-64/bioconductor-rols-2.6.0-r3.4.1_0.tar.bz2",
            "full_name": "bioconda/bioconductor-rols/2.6.0/osx-64/bioconductor-rols-2.6.0-r3.4.1_0.tar.bz2",
            "labels": [
                "main",
                "cf201901"
            ],
            "md5": "22fe69df480a497a3fb5482ad4351bbc",
            "ndownloads": 763,
            "owner": "bioconda",
            "size": 575104,
            "type": "conda",
            "upload_time": "2017-11-08 23:54:12.883000+00:00",
            "version": "2.6.0"
        },
        {
            "attrs": {
                "arch": "x86_64",
                "build": "r3.4.1_0",
                "build_number": 0,
                "depends": [
                    "bioconductor-biobase",
                    "bioconductor-biocgenerics >=0.23.1",
                    "r-base 3.4.1*",
                    "r-httr",
                    "r-jsonlite",
                    "r-progress"
                ],
                "has_prefix": false,
                "license": "GPL-2",
                "machine": "x86_64",
                "operatingsystem": "linux",
                "platform": "linux",
                "subdir": "linux-64",
                "target-triplet": "x86_64-any-linux"
            },
            "basename": "linux-64/bioconductor-rols-2.6.0-r3.4.1_0.tar.bz2",
            "dependencies": {
                "depends": [
                    {
                        "name": "bioconductor-biobase",
                        "specs": []
                    },
                    {
                        "name": "bioconductor-biocgenerics",
                        "specs": [
                            [
                                ">=",
                                "0.23.1"
                            ]
                        ]
                    },
                    {
                        "name": "r-base",
                        "specs": [
                            [
                                "==",
                                "3.4.1"
                            ]
                        ]
                    },
                    {
                        "name": "r-httr",
                        "specs": []
                    },
                    {
                        "name": "r-jsonlite",
                        "specs": []
                    },
                    {
                        "name": "r-progress",
                        "specs": []
                    }
                ]
            },
            "description": null,
            "distribution_type": "conda",
            "download_url": "//api.anaconda.org/download/bioconda/bioconductor-rols/2.6.0/linux-64/bioconductor-rols-2.6.0-r3.4.1_0.tar.bz2",
            "full_name": "bioconda/bioconductor-rols/2.6.0/linux-64/bioconductor-rols-2.6.0-r3.4.1_0.tar.bz2",
            "labels": [
                "main",
                "cf201901"
            ],
            "md5": "dbf149ebd319eb6e4fe069ff82181607",
            "ndownloads": 535,
            "owner": "bioconda",
            "size": 574826,
            "type": "conda",
            "upload_time": "2017-11-09 17:19:55.801000+00:00",
            "version": "2.6.0"
        },
        {
            "attrs": {
                "arch": "x86_64",
                "build": "r341_0",
                "build_number": 0,
                "depends": [
                    "bioconductor-biobase >=2.40.0,<2.42.0",
                    "bioconductor-biocgenerics >=0.26.0,<0.28.0",
                    "r-base >=3.4.1,<3.4.2.0a0",
                    "r-httr",
                    "r-jsonlite",
                    "r-progress"
                ],
                "has_prefix": false,
                "license": "GPL-2",
                "machine": "x86_64",
                "operatingsystem": "darwin",
                "platform": "osx",
                "subdir": "osx-64",
                "target-triplet": "x86_64-any-darwin",
                "timestamp": 1539616010858
            },
            "basename": "osx-64/bioconductor-rols-2.8.2-r341_0.tar.bz2",
            "dependencies": {
                "depends": [
                    {
                        "name": "bioconductor-biobase",
                        "specs": [
                            [
                                ">=",
                                "2.40.0,<2.42.0"
                            ]
                        ]
                    },
                    {
                        "name": "bioconductor-biocgenerics",
                        "specs": [
                            [
                                ">=",
                                "0.26.0,<0.28.0"
                            ]
                        ]
                    },
                    {
                        "name": "r-base",
                        "specs": [
                            [
                                ">=",
                                "3.4.1,<3.4.2.0a0"
                            ]
                        ]
                    },
                    {
                        "name": "r-httr",
                        "specs": []
                    },
                    {
                        "name": "r-jsonlite",
                        "specs": []
                    },
                    {
                        "name": "r-progress",
                        "specs": []
                    }
                ]
            },
            "description": null,
            "distribution_type": "conda",
            "download_url": "//api.anaconda.org/download/bioconda/bioconductor-rols/2.8.2/osx-64/bioconductor-rols-2.8.2-r341_0.tar.bz2",
            "full_name": "bioconda/bioconductor-rols/2.8.2/osx-64/bioconductor-rols-2.8.2-r341_0.tar.bz2",
            "labels": [
                "main",
                "cf201901"
            ],
            "md5": "c706332645883efef7c8f39d08c99ac7",
            "ndownloads": 97,
            "owner": "bioconda",
            "size": 550872,
            "type": "conda",
            "upload_time": "2018-10-15 15:08:58.587000+00:00",
            "version": "2.8.2"
        },
        {
            "attrs": {
                "arch": "x86_64",
                "build": "r351_0",
                "build_number": 0,
                "depends": [
                    "bioconductor-biobase >=2.40.0,<2.42.0",
                    "bioconductor-biocgenerics >=0.26.0,<0.28.0",
                    "r-base >=3.5.1,<3.5.2.0a0",
                    "r-httr",
                    "r-jsonlite",
                    "r-progress"
                ],
                "has_prefix": false,
                "license": "GPL-2",
                "machine": "x86_64",
                "operatingsystem": "darwin",
                "platform": "osx",
                "subdir": "osx-64",
                "target-triplet": "x86_64-any-darwin",
                "timestamp": 1539616094756
            },
            "basename": "osx-64/bioconductor-rols-2.8.2-r351_0.tar.bz2",
            "dependencies": {
                "depends": [
                    {
                        "name": "bioconductor-biobase",
                        "specs": [
                            [
                                ">=",
                                "2.40.0,<2.42.0"
                            ]
                        ]
                    },
                    {
                        "name": "bioconductor-biocgenerics",
                        "specs": [
                            [
                                ">=",
                                "0.26.0,<0.28.0"
                            ]
                        ]
                    },
                    {
                        "name": "r-base",
                        "specs": [
                            [
                                ">=",
                                "3.5.1,<3.5.2.0a0"
                            ]
                        ]
                    },
                    {
                        "name": "r-httr",
                        "specs": []
                    },
                    {
                        "name": "r-jsonlite",
                        "specs": []
                    },
                    {
                        "name": "r-progress",
                        "specs": []
                    }
                ]
            },
            "description": null,
            "distribution_type": "conda",
            "download_url": "//api.anaconda.org/download/bioconda/bioconductor-rols/2.8.2/osx-64/bioconductor-rols-2.8.2-r351_0.tar.bz2",
            "full_name": "bioconda/bioconductor-rols/2.8.2/osx-64/bioconductor-rols-2.8.2-r351_0.tar.bz2",
            "labels": [
                "main",
                "cf201901"
            ],
            "md5": "6abbebfe3ccd777c3eb9d8679a1cee82",
            "ndownloads": 671,
            "owner": "bioconda",
            "size": 618108,
            "type": "conda",
            "upload_time": "2018-10-15 15:09:03.177000+00:00",
            "version": "2.8.2"
        },
        {
            "attrs": {
                "arch": "x86_64",
                "build": "r351_0",
                "build_number": 0,
                "depends": [
                    "bioconductor-biobase >=2.40.0,<2.42.0",
                    "bioconductor-biocgenerics >=0.26.0,<0.28.0",
                    "r-base >=3.5.1,<3.5.2.0a0",
                    "r-httr",
                    "r-jsonlite",
                    "r-progress"
                ],
                "has_prefix": false,
                "license": "GPL-2",
                "machine": "x86_64",
                "operatingsystem": "linux",
                "platform": "linux",
                "subdir": "linux-64",
                "target-triplet": "x86_64-any-linux",
                "timestamp": 1539618436784
            },
            "basename": "linux-64/bioconductor-rols-2.8.2-r351_0.tar.bz2",
            "dependencies": {
                "depends": [
                    {
                        "name": "bioconductor-biobase",
                        "specs": [
                            [
                                ">=",
                                "2.40.0,<2.42.0"
                            ]
                        ]
                    },
                    {
                        "name": "bioconductor-biocgenerics",
                        "specs": [
                            [
                                ">=",
                                "0.26.0,<0.28.0"
                            ]
                        ]
                    },
                    {
                        "name": "r-base",
                        "specs": [
                            [
                                ">=",
                                "3.5.1,<3.5.2.0a0"
                            ]
                        ]
                    },
                    {
                        "name": "r-httr",
                        "specs": []
                    },
                    {
                        "name": "r-jsonlite",
                        "specs": []
                    },
                    {
                        "name": "r-progress",
                        "specs": []
                    }
                ]
            },
            "description": null,
            "distribution_type": "conda",
            "download_url": "//api.anaconda.org/download/bioconda/bioconductor-rols/2.8.2/linux-64/bioconductor-rols-2.8.2-r351_0.tar.bz2",
            "full_name": "bioconda/bioconductor-rols/2.8.2/linux-64/bioconductor-rols-2.8.2-r351_0.tar.bz2",
            "labels": [
                "main",
                "cf201901"
            ],
            "md5": "95504cd6a88de062ac3df8d92175cb74",
            "ndownloads": 104,
            "owner": "bioconda",
            "size": 618094,
            "type": "conda",
            "upload_time": "2018-10-15 15:52:19.675000+00:00",
            "version": "2.8.2"
        },
        {
            "attrs": {
                "arch": "x86_64",
                "build": "r341_0",
                "build_number": 0,
                "depends": [
                    "bioconductor-biobase >=2.40.0,<2.42.0",
                    "bioconductor-biocgenerics >=0.26.0,<0.28.0",
                    "r-base >=3.4.1,<3.4.2.0a0",
                    "r-httr",
                    "r-jsonlite",
                    "r-progress"
                ],
                "has_prefix": false,
                "license": "GPL-2",
                "machine": "x86_64",
                "operatingsystem": "linux",
                "platform": "linux",
                "subdir": "linux-64",
                "target-triplet": "x86_64-any-linux",
                "timestamp": 1539618370195
            },
            "basename": "linux-64/bioconductor-rols-2.8.2-r341_0.tar.bz2",
            "dependencies": {
                "depends": [
                    {
                        "name": "bioconductor-biobase",
                        "specs": [
                            [
                                ">=",
                                "2.40.0,<2.42.0"
                            ]
                        ]
                    },
                    {
                        "name": "bioconductor-biocgenerics",
                        "specs": [
                            [
                                ">=",
                                "0.26.0,<0.28.0"
                            ]
                        ]
                    },
                    {
                        "name": "r-base",
                        "specs": [
                            [
                                ">=",
                                "3.4.1,<3.4.2.0a0"
                            ]
                        ]
                    },
                    {
                        "name": "r-httr",
                        "specs": []
                    },
                    {
                        "name": "r-jsonlite",
                        "specs": []
                    },
                    {
                        "name": "r-progress",
                        "specs": []
                    }
                ]
            },
            "description": null,
            "distribution_type": "conda",
            "download_url": "//api.anaconda.org/download/bioconda/bioconductor-rols/2.8.2/linux-64/bioconductor-rols-2.8.2-r341_0.tar.bz2",
            "full_name": "bioconda/bioconductor-rols/2.8.2/linux-64/bioconductor-rols-2.8.2-r341_0.tar.bz2",
            "labels": [
                "main",
                "cf201901"
            ],
            "md5": "70af58797689fa20911229f3a9f706ed",
            "ndownloads": 229,
            "owner": "bioconda",
            "size": 550622,
            "type": "conda",
            "upload_time": "2018-10-15 15:52:23.511000+00:00",
            "version": "2.8.2"
        },
        {
            "attrs": {
                "arch": null,
                "build": "r351_0",
                "build_number": 0,
                "depends": [
                    "bioconductor-biobase >=2.42.0,<2.43.0",
                    "bioconductor-biocgenerics >=0.28.0,<0.29.0",
                    "r-base >=3.5.1,<3.5.2.0a0",
                    "r-httr",
                    "r-jsonlite",
                    "r-progress"
                ],
                "has_prefix": false,
                "license": "GPL-2",
                "machine": null,
                "noarch": "generic",
                "operatingsystem": null,
                "platform": null,
                "subdir": "noarch",
                "target-triplet": "None-any-None",
                "timestamp": 1544831940937
            },
            "basename": "noarch/bioconductor-rols-2.10.0-r351_0.tar.bz2",
            "dependencies": {
                "depends": [
                    {
                        "name": "bioconductor-biobase",
                        "specs": [
                            [
                                ">=",
                                "2.42.0,<2.43.0"
                            ]
                        ]
                    },
                    {
                        "name": "bioconductor-biocgenerics",
                        "specs": [
                            [
                                ">=",
                                "0.28.0,<0.29.0"
                            ]
                        ]
                    },
                    {
                        "name": "r-base",
                        "specs": [
                            [
                                ">=",
                                "3.5.1,<3.5.2.0a0"
                            ]
                        ]
                    },
                    {
                        "name": "r-httr",
                        "specs": []
                    },
                    {
                        "name": "r-jsonlite",
                        "specs": []
                    },
                    {
                        "name": "r-progress",
                        "specs": []
                    }
                ]
            },
            "description": null,
            "distribution_type": "conda",
            "download_url": "//api.anaconda.org/download/bioconda/bioconductor-rols/2.10.0/noarch/bioconductor-rols-2.10.0-r351_0.tar.bz2",
            "full_name": "bioconda/bioconductor-rols/2.10.0/noarch/bioconductor-rols-2.10.0-r351_0.tar.bz2",
            "labels": [
                "gcc7",
                "main"
            ],
            "md5": "ccecbd0811e2a5b59e9fc3b115e38e89",
            "ndownloads": 70,
            "owner": "bioconda",
            "size": 627796,
            "type": "conda",
            "upload_time": "2018-12-15 00:01:40.028000+00:00",
            "version": "2.10.0"
        },
        {
            "attrs": {
                "arch": null,
                "build": "r351_0",
                "build_number": 0,
                "depends": [
                    "bioconductor-biobase >=2.42.0,<2.43.0",
                    "bioconductor-biocgenerics >=0.28.0,<0.29.0",
                    "r-base >=3.5.1,<3.5.2.0a0",
                    "r-httr",
                    "r-jsonlite",
                    "r-progress"
                ],
                "has_prefix": false,
                "license": "GPL-2",
                "machine": null,
                "noarch": "generic",
                "operatingsystem": null,
                "platform": null,
                "subdir": "noarch",
                "target-triplet": "None-any-None",
                "timestamp": 1556430744560
            },
            "basename": "noarch/bioconductor-rols-2.10.1-r351_0.tar.bz2",
            "dependencies": {
                "depends": [
                    {
                        "name": "bioconductor-biobase",
                        "specs": [
                            [
                                ">=",
                                "2.42.0,<2.43.0"
                            ]
                        ]
                    },
                    {
                        "name": "bioconductor-biocgenerics",
                        "specs": [
                            [
                                ">=",
                                "0.28.0,<0.29.0"
                            ]
                        ]
                    },
                    {
                        "name": "r-base",
                        "specs": [
                            [
                                ">=",
                                "3.5.1,<3.5.2.0a0"
                            ]
                        ]
                    },
                    {
                        "name": "r-httr",
                        "specs": []
                    },
                    {
                        "name": "r-jsonlite",
                        "specs": []
                    },
                    {
                        "name": "r-progress",
                        "specs": []
                    }
                ]
            },
            "description": null,
            "distribution_type": "conda",
            "download_url": "//api.anaconda.org/download/bioconda/bioconductor-rols/2.10.1/noarch/bioconductor-rols-2.10.1-r351_0.tar.bz2",
            "full_name": "bioconda/bioconductor-rols/2.10.1/noarch/bioconductor-rols-2.10.1-r351_0.tar.bz2",
            "labels": [
                "main"
            ],
            "md5": "c15505078de0c4b0c1f45e5e4806c589",
            "ndownloads": 70,
            "owner": "bioconda",
            "size": 623302,
            "type": "conda",
            "upload_time": "2019-04-28 05:56:27.807000+00:00",
            "version": "2.10.1"
        },
        {
            "attrs": {
                "arch": null,
                "build": "r36_1",
                "build_number": 1,
                "depends": [
                    "bioconductor-biobase >=2.44.0,<2.45.0",
                    "bioconductor-biocgenerics >=0.30.0,<0.31.0",
                    "r-base >=3.6,<3.7.0a0",
                    "r-httr",
                    "r-jsonlite",
                    "r-progress"
                ],
                "has_prefix": false,
                "license": "GPL-2",
                "machine": null,
                "noarch": "generic",
                "operatingsystem": null,
                "platform": null,
                "subdir": "noarch",
                "target-triplet": "None-any-None",
                "timestamp": 1563974281346
            },
            "basename": "noarch/bioconductor-rols-2.12.0-r36_1.tar.bz2",
            "dependencies": {
                "depends": [
                    {
                        "name": "bioconductor-biobase",
                        "specs": [
                            [
                                ">=",
                                "2.44.0,<2.45.0"
                            ]
                        ]
                    },
                    {
                        "name": "bioconductor-biocgenerics",
                        "specs": [
                            [
                                ">=",
                                "0.30.0,<0.31.0"
                            ]
                        ]
                    },
                    {
                        "name": "r-base",
                        "specs": [
                            [
                                ">=",
                                "3.6,<3.7.0a0"
                            ]
                        ]
                    },
                    {
                        "name": "r-httr",
                        "specs": []
                    },
                    {
                        "name": "r-jsonlite",
                        "specs": []
                    },
                    {
                        "name": "r-progress",
                        "specs": []
                    }
                ]
            },
            "description": null,
            "distribution_type": "conda",
            "download_url": "//api.anaconda.org/download/bioconda/bioconductor-rols/2.12.0/noarch/bioconductor-rols-2.12.0-r36_1.tar.bz2",
            "full_name": "bioconda/bioconductor-rols/2.12.0/noarch/bioconductor-rols-2.12.0-r36_1.tar.bz2",
            "labels": [
                "main"
            ],
            "md5": "90aa15fabbb58b83732a4f6f814196f4",
            "ndownloads": 31,
            "owner": "bioconda",
            "size": 633152,
            "type": "conda",
            "upload_time": "2019-07-24 13:22:02.076000+00:00",
            "version": "2.12.0"
        },
        {
            "attrs": {
                "arch": null,
                "build": "r36_0",
                "build_number": 0,
                "depends": [
                    "bioconductor-biobase >=2.46.0,<2.47.0",
                    "bioconductor-biocgenerics >=0.32.0,<0.33.0",
                    "r-base >=3.6,<3.7.0a0",
                    "r-httr",
                    "r-jsonlite",
                    "r-progress"
                ],
                "has_prefix": false,
                "license": "GPL-2",
                "machine": null,
                "noarch": "generic",
                "operatingsystem": null,
                "platform": null,
                "subdir": "noarch",
                "target-triplet": "None-any-None",
                "timestamp": 1572606968971
            },
            "basename": "noarch/bioconductor-rols-2.14.0-r36_0.tar.bz2",
            "dependencies": {
                "depends": [
                    {
                        "name": "bioconductor-biobase",
                        "specs": [
                            [
                                ">=",
                                "2.46.0,<2.47.0"
                            ]
                        ]
                    },
                    {
                        "name": "bioconductor-biocgenerics",
                        "specs": [
                            [
                                ">=",
                                "0.32.0,<0.33.0"
                            ]
                        ]
                    },
                    {
                        "name": "r-base",
                        "specs": [
                            [
                                ">=",
                                "3.6,<3.7.0a0"
                            ]
                        ]
                    },
                    {
                        "name": "r-httr",
                        "specs": []
                    },
                    {
                        "name": "r-jsonlite",
                        "specs": []
                    },
                    {
                        "name": "r-progress",
                        "specs": []
                    }
                ]
            },
            "description": null,
            "distribution_type": "conda",
            "download_url": "//api.anaconda.org/download/bioconda/bioconductor-rols/2.14.0/noarch/bioconductor-rols-2.14.0-r36_0.tar.bz2",
            "full_name": "bioconda/bioconductor-rols/2.14.0/noarch/bioconductor-rols-2.14.0-r36_0.tar.bz2",
            "labels": [
                "main"
            ],
            "md5": "5507f6bd9f621e366fb097618b49b751",
            "ndownloads": 18,
            "owner": "bioconda",
            "size": 635453,
            "type": "conda",
            "upload_time": "2019-11-01 11:20:16.442000+00:00",
            "version": "2.14.0"
        }
    ],
    "full_name": "bioconda/bioconductor-rols",
    "home": "http://bioconductor.org/packages/3.5/bioc/html/rols.html",
    "html_url": "http://anaconda.org/bioconda/bioconductor-rols",
    "id": "599bfc5a449cc412b7a51c57",
    "latest_version": "2.14.0",
    "license": "GPL-2",
    "license_url": null,
    "modified_at": "2019-11-01 11:20:16.916000+00:00",
    "name": "bioconductor-rols",
    "owner": {
        "company": "",
        "created_at": "2015-09-11 22:59:20.880000+00:00",
        "description": "Bioconda is a distribution of bioinformatics software realized as a channel for the versatile Conda package manager.",
        "location": "",
        "login": "bioconda",
        "name": "bioconda",
        "url": "",
        "user_type": "org"
    },
    "package_types": [
        "conda"
    ],
    "public": true,
    "releases": [
        {
            "distributions": [],
            "full_name": "bioconda/bioconductor-rols/2.4.0",
            "version": "2.4.0"
        },
        {
            "distributions": [],
            "full_name": "bioconda/bioconductor-rols/2.6.0",
            "version": "2.6.0"
        },
        {
            "distributions": [],
            "full_name": "bioconda/bioconductor-rols/2.8.2",
            "version": "2.8.2"
        },
        {
            "distributions": [],
            "full_name": "bioconda/bioconductor-rols/2.10.0",
            "version": "2.10.0"
        },
        {
            "distributions": [],
            "full_name": "bioconda/bioconductor-rols/2.10.1",
            "version": "2.10.1"
        },
        {
            "distributions": [],
            "full_name": "bioconda/bioconductor-rols/2.12.0",
            "version": "2.12.0"
        },
        {
            "distributions": [],
            "full_name": "bioconda/bioconductor-rols/2.14.0",
            "version": "2.14.0"
        }
    ],
    "revision": 14,
    "source_git_tag": null,
    "source_git_url": null,
    "summary": "An R interface to the Ontology Lookup Service",
    "upvoted": 0,
    "url": "http://api.anaconda.org/packages/bioconda/bioconductor-rols",
    "versions": [
        "2.4.0",
        "2.6.0",
        "2.8.2",
        "2.10.0",
        "2.10.1",
        "2.12.0",
        "2.14.0"
    ],
    "watchers": 1
}