{
    "app_entry": {},
    "app_summary": {},
    "app_type": {},
    "builds": [
        "r351_0",
        "r36_1",
        "r3.4.1_0",
        "r36_0"
    ],
    "conda_platforms": [
        "linux-64",
        "noarch",
        "osx-64"
    ],
    "created_at": "2017-11-16 15:32:45.893000+00:00",
    "description": "Functions for plotting SNP array data; maintained for historical reasons",
    "dev_url": null,
    "doc_url": null,
    "files": [
        {
            "attrs": {
                "arch": "x86_64",
                "build": "r3.4.1_0",
                "build_number": 0,
                "depends": [
                    "bioconductor-biobase",
                    "bioconductor-genomeinfodb",
                    "bioconductor-genomicranges",
                    "bioconductor-iranges",
                    "bioconductor-oligoclasses >=1.31.1",
                    "bioconductor-s4vectors >=0.9.25",
                    "bioconductor-summarizedexperiment",
                    "r-base 3.4.1*",
                    "r-foreach",
                    "r-lattice"
                ],
                "has_prefix": false,
                "license": "LGPL (>= 2)",
                "machine": "x86_64",
                "operatingsystem": "darwin",
                "platform": "osx",
                "subdir": "osx-64",
                "target-triplet": "x86_64-any-darwin"
            },
            "basename": "osx-64/bioconductor-snpchip-2.24.0-r3.4.1_0.tar.bz2",
            "dependencies": {
                "depends": [
                    {
                        "name": "bioconductor-biobase",
                        "specs": []
                    },
                    {
                        "name": "bioconductor-genomeinfodb",
                        "specs": []
                    },
                    {
                        "name": "bioconductor-genomicranges",
                        "specs": []
                    },
                    {
                        "name": "bioconductor-iranges",
                        "specs": []
                    },
                    {
                        "name": "bioconductor-oligoclasses",
                        "specs": [
                            [
                                ">=",
                                "1.31.1"
                            ]
                        ]
                    },
                    {
                        "name": "bioconductor-s4vectors",
                        "specs": [
                            [
                                ">=",
                                "0.9.25"
                            ]
                        ]
                    },
                    {
                        "name": "bioconductor-summarizedexperiment",
                        "specs": []
                    },
                    {
                        "name": "r-base",
                        "specs": [
                            [
                                "==",
                                "3.4.1"
                            ]
                        ]
                    },
                    {
                        "name": "r-foreach",
                        "specs": []
                    },
                    {
                        "name": "r-lattice",
                        "specs": []
                    }
                ]
            },
            "description": null,
            "distribution_type": "conda",
            "download_url": "//api.anaconda.org/download/bioconda/bioconductor-snpchip/2.24.0/osx-64/bioconductor-snpchip-2.24.0-r3.4.1_0.tar.bz2",
            "full_name": "bioconda/bioconductor-snpchip/2.24.0/osx-64/bioconductor-snpchip-2.24.0-r3.4.1_0.tar.bz2",
            "labels": [
                "main",
                "cf201901"
            ],
            "md5": "35d0f06fc83f097d7068a67eec928af4",
            "ndownloads": 763,
            "owner": "bioconda",
            "size": 308652,
            "type": "conda",
            "upload_time": "2017-11-16 17:56:06.493000+00:00",
            "version": "2.24.0"
        },
        {
            "attrs": {
                "arch": "x86_64",
                "build": "r3.4.1_0",
                "build_number": 0,
                "depends": [
                    "bioconductor-biobase",
                    "bioconductor-genomeinfodb",
                    "bioconductor-genomicranges",
                    "bioconductor-iranges",
                    "bioconductor-oligoclasses >=1.31.1",
                    "bioconductor-s4vectors >=0.9.25",
                    "bioconductor-summarizedexperiment",
                    "r-base 3.4.1*",
                    "r-foreach",
                    "r-lattice"
                ],
                "has_prefix": false,
                "license": "LGPL (>= 2)",
                "machine": "x86_64",
                "operatingsystem": "linux",
                "platform": "linux",
                "subdir": "linux-64",
                "target-triplet": "x86_64-any-linux"
            },
            "basename": "linux-64/bioconductor-snpchip-2.24.0-r3.4.1_0.tar.bz2",
            "dependencies": {
                "depends": [
                    {
                        "name": "bioconductor-biobase",
                        "specs": []
                    },
                    {
                        "name": "bioconductor-genomeinfodb",
                        "specs": []
                    },
                    {
                        "name": "bioconductor-genomicranges",
                        "specs": []
                    },
                    {
                        "name": "bioconductor-iranges",
                        "specs": []
                    },
                    {
                        "name": "bioconductor-oligoclasses",
                        "specs": [
                            [
                                ">=",
                                "1.31.1"
                            ]
                        ]
                    },
                    {
                        "name": "bioconductor-s4vectors",
                        "specs": [
                            [
                                ">=",
                                "0.9.25"
                            ]
                        ]
                    },
                    {
                        "name": "bioconductor-summarizedexperiment",
                        "specs": []
                    },
                    {
                        "name": "r-base",
                        "specs": [
                            [
                                "==",
                                "3.4.1"
                            ]
                        ]
                    },
                    {
                        "name": "r-foreach",
                        "specs": []
                    },
                    {
                        "name": "r-lattice",
                        "specs": []
                    }
                ]
            },
            "description": null,
            "distribution_type": "conda",
            "download_url": "//api.anaconda.org/download/bioconda/bioconductor-snpchip/2.24.0/linux-64/bioconductor-snpchip-2.24.0-r3.4.1_0.tar.bz2",
            "full_name": "bioconda/bioconductor-snpchip/2.24.0/linux-64/bioconductor-snpchip-2.24.0-r3.4.1_0.tar.bz2",
            "labels": [
                "main",
                "cf201901"
            ],
            "md5": "a4f0c219b2188b520226cdb8f5c6573b",
            "ndownloads": 3037,
            "owner": "bioconda",
            "size": 308608,
            "type": "conda",
            "upload_time": "2017-11-16 15:32:46.464000+00:00",
            "version": "2.24.0"
        },
        {
            "attrs": {
                "arch": "x86_64",
                "build": "r351_0",
                "build_number": 0,
                "depends": [
                    "bioconductor-biobase >=2.40.0,<2.42.0",
                    "bioconductor-genomeinfodb >=1.16.0,<1.18.0",
                    "bioconductor-genomicranges >=1.32.7,<1.34.0",
                    "bioconductor-iranges >=2.14.12,<2.16.0",
                    "bioconductor-oligoclasses >=1.42.0,<1.44.0",
                    "bioconductor-s4vectors >=0.18.3,<0.20.0",
                    "bioconductor-summarizedexperiment >=1.10.1,<1.12.0",
                    "r-base >=3.5.1,<3.5.2.0a0",
                    "r-foreach",
                    "r-lattice"
                ],
                "has_prefix": false,
                "license": "LGPL (>= 2)",
                "machine": "x86_64",
                "operatingsystem": "darwin",
                "platform": "osx",
                "subdir": "osx-64",
                "target-triplet": "x86_64-any-darwin",
                "timestamp": 1540466561533
            },
            "basename": "osx-64/bioconductor-snpchip-2.26.0-r351_0.tar.bz2",
            "dependencies": {
                "depends": [
                    {
                        "name": "bioconductor-biobase",
                        "specs": [
                            [
                                ">=",
                                "2.40.0,<2.42.0"
                            ]
                        ]
                    },
                    {
                        "name": "bioconductor-genomeinfodb",
                        "specs": [
                            [
                                ">=",
                                "1.16.0,<1.18.0"
                            ]
                        ]
                    },
                    {
                        "name": "bioconductor-genomicranges",
                        "specs": [
                            [
                                ">=",
                                "1.32.7,<1.34.0"
                            ]
                        ]
                    },
                    {
                        "name": "bioconductor-iranges",
                        "specs": [
                            [
                                ">=",
                                "2.14.12,<2.16.0"
                            ]
                        ]
                    },
                    {
                        "name": "bioconductor-oligoclasses",
                        "specs": [
                            [
                                ">=",
                                "1.42.0,<1.44.0"
                            ]
                        ]
                    },
                    {
                        "name": "bioconductor-s4vectors",
                        "specs": [
                            [
                                ">=",
                                "0.18.3,<0.20.0"
                            ]
                        ]
                    },
                    {
                        "name": "bioconductor-summarizedexperiment",
                        "specs": [
                            [
                                ">=",
                                "1.10.1,<1.12.0"
                            ]
                        ]
                    },
                    {
                        "name": "r-base",
                        "specs": [
                            [
                                ">=",
                                "3.5.1,<3.5.2.0a0"
                            ]
                        ]
                    },
                    {
                        "name": "r-foreach",
                        "specs": []
                    },
                    {
                        "name": "r-lattice",
                        "specs": []
                    }
                ]
            },
            "description": null,
            "distribution_type": "conda",
            "download_url": "//api.anaconda.org/download/bioconda/bioconductor-snpchip/2.26.0/osx-64/bioconductor-snpchip-2.26.0-r351_0.tar.bz2",
            "full_name": "bioconda/bioconductor-snpchip/2.26.0/osx-64/bioconductor-snpchip-2.26.0-r351_0.tar.bz2",
            "labels": [
                "main",
                "cf201901"
            ],
            "md5": "8569cc2a89bdcf4fd4deae46fa7867b9",
            "ndownloads": 765,
            "owner": "bioconda",
            "size": 453592,
            "type": "conda",
            "upload_time": "2018-10-25 11:23:58.084000+00:00",
            "version": "2.26.0"
        },
        {
            "attrs": {
                "arch": "x86_64",
                "build": "r351_0",
                "build_number": 0,
                "depends": [
                    "bioconductor-biobase >=2.40.0,<2.42.0",
                    "bioconductor-genomeinfodb >=1.16.0,<1.18.0",
                    "bioconductor-genomicranges >=1.32.7,<1.34.0",
                    "bioconductor-iranges >=2.14.12,<2.16.0",
                    "bioconductor-oligoclasses >=1.42.0,<1.44.0",
                    "bioconductor-s4vectors >=0.18.3,<0.20.0",
                    "bioconductor-summarizedexperiment >=1.10.1,<1.12.0",
                    "r-base >=3.5.1,<3.5.2.0a0",
                    "r-foreach",
                    "r-lattice"
                ],
                "has_prefix": false,
                "license": "LGPL (>= 2)",
                "machine": "x86_64",
                "operatingsystem": "linux",
                "platform": "linux",
                "subdir": "linux-64",
                "target-triplet": "x86_64-any-linux",
                "timestamp": 1540647698012
            },
            "basename": "linux-64/bioconductor-snpchip-2.26.0-r351_0.tar.bz2",
            "dependencies": {
                "depends": [
                    {
                        "name": "bioconductor-biobase",
                        "specs": [
                            [
                                ">=",
                                "2.40.0,<2.42.0"
                            ]
                        ]
                    },
                    {
                        "name": "bioconductor-genomeinfodb",
                        "specs": [
                            [
                                ">=",
                                "1.16.0,<1.18.0"
                            ]
                        ]
                    },
                    {
                        "name": "bioconductor-genomicranges",
                        "specs": [
                            [
                                ">=",
                                "1.32.7,<1.34.0"
                            ]
                        ]
                    },
                    {
                        "name": "bioconductor-iranges",
                        "specs": [
                            [
                                ">=",
                                "2.14.12,<2.16.0"
                            ]
                        ]
                    },
                    {
                        "name": "bioconductor-oligoclasses",
                        "specs": [
                            [
                                ">=",
                                "1.42.0,<1.44.0"
                            ]
                        ]
                    },
                    {
                        "name": "bioconductor-s4vectors",
                        "specs": [
                            [
                                ">=",
                                "0.18.3,<0.20.0"
                            ]
                        ]
                    },
                    {
                        "name": "bioconductor-summarizedexperiment",
                        "specs": [
                            [
                                ">=",
                                "1.10.1,<1.12.0"
                            ]
                        ]
                    },
                    {
                        "name": "r-base",
                        "specs": [
                            [
                                ">=",
                                "3.5.1,<3.5.2.0a0"
                            ]
                        ]
                    },
                    {
                        "name": "r-foreach",
                        "specs": []
                    },
                    {
                        "name": "r-lattice",
                        "specs": []
                    }
                ]
            },
            "description": null,
            "distribution_type": "conda",
            "download_url": "//api.anaconda.org/download/bioconda/bioconductor-snpchip/2.26.0/linux-64/bioconductor-snpchip-2.26.0-r351_0.tar.bz2",
            "full_name": "bioconda/bioconductor-snpchip/2.26.0/linux-64/bioconductor-snpchip-2.26.0-r351_0.tar.bz2",
            "labels": [
                "main",
                "cf201901"
            ],
            "md5": "f4edcfdc84e5bda4d91686c6b5ef3cde",
            "ndownloads": 249,
            "owner": "bioconda",
            "size": 453476,
            "type": "conda",
            "upload_time": "2018-10-27 13:45:43.893000+00:00",
            "version": "2.26.0"
        },
        {
            "attrs": {
                "arch": null,
                "build": "r351_0",
                "build_number": 0,
                "depends": [
                    "bioconductor-biobase >=2.42.0,<2.43.0",
                    "bioconductor-genomeinfodb >=1.18.0,<1.19.0",
                    "bioconductor-genomicranges >=1.34.0,<1.35.0",
                    "bioconductor-iranges >=2.16.0,<2.17.0",
                    "bioconductor-oligoclasses >=1.44.0,<1.45.0",
                    "bioconductor-s4vectors >=0.20.0,<0.21.0",
                    "bioconductor-summarizedexperiment >=1.12.0,<1.13.0",
                    "r-base >=3.5.1,<3.5.2.0a0",
                    "r-foreach",
                    "r-lattice"
                ],
                "has_prefix": false,
                "license": "LGPL (>= 2)",
                "machine": null,
                "noarch": "generic",
                "operatingsystem": null,
                "platform": null,
                "subdir": "noarch",
                "target-triplet": "None-any-None",
                "timestamp": 1546543466043
            },
            "basename": "noarch/bioconductor-snpchip-2.28.0-r351_0.tar.bz2",
            "dependencies": {
                "depends": [
                    {
                        "name": "bioconductor-biobase",
                        "specs": [
                            [
                                ">=",
                                "2.42.0,<2.43.0"
                            ]
                        ]
                    },
                    {
                        "name": "bioconductor-genomeinfodb",
                        "specs": [
                            [
                                ">=",
                                "1.18.0,<1.19.0"
                            ]
                        ]
                    },
                    {
                        "name": "bioconductor-genomicranges",
                        "specs": [
                            [
                                ">=",
                                "1.34.0,<1.35.0"
                            ]
                        ]
                    },
                    {
                        "name": "bioconductor-iranges",
                        "specs": [
                            [
                                ">=",
                                "2.16.0,<2.17.0"
                            ]
                        ]
                    },
                    {
                        "name": "bioconductor-oligoclasses",
                        "specs": [
                            [
                                ">=",
                                "1.44.0,<1.45.0"
                            ]
                        ]
                    },
                    {
                        "name": "bioconductor-s4vectors",
                        "specs": [
                            [
                                ">=",
                                "0.20.0,<0.21.0"
                            ]
                        ]
                    },
                    {
                        "name": "bioconductor-summarizedexperiment",
                        "specs": [
                            [
                                ">=",
                                "1.12.0,<1.13.0"
                            ]
                        ]
                    },
                    {
                        "name": "r-base",
                        "specs": [
                            [
                                ">=",
                                "3.5.1,<3.5.2.0a0"
                            ]
                        ]
                    },
                    {
                        "name": "r-foreach",
                        "specs": []
                    },
                    {
                        "name": "r-lattice",
                        "specs": []
                    }
                ]
            },
            "description": null,
            "distribution_type": "conda",
            "download_url": "//api.anaconda.org/download/bioconda/bioconductor-snpchip/2.28.0/noarch/bioconductor-snpchip-2.28.0-r351_0.tar.bz2",
            "full_name": "bioconda/bioconductor-snpchip/2.28.0/noarch/bioconductor-snpchip-2.28.0-r351_0.tar.bz2",
            "labels": [
                "gcc7",
                "main"
            ],
            "md5": "b1f956e11db06fd2ff46c3b4690bb7e5",
            "ndownloads": 471,
            "owner": "bioconda",
            "size": 459719,
            "type": "conda",
            "upload_time": "2019-01-03 19:28:22.131000+00:00",
            "version": "2.28.0"
        },
        {
            "attrs": {
                "arch": null,
                "build": "r36_1",
                "build_number": 1,
                "depends": [
                    "bioconductor-biobase >=2.44.0,<2.45.0",
                    "bioconductor-genomeinfodb >=1.20.0,<1.21.0",
                    "bioconductor-genomicranges >=1.36.0,<1.37.0",
                    "bioconductor-iranges >=2.18.0,<2.19.0",
                    "bioconductor-oligoclasses >=1.46.0,<1.47.0",
                    "bioconductor-s4vectors >=0.22.0,<0.23.0",
                    "bioconductor-summarizedexperiment >=1.14.0,<1.15.0",
                    "r-base >=3.6,<3.7.0a0",
                    "r-foreach",
                    "r-lattice"
                ],
                "has_prefix": false,
                "license": "LGPL (>= 2)",
                "machine": null,
                "noarch": "generic",
                "operatingsystem": null,
                "platform": null,
                "subdir": "noarch",
                "target-triplet": "None-any-None",
                "timestamp": 1565023834043
            },
            "basename": "noarch/bioconductor-snpchip-2.30.0-r36_1.tar.bz2",
            "dependencies": {
                "depends": [
                    {
                        "name": "bioconductor-biobase",
                        "specs": [
                            [
                                ">=",
                                "2.44.0,<2.45.0"
                            ]
                        ]
                    },
                    {
                        "name": "bioconductor-genomeinfodb",
                        "specs": [
                            [
                                ">=",
                                "1.20.0,<1.21.0"
                            ]
                        ]
                    },
                    {
                        "name": "bioconductor-genomicranges",
                        "specs": [
                            [
                                ">=",
                                "1.36.0,<1.37.0"
                            ]
                        ]
                    },
                    {
                        "name": "bioconductor-iranges",
                        "specs": [
                            [
                                ">=",
                                "2.18.0,<2.19.0"
                            ]
                        ]
                    },
                    {
                        "name": "bioconductor-oligoclasses",
                        "specs": [
                            [
                                ">=",
                                "1.46.0,<1.47.0"
                            ]
                        ]
                    },
                    {
                        "name": "bioconductor-s4vectors",
                        "specs": [
                            [
                                ">=",
                                "0.22.0,<0.23.0"
                            ]
                        ]
                    },
                    {
                        "name": "bioconductor-summarizedexperiment",
                        "specs": [
                            [
                                ">=",
                                "1.14.0,<1.15.0"
                            ]
                        ]
                    },
                    {
                        "name": "r-base",
                        "specs": [
                            [
                                ">=",
                                "3.6,<3.7.0a0"
                            ]
                        ]
                    },
                    {
                        "name": "r-foreach",
                        "specs": []
                    },
                    {
                        "name": "r-lattice",
                        "specs": []
                    }
                ]
            },
            "description": null,
            "distribution_type": "conda",
            "download_url": "//api.anaconda.org/download/bioconda/bioconductor-snpchip/2.30.0/noarch/bioconductor-snpchip-2.30.0-r36_1.tar.bz2",
            "full_name": "bioconda/bioconductor-snpchip/2.30.0/noarch/bioconductor-snpchip-2.30.0-r36_1.tar.bz2",
            "labels": [
                "main"
            ],
            "md5": "e7d6430b702fc887b04d2da1aa923977",
            "ndownloads": 48,
            "owner": "bioconda",
            "size": 460062,
            "type": "conda",
            "upload_time": "2019-08-05 16:55:45.104000+00:00",
            "version": "2.30.0"
        },
        {
            "attrs": {
                "arch": null,
                "build": "r36_0",
                "build_number": 0,
                "depends": [
                    "bioconductor-biobase >=2.46.0,<2.47.0",
                    "bioconductor-genomeinfodb >=1.22.0,<1.23.0",
                    "bioconductor-genomicranges >=1.38.0,<1.39.0",
                    "bioconductor-iranges >=2.20.0,<2.21.0",
                    "bioconductor-oligoclasses >=1.48.0,<1.49.0",
                    "bioconductor-s4vectors >=0.24.0,<0.25.0",
                    "bioconductor-summarizedexperiment >=1.16.0,<1.17.0",
                    "r-base >=3.6,<3.7.0a0",
                    "r-foreach",
                    "r-lattice"
                ],
                "has_prefix": false,
                "license": "LGPL (>= 2)",
                "machine": null,
                "noarch": "generic",
                "operatingsystem": null,
                "platform": null,
                "subdir": "noarch",
                "target-triplet": "None-any-None",
                "timestamp": 1572770972870
            },
            "basename": "noarch/bioconductor-snpchip-2.32.0-r36_0.tar.bz2",
            "dependencies": {
                "depends": [
                    {
                        "name": "bioconductor-biobase",
                        "specs": [
                            [
                                ">=",
                                "2.46.0,<2.47.0"
                            ]
                        ]
                    },
                    {
                        "name": "bioconductor-genomeinfodb",
                        "specs": [
                            [
                                ">=",
                                "1.22.0,<1.23.0"
                            ]
                        ]
                    },
                    {
                        "name": "bioconductor-genomicranges",
                        "specs": [
                            [
                                ">=",
                                "1.38.0,<1.39.0"
                            ]
                        ]
                    },
                    {
                        "name": "bioconductor-iranges",
                        "specs": [
                            [
                                ">=",
                                "2.20.0,<2.21.0"
                            ]
                        ]
                    },
                    {
                        "name": "bioconductor-oligoclasses",
                        "specs": [
                            [
                                ">=",
                                "1.48.0,<1.49.0"
                            ]
                        ]
                    },
                    {
                        "name": "bioconductor-s4vectors",
                        "specs": [
                            [
                                ">=",
                                "0.24.0,<0.25.0"
                            ]
                        ]
                    },
                    {
                        "name": "bioconductor-summarizedexperiment",
                        "specs": [
                            [
                                ">=",
                                "1.16.0,<1.17.0"
                            ]
                        ]
                    },
                    {
                        "name": "r-base",
                        "specs": [
                            [
                                ">=",
                                "3.6,<3.7.0a0"
                            ]
                        ]
                    },
                    {
                        "name": "r-foreach",
                        "specs": []
                    },
                    {
                        "name": "r-lattice",
                        "specs": []
                    }
                ]
            },
            "description": null,
            "distribution_type": "conda",
            "download_url": "//api.anaconda.org/download/bioconda/bioconductor-snpchip/2.32.0/noarch/bioconductor-snpchip-2.32.0-r36_0.tar.bz2",
            "full_name": "bioconda/bioconductor-snpchip/2.32.0/noarch/bioconductor-snpchip-2.32.0-r36_0.tar.bz2",
            "labels": [
                "main"
            ],
            "md5": "08099725aed4472eac8006dccf6d96ee",
            "ndownloads": 30,
            "owner": "bioconda",
            "size": 457887,
            "type": "conda",
            "upload_time": "2019-11-03 08:54:52.740000+00:00",
            "version": "2.32.0"
        }
    ],
    "full_name": "bioconda/bioconductor-snpchip",
    "home": "http://bioconductor.org/packages/3.6/bioc/html/SNPchip.html",
    "html_url": "http://anaconda.org/bioconda/bioconductor-snpchip",
    "id": "5a0daf9d07528611f760c743",
    "latest_version": "2.32.0",
    "license": "LGPL (>= 2)",
    "license_url": null,
    "modified_at": "2019-11-03 08:54:53.164000+00:00",
    "name": "bioconductor-snpchip",
    "owner": {
        "company": "",
        "created_at": "2015-09-11 22:59:20.880000+00:00",
        "description": "Bioconda is a distribution of bioinformatics software realized as a channel for the versatile Conda package manager.",
        "location": "",
        "login": "bioconda",
        "name": "bioconda",
        "url": "",
        "user_type": "org"
    },
    "package_types": [
        "conda"
    ],
    "public": true,
    "releases": [
        {
            "distributions": [],
            "full_name": "bioconda/bioconductor-snpchip/2.24.0",
            "version": "2.24.0"
        },
        {
            "distributions": [],
            "full_name": "bioconda/bioconductor-snpchip/2.26.0",
            "version": "2.26.0"
        },
        {
            "distributions": [],
            "full_name": "bioconda/bioconductor-snpchip/2.28.0",
            "version": "2.28.0"
        },
        {
            "distributions": [],
            "full_name": "bioconda/bioconductor-snpchip/2.30.0",
            "version": "2.30.0"
        },
        {
            "distributions": [],
            "full_name": "bioconda/bioconductor-snpchip/2.32.0",
            "version": "2.32.0"
        }
    ],
    "revision": 10,
    "source_git_tag": null,
    "source_git_url": null,
    "summary": "Visualizations for copy number alterations",
    "upvoted": 0,
    "url": "http://api.anaconda.org/packages/bioconda/bioconductor-snpchip",
    "versions": [
        "2.24.0",
        "2.26.0",
        "2.28.0",
        "2.30.0",
        "2.32.0"
    ],
    "watchers": 1
}