{
    "app_entry": {},
    "app_summary": {},
    "app_type": {},
    "builds": [
        "r3.3.1_0",
        "r36_1",
        "r36_0",
        "r341_0",
        "r3.3.2_0",
        "r351_0",
        "0",
        "r3.4.1_0"
    ],
    "conda_platforms": [
        "linux-64",
        "noarch",
        "osx-64"
    ],
    "created_at": "2016-04-26 15:28:17.432000+00:00",
    "description": "GAGE is a published method for gene set (enrichment or GSEA) or pathway analysis. GAGE is generally applicable independent of microarray or RNA-Seq data attributes including sample sizes, experimental designs, assay platforms, and other types of heterogeneity, and consistently achieves superior performance over other frequently used methods. In gage package, we provide functions for basic GAGE analysis, result processing and presentation. We have also built pipeline routines for of multiple GAGE analyses in a batch, comparison between parallel analyses, and combined analysis of heterogeneous data from different sources/studies. In addition, we provide demo microarray data and commonly used gene set data based on KEGG pathways and GO terms. These funtions and data are also useful for gene set analysis using other methods.",
    "dev_url": null,
    "doc_url": null,
    "files": [
        {
            "attrs": {
                "arch": "x86_64",
                "build": "0",
                "build_number": 0,
                "depends": [
                    "bioconductor-annotationdbi",
                    "bioconductor-graph",
                    "bioconductor-keggrest",
                    "r >=2.10"
                ],
                "license": "GPL (>=2.0)",
                "machine": "x86_64",
                "operatingsystem": "darwin",
                "platform": "osx",
                "subdir": "osx-64",
                "target-triplet": "x86_64-any-darwin"
            },
            "basename": "osx-64/bioconductor-gage-2.21.1-0.tar.bz2",
            "dependencies": {
                "depends": [
                    {
                        "name": "bioconductor-annotationdbi",
                        "specs": []
                    },
                    {
                        "name": "bioconductor-graph",
                        "specs": []
                    },
                    {
                        "name": "bioconductor-keggrest",
                        "specs": []
                    },
                    {
                        "name": "r",
                        "specs": [
                            [
                                ">=",
                                "2.10"
                            ]
                        ]
                    }
                ]
            },
            "description": null,
            "distribution_type": "conda",
            "download_url": "//api.anaconda.org/download/bioconda/bioconductor-gage/2.21.1/osx-64/bioconductor-gage-2.21.1-0.tar.bz2",
            "full_name": "bioconda/bioconductor-gage/2.21.1/osx-64/bioconductor-gage-2.21.1-0.tar.bz2",
            "labels": [
                "main",
                "cf201901"
            ],
            "md5": "08875b8e35cba571a80af96855d11ff7",
            "ndownloads": 525,
            "owner": "bioconda",
            "size": 1626532,
            "type": "conda",
            "upload_time": "2016-04-26 15:28:17.738000+00:00",
            "version": "2.21.1"
        },
        {
            "attrs": {
                "arch": "x86_64",
                "build": "0",
                "build_number": 0,
                "depends": [
                    "bioconductor-annotationdbi",
                    "bioconductor-graph",
                    "bioconductor-keggrest",
                    "r >=2.10"
                ],
                "license": "GPL (>=2.0)",
                "machine": "x86_64",
                "operatingsystem": "linux",
                "platform": "linux",
                "subdir": "linux-64",
                "target-triplet": "x86_64-any-linux"
            },
            "basename": "linux-64/bioconductor-gage-2.21.1-0.tar.bz2",
            "dependencies": {
                "depends": [
                    {
                        "name": "bioconductor-annotationdbi",
                        "specs": []
                    },
                    {
                        "name": "bioconductor-graph",
                        "specs": []
                    },
                    {
                        "name": "bioconductor-keggrest",
                        "specs": []
                    },
                    {
                        "name": "r",
                        "specs": [
                            [
                                ">=",
                                "2.10"
                            ]
                        ]
                    }
                ]
            },
            "description": null,
            "distribution_type": "conda",
            "download_url": "//api.anaconda.org/download/bioconda/bioconductor-gage/2.21.1/linux-64/bioconductor-gage-2.21.1-0.tar.bz2",
            "full_name": "bioconda/bioconductor-gage/2.21.1/linux-64/bioconductor-gage-2.21.1-0.tar.bz2",
            "labels": [
                "main",
                "cf201901"
            ],
            "md5": "b49c6f510cb42905bfc84b400d3973b9",
            "ndownloads": 745,
            "owner": "bioconda",
            "size": 1626220,
            "type": "conda",
            "upload_time": "2016-04-26 15:33:05.833000+00:00",
            "version": "2.21.1"
        },
        {
            "attrs": {
                "arch": "x86_64",
                "build": "r3.3.1_0",
                "build_number": 0,
                "depends": [
                    "bioconductor-annotationdbi",
                    "bioconductor-graph",
                    "bioconductor-keggrest",
                    "r 3.3.1*"
                ],
                "has_prefix": false,
                "license": "GPL (>=2.0)",
                "machine": "x86_64",
                "operatingsystem": "linux",
                "platform": "linux",
                "subdir": "linux-64",
                "target-triplet": "x86_64-any-linux"
            },
            "basename": "linux-64/bioconductor-gage-2.21.1-r3.3.1_0.tar.bz2",
            "dependencies": {
                "depends": [
                    {
                        "name": "bioconductor-annotationdbi",
                        "specs": []
                    },
                    {
                        "name": "bioconductor-graph",
                        "specs": []
                    },
                    {
                        "name": "bioconductor-keggrest",
                        "specs": []
                    },
                    {
                        "name": "r",
                        "specs": [
                            [
                                "==",
                                "3.3.1"
                            ]
                        ]
                    }
                ]
            },
            "description": null,
            "distribution_type": "conda",
            "download_url": "//api.anaconda.org/download/bioconda/bioconductor-gage/2.21.1/linux-64/bioconductor-gage-2.21.1-r3.3.1_0.tar.bz2",
            "full_name": "bioconda/bioconductor-gage/2.21.1/linux-64/bioconductor-gage-2.21.1-r3.3.1_0.tar.bz2",
            "labels": [
                "main",
                "cf201901"
            ],
            "md5": "85780f280d2c7c15aa51b92e197538b2",
            "ndownloads": 559,
            "owner": "bioconda",
            "size": 1627918,
            "type": "conda",
            "upload_time": "2016-10-28 22:02:33.260000+00:00",
            "version": "2.21.1"
        },
        {
            "attrs": {
                "arch": "x86_64",
                "build": "r3.3.1_0",
                "build_number": 0,
                "depends": [
                    "bioconductor-annotationdbi",
                    "bioconductor-graph",
                    "bioconductor-keggrest",
                    "r 3.3.1*"
                ],
                "has_prefix": false,
                "license": "GPL (>=2.0)",
                "machine": "x86_64",
                "operatingsystem": "darwin",
                "platform": "osx",
                "subdir": "osx-64",
                "target-triplet": "x86_64-any-darwin"
            },
            "basename": "osx-64/bioconductor-gage-2.21.1-r3.3.1_0.tar.bz2",
            "dependencies": {
                "depends": [
                    {
                        "name": "bioconductor-annotationdbi",
                        "specs": []
                    },
                    {
                        "name": "bioconductor-graph",
                        "specs": []
                    },
                    {
                        "name": "bioconductor-keggrest",
                        "specs": []
                    },
                    {
                        "name": "r",
                        "specs": [
                            [
                                "==",
                                "3.3.1"
                            ]
                        ]
                    }
                ]
            },
            "description": null,
            "distribution_type": "conda",
            "download_url": "//api.anaconda.org/download/bioconda/bioconductor-gage/2.21.1/osx-64/bioconductor-gage-2.21.1-r3.3.1_0.tar.bz2",
            "full_name": "bioconda/bioconductor-gage/2.21.1/osx-64/bioconductor-gage-2.21.1-r3.3.1_0.tar.bz2",
            "labels": [
                "main",
                "cf201901"
            ],
            "md5": "607879fd229ac842aa33330d127c7b37",
            "ndownloads": 48,
            "owner": "bioconda",
            "size": 1627903,
            "type": "conda",
            "upload_time": "2016-10-28 22:37:18.755000+00:00",
            "version": "2.21.1"
        },
        {
            "attrs": {
                "arch": "x86_64",
                "build": "r3.4.1_0",
                "build_number": 0,
                "depends": [
                    "bioconductor-annotationdbi",
                    "bioconductor-graph",
                    "bioconductor-keggrest",
                    "r-base 3.4.1*"
                ],
                "has_prefix": false,
                "license": "GPL (>=2.0)",
                "machine": "x86_64",
                "operatingsystem": "darwin",
                "platform": "osx",
                "subdir": "osx-64",
                "target-triplet": "x86_64-any-darwin"
            },
            "basename": "osx-64/bioconductor-gage-2.26.3-r3.4.1_0.tar.bz2",
            "dependencies": {
                "depends": [
                    {
                        "name": "bioconductor-annotationdbi",
                        "specs": []
                    },
                    {
                        "name": "bioconductor-graph",
                        "specs": []
                    },
                    {
                        "name": "bioconductor-keggrest",
                        "specs": []
                    },
                    {
                        "name": "r-base",
                        "specs": [
                            [
                                "==",
                                "3.4.1"
                            ]
                        ]
                    }
                ]
            },
            "description": null,
            "distribution_type": "conda",
            "download_url": "//api.anaconda.org/download/bioconda/bioconductor-gage/2.26.3/osx-64/bioconductor-gage-2.26.3-r3.4.1_0.tar.bz2",
            "full_name": "bioconda/bioconductor-gage/2.26.3/osx-64/bioconductor-gage-2.26.3-r3.4.1_0.tar.bz2",
            "labels": [
                "main",
                "cf201901"
            ],
            "md5": "a8e15e02777fea88d5bca379d3994a42",
            "ndownloads": 766,
            "owner": "bioconda",
            "size": 2706417,
            "type": "conda",
            "upload_time": "2017-10-21 04:28:42.262000+00:00",
            "version": "2.26.3"
        },
        {
            "attrs": {
                "arch": "x86_64",
                "build": "r3.3.2_0",
                "build_number": 0,
                "depends": [
                    "bioconductor-annotationdbi",
                    "bioconductor-graph",
                    "bioconductor-keggrest",
                    "r-base 3.3.2*"
                ],
                "has_prefix": false,
                "license": "GPL (>=2.0)",
                "machine": "x86_64",
                "operatingsystem": "darwin",
                "platform": "osx",
                "subdir": "osx-64",
                "target-triplet": "x86_64-any-darwin"
            },
            "basename": "osx-64/bioconductor-gage-2.21.1-r3.3.2_0.tar.bz2",
            "dependencies": {
                "depends": [
                    {
                        "name": "bioconductor-annotationdbi",
                        "specs": []
                    },
                    {
                        "name": "bioconductor-graph",
                        "specs": []
                    },
                    {
                        "name": "bioconductor-keggrest",
                        "specs": []
                    },
                    {
                        "name": "r-base",
                        "specs": [
                            [
                                "==",
                                "3.3.2"
                            ]
                        ]
                    }
                ]
            },
            "description": null,
            "distribution_type": "conda",
            "download_url": "//api.anaconda.org/download/bioconda/bioconductor-gage/2.21.1/osx-64/bioconductor-gage-2.21.1-r3.3.2_0.tar.bz2",
            "full_name": "bioconda/bioconductor-gage/2.21.1/osx-64/bioconductor-gage-2.21.1-r3.3.2_0.tar.bz2",
            "labels": [
                "main",
                "cf201901"
            ],
            "md5": "9d4344f077fd64d2fdd3e087a95e213f",
            "ndownloads": 130,
            "owner": "bioconda",
            "size": 1629670,
            "type": "conda",
            "upload_time": "2017-06-04 18:34:26.800000+00:00",
            "version": "2.21.1"
        },
        {
            "attrs": {
                "arch": "x86_64",
                "build": "r3.3.2_0",
                "build_number": 0,
                "depends": [
                    "bioconductor-annotationdbi",
                    "bioconductor-graph",
                    "bioconductor-keggrest",
                    "r-base 3.3.2*"
                ],
                "has_prefix": false,
                "license": "GPL (>=2.0)",
                "machine": "x86_64",
                "operatingsystem": "linux",
                "platform": "linux",
                "subdir": "linux-64",
                "target-triplet": "x86_64-any-linux"
            },
            "basename": "linux-64/bioconductor-gage-2.21.1-r3.3.2_0.tar.bz2",
            "dependencies": {
                "depends": [
                    {
                        "name": "bioconductor-annotationdbi",
                        "specs": []
                    },
                    {
                        "name": "bioconductor-graph",
                        "specs": []
                    },
                    {
                        "name": "bioconductor-keggrest",
                        "specs": []
                    },
                    {
                        "name": "r-base",
                        "specs": [
                            [
                                "==",
                                "3.3.2"
                            ]
                        ]
                    }
                ]
            },
            "description": null,
            "distribution_type": "conda",
            "download_url": "//api.anaconda.org/download/bioconda/bioconductor-gage/2.21.1/linux-64/bioconductor-gage-2.21.1-r3.3.2_0.tar.bz2",
            "full_name": "bioconda/bioconductor-gage/2.21.1/linux-64/bioconductor-gage-2.21.1-r3.3.2_0.tar.bz2",
            "labels": [
                "main",
                "cf201901"
            ],
            "md5": "13f8a64059f27c2af5c1cf694a9a1c32",
            "ndownloads": 498,
            "owner": "bioconda",
            "size": 1630206,
            "type": "conda",
            "upload_time": "2017-06-05 10:18:05.161000+00:00",
            "version": "2.21.1"
        },
        {
            "attrs": {
                "arch": "x86_64",
                "build": "r3.4.1_0",
                "build_number": 0,
                "depends": [
                    "bioconductor-annotationdbi",
                    "bioconductor-graph",
                    "bioconductor-keggrest",
                    "r-base 3.4.1*"
                ],
                "has_prefix": false,
                "license": "GPL (>=2.0)",
                "machine": "x86_64",
                "operatingsystem": "linux",
                "platform": "linux",
                "subdir": "linux-64",
                "target-triplet": "x86_64-any-linux"
            },
            "basename": "linux-64/bioconductor-gage-2.21.1-r3.4.1_0.tar.bz2",
            "dependencies": {
                "depends": [
                    {
                        "name": "bioconductor-annotationdbi",
                        "specs": []
                    },
                    {
                        "name": "bioconductor-graph",
                        "specs": []
                    },
                    {
                        "name": "bioconductor-keggrest",
                        "specs": []
                    },
                    {
                        "name": "r-base",
                        "specs": [
                            [
                                "==",
                                "3.4.1"
                            ]
                        ]
                    }
                ]
            },
            "description": null,
            "distribution_type": "conda",
            "download_url": "//api.anaconda.org/download/bioconda/bioconductor-gage/2.21.1/linux-64/bioconductor-gage-2.21.1-r3.4.1_0.tar.bz2",
            "full_name": "bioconda/bioconductor-gage/2.21.1/linux-64/bioconductor-gage-2.21.1-r3.4.1_0.tar.bz2",
            "labels": [
                "main",
                "cf201901"
            ],
            "md5": "64779906f6dd80c387161d1039ca8840",
            "ndownloads": 404,
            "owner": "bioconda",
            "size": 1633375,
            "type": "conda",
            "upload_time": "2017-09-21 13:56:59.504000+00:00",
            "version": "2.21.1"
        },
        {
            "attrs": {
                "arch": "x86_64",
                "build": "r3.4.1_0",
                "build_number": 0,
                "depends": [
                    "bioconductor-annotationdbi",
                    "bioconductor-graph",
                    "bioconductor-keggrest",
                    "r-base 3.4.1*"
                ],
                "has_prefix": false,
                "license": "GPL (>=2.0)",
                "machine": "x86_64",
                "operatingsystem": "darwin",
                "platform": "osx",
                "subdir": "osx-64",
                "target-triplet": "x86_64-any-darwin"
            },
            "basename": "osx-64/bioconductor-gage-2.21.1-r3.4.1_0.tar.bz2",
            "dependencies": {
                "depends": [
                    {
                        "name": "bioconductor-annotationdbi",
                        "specs": []
                    },
                    {
                        "name": "bioconductor-graph",
                        "specs": []
                    },
                    {
                        "name": "bioconductor-keggrest",
                        "specs": []
                    },
                    {
                        "name": "r-base",
                        "specs": [
                            [
                                "==",
                                "3.4.1"
                            ]
                        ]
                    }
                ]
            },
            "description": null,
            "distribution_type": "conda",
            "download_url": "//api.anaconda.org/download/bioconda/bioconductor-gage/2.21.1/osx-64/bioconductor-gage-2.21.1-r3.4.1_0.tar.bz2",
            "full_name": "bioconda/bioconductor-gage/2.21.1/osx-64/bioconductor-gage-2.21.1-r3.4.1_0.tar.bz2",
            "labels": [
                "main",
                "cf201901"
            ],
            "md5": "c640a98922d1f76113604c6fa82ac48f",
            "ndownloads": 541,
            "owner": "bioconda",
            "size": 1633177,
            "type": "conda",
            "upload_time": "2017-09-22 09:51:59.447000+00:00",
            "version": "2.21.1"
        },
        {
            "attrs": {
                "arch": "x86_64",
                "build": "r3.4.1_0",
                "build_number": 0,
                "depends": [
                    "bioconductor-annotationdbi",
                    "bioconductor-graph",
                    "bioconductor-keggrest",
                    "r-base 3.4.1*"
                ],
                "has_prefix": false,
                "license": "GPL (>=2.0)",
                "machine": "x86_64",
                "operatingsystem": "linux",
                "platform": "linux",
                "subdir": "linux-64",
                "target-triplet": "x86_64-any-linux"
            },
            "basename": "linux-64/bioconductor-gage-2.26.3-r3.4.1_0.tar.bz2",
            "dependencies": {
                "depends": [
                    {
                        "name": "bioconductor-annotationdbi",
                        "specs": []
                    },
                    {
                        "name": "bioconductor-graph",
                        "specs": []
                    },
                    {
                        "name": "bioconductor-keggrest",
                        "specs": []
                    },
                    {
                        "name": "r-base",
                        "specs": [
                            [
                                "==",
                                "3.4.1"
                            ]
                        ]
                    }
                ]
            },
            "description": null,
            "distribution_type": "conda",
            "download_url": "//api.anaconda.org/download/bioconda/bioconductor-gage/2.26.3/linux-64/bioconductor-gage-2.26.3-r3.4.1_0.tar.bz2",
            "full_name": "bioconda/bioconductor-gage/2.26.3/linux-64/bioconductor-gage-2.26.3-r3.4.1_0.tar.bz2",
            "labels": [
                "main",
                "cf201901"
            ],
            "md5": "4095f039b1951121460e311711248ca0",
            "ndownloads": 576,
            "owner": "bioconda",
            "size": 2706786,
            "type": "conda",
            "upload_time": "2017-10-19 12:44:36.790000+00:00",
            "version": "2.26.3"
        },
        {
            "attrs": {
                "arch": "x86_64",
                "build": "r3.4.1_0",
                "build_number": 0,
                "depends": [
                    "bioconductor-annotationdbi",
                    "bioconductor-graph",
                    "bioconductor-keggrest",
                    "r-base 3.4.1*"
                ],
                "has_prefix": false,
                "license": "GPL (>=2.0)",
                "machine": "x86_64",
                "operatingsystem": "darwin",
                "platform": "osx",
                "subdir": "osx-64",
                "target-triplet": "x86_64-any-darwin"
            },
            "basename": "osx-64/bioconductor-gage-2.28.0-r3.4.1_0.tar.bz2",
            "dependencies": {
                "depends": [
                    {
                        "name": "bioconductor-annotationdbi",
                        "specs": []
                    },
                    {
                        "name": "bioconductor-graph",
                        "specs": []
                    },
                    {
                        "name": "bioconductor-keggrest",
                        "specs": []
                    },
                    {
                        "name": "r-base",
                        "specs": [
                            [
                                "==",
                                "3.4.1"
                            ]
                        ]
                    }
                ]
            },
            "description": null,
            "distribution_type": "conda",
            "download_url": "//api.anaconda.org/download/bioconda/bioconductor-gage/2.28.0/osx-64/bioconductor-gage-2.28.0-r3.4.1_0.tar.bz2",
            "full_name": "bioconda/bioconductor-gage/2.28.0/osx-64/bioconductor-gage-2.28.0-r3.4.1_0.tar.bz2",
            "labels": [
                "main",
                "cf201901"
            ],
            "md5": "a196858ff5764dfb3096d7f97379752c",
            "ndownloads": 763,
            "owner": "bioconda",
            "size": 2705913,
            "type": "conda",
            "upload_time": "2017-11-08 06:07:24.007000+00:00",
            "version": "2.28.0"
        },
        {
            "attrs": {
                "arch": "x86_64",
                "build": "r3.4.1_0",
                "build_number": 0,
                "depends": [
                    "bioconductor-annotationdbi",
                    "bioconductor-graph",
                    "bioconductor-keggrest",
                    "r-base 3.4.1*"
                ],
                "has_prefix": false,
                "license": "GPL (>=2.0)",
                "machine": "x86_64",
                "operatingsystem": "linux",
                "platform": "linux",
                "subdir": "linux-64",
                "target-triplet": "x86_64-any-linux"
            },
            "basename": "linux-64/bioconductor-gage-2.28.0-r3.4.1_0.tar.bz2",
            "dependencies": {
                "depends": [
                    {
                        "name": "bioconductor-annotationdbi",
                        "specs": []
                    },
                    {
                        "name": "bioconductor-graph",
                        "specs": []
                    },
                    {
                        "name": "bioconductor-keggrest",
                        "specs": []
                    },
                    {
                        "name": "r-base",
                        "specs": [
                            [
                                "==",
                                "3.4.1"
                            ]
                        ]
                    }
                ]
            },
            "description": null,
            "distribution_type": "conda",
            "download_url": "//api.anaconda.org/download/bioconda/bioconductor-gage/2.28.0/linux-64/bioconductor-gage-2.28.0-r3.4.1_0.tar.bz2",
            "full_name": "bioconda/bioconductor-gage/2.28.0/linux-64/bioconductor-gage-2.28.0-r3.4.1_0.tar.bz2",
            "labels": [
                "main",
                "cf201901"
            ],
            "md5": "fd68dfd7947b07ea6e0ed8dc82cca311",
            "ndownloads": 758,
            "owner": "bioconda",
            "size": 2706093,
            "type": "conda",
            "upload_time": "2017-11-08 22:23:00.112000+00:00",
            "version": "2.28.0"
        },
        {
            "attrs": {
                "arch": "x86_64",
                "build": "r341_0",
                "build_number": 0,
                "depends": [
                    "bioconductor-annotationdbi >=1.42.1,<1.44.0",
                    "bioconductor-graph >=1.58.0,<1.60.0",
                    "bioconductor-keggrest >=1.20.2,<1.22.0",
                    "r-base >=3.4.1,<3.4.2.0a0"
                ],
                "has_prefix": false,
                "license": "GPL (>=2.0)",
                "machine": "x86_64",
                "operatingsystem": "linux",
                "platform": "linux",
                "subdir": "linux-64",
                "target-triplet": "x86_64-any-linux",
                "timestamp": 1539868650231
            },
            "basename": "linux-64/bioconductor-gage-2.30.0-r341_0.tar.bz2",
            "dependencies": {
                "depends": [
                    {
                        "name": "bioconductor-annotationdbi",
                        "specs": [
                            [
                                ">=",
                                "1.42.1,<1.44.0"
                            ]
                        ]
                    },
                    {
                        "name": "bioconductor-graph",
                        "specs": [
                            [
                                ">=",
                                "1.58.0,<1.60.0"
                            ]
                        ]
                    },
                    {
                        "name": "bioconductor-keggrest",
                        "specs": [
                            [
                                ">=",
                                "1.20.2,<1.22.0"
                            ]
                        ]
                    },
                    {
                        "name": "r-base",
                        "specs": [
                            [
                                ">=",
                                "3.4.1,<3.4.2.0a0"
                            ]
                        ]
                    }
                ]
            },
            "description": null,
            "distribution_type": "conda",
            "download_url": "//api.anaconda.org/download/bioconda/bioconductor-gage/2.30.0/linux-64/bioconductor-gage-2.30.0-r341_0.tar.bz2",
            "full_name": "bioconda/bioconductor-gage/2.30.0/linux-64/bioconductor-gage-2.30.0-r341_0.tar.bz2",
            "labels": [
                "main",
                "cf201901"
            ],
            "md5": "d91300ad23a2295973e73eb381278e76",
            "ndownloads": 704,
            "owner": "bioconda",
            "size": 2725538,
            "type": "conda",
            "upload_time": "2018-10-18 13:24:12.882000+00:00",
            "version": "2.30.0"
        },
        {
            "attrs": {
                "arch": "x86_64",
                "build": "r351_0",
                "build_number": 0,
                "depends": [
                    "bioconductor-annotationdbi >=1.42.1,<1.44.0",
                    "bioconductor-graph >=1.58.0,<1.60.0",
                    "bioconductor-keggrest >=1.20.2,<1.22.0",
                    "r-base >=3.5.1,<3.5.2.0a0"
                ],
                "has_prefix": false,
                "license": "GPL (>=2.0)",
                "machine": "x86_64",
                "operatingsystem": "linux",
                "platform": "linux",
                "subdir": "linux-64",
                "target-triplet": "x86_64-any-linux",
                "timestamp": 1539868755187
            },
            "basename": "linux-64/bioconductor-gage-2.30.0-r351_0.tar.bz2",
            "dependencies": {
                "depends": [
                    {
                        "name": "bioconductor-annotationdbi",
                        "specs": [
                            [
                                ">=",
                                "1.42.1,<1.44.0"
                            ]
                        ]
                    },
                    {
                        "name": "bioconductor-graph",
                        "specs": [
                            [
                                ">=",
                                "1.58.0,<1.60.0"
                            ]
                        ]
                    },
                    {
                        "name": "bioconductor-keggrest",
                        "specs": [
                            [
                                ">=",
                                "1.20.2,<1.22.0"
                            ]
                        ]
                    },
                    {
                        "name": "r-base",
                        "specs": [
                            [
                                ">=",
                                "3.5.1,<3.5.2.0a0"
                            ]
                        ]
                    }
                ]
            },
            "description": null,
            "distribution_type": "conda",
            "download_url": "//api.anaconda.org/download/bioconda/bioconductor-gage/2.30.0/linux-64/bioconductor-gage-2.30.0-r351_0.tar.bz2",
            "full_name": "bioconda/bioconductor-gage/2.30.0/linux-64/bioconductor-gage-2.30.0-r351_0.tar.bz2",
            "labels": [
                "main",
                "cf201901"
            ],
            "md5": "357acd958ce89709eb9e789ed46f194b",
            "ndownloads": 711,
            "owner": "bioconda",
            "size": 2804832,
            "type": "conda",
            "upload_time": "2018-10-18 13:24:15.970000+00:00",
            "version": "2.30.0"
        },
        {
            "attrs": {
                "arch": null,
                "build": "r351_0",
                "build_number": 0,
                "depends": [
                    "bioconductor-annotationdbi >=1.44.0,<1.45.0",
                    "bioconductor-graph >=1.60.0,<1.61.0",
                    "bioconductor-keggrest >=1.22.0,<1.23.0",
                    "r-base >=3.5.1,<3.5.2.0a0"
                ],
                "has_prefix": false,
                "license": "GPL (>=2.0)",
                "machine": null,
                "noarch": "generic",
                "operatingsystem": null,
                "platform": null,
                "subdir": "noarch",
                "target-triplet": "None-any-None",
                "timestamp": 1545603301359
            },
            "basename": "noarch/bioconductor-gage-2.32.0-r351_0.tar.bz2",
            "dependencies": {
                "depends": [
                    {
                        "name": "bioconductor-annotationdbi",
                        "specs": [
                            [
                                ">=",
                                "1.44.0,<1.45.0"
                            ]
                        ]
                    },
                    {
                        "name": "bioconductor-graph",
                        "specs": [
                            [
                                ">=",
                                "1.60.0,<1.61.0"
                            ]
                        ]
                    },
                    {
                        "name": "bioconductor-keggrest",
                        "specs": [
                            [
                                ">=",
                                "1.22.0,<1.23.0"
                            ]
                        ]
                    },
                    {
                        "name": "r-base",
                        "specs": [
                            [
                                ">=",
                                "3.5.1,<3.5.2.0a0"
                            ]
                        ]
                    }
                ]
            },
            "description": null,
            "distribution_type": "conda",
            "download_url": "//api.anaconda.org/download/bioconda/bioconductor-gage/2.32.0/noarch/bioconductor-gage-2.32.0-r351_0.tar.bz2",
            "full_name": "bioconda/bioconductor-gage/2.32.0/noarch/bioconductor-gage-2.32.0-r351_0.tar.bz2",
            "labels": [
                "gcc7",
                "main"
            ],
            "md5": "dc5cabd728fa904bea7b87c10cc556ac",
            "ndownloads": 253,
            "owner": "bioconda",
            "size": 2806249,
            "type": "conda",
            "upload_time": "2018-12-23 22:18:53.050000+00:00",
            "version": "2.32.0"
        },
        {
            "attrs": {
                "arch": null,
                "build": "r36_1",
                "build_number": 1,
                "depends": [
                    "bioconductor-annotationdbi >=1.46.0,<1.47.0",
                    "bioconductor-graph >=1.62.0,<1.63.0",
                    "bioconductor-keggrest >=1.24.0,<1.25.0",
                    "r-base >=3.6,<3.7.0a0"
                ],
                "has_prefix": false,
                "license": "GPL (>=2.0)",
                "machine": null,
                "noarch": "generic",
                "operatingsystem": null,
                "platform": null,
                "subdir": "noarch",
                "target-triplet": "None-any-None",
                "timestamp": 1565202581423
            },
            "basename": "noarch/bioconductor-gage-2.34.0-r36_1.tar.bz2",
            "dependencies": {
                "depends": [
                    {
                        "name": "bioconductor-annotationdbi",
                        "specs": [
                            [
                                ">=",
                                "1.46.0,<1.47.0"
                            ]
                        ]
                    },
                    {
                        "name": "bioconductor-graph",
                        "specs": [
                            [
                                ">=",
                                "1.62.0,<1.63.0"
                            ]
                        ]
                    },
                    {
                        "name": "bioconductor-keggrest",
                        "specs": [
                            [
                                ">=",
                                "1.24.0,<1.25.0"
                            ]
                        ]
                    },
                    {
                        "name": "r-base",
                        "specs": [
                            [
                                ">=",
                                "3.6,<3.7.0a0"
                            ]
                        ]
                    }
                ]
            },
            "description": null,
            "distribution_type": "conda",
            "download_url": "//api.anaconda.org/download/bioconda/bioconductor-gage/2.34.0/noarch/bioconductor-gage-2.34.0-r36_1.tar.bz2",
            "full_name": "bioconda/bioconductor-gage/2.34.0/noarch/bioconductor-gage-2.34.0-r36_1.tar.bz2",
            "labels": [
                "main"
            ],
            "md5": "153ffe5ab507b2cc21b65938f1f63acf",
            "ndownloads": 62,
            "owner": "bioconda",
            "size": 2833237,
            "type": "conda",
            "upload_time": "2019-08-07 18:33:55.460000+00:00",
            "version": "2.34.0"
        },
        {
            "attrs": {
                "arch": null,
                "build": "r36_0",
                "build_number": 0,
                "depends": [
                    "bioconductor-annotationdbi >=1.48.0,<1.49.0",
                    "bioconductor-graph >=1.64.0,<1.65.0",
                    "bioconductor-keggrest >=1.26.0,<1.27.0",
                    "r-base >=3.6,<3.7.0a0"
                ],
                "has_prefix": false,
                "license": "GPL (>=2.0)",
                "machine": null,
                "noarch": "generic",
                "operatingsystem": null,
                "platform": null,
                "subdir": "noarch",
                "target-triplet": "None-any-None",
                "timestamp": 1572693347581
            },
            "basename": "noarch/bioconductor-gage-2.36.0-r36_0.tar.bz2",
            "dependencies": {
                "depends": [
                    {
                        "name": "bioconductor-annotationdbi",
                        "specs": [
                            [
                                ">=",
                                "1.48.0,<1.49.0"
                            ]
                        ]
                    },
                    {
                        "name": "bioconductor-graph",
                        "specs": [
                            [
                                ">=",
                                "1.64.0,<1.65.0"
                            ]
                        ]
                    },
                    {
                        "name": "bioconductor-keggrest",
                        "specs": [
                            [
                                ">=",
                                "1.26.0,<1.27.0"
                            ]
                        ]
                    },
                    {
                        "name": "r-base",
                        "specs": [
                            [
                                ">=",
                                "3.6,<3.7.0a0"
                            ]
                        ]
                    }
                ]
            },
            "description": null,
            "distribution_type": "conda",
            "download_url": "//api.anaconda.org/download/bioconda/bioconductor-gage/2.36.0/noarch/bioconductor-gage-2.36.0-r36_0.tar.bz2",
            "full_name": "bioconda/bioconductor-gage/2.36.0/noarch/bioconductor-gage-2.36.0-r36_0.tar.bz2",
            "labels": [
                "main"
            ],
            "md5": "4eb430c942b956bf6b77cd25de28b825",
            "ndownloads": 48,
            "owner": "bioconda",
            "size": 2837807,
            "type": "conda",
            "upload_time": "2019-11-02 11:20:03.872000+00:00",
            "version": "2.36.0"
        }
    ],
    "full_name": "bioconda/bioconductor-gage",
    "home": "None",
    "html_url": "http://anaconda.org/bioconda/bioconductor-gage",
    "id": "571f89118634b3526c5d905b",
    "latest_version": "2.36.0",
    "license": "GPL (>=2.0)",
    "license_url": null,
    "modified_at": "2019-11-02 11:20:04.230000+00:00",
    "name": "bioconductor-gage",
    "owner": {
        "company": "",
        "created_at": "2015-09-11 22:59:20.880000+00:00",
        "description": "Bioconda is a distribution of bioinformatics software realized as a channel for the versatile Conda package manager.",
        "location": "",
        "login": "bioconda",
        "name": "bioconda",
        "url": "",
        "user_type": "org"
    },
    "package_types": [
        "conda"
    ],
    "public": true,
    "releases": [
        {
            "distributions": [
                "osx-64/bioconductor-gage-2.21.1-0.tar.bz2",
                "linux-64/bioconductor-gage-2.21.1-0.tar.bz2"
            ],
            "full_name": "bioconda/bioconductor-gage/2.21.1",
            "version": "2.21.1"
        },
        {
            "distributions": [],
            "full_name": "bioconda/bioconductor-gage/2.26.3",
            "version": "2.26.3"
        },
        {
            "distributions": [],
            "full_name": "bioconda/bioconductor-gage/2.28.0",
            "version": "2.28.0"
        },
        {
            "distributions": [],
            "full_name": "bioconda/bioconductor-gage/2.30.0",
            "version": "2.30.0"
        },
        {
            "distributions": [],
            "full_name": "bioconda/bioconductor-gage/2.32.0",
            "version": "2.32.0"
        },
        {
            "distributions": [],
            "full_name": "bioconda/bioconductor-gage/2.34.0",
            "version": "2.34.0"
        },
        {
            "distributions": [],
            "full_name": "bioconda/bioconductor-gage/2.36.0",
            "version": "2.36.0"
        }
    ],
    "revision": 15,
    "source_git_tag": null,
    "source_git_url": null,
    "summary": "Generally Applicable Gene-set Enrichment for Pathway Analysis",
    "upvoted": 0,
    "url": "http://api.anaconda.org/packages/bioconda/bioconductor-gage",
    "versions": [
        "2.21.1",
        "2.26.3",
        "2.28.0",
        "2.30.0",
        "2.32.0",
        "2.34.0",
        "2.36.0"
    ],
    "watchers": 1
}