{
    "app_entry": {},
    "app_summary": {},
    "app_type": {},
    "builds": [
        "r36_1",
        "r36_0",
        "r341_0",
        "r3.3.2_0",
        "r351_0",
        "r3.4.1_0"
    ],
    "conda_platforms": [
        "linux-64",
        "noarch",
        "osx-64"
    ],
    "created_at": "2017-08-22 02:10:13.315000+00:00",
    "description": "RSVSim is a package for the simulation of deletions, insertions, inversion, tandem-duplications and translocations of various sizes in any genome available as FASTA-file or BSgenome data package. SV breakpoints can be placed uniformly accross the whole genome, with a bias towards repeat regions and regions of high homology (for hg19) or at user-supplied coordinates.",
    "dev_url": null,
    "doc_url": null,
    "files": [
        {
            "attrs": {
                "arch": "x86_64",
                "build": "r3.3.2_0",
                "build_number": 0,
                "depends": [
                    "bioconductor-biostrings",
                    "bioconductor-genomicranges",
                    "bioconductor-iranges",
                    "bioconductor-shortread",
                    "r-base 3.3.2*"
                ],
                "has_prefix": false,
                "license": "LGPL-3",
                "machine": "x86_64",
                "operatingsystem": "darwin",
                "platform": "osx",
                "subdir": "osx-64",
                "target-triplet": "x86_64-any-darwin"
            },
            "basename": "osx-64/bioconductor-rsvsim-1.16.0-r3.3.2_0.tar.bz2",
            "dependencies": {
                "depends": [
                    {
                        "name": "bioconductor-biostrings",
                        "specs": []
                    },
                    {
                        "name": "bioconductor-genomicranges",
                        "specs": []
                    },
                    {
                        "name": "bioconductor-iranges",
                        "specs": []
                    },
                    {
                        "name": "bioconductor-shortread",
                        "specs": []
                    },
                    {
                        "name": "r-base",
                        "specs": [
                            [
                                "==",
                                "3.3.2"
                            ]
                        ]
                    }
                ]
            },
            "description": null,
            "distribution_type": "conda",
            "download_url": "//api.anaconda.org/download/bioconda/bioconductor-rsvsim/1.16.0/osx-64/bioconductor-rsvsim-1.16.0-r3.3.2_0.tar.bz2",
            "full_name": "bioconda/bioconductor-rsvsim/1.16.0/osx-64/bioconductor-rsvsim-1.16.0-r3.3.2_0.tar.bz2",
            "labels": [
                "main",
                "cf201901"
            ],
            "md5": "45d2300feffba8bd77727648610bbe21",
            "ndownloads": 22,
            "owner": "bioconda",
            "size": 630328,
            "type": "conda",
            "upload_time": "2017-08-22 02:10:13.831000+00:00",
            "version": "1.16.0"
        },
        {
            "attrs": {
                "arch": "x86_64",
                "build": "r3.3.2_0",
                "build_number": 0,
                "depends": [
                    "bioconductor-biostrings",
                    "bioconductor-genomicranges",
                    "bioconductor-iranges",
                    "bioconductor-shortread",
                    "r-base 3.3.2*"
                ],
                "has_prefix": false,
                "license": "LGPL-3",
                "machine": "x86_64",
                "operatingsystem": "linux",
                "platform": "linux",
                "subdir": "linux-64",
                "target-triplet": "x86_64-any-linux"
            },
            "basename": "linux-64/bioconductor-rsvsim-1.16.0-r3.3.2_0.tar.bz2",
            "dependencies": {
                "depends": [
                    {
                        "name": "bioconductor-biostrings",
                        "specs": []
                    },
                    {
                        "name": "bioconductor-genomicranges",
                        "specs": []
                    },
                    {
                        "name": "bioconductor-iranges",
                        "specs": []
                    },
                    {
                        "name": "bioconductor-shortread",
                        "specs": []
                    },
                    {
                        "name": "r-base",
                        "specs": [
                            [
                                "==",
                                "3.3.2"
                            ]
                        ]
                    }
                ]
            },
            "description": null,
            "distribution_type": "conda",
            "download_url": "//api.anaconda.org/download/bioconda/bioconductor-rsvsim/1.16.0/linux-64/bioconductor-rsvsim-1.16.0-r3.3.2_0.tar.bz2",
            "full_name": "bioconda/bioconductor-rsvsim/1.16.0/linux-64/bioconductor-rsvsim-1.16.0-r3.3.2_0.tar.bz2",
            "labels": [
                "main",
                "cf201901"
            ],
            "md5": "aa8851ea8b88af8eabd42dab907837c2",
            "ndownloads": 440,
            "owner": "bioconda",
            "size": 630383,
            "type": "conda",
            "upload_time": "2017-08-22 02:15:22.915000+00:00",
            "version": "1.16.0"
        },
        {
            "attrs": {
                "arch": "x86_64",
                "build": "r3.4.1_0",
                "build_number": 0,
                "depends": [
                    "bioconductor-biostrings",
                    "bioconductor-genomicranges",
                    "bioconductor-iranges",
                    "bioconductor-shortread",
                    "r-base 3.4.1*"
                ],
                "has_prefix": false,
                "license": "LGPL-3",
                "machine": "x86_64",
                "operatingsystem": "linux",
                "platform": "linux",
                "subdir": "linux-64",
                "target-triplet": "x86_64-any-linux"
            },
            "basename": "linux-64/bioconductor-rsvsim-1.16.0-r3.4.1_0.tar.bz2",
            "dependencies": {
                "depends": [
                    {
                        "name": "bioconductor-biostrings",
                        "specs": []
                    },
                    {
                        "name": "bioconductor-genomicranges",
                        "specs": []
                    },
                    {
                        "name": "bioconductor-iranges",
                        "specs": []
                    },
                    {
                        "name": "bioconductor-shortread",
                        "specs": []
                    },
                    {
                        "name": "r-base",
                        "specs": [
                            [
                                "==",
                                "3.4.1"
                            ]
                        ]
                    }
                ]
            },
            "description": null,
            "distribution_type": "conda",
            "download_url": "//api.anaconda.org/download/bioconda/bioconductor-rsvsim/1.16.0/linux-64/bioconductor-rsvsim-1.16.0-r3.4.1_0.tar.bz2",
            "full_name": "bioconda/bioconductor-rsvsim/1.16.0/linux-64/bioconductor-rsvsim-1.16.0-r3.4.1_0.tar.bz2",
            "labels": [
                "main",
                "cf201901"
            ],
            "md5": "769c1476c3a861853f3ef1c7db721eb5",
            "ndownloads": 480,
            "owner": "bioconda",
            "size": 630700,
            "type": "conda",
            "upload_time": "2017-09-20 17:52:00.940000+00:00",
            "version": "1.16.0"
        },
        {
            "attrs": {
                "arch": "x86_64",
                "build": "r3.4.1_0",
                "build_number": 0,
                "depends": [
                    "bioconductor-biostrings",
                    "bioconductor-genomicranges",
                    "bioconductor-iranges",
                    "bioconductor-shortread",
                    "r-base 3.4.1*"
                ],
                "has_prefix": false,
                "license": "LGPL-3",
                "machine": "x86_64",
                "operatingsystem": "darwin",
                "platform": "osx",
                "subdir": "osx-64",
                "target-triplet": "x86_64-any-darwin"
            },
            "basename": "osx-64/bioconductor-rsvsim-1.16.0-r3.4.1_0.tar.bz2",
            "dependencies": {
                "depends": [
                    {
                        "name": "bioconductor-biostrings",
                        "specs": []
                    },
                    {
                        "name": "bioconductor-genomicranges",
                        "specs": []
                    },
                    {
                        "name": "bioconductor-iranges",
                        "specs": []
                    },
                    {
                        "name": "bioconductor-shortread",
                        "specs": []
                    },
                    {
                        "name": "r-base",
                        "specs": [
                            [
                                "==",
                                "3.4.1"
                            ]
                        ]
                    }
                ]
            },
            "description": null,
            "distribution_type": "conda",
            "download_url": "//api.anaconda.org/download/bioconda/bioconductor-rsvsim/1.16.0/osx-64/bioconductor-rsvsim-1.16.0-r3.4.1_0.tar.bz2",
            "full_name": "bioconda/bioconductor-rsvsim/1.16.0/osx-64/bioconductor-rsvsim-1.16.0-r3.4.1_0.tar.bz2",
            "labels": [
                "main",
                "cf201901"
            ],
            "md5": "11fbc5cb1e29f6ea359d80b66779e5db",
            "ndownloads": 764,
            "owner": "bioconda",
            "size": 630387,
            "type": "conda",
            "upload_time": "2017-09-23 10:35:46.580000+00:00",
            "version": "1.16.0"
        },
        {
            "attrs": {
                "arch": "x86_64",
                "build": "r3.4.1_0",
                "build_number": 0,
                "depends": [
                    "bioconductor-biostrings",
                    "bioconductor-genomicranges",
                    "bioconductor-iranges",
                    "bioconductor-shortread",
                    "r-base 3.4.1*"
                ],
                "has_prefix": false,
                "license": "LGPL-3",
                "machine": "x86_64",
                "operatingsystem": "linux",
                "platform": "linux",
                "subdir": "linux-64",
                "target-triplet": "x86_64-any-linux"
            },
            "basename": "linux-64/bioconductor-rsvsim-1.18.0-r3.4.1_0.tar.bz2",
            "dependencies": {
                "depends": [
                    {
                        "name": "bioconductor-biostrings",
                        "specs": []
                    },
                    {
                        "name": "bioconductor-genomicranges",
                        "specs": []
                    },
                    {
                        "name": "bioconductor-iranges",
                        "specs": []
                    },
                    {
                        "name": "bioconductor-shortread",
                        "specs": []
                    },
                    {
                        "name": "r-base",
                        "specs": [
                            [
                                "==",
                                "3.4.1"
                            ]
                        ]
                    }
                ]
            },
            "description": null,
            "distribution_type": "conda",
            "download_url": "//api.anaconda.org/download/bioconda/bioconductor-rsvsim/1.18.0/linux-64/bioconductor-rsvsim-1.18.0-r3.4.1_0.tar.bz2",
            "full_name": "bioconda/bioconductor-rsvsim/1.18.0/linux-64/bioconductor-rsvsim-1.18.0-r3.4.1_0.tar.bz2",
            "labels": [
                "main",
                "cf201901"
            ],
            "md5": "c5b8369efcec0de69fd630d5a9793144",
            "ndownloads": 538,
            "owner": "bioconda",
            "size": 631244,
            "type": "conda",
            "upload_time": "2017-11-09 17:53:38.508000+00:00",
            "version": "1.18.0"
        },
        {
            "attrs": {
                "arch": "x86_64",
                "build": "r3.4.1_0",
                "build_number": 0,
                "depends": [
                    "bioconductor-biostrings",
                    "bioconductor-genomicranges",
                    "bioconductor-iranges",
                    "bioconductor-shortread",
                    "r-base 3.4.1*"
                ],
                "has_prefix": false,
                "license": "LGPL-3",
                "machine": "x86_64",
                "operatingsystem": "darwin",
                "platform": "osx",
                "subdir": "osx-64",
                "target-triplet": "x86_64-any-darwin"
            },
            "basename": "osx-64/bioconductor-rsvsim-1.18.0-r3.4.1_0.tar.bz2",
            "dependencies": {
                "depends": [
                    {
                        "name": "bioconductor-biostrings",
                        "specs": []
                    },
                    {
                        "name": "bioconductor-genomicranges",
                        "specs": []
                    },
                    {
                        "name": "bioconductor-iranges",
                        "specs": []
                    },
                    {
                        "name": "bioconductor-shortread",
                        "specs": []
                    },
                    {
                        "name": "r-base",
                        "specs": [
                            [
                                "==",
                                "3.4.1"
                            ]
                        ]
                    }
                ]
            },
            "description": null,
            "distribution_type": "conda",
            "download_url": "//api.anaconda.org/download/bioconda/bioconductor-rsvsim/1.18.0/osx-64/bioconductor-rsvsim-1.18.0-r3.4.1_0.tar.bz2",
            "full_name": "bioconda/bioconductor-rsvsim/1.18.0/osx-64/bioconductor-rsvsim-1.18.0-r3.4.1_0.tar.bz2",
            "labels": [
                "main",
                "cf201901"
            ],
            "md5": "a38e5069e8dee98b94157809eb3b322e",
            "ndownloads": 752,
            "owner": "bioconda",
            "size": 630791,
            "type": "conda",
            "upload_time": "2017-11-11 05:40:11.372000+00:00",
            "version": "1.18.0"
        },
        {
            "attrs": {
                "arch": "x86_64",
                "build": "r341_0",
                "build_number": 0,
                "depends": [
                    "bioconductor-biostrings >=2.48.0,<2.50.0",
                    "bioconductor-genomicranges >=1.32.7,<1.34.0",
                    "bioconductor-iranges >=2.14.12,<2.16.0",
                    "bioconductor-shortread >=1.38.0,<1.40.0",
                    "r-base >=3.4.1,<3.4.2.0a0"
                ],
                "has_prefix": false,
                "license": "LGPL-3",
                "machine": "x86_64",
                "operatingsystem": "darwin",
                "platform": "osx",
                "subdir": "osx-64",
                "target-triplet": "x86_64-any-darwin",
                "timestamp": 1539744678936
            },
            "basename": "osx-64/bioconductor-rsvsim-1.20.0-r341_0.tar.bz2",
            "dependencies": {
                "depends": [
                    {
                        "name": "bioconductor-biostrings",
                        "specs": [
                            [
                                ">=",
                                "2.48.0,<2.50.0"
                            ]
                        ]
                    },
                    {
                        "name": "bioconductor-genomicranges",
                        "specs": [
                            [
                                ">=",
                                "1.32.7,<1.34.0"
                            ]
                        ]
                    },
                    {
                        "name": "bioconductor-iranges",
                        "specs": [
                            [
                                ">=",
                                "2.14.12,<2.16.0"
                            ]
                        ]
                    },
                    {
                        "name": "bioconductor-shortread",
                        "specs": [
                            [
                                ">=",
                                "1.38.0,<1.40.0"
                            ]
                        ]
                    },
                    {
                        "name": "r-base",
                        "specs": [
                            [
                                ">=",
                                "3.4.1,<3.4.2.0a0"
                            ]
                        ]
                    }
                ]
            },
            "description": null,
            "distribution_type": "conda",
            "download_url": "//api.anaconda.org/download/bioconda/bioconductor-rsvsim/1.20.0/osx-64/bioconductor-rsvsim-1.20.0-r341_0.tar.bz2",
            "full_name": "bioconda/bioconductor-rsvsim/1.20.0/osx-64/bioconductor-rsvsim-1.20.0-r341_0.tar.bz2",
            "labels": [
                "main",
                "cf201901"
            ],
            "md5": "708f81406c0d353ecae1a17f4a72db22",
            "ndownloads": 256,
            "owner": "bioconda",
            "size": 632735,
            "type": "conda",
            "upload_time": "2018-10-17 02:52:27.210000+00:00",
            "version": "1.20.0"
        },
        {
            "attrs": {
                "arch": "x86_64",
                "build": "r351_0",
                "build_number": 0,
                "depends": [
                    "bioconductor-biostrings >=2.48.0,<2.50.0",
                    "bioconductor-genomicranges >=1.32.7,<1.34.0",
                    "bioconductor-iranges >=2.14.12,<2.16.0",
                    "bioconductor-shortread >=1.38.0,<1.40.0",
                    "r-base >=3.5.1,<3.5.2.0a0"
                ],
                "has_prefix": false,
                "license": "LGPL-3",
                "machine": "x86_64",
                "operatingsystem": "darwin",
                "platform": "osx",
                "subdir": "osx-64",
                "target-triplet": "x86_64-any-darwin",
                "timestamp": 1539744533570
            },
            "basename": "osx-64/bioconductor-rsvsim-1.20.0-r351_0.tar.bz2",
            "dependencies": {
                "depends": [
                    {
                        "name": "bioconductor-biostrings",
                        "specs": [
                            [
                                ">=",
                                "2.48.0,<2.50.0"
                            ]
                        ]
                    },
                    {
                        "name": "bioconductor-genomicranges",
                        "specs": [
                            [
                                ">=",
                                "1.32.7,<1.34.0"
                            ]
                        ]
                    },
                    {
                        "name": "bioconductor-iranges",
                        "specs": [
                            [
                                ">=",
                                "2.14.12,<2.16.0"
                            ]
                        ]
                    },
                    {
                        "name": "bioconductor-shortread",
                        "specs": [
                            [
                                ">=",
                                "1.38.0,<1.40.0"
                            ]
                        ]
                    },
                    {
                        "name": "r-base",
                        "specs": [
                            [
                                ">=",
                                "3.5.1,<3.5.2.0a0"
                            ]
                        ]
                    }
                ]
            },
            "description": null,
            "distribution_type": "conda",
            "download_url": "//api.anaconda.org/download/bioconda/bioconductor-rsvsim/1.20.0/osx-64/bioconductor-rsvsim-1.20.0-r351_0.tar.bz2",
            "full_name": "bioconda/bioconductor-rsvsim/1.20.0/osx-64/bioconductor-rsvsim-1.20.0-r351_0.tar.bz2",
            "labels": [
                "main",
                "cf201901"
            ],
            "md5": "e04765f50845723413fc3e16fc71acbc",
            "ndownloads": 495,
            "owner": "bioconda",
            "size": 725385,
            "type": "conda",
            "upload_time": "2018-10-17 02:52:34.165000+00:00",
            "version": "1.20.0"
        },
        {
            "attrs": {
                "arch": "x86_64",
                "build": "r341_0",
                "build_number": 0,
                "depends": [
                    "bioconductor-biostrings >=2.48.0,<2.50.0",
                    "bioconductor-genomicranges >=1.32.7,<1.34.0",
                    "bioconductor-iranges >=2.14.12,<2.16.0",
                    "bioconductor-shortread >=1.38.0,<1.40.0",
                    "r-base >=3.4.1,<3.4.2.0a0"
                ],
                "has_prefix": false,
                "license": "LGPL-3",
                "machine": "x86_64",
                "operatingsystem": "linux",
                "platform": "linux",
                "subdir": "linux-64",
                "target-triplet": "x86_64-any-linux",
                "timestamp": 1539805843070
            },
            "basename": "linux-64/bioconductor-rsvsim-1.20.0-r341_0.tar.bz2",
            "dependencies": {
                "depends": [
                    {
                        "name": "bioconductor-biostrings",
                        "specs": [
                            [
                                ">=",
                                "2.48.0,<2.50.0"
                            ]
                        ]
                    },
                    {
                        "name": "bioconductor-genomicranges",
                        "specs": [
                            [
                                ">=",
                                "1.32.7,<1.34.0"
                            ]
                        ]
                    },
                    {
                        "name": "bioconductor-iranges",
                        "specs": [
                            [
                                ">=",
                                "2.14.12,<2.16.0"
                            ]
                        ]
                    },
                    {
                        "name": "bioconductor-shortread",
                        "specs": [
                            [
                                ">=",
                                "1.38.0,<1.40.0"
                            ]
                        ]
                    },
                    {
                        "name": "r-base",
                        "specs": [
                            [
                                ">=",
                                "3.4.1,<3.4.2.0a0"
                            ]
                        ]
                    }
                ]
            },
            "description": null,
            "distribution_type": "conda",
            "download_url": "//api.anaconda.org/download/bioconda/bioconductor-rsvsim/1.20.0/linux-64/bioconductor-rsvsim-1.20.0-r341_0.tar.bz2",
            "full_name": "bioconda/bioconductor-rsvsim/1.20.0/linux-64/bioconductor-rsvsim-1.20.0-r341_0.tar.bz2",
            "labels": [
                "main",
                "cf201901"
            ],
            "md5": "ddac32caa7ebd2aec66ac3dd9a18cdc6",
            "ndownloads": 117,
            "owner": "bioconda",
            "size": 632521,
            "type": "conda",
            "upload_time": "2018-10-17 19:59:13.984000+00:00",
            "version": "1.20.0"
        },
        {
            "attrs": {
                "arch": "x86_64",
                "build": "r351_0",
                "build_number": 0,
                "depends": [
                    "bioconductor-biostrings >=2.48.0,<2.50.0",
                    "bioconductor-genomicranges >=1.32.7,<1.34.0",
                    "bioconductor-iranges >=2.14.12,<2.16.0",
                    "bioconductor-shortread >=1.38.0,<1.40.0",
                    "r-base >=3.5.1,<3.5.2.0a0"
                ],
                "has_prefix": false,
                "license": "LGPL-3",
                "machine": "x86_64",
                "operatingsystem": "linux",
                "platform": "linux",
                "subdir": "linux-64",
                "target-triplet": "x86_64-any-linux",
                "timestamp": 1539805984056
            },
            "basename": "linux-64/bioconductor-rsvsim-1.20.0-r351_0.tar.bz2",
            "dependencies": {
                "depends": [
                    {
                        "name": "bioconductor-biostrings",
                        "specs": [
                            [
                                ">=",
                                "2.48.0,<2.50.0"
                            ]
                        ]
                    },
                    {
                        "name": "bioconductor-genomicranges",
                        "specs": [
                            [
                                ">=",
                                "1.32.7,<1.34.0"
                            ]
                        ]
                    },
                    {
                        "name": "bioconductor-iranges",
                        "specs": [
                            [
                                ">=",
                                "2.14.12,<2.16.0"
                            ]
                        ]
                    },
                    {
                        "name": "bioconductor-shortread",
                        "specs": [
                            [
                                ">=",
                                "1.38.0,<1.40.0"
                            ]
                        ]
                    },
                    {
                        "name": "r-base",
                        "specs": [
                            [
                                ">=",
                                "3.5.1,<3.5.2.0a0"
                            ]
                        ]
                    }
                ]
            },
            "description": null,
            "distribution_type": "conda",
            "download_url": "//api.anaconda.org/download/bioconda/bioconductor-rsvsim/1.20.0/linux-64/bioconductor-rsvsim-1.20.0-r351_0.tar.bz2",
            "full_name": "bioconda/bioconductor-rsvsim/1.20.0/linux-64/bioconductor-rsvsim-1.20.0-r351_0.tar.bz2",
            "labels": [
                "main",
                "cf201901"
            ],
            "md5": "90e08d1e460c83ec8d469375a37b87fc",
            "ndownloads": 229,
            "owner": "bioconda",
            "size": 724896,
            "type": "conda",
            "upload_time": "2018-10-17 19:59:18.431000+00:00",
            "version": "1.20.0"
        },
        {
            "attrs": {
                "arch": null,
                "build": "r351_0",
                "build_number": 0,
                "depends": [
                    "bioconductor-biostrings >=2.50.0,<2.51.0",
                    "bioconductor-genomicranges >=1.34.0,<1.35.0",
                    "bioconductor-iranges >=2.16.0,<2.17.0",
                    "bioconductor-shortread >=1.40.0,<1.41.0",
                    "r-base >=3.5.1,<3.5.2.0a0"
                ],
                "has_prefix": false,
                "license": "LGPL-3",
                "machine": null,
                "noarch": "generic",
                "operatingsystem": null,
                "platform": null,
                "subdir": "noarch",
                "target-triplet": "None-any-None",
                "timestamp": 1545255038678
            },
            "basename": "noarch/bioconductor-rsvsim-1.22.0-r351_0.tar.bz2",
            "dependencies": {
                "depends": [
                    {
                        "name": "bioconductor-biostrings",
                        "specs": [
                            [
                                ">=",
                                "2.50.0,<2.51.0"
                            ]
                        ]
                    },
                    {
                        "name": "bioconductor-genomicranges",
                        "specs": [
                            [
                                ">=",
                                "1.34.0,<1.35.0"
                            ]
                        ]
                    },
                    {
                        "name": "bioconductor-iranges",
                        "specs": [
                            [
                                ">=",
                                "2.16.0,<2.17.0"
                            ]
                        ]
                    },
                    {
                        "name": "bioconductor-shortread",
                        "specs": [
                            [
                                ">=",
                                "1.40.0,<1.41.0"
                            ]
                        ]
                    },
                    {
                        "name": "r-base",
                        "specs": [
                            [
                                ">=",
                                "3.5.1,<3.5.2.0a0"
                            ]
                        ]
                    }
                ]
            },
            "description": null,
            "distribution_type": "conda",
            "download_url": "//api.anaconda.org/download/bioconda/bioconductor-rsvsim/1.22.0/noarch/bioconductor-rsvsim-1.22.0-r351_0.tar.bz2",
            "full_name": "bioconda/bioconductor-rsvsim/1.22.0/noarch/bioconductor-rsvsim-1.22.0-r351_0.tar.bz2",
            "labels": [
                "gcc7",
                "main"
            ],
            "md5": "cc623fb742524f82bdcfa3a5cb2a3317",
            "ndownloads": 75,
            "owner": "bioconda",
            "size": 726216,
            "type": "conda",
            "upload_time": "2018-12-19 21:34:32.784000+00:00",
            "version": "1.22.0"
        },
        {
            "attrs": {
                "arch": null,
                "build": "r36_1",
                "build_number": 1,
                "depends": [
                    "bioconductor-biostrings >=2.52.0,<2.53.0",
                    "bioconductor-genomicranges >=1.36.0,<1.37.0",
                    "bioconductor-iranges >=2.18.0,<2.19.0",
                    "bioconductor-shortread >=1.42.0,<1.43.0",
                    "r-base >=3.6,<3.7.0a0"
                ],
                "has_prefix": false,
                "license": "LGPL-3",
                "machine": null,
                "noarch": "generic",
                "operatingsystem": null,
                "platform": null,
                "subdir": "noarch",
                "target-triplet": "None-any-None",
                "timestamp": 1565329226963
            },
            "basename": "noarch/bioconductor-rsvsim-1.24.0-r36_1.tar.bz2",
            "dependencies": {
                "depends": [
                    {
                        "name": "bioconductor-biostrings",
                        "specs": [
                            [
                                ">=",
                                "2.52.0,<2.53.0"
                            ]
                        ]
                    },
                    {
                        "name": "bioconductor-genomicranges",
                        "specs": [
                            [
                                ">=",
                                "1.36.0,<1.37.0"
                            ]
                        ]
                    },
                    {
                        "name": "bioconductor-iranges",
                        "specs": [
                            [
                                ">=",
                                "2.18.0,<2.19.0"
                            ]
                        ]
                    },
                    {
                        "name": "bioconductor-shortread",
                        "specs": [
                            [
                                ">=",
                                "1.42.0,<1.43.0"
                            ]
                        ]
                    },
                    {
                        "name": "r-base",
                        "specs": [
                            [
                                ">=",
                                "3.6,<3.7.0a0"
                            ]
                        ]
                    }
                ]
            },
            "description": null,
            "distribution_type": "conda",
            "download_url": "//api.anaconda.org/download/bioconda/bioconductor-rsvsim/1.24.0/noarch/bioconductor-rsvsim-1.24.0-r36_1.tar.bz2",
            "full_name": "bioconda/bioconductor-rsvsim/1.24.0/noarch/bioconductor-rsvsim-1.24.0-r36_1.tar.bz2",
            "labels": [
                "main"
            ],
            "md5": "ceda0d595e054bee4fc0c1bbcd2c31e6",
            "ndownloads": 27,
            "owner": "bioconda",
            "size": 727966,
            "type": "conda",
            "upload_time": "2019-08-09 05:44:47.685000+00:00",
            "version": "1.24.0"
        },
        {
            "attrs": {
                "arch": null,
                "build": "r36_0",
                "build_number": 0,
                "depends": [
                    "bioconductor-biostrings >=2.54.0,<2.55.0",
                    "bioconductor-genomicranges >=1.38.0,<1.39.0",
                    "bioconductor-iranges >=2.20.0,<2.21.0",
                    "bioconductor-shortread >=1.44.0,<1.45.0",
                    "r-base >=3.6,<3.7.0a0"
                ],
                "has_prefix": false,
                "license": "LGPL-3",
                "machine": null,
                "noarch": "generic",
                "operatingsystem": null,
                "platform": null,
                "subdir": "noarch",
                "target-triplet": "None-any-None",
                "timestamp": 1572828679141
            },
            "basename": "noarch/bioconductor-rsvsim-1.26.0-r36_0.tar.bz2",
            "dependencies": {
                "depends": [
                    {
                        "name": "bioconductor-biostrings",
                        "specs": [
                            [
                                ">=",
                                "2.54.0,<2.55.0"
                            ]
                        ]
                    },
                    {
                        "name": "bioconductor-genomicranges",
                        "specs": [
                            [
                                ">=",
                                "1.38.0,<1.39.0"
                            ]
                        ]
                    },
                    {
                        "name": "bioconductor-iranges",
                        "specs": [
                            [
                                ">=",
                                "2.20.0,<2.21.0"
                            ]
                        ]
                    },
                    {
                        "name": "bioconductor-shortread",
                        "specs": [
                            [
                                ">=",
                                "1.44.0,<1.45.0"
                            ]
                        ]
                    },
                    {
                        "name": "r-base",
                        "specs": [
                            [
                                ">=",
                                "3.6,<3.7.0a0"
                            ]
                        ]
                    }
                ]
            },
            "description": null,
            "distribution_type": "conda",
            "download_url": "//api.anaconda.org/download/bioconda/bioconductor-rsvsim/1.26.0/noarch/bioconductor-rsvsim-1.26.0-r36_0.tar.bz2",
            "full_name": "bioconda/bioconductor-rsvsim/1.26.0/noarch/bioconductor-rsvsim-1.26.0-r36_0.tar.bz2",
            "labels": [
                "main"
            ],
            "md5": "e0b4d4937994a56412dd41527dc4b831",
            "ndownloads": 17,
            "owner": "bioconda",
            "size": 731689,
            "type": "conda",
            "upload_time": "2019-11-04 00:56:42.064000+00:00",
            "version": "1.26.0"
        }
    ],
    "full_name": "bioconda/bioconductor-rsvsim",
    "home": "http://bioconductor.org/packages/3.5/bioc/html/RSVSim.html",
    "html_url": "http://anaconda.org/bioconda/bioconductor-rsvsim",
    "id": "599b9285449cc412b79bf8ea",
    "latest_version": "1.26.0",
    "license": "LGPL-3",
    "license_url": null,
    "modified_at": "2019-11-04 00:56:42.361000+00:00",
    "name": "bioconductor-rsvsim",
    "owner": {
        "company": "",
        "created_at": "2015-09-11 22:59:20.880000+00:00",
        "description": "Bioconda is a distribution of bioinformatics software realized as a channel for the versatile Conda package manager.",
        "location": "",
        "login": "bioconda",
        "name": "bioconda",
        "url": "",
        "user_type": "org"
    },
    "package_types": [
        "conda"
    ],
    "public": true,
    "releases": [
        {
            "distributions": [],
            "full_name": "bioconda/bioconductor-rsvsim/1.16.0",
            "version": "1.16.0"
        },
        {
            "distributions": [],
            "full_name": "bioconda/bioconductor-rsvsim/1.18.0",
            "version": "1.18.0"
        },
        {
            "distributions": [],
            "full_name": "bioconda/bioconductor-rsvsim/1.20.0",
            "version": "1.20.0"
        },
        {
            "distributions": [],
            "full_name": "bioconda/bioconductor-rsvsim/1.22.0",
            "version": "1.22.0"
        },
        {
            "distributions": [],
            "full_name": "bioconda/bioconductor-rsvsim/1.24.0",
            "version": "1.24.0"
        },
        {
            "distributions": [],
            "full_name": "bioconda/bioconductor-rsvsim/1.26.0",
            "version": "1.26.0"
        }
    ],
    "revision": 12,
    "source_git_tag": null,
    "source_git_url": null,
    "summary": "RSVSim: an R/Bioconductor package for the simulation of structural variations",
    "upvoted": 0,
    "url": "http://api.anaconda.org/packages/bioconda/bioconductor-rsvsim",
    "versions": [
        "1.16.0",
        "1.18.0",
        "1.20.0",
        "1.22.0",
        "1.24.0",
        "1.26.0"
    ],
    "watchers": 1
}