{
    "app_entry": {},
    "app_summary": {},
    "app_type": {},
    "builds": [
        "r351_0",
        "r36_3",
        "r36_2"
    ],
    "conda_platforms": [
        "noarch"
    ],
    "created_at": "2018-12-24 02:45:15.863000+00:00",
    "description": "",
    "dev_url": null,
    "doc_url": null,
    "files": [
        {
            "attrs": {
                "arch": null,
                "build": "r351_0",
                "build_number": 0,
                "depends": [
                    "bioconductor-annotationdbi >=1.44.0,<1.45.0",
                    "bioconductor-genomicfeatures >=1.34.0,<1.35.0",
                    "r-base >=3.5.1,<3.5.2.0a0",
                    "wget"
                ],
                "has_prefix": false,
                "license": "Artistic-2.0",
                "machine": null,
                "noarch": "generic",
                "operatingsystem": null,
                "platform": null,
                "subdir": "noarch",
                "target-triplet": "None-any-None",
                "timestamp": 1545619262273
            },
            "basename": "noarch/bioconductor-fdb.ucsc.trnas-1.0.1-r351_0.tar.bz2",
            "dependencies": {
                "depends": [
                    {
                        "name": "bioconductor-annotationdbi",
                        "specs": [
                            [
                                ">=",
                                "1.44.0,<1.45.0"
                            ]
                        ]
                    },
                    {
                        "name": "bioconductor-genomicfeatures",
                        "specs": [
                            [
                                ">=",
                                "1.34.0,<1.35.0"
                            ]
                        ]
                    },
                    {
                        "name": "r-base",
                        "specs": [
                            [
                                ">=",
                                "3.5.1,<3.5.2.0a0"
                            ]
                        ]
                    },
                    {
                        "name": "wget",
                        "specs": []
                    }
                ]
            },
            "description": null,
            "distribution_type": "conda",
            "download_url": "//api.anaconda.org/download/bioconda/bioconductor-fdb.ucsc.trnas/1.0.1/noarch/bioconductor-fdb.ucsc.trnas-1.0.1-r351_0.tar.bz2",
            "full_name": "bioconda/bioconductor-fdb.ucsc.trnas/1.0.1/noarch/bioconductor-fdb.ucsc.trnas-1.0.1-r351_0.tar.bz2",
            "labels": [
                "gcc7",
                "main"
            ],
            "md5": "6b0dbcadf733c947d9d3c6b1a94913ee",
            "ndownloads": 66,
            "owner": "bioconda",
            "size": 6772,
            "type": "conda",
            "upload_time": "2018-12-24 02:45:16.679000+00:00",
            "version": "1.0.1"
        },
        {
            "attrs": {
                "arch": null,
                "build": "r36_2",
                "build_number": 2,
                "depends": [
                    "bioconductor-annotationdbi >=1.46.0,<1.47.0",
                    "bioconductor-genomicfeatures >=1.36.0,<1.37.0",
                    "curl >=7.65.3,<8.0a0",
                    "r-base >=3.6,<3.7.0a0"
                ],
                "has_prefix": false,
                "license": "Artistic-2.0",
                "machine": null,
                "noarch": "generic",
                "operatingsystem": null,
                "platform": null,
                "subdir": "noarch",
                "target-triplet": "None-any-None",
                "timestamp": 1565468902148
            },
            "basename": "noarch/bioconductor-fdb.ucsc.trnas-1.0.1-r36_2.tar.bz2",
            "dependencies": {
                "depends": [
                    {
                        "name": "bioconductor-annotationdbi",
                        "specs": [
                            [
                                ">=",
                                "1.46.0,<1.47.0"
                            ]
                        ]
                    },
                    {
                        "name": "bioconductor-genomicfeatures",
                        "specs": [
                            [
                                ">=",
                                "1.36.0,<1.37.0"
                            ]
                        ]
                    },
                    {
                        "name": "curl",
                        "specs": [
                            [
                                ">=",
                                "7.65.3,<8.0a0"
                            ]
                        ]
                    },
                    {
                        "name": "r-base",
                        "specs": [
                            [
                                ">=",
                                "3.6,<3.7.0a0"
                            ]
                        ]
                    }
                ]
            },
            "description": null,
            "distribution_type": "conda",
            "download_url": "//api.anaconda.org/download/bioconda/bioconductor-fdb.ucsc.trnas/1.0.1/noarch/bioconductor-fdb.ucsc.trnas-1.0.1-r36_2.tar.bz2",
            "full_name": "bioconda/bioconductor-fdb.ucsc.trnas/1.0.1/noarch/bioconductor-fdb.ucsc.trnas-1.0.1-r36_2.tar.bz2",
            "labels": [
                "main"
            ],
            "md5": "40cfa93eea901795aa178b2fb50f7c76",
            "ndownloads": 20,
            "owner": "bioconda",
            "size": 7121,
            "type": "conda",
            "upload_time": "2019-08-10 20:34:12.249000+00:00",
            "version": "1.0.1"
        },
        {
            "attrs": {
                "arch": null,
                "build": "r36_3",
                "build_number": 3,
                "depends": [
                    "bioconductor-annotationdbi >=1.48.0,<1.49.0",
                    "bioconductor-genomicfeatures >=1.38.0,<1.39.0",
                    "curl >=7.65.3,<8.0a0",
                    "r-base >=3.6,<3.7.0a0"
                ],
                "has_prefix": false,
                "license": "Artistic-2.0",
                "machine": null,
                "noarch": "generic",
                "operatingsystem": null,
                "platform": null,
                "subdir": "noarch",
                "target-triplet": "None-any-None",
                "timestamp": 1572827403396
            },
            "basename": "noarch/bioconductor-fdb.ucsc.trnas-1.0.1-r36_3.tar.bz2",
            "dependencies": {
                "depends": [
                    {
                        "name": "bioconductor-annotationdbi",
                        "specs": [
                            [
                                ">=",
                                "1.48.0,<1.49.0"
                            ]
                        ]
                    },
                    {
                        "name": "bioconductor-genomicfeatures",
                        "specs": [
                            [
                                ">=",
                                "1.38.0,<1.39.0"
                            ]
                        ]
                    },
                    {
                        "name": "curl",
                        "specs": [
                            [
                                ">=",
                                "7.65.3,<8.0a0"
                            ]
                        ]
                    },
                    {
                        "name": "r-base",
                        "specs": [
                            [
                                ">=",
                                "3.6,<3.7.0a0"
                            ]
                        ]
                    }
                ]
            },
            "description": null,
            "distribution_type": "conda",
            "download_url": "//api.anaconda.org/download/bioconda/bioconductor-fdb.ucsc.trnas/1.0.1/noarch/bioconductor-fdb.ucsc.trnas-1.0.1-r36_3.tar.bz2",
            "full_name": "bioconda/bioconductor-fdb.ucsc.trnas/1.0.1/noarch/bioconductor-fdb.ucsc.trnas-1.0.1-r36_3.tar.bz2",
            "labels": [
                "main"
            ],
            "md5": "a80a06611684fcd2fc67b455b9140b7b",
            "ndownloads": 13,
            "owner": "bioconda",
            "size": 7331,
            "type": "conda",
            "upload_time": "2019-11-04 00:36:55.954000+00:00",
            "version": "1.0.1"
        }
    ],
    "full_name": "bioconda/bioconductor-fdb.ucsc.trnas",
    "home": "https://bioconductor.org/packages/3.8/data/annotation/html/FDb.UCSC.tRNAs.html",
    "html_url": "http://anaconda.org/bioconda/bioconductor-fdb.ucsc.trnas",
    "id": "5c20483b37f33913413e4198",
    "latest_version": "1.0.1",
    "license": "Artistic-2.0",
    "license_url": null,
    "modified_at": "2019-11-04 00:36:56.249000+00:00",
    "name": "bioconductor-fdb.ucsc.trnas",
    "owner": {
        "company": "",
        "created_at": "2015-09-11 22:59:20.880000+00:00",
        "description": "Bioconda is a distribution of bioinformatics software realized as a channel for the versatile Conda package manager.",
        "location": "",
        "login": "bioconda",
        "name": "bioconda",
        "url": "",
        "user_type": "org"
    },
    "package_types": [
        "conda"
    ],
    "public": true,
    "releases": [
        {
            "distributions": [],
            "full_name": "bioconda/bioconductor-fdb.ucsc.trnas/1.0.1",
            "version": "1.0.1"
        }
    ],
    "revision": 2,
    "source_git_tag": null,
    "source_git_url": null,
    "summary": "Exposes an annotation databases generated from UCSC by exposing these as FeatureDb objects",
    "upvoted": 0,
    "url": "http://api.anaconda.org/packages/bioconda/bioconductor-fdb.ucsc.trnas",
    "versions": [
        "1.0.1"
    ],
    "watchers": 1
}