{
    "app_entry": {},
    "app_summary": {},
    "app_type": {},
    "builds": [
        "r351_0",
        "r36_1",
        "r36_0"
    ],
    "conda_platforms": [
        "noarch"
    ],
    "created_at": "2018-12-22 09:42:41.822000+00:00",
    "description": "Provides a set of genomic copy neutral samples hybridized using Illumina Methylation arrays (450k and EPIC).",
    "dev_url": null,
    "doc_url": null,
    "files": [
        {
            "attrs": {
                "arch": null,
                "build": "r351_0",
                "build_number": 0,
                "depends": [
                    "bioconductor-experimenthub >=1.8.0,<1.9.0",
                    "r-base >=3.5.1,<3.5.2.0a0",
                    "r-rdpack >=0.8",
                    "wget"
                ],
                "has_prefix": false,
                "license": "Artistic-2.0",
                "machine": null,
                "noarch": "generic",
                "operatingsystem": null,
                "platform": null,
                "subdir": "noarch",
                "target-triplet": "None-any-None",
                "timestamp": 1545471525108
            },
            "basename": "noarch/bioconductor-copyneutralima-1.0.0-r351_0.tar.bz2",
            "dependencies": {
                "depends": [
                    {
                        "name": "bioconductor-experimenthub",
                        "specs": [
                            [
                                ">=",
                                "1.8.0,<1.9.0"
                            ]
                        ]
                    },
                    {
                        "name": "r-base",
                        "specs": [
                            [
                                ">=",
                                "3.5.1,<3.5.2.0a0"
                            ]
                        ]
                    },
                    {
                        "name": "r-rdpack",
                        "specs": [
                            [
                                ">=",
                                "0.8"
                            ]
                        ]
                    },
                    {
                        "name": "wget",
                        "specs": []
                    }
                ]
            },
            "description": null,
            "distribution_type": "conda",
            "download_url": "//api.anaconda.org/download/bioconda/bioconductor-copyneutralima/1.0.0/noarch/bioconductor-copyneutralima-1.0.0-r351_0.tar.bz2",
            "full_name": "bioconda/bioconductor-copyneutralima/1.0.0/noarch/bioconductor-copyneutralima-1.0.0-r351_0.tar.bz2",
            "labels": [
                "gcc7",
                "main"
            ],
            "md5": "c3f040fd22d292f3f6828ea8317de151",
            "ndownloads": 66,
            "owner": "bioconda",
            "size": 6698,
            "type": "conda",
            "upload_time": "2018-12-22 09:42:42.566000+00:00",
            "version": "1.0.0"
        },
        {
            "attrs": {
                "arch": null,
                "build": "r36_1",
                "build_number": 1,
                "depends": [
                    "bioconductor-experimenthub >=1.10.0,<1.11.0",
                    "curl >=7.65.3,<8.0a0",
                    "r-base >=3.6,<3.7.0a0",
                    "r-rdpack >=0.8"
                ],
                "has_prefix": false,
                "license": "Artistic-2.0",
                "machine": null,
                "noarch": "generic",
                "operatingsystem": null,
                "platform": null,
                "subdir": "noarch",
                "target-triplet": "None-any-None",
                "timestamp": 1564330141404
            },
            "basename": "noarch/bioconductor-copyneutralima-1.2.0-r36_1.tar.bz2",
            "dependencies": {
                "depends": [
                    {
                        "name": "bioconductor-experimenthub",
                        "specs": [
                            [
                                ">=",
                                "1.10.0,<1.11.0"
                            ]
                        ]
                    },
                    {
                        "name": "curl",
                        "specs": [
                            [
                                ">=",
                                "7.65.3,<8.0a0"
                            ]
                        ]
                    },
                    {
                        "name": "r-base",
                        "specs": [
                            [
                                ">=",
                                "3.6,<3.7.0a0"
                            ]
                        ]
                    },
                    {
                        "name": "r-rdpack",
                        "specs": [
                            [
                                ">=",
                                "0.8"
                            ]
                        ]
                    }
                ]
            },
            "description": null,
            "distribution_type": "conda",
            "download_url": "//api.anaconda.org/download/bioconda/bioconductor-copyneutralima/1.2.0/noarch/bioconductor-copyneutralima-1.2.0-r36_1.tar.bz2",
            "full_name": "bioconda/bioconductor-copyneutralima/1.2.0/noarch/bioconductor-copyneutralima-1.2.0-r36_1.tar.bz2",
            "labels": [
                "main"
            ],
            "md5": "cefed048feb955d321323ff3aabbc80e",
            "ndownloads": 31,
            "owner": "bioconda",
            "size": 7112,
            "type": "conda",
            "upload_time": "2019-07-28 16:14:17.739000+00:00",
            "version": "1.2.0"
        },
        {
            "attrs": {
                "arch": null,
                "build": "r36_0",
                "build_number": 0,
                "depends": [
                    "bioconductor-experimenthub >=1.12.0,<1.13.0",
                    "curl >=7.65.3,<8.0a0",
                    "r-base >=3.6,<3.7.0a0",
                    "r-rdpack >=0.8"
                ],
                "has_prefix": false,
                "license": "Artistic-2.0",
                "machine": null,
                "noarch": "generic",
                "operatingsystem": null,
                "platform": null,
                "subdir": "noarch",
                "target-triplet": "None-any-None",
                "timestamp": 1573092825905
            },
            "basename": "noarch/bioconductor-copyneutralima-1.4.0-r36_0.tar.bz2",
            "dependencies": {
                "depends": [
                    {
                        "name": "bioconductor-experimenthub",
                        "specs": [
                            [
                                ">=",
                                "1.12.0,<1.13.0"
                            ]
                        ]
                    },
                    {
                        "name": "curl",
                        "specs": [
                            [
                                ">=",
                                "7.65.3,<8.0a0"
                            ]
                        ]
                    },
                    {
                        "name": "r-base",
                        "specs": [
                            [
                                ">=",
                                "3.6,<3.7.0a0"
                            ]
                        ]
                    },
                    {
                        "name": "r-rdpack",
                        "specs": [
                            [
                                ">=",
                                "0.8"
                            ]
                        ]
                    }
                ]
            },
            "description": null,
            "distribution_type": "conda",
            "download_url": "//api.anaconda.org/download/bioconda/bioconductor-copyneutralima/1.4.0/noarch/bioconductor-copyneutralima-1.4.0-r36_0.tar.bz2",
            "full_name": "bioconda/bioconductor-copyneutralima/1.4.0/noarch/bioconductor-copyneutralima-1.4.0-r36_0.tar.bz2",
            "labels": [
                "main"
            ],
            "md5": "7667eb408a2c6493c3abb524ca0c3449",
            "ndownloads": 20,
            "owner": "bioconda",
            "size": 7254,
            "type": "conda",
            "upload_time": "2019-11-07 02:18:04.252000+00:00",
            "version": "1.4.0"
        }
    ],
    "full_name": "bioconda/bioconductor-copyneutralima",
    "home": "https://bioconductor.org/packages/3.8/data/experiment/html/CopyNeutralIMA.html",
    "html_url": "http://anaconda.org/bioconda/bioconductor-copyneutralima",
    "id": "5c1e071137f33978adc0678d",
    "latest_version": "1.4.0",
    "license": "Artistic-2.0",
    "license_url": null,
    "modified_at": "2019-11-07 02:18:04.518000+00:00",
    "name": "bioconductor-copyneutralima",
    "owner": {
        "company": "",
        "created_at": "2015-09-11 22:59:20.880000+00:00",
        "description": "Bioconda is a distribution of bioinformatics software realized as a channel for the versatile Conda package manager.",
        "location": "",
        "login": "bioconda",
        "name": "bioconda",
        "url": "",
        "user_type": "org"
    },
    "package_types": [
        "conda"
    ],
    "public": true,
    "releases": [
        {
            "distributions": [],
            "full_name": "bioconda/bioconductor-copyneutralima/1.0.0",
            "version": "1.0.0"
        },
        {
            "distributions": [],
            "full_name": "bioconda/bioconductor-copyneutralima/1.2.0",
            "version": "1.2.0"
        },
        {
            "distributions": [],
            "full_name": "bioconda/bioconductor-copyneutralima/1.3.0",
            "version": "1.3.0"
        },
        {
            "distributions": [],
            "full_name": "bioconda/bioconductor-copyneutralima/1.4.0",
            "version": "1.4.0"
        }
    ],
    "revision": 8,
    "source_git_tag": null,
    "source_git_url": null,
    "summary": "Copy Neutral Illumina Methylation Arrays",
    "upvoted": 0,
    "url": "http://api.anaconda.org/packages/bioconda/bioconductor-copyneutralima",
    "versions": [
        "1.0.0",
        "1.2.0",
        "1.3.0",
        "1.4.0"
    ],
    "watchers": 1
}