{
    "app_entry": {},
    "app_summary": {},
    "app_type": {},
    "builds": [
        "r3.3.1_0",
        "r341_3",
        "r3.3.2_0",
        "r36_7",
        "r36_6",
        "0",
        "r351_3",
        "r3.4.1_1",
        "r3.4.1_0",
        "r351_4"
    ],
    "conda_platforms": [
        "linux-64",
        "noarch",
        "osx-64"
    ],
    "created_at": "2016-02-08 22:18:36.738000+00:00",
    "description": "None",
    "dev_url": {},
    "doc_url": {},
    "files": [
        {
            "attrs": {
                "arch": "x86_64",
                "build": "0",
                "build_number": 0,
                "depends": [
                    "bioconductor-annotationdbi >=1.9.7",
                    "r >=2.7.0"
                ],
                "license": "Artistic-2.0",
                "machine": "x86_64",
                "operatingsystem": "darwin",
                "platform": "osx",
                "subdir": "osx-64",
                "target-triplet": "x86_64-any-darwin"
            },
            "basename": "osx-64/bioconductor-do.db-2.9-0.tar.bz2",
            "dependencies": {
                "depends": [
                    {
                        "name": "bioconductor-annotationdbi",
                        "specs": [
                            [
                                ">=",
                                "1.9.7"
                            ]
                        ]
                    },
                    {
                        "name": "r",
                        "specs": [
                            [
                                ">=",
                                "2.7.0"
                            ]
                        ]
                    }
                ]
            },
            "description": null,
            "distribution_type": "conda",
            "download_url": "//api.anaconda.org/download/bioconda/bioconductor-do.db/2.9/osx-64/bioconductor-do.db-2.9-0.tar.bz2",
            "full_name": "bioconda/bioconductor-do.db/2.9/osx-64/bioconductor-do.db-2.9-0.tar.bz2",
            "labels": [
                "main",
                "cf201901"
            ],
            "md5": "788c431df92c28b1b001f2304266af6b",
            "ndownloads": 518,
            "owner": "bioconda",
            "size": 1505281,
            "type": "conda",
            "upload_time": "2016-05-02 16:29:34.118000+00:00",
            "version": "2.9"
        },
        {
            "attrs": {
                "arch": "x86_64",
                "build": "0",
                "build_number": 0,
                "depends": [
                    "bioconductor-annotationdbi >=1.9.7",
                    "r >=2.7.0"
                ],
                "license": "Artistic-2.0",
                "machine": "x86_64",
                "operatingsystem": "linux",
                "platform": "linux",
                "subdir": "linux-64",
                "target-triplet": "x86_64-any-linux"
            },
            "basename": "linux-64/bioconductor-do.db-2.9-0.tar.bz2",
            "dependencies": {
                "depends": [
                    {
                        "name": "bioconductor-annotationdbi",
                        "specs": [
                            [
                                ">=",
                                "1.9.7"
                            ]
                        ]
                    },
                    {
                        "name": "r",
                        "specs": [
                            [
                                ">=",
                                "2.7.0"
                            ]
                        ]
                    }
                ]
            },
            "description": null,
            "distribution_type": "conda",
            "download_url": "//api.anaconda.org/download/bioconda/bioconductor-do.db/2.9/linux-64/bioconductor-do.db-2.9-0.tar.bz2",
            "full_name": "bioconda/bioconductor-do.db/2.9/linux-64/bioconductor-do.db-2.9-0.tar.bz2",
            "labels": [
                "main",
                "cf201901"
            ],
            "md5": "abfe6e0bd1849316ffd4959236488c24",
            "ndownloads": 3598,
            "owner": "bioconda",
            "size": 1514955,
            "type": "conda",
            "upload_time": "2016-02-08 22:18:37.021000+00:00",
            "version": "2.9"
        },
        {
            "attrs": {
                "arch": "x86_64",
                "build": "r3.3.1_0",
                "build_number": 0,
                "depends": [
                    "bioconductor-annotationdbi >=1.9.7",
                    "r 3.3.1*"
                ],
                "has_prefix": false,
                "license": "Artistic-2.0",
                "machine": "x86_64",
                "operatingsystem": "darwin",
                "platform": "osx",
                "subdir": "osx-64",
                "target-triplet": "x86_64-any-darwin"
            },
            "basename": "osx-64/bioconductor-do.db-2.9-r3.3.1_0.tar.bz2",
            "dependencies": {
                "depends": [
                    {
                        "name": "bioconductor-annotationdbi",
                        "specs": [
                            [
                                ">=",
                                "1.9.7"
                            ]
                        ]
                    },
                    {
                        "name": "r",
                        "specs": [
                            [
                                "==",
                                "3.3.1"
                            ]
                        ]
                    }
                ]
            },
            "description": null,
            "distribution_type": "conda",
            "download_url": "//api.anaconda.org/download/bioconda/bioconductor-do.db/2.9/osx-64/bioconductor-do.db-2.9-r3.3.1_0.tar.bz2",
            "full_name": "bioconda/bioconductor-do.db/2.9/osx-64/bioconductor-do.db-2.9-r3.3.1_0.tar.bz2",
            "labels": [
                "main",
                "cf201901"
            ],
            "md5": "fb8684ee72f7dfea64fe27f0c9903017",
            "ndownloads": 143,
            "owner": "bioconda",
            "size": 1508892,
            "type": "conda",
            "upload_time": "2016-10-25 23:41:24.724000+00:00",
            "version": "2.9"
        },
        {
            "attrs": {
                "arch": "x86_64",
                "build": "r3.3.1_0",
                "build_number": 0,
                "depends": [
                    "bioconductor-annotationdbi >=1.9.7",
                    "r 3.3.1*"
                ],
                "has_prefix": false,
                "license": "Artistic-2.0",
                "machine": "x86_64",
                "operatingsystem": "linux",
                "platform": "linux",
                "subdir": "linux-64",
                "target-triplet": "x86_64-any-linux"
            },
            "basename": "linux-64/bioconductor-do.db-2.9-r3.3.1_0.tar.bz2",
            "dependencies": {
                "depends": [
                    {
                        "name": "bioconductor-annotationdbi",
                        "specs": [
                            [
                                ">=",
                                "1.9.7"
                            ]
                        ]
                    },
                    {
                        "name": "r",
                        "specs": [
                            [
                                "==",
                                "3.3.1"
                            ]
                        ]
                    }
                ]
            },
            "description": null,
            "distribution_type": "conda",
            "download_url": "//api.anaconda.org/download/bioconda/bioconductor-do.db/2.9/linux-64/bioconductor-do.db-2.9-r3.3.1_0.tar.bz2",
            "full_name": "bioconda/bioconductor-do.db/2.9/linux-64/bioconductor-do.db-2.9-r3.3.1_0.tar.bz2",
            "labels": [
                "main",
                "cf201901"
            ],
            "md5": "9eab60780dbe9d1c89e4f5389d7ac2fa",
            "ndownloads": 525,
            "owner": "bioconda",
            "size": 1507908,
            "type": "conda",
            "upload_time": "2016-10-25 22:51:07.591000+00:00",
            "version": "2.9"
        },
        {
            "attrs": {
                "arch": "x86_64",
                "build": "r3.3.2_0",
                "build_number": 0,
                "depends": [
                    "bioconductor-annotationdbi >=1.9.7",
                    "r-base 3.3.2*"
                ],
                "has_prefix": false,
                "license": "Artistic-2.0",
                "machine": "x86_64",
                "operatingsystem": "linux",
                "platform": "linux",
                "subdir": "linux-64",
                "target-triplet": "x86_64-any-linux"
            },
            "basename": "linux-64/bioconductor-do.db-2.9-r3.3.2_0.tar.bz2",
            "dependencies": {
                "depends": [
                    {
                        "name": "bioconductor-annotationdbi",
                        "specs": [
                            [
                                ">=",
                                "1.9.7"
                            ]
                        ]
                    },
                    {
                        "name": "r-base",
                        "specs": [
                            [
                                "==",
                                "3.3.2"
                            ]
                        ]
                    }
                ]
            },
            "description": null,
            "distribution_type": "conda",
            "download_url": "//api.anaconda.org/download/bioconda/bioconductor-do.db/2.9/linux-64/bioconductor-do.db-2.9-r3.3.2_0.tar.bz2",
            "full_name": "bioconda/bioconductor-do.db/2.9/linux-64/bioconductor-do.db-2.9-r3.3.2_0.tar.bz2",
            "labels": [
                "main",
                "cf201901"
            ],
            "md5": "46d6dee230d7427aab21a9949c457bdb",
            "ndownloads": 701,
            "owner": "bioconda",
            "size": 1509225,
            "type": "conda",
            "upload_time": "2017-06-05 07:29:33.266000+00:00",
            "version": "2.9"
        },
        {
            "attrs": {
                "arch": "x86_64",
                "build": "r3.4.1_0",
                "build_number": 0,
                "depends": [
                    "bioconductor-annotationdbi >=1.9.7",
                    "r-base 3.4.1*"
                ],
                "has_prefix": false,
                "license": "Artistic-2.0",
                "machine": "x86_64",
                "operatingsystem": "linux",
                "platform": "linux",
                "subdir": "linux-64",
                "target-triplet": "x86_64-any-linux"
            },
            "basename": "linux-64/bioconductor-do.db-2.9-r3.4.1_0.tar.bz2",
            "dependencies": {
                "depends": [
                    {
                        "name": "bioconductor-annotationdbi",
                        "specs": [
                            [
                                ">=",
                                "1.9.7"
                            ]
                        ]
                    },
                    {
                        "name": "r-base",
                        "specs": [
                            [
                                "==",
                                "3.4.1"
                            ]
                        ]
                    }
                ]
            },
            "description": null,
            "distribution_type": "conda",
            "download_url": "//api.anaconda.org/download/bioconda/bioconductor-do.db/2.9/linux-64/bioconductor-do.db-2.9-r3.4.1_0.tar.bz2",
            "full_name": "bioconda/bioconductor-do.db/2.9/linux-64/bioconductor-do.db-2.9-r3.4.1_0.tar.bz2",
            "labels": [
                "main",
                "cf201901"
            ],
            "md5": "0bf5a373646ff0a467c4ead7def5b223",
            "ndownloads": 695,
            "owner": "bioconda",
            "size": 1546537,
            "type": "conda",
            "upload_time": "2017-09-19 05:49:38.924000+00:00",
            "version": "2.9"
        },
        {
            "attrs": {
                "arch": "x86_64",
                "build": "r3.4.1_1",
                "build_number": 1,
                "depends": [
                    "bioconductor-annotationdbi >=1.9.7",
                    "r-base 3.4.1*",
                    "wget"
                ],
                "has_prefix": false,
                "license": "Artistic-2.0",
                "machine": "x86_64",
                "operatingsystem": "darwin",
                "platform": "osx",
                "subdir": "osx-64",
                "target-triplet": "x86_64-any-darwin"
            },
            "basename": "osx-64/bioconductor-do.db-2.9-r3.4.1_1.tar.bz2",
            "dependencies": {
                "depends": [
                    {
                        "name": "bioconductor-annotationdbi",
                        "specs": [
                            [
                                ">=",
                                "1.9.7"
                            ]
                        ]
                    },
                    {
                        "name": "r-base",
                        "specs": [
                            [
                                "==",
                                "3.4.1"
                            ]
                        ]
                    },
                    {
                        "name": "wget",
                        "specs": []
                    }
                ]
            },
            "description": null,
            "distribution_type": "conda",
            "download_url": "//api.anaconda.org/download/bioconda/bioconductor-do.db/2.9/osx-64/bioconductor-do.db-2.9-r3.4.1_1.tar.bz2",
            "full_name": "bioconda/bioconductor-do.db/2.9/osx-64/bioconductor-do.db-2.9-r3.4.1_1.tar.bz2",
            "labels": [
                "main",
                "cf201901"
            ],
            "md5": "311fd1144b62d748453ea6554df01637",
            "ndownloads": 99,
            "owner": "bioconda",
            "size": 4603,
            "type": "conda",
            "upload_time": "2017-12-19 22:26:54.431000+00:00",
            "version": "2.9"
        },
        {
            "attrs": {
                "arch": "x86_64",
                "build": "r3.4.1_1",
                "build_number": 1,
                "depends": [
                    "bioconductor-annotationdbi >=1.9.7",
                    "r-base 3.4.1*",
                    "wget"
                ],
                "has_prefix": false,
                "license": "Artistic-2.0",
                "machine": "x86_64",
                "operatingsystem": "linux",
                "platform": "linux",
                "subdir": "linux-64",
                "target-triplet": "x86_64-any-linux"
            },
            "basename": "linux-64/bioconductor-do.db-2.9-r3.4.1_1.tar.bz2",
            "dependencies": {
                "depends": [
                    {
                        "name": "bioconductor-annotationdbi",
                        "specs": [
                            [
                                ">=",
                                "1.9.7"
                            ]
                        ]
                    },
                    {
                        "name": "r-base",
                        "specs": [
                            [
                                "==",
                                "3.4.1"
                            ]
                        ]
                    },
                    {
                        "name": "wget",
                        "specs": []
                    }
                ]
            },
            "description": null,
            "distribution_type": "conda",
            "download_url": "//api.anaconda.org/download/bioconda/bioconductor-do.db/2.9/linux-64/bioconductor-do.db-2.9-r3.4.1_1.tar.bz2",
            "full_name": "bioconda/bioconductor-do.db/2.9/linux-64/bioconductor-do.db-2.9-r3.4.1_1.tar.bz2",
            "labels": [
                "main",
                "cf201901"
            ],
            "md5": "c2153b517f3518b808a887cd891a8284",
            "ndownloads": 2931,
            "owner": "bioconda",
            "size": 4807,
            "type": "conda",
            "upload_time": "2017-12-20 12:44:13.167000+00:00",
            "version": "2.9"
        },
        {
            "attrs": {
                "arch": "x86_64",
                "build": "r3.4.1_0",
                "build_number": 0,
                "depends": [
                    "bioconductor-annotationdbi >=1.9.7",
                    "r-base 3.4.1*"
                ],
                "has_prefix": false,
                "license": "Artistic-2.0",
                "machine": "x86_64",
                "operatingsystem": "darwin",
                "platform": "osx",
                "subdir": "osx-64",
                "target-triplet": "x86_64-any-darwin"
            },
            "basename": "osx-64/bioconductor-do.db-2.9-r3.4.1_0.tar.bz2",
            "dependencies": {
                "depends": [
                    {
                        "name": "bioconductor-annotationdbi",
                        "specs": [
                            [
                                ">=",
                                "1.9.7"
                            ]
                        ]
                    },
                    {
                        "name": "r-base",
                        "specs": [
                            [
                                "==",
                                "3.4.1"
                            ]
                        ]
                    }
                ]
            },
            "description": null,
            "distribution_type": "conda",
            "download_url": "//api.anaconda.org/download/bioconda/bioconductor-do.db/2.9/osx-64/bioconductor-do.db-2.9-r3.4.1_0.tar.bz2",
            "full_name": "bioconda/bioconductor-do.db/2.9/osx-64/bioconductor-do.db-2.9-r3.4.1_0.tar.bz2",
            "labels": [
                "main",
                "cf201901"
            ],
            "md5": "5a06152c3c9b23819c35001cfa1a95f6",
            "ndownloads": 49,
            "owner": "bioconda",
            "size": 1546948,
            "type": "conda",
            "upload_time": "2017-09-21 15:37:13.595000+00:00",
            "version": "2.9"
        },
        {
            "attrs": {
                "arch": "x86_64",
                "build": "r341_3",
                "build_number": 3,
                "depends": [
                    "bioconductor-annotationdbi >=1.42.1,<1.44.0",
                    "r-base >=3.4.1,<3.4.2.0a0",
                    "wget"
                ],
                "has_prefix": false,
                "license": "Artistic-2.0",
                "machine": "x86_64",
                "operatingsystem": "linux",
                "platform": "linux",
                "subdir": "linux-64",
                "target-triplet": "x86_64-any-linux",
                "timestamp": 1539868081398
            },
            "basename": "linux-64/bioconductor-do.db-2.9-r341_3.tar.bz2",
            "dependencies": {
                "depends": [
                    {
                        "name": "bioconductor-annotationdbi",
                        "specs": [
                            [
                                ">=",
                                "1.42.1,<1.44.0"
                            ]
                        ]
                    },
                    {
                        "name": "r-base",
                        "specs": [
                            [
                                ">=",
                                "3.4.1,<3.4.2.0a0"
                            ]
                        ]
                    },
                    {
                        "name": "wget",
                        "specs": []
                    }
                ]
            },
            "description": null,
            "distribution_type": "conda",
            "download_url": "//api.anaconda.org/download/bioconda/bioconductor-do.db/2.9/linux-64/bioconductor-do.db-2.9-r341_3.tar.bz2",
            "full_name": "bioconda/bioconductor-do.db/2.9/linux-64/bioconductor-do.db-2.9-r341_3.tar.bz2",
            "labels": [
                "main",
                "cf201901"
            ],
            "md5": "99eedf24712b395609b837e198b3ceec",
            "ndownloads": 1121,
            "owner": "bioconda",
            "size": 5718,
            "type": "conda",
            "upload_time": "2018-10-18 13:13:03.463000+00:00",
            "version": "2.9"
        },
        {
            "attrs": {
                "arch": "x86_64",
                "build": "r351_3",
                "build_number": 3,
                "depends": [
                    "bioconductor-annotationdbi >=1.42.1,<1.44.0",
                    "r-base >=3.5.1,<3.5.2.0a0",
                    "wget"
                ],
                "has_prefix": false,
                "license": "Artistic-2.0",
                "machine": "x86_64",
                "operatingsystem": "linux",
                "platform": "linux",
                "subdir": "linux-64",
                "target-triplet": "x86_64-any-linux",
                "timestamp": 1539867990432
            },
            "basename": "linux-64/bioconductor-do.db-2.9-r351_3.tar.bz2",
            "dependencies": {
                "depends": [
                    {
                        "name": "bioconductor-annotationdbi",
                        "specs": [
                            [
                                ">=",
                                "1.42.1,<1.44.0"
                            ]
                        ]
                    },
                    {
                        "name": "r-base",
                        "specs": [
                            [
                                ">=",
                                "3.5.1,<3.5.2.0a0"
                            ]
                        ]
                    },
                    {
                        "name": "wget",
                        "specs": []
                    }
                ]
            },
            "description": null,
            "distribution_type": "conda",
            "download_url": "//api.anaconda.org/download/bioconda/bioconductor-do.db/2.9/linux-64/bioconductor-do.db-2.9-r351_3.tar.bz2",
            "full_name": "bioconda/bioconductor-do.db/2.9/linux-64/bioconductor-do.db-2.9-r351_3.tar.bz2",
            "labels": [
                "main",
                "cf201901"
            ],
            "md5": "bc9b272b5e8900ae25c64968daedc87e",
            "ndownloads": 490,
            "owner": "bioconda",
            "size": 5732,
            "type": "conda",
            "upload_time": "2018-10-18 13:13:06.206000+00:00",
            "version": "2.9"
        },
        {
            "attrs": {
                "arch": "x86_64",
                "build": "r341_3",
                "build_number": 3,
                "depends": [
                    "bioconductor-annotationdbi >=1.42.1,<1.44.0",
                    "r-base >=3.4.1,<3.4.2.0a0",
                    "wget"
                ],
                "has_prefix": false,
                "license": "Artistic-2.0",
                "machine": "x86_64",
                "operatingsystem": "darwin",
                "platform": "osx",
                "subdir": "osx-64",
                "target-triplet": "x86_64-any-darwin",
                "timestamp": 1539940129777
            },
            "basename": "osx-64/bioconductor-do.db-2.9-r341_3.tar.bz2",
            "dependencies": {
                "depends": [
                    {
                        "name": "bioconductor-annotationdbi",
                        "specs": [
                            [
                                ">=",
                                "1.42.1,<1.44.0"
                            ]
                        ]
                    },
                    {
                        "name": "r-base",
                        "specs": [
                            [
                                ">=",
                                "3.4.1,<3.4.2.0a0"
                            ]
                        ]
                    },
                    {
                        "name": "wget",
                        "specs": []
                    }
                ]
            },
            "description": null,
            "distribution_type": "conda",
            "download_url": "//api.anaconda.org/download/bioconda/bioconductor-do.db/2.9/osx-64/bioconductor-do.db-2.9-r341_3.tar.bz2",
            "full_name": "bioconda/bioconductor-do.db/2.9/osx-64/bioconductor-do.db-2.9-r341_3.tar.bz2",
            "labels": [
                "main",
                "cf201901"
            ],
            "md5": "976b861b62a5f34960fbe697eedb1271",
            "ndownloads": 66,
            "owner": "bioconda",
            "size": 5670,
            "type": "conda",
            "upload_time": "2018-10-19 09:11:56.801000+00:00",
            "version": "2.9"
        },
        {
            "attrs": {
                "arch": "x86_64",
                "build": "r351_3",
                "build_number": 3,
                "depends": [
                    "bioconductor-annotationdbi >=1.42.1,<1.44.0",
                    "r-base >=3.5.1,<3.5.2.0a0",
                    "wget"
                ],
                "has_prefix": false,
                "license": "Artistic-2.0",
                "machine": "x86_64",
                "operatingsystem": "darwin",
                "platform": "osx",
                "subdir": "osx-64",
                "target-triplet": "x86_64-any-darwin",
                "timestamp": 1539940244354
            },
            "basename": "osx-64/bioconductor-do.db-2.9-r351_3.tar.bz2",
            "dependencies": {
                "depends": [
                    {
                        "name": "bioconductor-annotationdbi",
                        "specs": [
                            [
                                ">=",
                                "1.42.1,<1.44.0"
                            ]
                        ]
                    },
                    {
                        "name": "r-base",
                        "specs": [
                            [
                                ">=",
                                "3.5.1,<3.5.2.0a0"
                            ]
                        ]
                    },
                    {
                        "name": "wget",
                        "specs": []
                    }
                ]
            },
            "description": null,
            "distribution_type": "conda",
            "download_url": "//api.anaconda.org/download/bioconda/bioconductor-do.db/2.9/osx-64/bioconductor-do.db-2.9-r351_3.tar.bz2",
            "full_name": "bioconda/bioconductor-do.db/2.9/osx-64/bioconductor-do.db-2.9-r351_3.tar.bz2",
            "labels": [
                "main",
                "cf201901"
            ],
            "md5": "48220b413c1e4d3b8e6fe0129756abb3",
            "ndownloads": 530,
            "owner": "bioconda",
            "size": 5635,
            "type": "conda",
            "upload_time": "2018-10-19 09:12:00.858000+00:00",
            "version": "2.9"
        },
        {
            "attrs": {
                "arch": "x86_64",
                "build": "r3.3.2_0",
                "build_number": 0,
                "depends": [
                    "bioconductor-annotationdbi >=1.9.7",
                    "r-base 3.3.2*"
                ],
                "has_prefix": false,
                "license": "Artistic-2.0",
                "machine": "x86_64",
                "operatingsystem": "darwin",
                "platform": "osx",
                "subdir": "osx-64",
                "target-triplet": "x86_64-any-darwin"
            },
            "basename": "osx-64/bioconductor-do.db-2.9-r3.3.2_0.tar.bz2",
            "dependencies": {
                "depends": [
                    {
                        "name": "bioconductor-annotationdbi",
                        "specs": [
                            [
                                ">=",
                                "1.9.7"
                            ]
                        ]
                    },
                    {
                        "name": "r-base",
                        "specs": [
                            [
                                "==",
                                "3.3.2"
                            ]
                        ]
                    }
                ]
            },
            "description": null,
            "distribution_type": "conda",
            "download_url": "//api.anaconda.org/download/bioconda/bioconductor-do.db/2.9/osx-64/bioconductor-do.db-2.9-r3.3.2_0.tar.bz2",
            "full_name": "bioconda/bioconductor-do.db/2.9/osx-64/bioconductor-do.db-2.9-r3.3.2_0.tar.bz2",
            "labels": [
                "main",
                "cf201901"
            ],
            "md5": "b89942cf6389967da42af4db85bb4c04",
            "ndownloads": 76,
            "owner": "bioconda",
            "size": 1508438,
            "type": "conda",
            "upload_time": "2017-06-04 18:07:00.447000+00:00",
            "version": "2.9"
        },
        {
            "attrs": {
                "arch": null,
                "build": "r351_4",
                "build_number": 4,
                "depends": [
                    "bioconductor-annotationdbi >=1.44.0,<1.45.0",
                    "r-base >=3.5.1,<3.5.2.0a0",
                    "wget"
                ],
                "has_prefix": false,
                "license": "Artistic-2.0",
                "machine": null,
                "noarch": "generic",
                "operatingsystem": null,
                "platform": null,
                "subdir": "noarch",
                "target-triplet": "None-any-None",
                "timestamp": 1545596185100
            },
            "basename": "noarch/bioconductor-do.db-2.9-r351_4.tar.bz2",
            "dependencies": {
                "depends": [
                    {
                        "name": "bioconductor-annotationdbi",
                        "specs": [
                            [
                                ">=",
                                "1.44.0,<1.45.0"
                            ]
                        ]
                    },
                    {
                        "name": "r-base",
                        "specs": [
                            [
                                ">=",
                                "3.5.1,<3.5.2.0a0"
                            ]
                        ]
                    },
                    {
                        "name": "wget",
                        "specs": []
                    }
                ]
            },
            "description": null,
            "distribution_type": "conda",
            "download_url": "//api.anaconda.org/download/bioconda/bioconductor-do.db/2.9/noarch/bioconductor-do.db-2.9-r351_4.tar.bz2",
            "full_name": "bioconda/bioconductor-do.db/2.9/noarch/bioconductor-do.db-2.9-r351_4.tar.bz2",
            "labels": [
                "gcc7",
                "main"
            ],
            "md5": "25b7748372fa511988174e36cf7fce49",
            "ndownloads": 1280,
            "owner": "bioconda",
            "size": 6387,
            "type": "conda",
            "upload_time": "2018-12-23 20:20:19.010000+00:00",
            "version": "2.9"
        },
        {
            "attrs": {
                "arch": null,
                "build": "r36_6",
                "build_number": 6,
                "depends": [
                    "bioconductor-annotationdbi >=1.46.0,<1.47.0",
                    "curl >=7.65.3,<8.0a0",
                    "r-base >=3.6,<3.7.0a0"
                ],
                "has_prefix": false,
                "license": "Artistic-2.0",
                "machine": null,
                "noarch": "generic",
                "operatingsystem": null,
                "platform": null,
                "subdir": "noarch",
                "target-triplet": "None-any-None",
                "timestamp": 1564590255480
            },
            "basename": "noarch/bioconductor-do.db-2.9-r36_6.tar.bz2",
            "dependencies": {
                "depends": [
                    {
                        "name": "bioconductor-annotationdbi",
                        "specs": [
                            [
                                ">=",
                                "1.46.0,<1.47.0"
                            ]
                        ]
                    },
                    {
                        "name": "curl",
                        "specs": [
                            [
                                ">=",
                                "7.65.3,<8.0a0"
                            ]
                        ]
                    },
                    {
                        "name": "r-base",
                        "specs": [
                            [
                                ">=",
                                "3.6,<3.7.0a0"
                            ]
                        ]
                    }
                ]
            },
            "description": null,
            "distribution_type": "conda",
            "download_url": "//api.anaconda.org/download/bioconda/bioconductor-do.db/2.9/noarch/bioconductor-do.db-2.9-r36_6.tar.bz2",
            "full_name": "bioconda/bioconductor-do.db/2.9/noarch/bioconductor-do.db-2.9-r36_6.tar.bz2",
            "labels": [
                "main"
            ],
            "md5": "e2a740fcbc990f0eba0db32a56df372c",
            "ndownloads": 267,
            "owner": "bioconda",
            "size": 6734,
            "type": "conda",
            "upload_time": "2019-07-31 16:28:26.552000+00:00",
            "version": "2.9"
        },
        {
            "attrs": {
                "arch": null,
                "build": "r36_7",
                "build_number": 7,
                "depends": [
                    "bioconductor-annotationdbi >=1.48.0,<1.49.0",
                    "curl >=7.65.3,<8.0a0",
                    "r-base >=3.6,<3.7.0a0"
                ],
                "has_prefix": false,
                "license": "Artistic-2.0",
                "machine": null,
                "noarch": "generic",
                "operatingsystem": null,
                "platform": null,
                "subdir": "noarch",
                "target-triplet": "None-any-None",
                "timestamp": 1572731305443
            },
            "basename": "noarch/bioconductor-do.db-2.9-r36_7.tar.bz2",
            "dependencies": {
                "depends": [
                    {
                        "name": "bioconductor-annotationdbi",
                        "specs": [
                            [
                                ">=",
                                "1.48.0,<1.49.0"
                            ]
                        ]
                    },
                    {
                        "name": "curl",
                        "specs": [
                            [
                                ">=",
                                "7.65.3,<8.0a0"
                            ]
                        ]
                    },
                    {
                        "name": "r-base",
                        "specs": [
                            [
                                ">=",
                                "3.6,<3.7.0a0"
                            ]
                        ]
                    }
                ]
            },
            "description": null,
            "distribution_type": "conda",
            "download_url": "//api.anaconda.org/download/bioconda/bioconductor-do.db/2.9/noarch/bioconductor-do.db-2.9-r36_7.tar.bz2",
            "full_name": "bioconda/bioconductor-do.db/2.9/noarch/bioconductor-do.db-2.9-r36_7.tar.bz2",
            "labels": [
                "main"
            ],
            "md5": "b36b47978356bcd74d229cd0e392326f",
            "ndownloads": 160,
            "owner": "bioconda",
            "size": 6865,
            "type": "conda",
            "upload_time": "2019-11-02 21:52:42.953000+00:00",
            "version": "2.9"
        }
    ],
    "full_name": "bioconda/bioconductor-do.db",
    "home": "None",
    "html_url": "http://anaconda.org/bioconda/bioconductor-do.db",
    "id": "56b9143c03fe710a454a5168",
    "latest_version": "2.9",
    "license": "Artistic-2.0",
    "license_url": {},
    "modified_at": "2019-11-02 21:52:43.247000+00:00",
    "name": "bioconductor-do.db",
    "owner": {
        "company": "",
        "created_at": "2015-09-11 22:59:20.880000+00:00",
        "description": "Bioconda is a distribution of bioinformatics software realized as a channel for the versatile Conda package manager.",
        "location": "",
        "login": "bioconda",
        "name": "bioconda",
        "url": "",
        "user_type": "org"
    },
    "package_types": [
        "conda"
    ],
    "public": true,
    "releases": [
        {
            "distributions": [
                "linux-64/bioconductor-do.db-2.9-0.tar.bz2",
                "osx-64/bioconductor-do.db-2.9-0.tar.bz2"
            ],
            "full_name": "bioconda/bioconductor-do.db/2.9",
            "version": "2.9"
        }
    ],
    "revision": 3,
    "source_git_tag": {},
    "source_git_url": {},
    "summary": "A set of annotation maps describing the entire Disease Ontology assembled using data from DO",
    "upvoted": 0,
    "url": "http://api.anaconda.org/packages/bioconda/bioconductor-do.db",
    "versions": [
        "2.9"
    ],
    "watchers": 1
}