{
    "app_entry": {},
    "app_summary": {},
    "app_type": {},
    "builds": [
        "r351_0",
        "r36_1",
        "r341_0",
        "r3.4.1_0",
        "r36_0"
    ],
    "conda_platforms": [
        "linux-64",
        "noarch",
        "osx-64"
    ],
    "created_at": "2018-02-16 12:57:18.915000+00:00",
    "description": "A set of annotation maps describing the entire MeSH assembled using data from MeSH.",
    "dev_url": null,
    "doc_url": null,
    "files": [
        {
            "attrs": {
                "arch": "x86_64",
                "build": "r341_0",
                "build_number": 0,
                "depends": [
                    "bioconductor-meshdbi >=1.16.0,<1.18.0",
                    "r-base >=3.4.1,<3.4.2.0a0",
                    "wget"
                ],
                "has_prefix": false,
                "license": "Artistic-2.0",
                "machine": "x86_64",
                "operatingsystem": "linux",
                "platform": "linux",
                "subdir": "linux-64",
                "target-triplet": "x86_64-any-linux",
                "timestamp": 1539892123038
            },
            "basename": "linux-64/bioconductor-mesh.db-1.10.0-r341_0.tar.bz2",
            "dependencies": {
                "depends": [
                    {
                        "name": "bioconductor-meshdbi",
                        "specs": [
                            [
                                ">=",
                                "1.16.0,<1.18.0"
                            ]
                        ]
                    },
                    {
                        "name": "r-base",
                        "specs": [
                            [
                                ">=",
                                "3.4.1,<3.4.2.0a0"
                            ]
                        ]
                    },
                    {
                        "name": "wget",
                        "specs": []
                    }
                ]
            },
            "description": null,
            "distribution_type": "conda",
            "download_url": "//api.anaconda.org/download/bioconda/bioconductor-mesh.db/1.10.0/linux-64/bioconductor-mesh.db-1.10.0-r341_0.tar.bz2",
            "full_name": "bioconda/bioconductor-mesh.db/1.10.0/linux-64/bioconductor-mesh.db-1.10.0-r341_0.tar.bz2",
            "labels": [
                "main",
                "cf201901"
            ],
            "md5": "1a18e71bf3a889894e379cebb26ca918",
            "ndownloads": 104,
            "owner": "bioconda",
            "size": 5691,
            "type": "conda",
            "upload_time": "2018-10-18 19:57:44.889000+00:00",
            "version": "1.10.0"
        },
        {
            "attrs": {
                "arch": "x86_64",
                "build": "r351_0",
                "build_number": 0,
                "depends": [
                    "bioconductor-meshdbi >=1.16.0,<1.18.0",
                    "r-base >=3.5.1,<3.5.2.0a0",
                    "wget"
                ],
                "has_prefix": false,
                "license": "Artistic-2.0",
                "machine": "x86_64",
                "operatingsystem": "linux",
                "platform": "linux",
                "subdir": "linux-64",
                "target-triplet": "x86_64-any-linux",
                "timestamp": 1539891977210
            },
            "basename": "linux-64/bioconductor-mesh.db-1.10.0-r351_0.tar.bz2",
            "dependencies": {
                "depends": [
                    {
                        "name": "bioconductor-meshdbi",
                        "specs": [
                            [
                                ">=",
                                "1.16.0,<1.18.0"
                            ]
                        ]
                    },
                    {
                        "name": "r-base",
                        "specs": [
                            [
                                ">=",
                                "3.5.1,<3.5.2.0a0"
                            ]
                        ]
                    },
                    {
                        "name": "wget",
                        "specs": []
                    }
                ]
            },
            "description": null,
            "distribution_type": "conda",
            "download_url": "//api.anaconda.org/download/bioconda/bioconductor-mesh.db/1.10.0/linux-64/bioconductor-mesh.db-1.10.0-r351_0.tar.bz2",
            "full_name": "bioconda/bioconductor-mesh.db/1.10.0/linux-64/bioconductor-mesh.db-1.10.0-r351_0.tar.bz2",
            "labels": [
                "main",
                "cf201901"
            ],
            "md5": "0cbbacdbf49e91f486bb28433873bc37",
            "ndownloads": 233,
            "owner": "bioconda",
            "size": 5722,
            "type": "conda",
            "upload_time": "2018-10-18 19:57:47.747000+00:00",
            "version": "1.10.0"
        },
        {
            "attrs": {
                "arch": "x86_64",
                "build": "r341_0",
                "build_number": 0,
                "depends": [
                    "bioconductor-meshdbi >=1.16.0,<1.18.0",
                    "r-base >=3.4.1,<3.4.2.0a0",
                    "wget"
                ],
                "has_prefix": false,
                "license": "Artistic-2.0",
                "machine": "x86_64",
                "operatingsystem": "darwin",
                "platform": "osx",
                "subdir": "osx-64",
                "target-triplet": "x86_64-any-darwin",
                "timestamp": 1539943494962
            },
            "basename": "osx-64/bioconductor-mesh.db-1.10.0-r341_0.tar.bz2",
            "dependencies": {
                "depends": [
                    {
                        "name": "bioconductor-meshdbi",
                        "specs": [
                            [
                                ">=",
                                "1.16.0,<1.18.0"
                            ]
                        ]
                    },
                    {
                        "name": "r-base",
                        "specs": [
                            [
                                ">=",
                                "3.4.1,<3.4.2.0a0"
                            ]
                        ]
                    },
                    {
                        "name": "wget",
                        "specs": []
                    }
                ]
            },
            "description": null,
            "distribution_type": "conda",
            "download_url": "//api.anaconda.org/download/bioconda/bioconductor-mesh.db/1.10.0/osx-64/bioconductor-mesh.db-1.10.0-r341_0.tar.bz2",
            "full_name": "bioconda/bioconductor-mesh.db/1.10.0/osx-64/bioconductor-mesh.db-1.10.0-r341_0.tar.bz2",
            "labels": [
                "main",
                "cf201901"
            ],
            "md5": "7f98c36e09ddbd3743d817abc2625749",
            "ndownloads": 22,
            "owner": "bioconda",
            "size": 5668,
            "type": "conda",
            "upload_time": "2018-10-19 10:10:13.387000+00:00",
            "version": "1.10.0"
        },
        {
            "attrs": {
                "arch": "x86_64",
                "build": "r351_0",
                "build_number": 0,
                "depends": [
                    "bioconductor-meshdbi >=1.16.0,<1.18.0",
                    "r-base >=3.5.1,<3.5.2.0a0",
                    "wget"
                ],
                "has_prefix": false,
                "license": "Artistic-2.0",
                "machine": "x86_64",
                "operatingsystem": "darwin",
                "platform": "osx",
                "subdir": "osx-64",
                "target-triplet": "x86_64-any-darwin",
                "timestamp": 1539943675732
            },
            "basename": "osx-64/bioconductor-mesh.db-1.10.0-r351_0.tar.bz2",
            "dependencies": {
                "depends": [
                    {
                        "name": "bioconductor-meshdbi",
                        "specs": [
                            [
                                ">=",
                                "1.16.0,<1.18.0"
                            ]
                        ]
                    },
                    {
                        "name": "r-base",
                        "specs": [
                            [
                                ">=",
                                "3.5.1,<3.5.2.0a0"
                            ]
                        ]
                    },
                    {
                        "name": "wget",
                        "specs": []
                    }
                ]
            },
            "description": null,
            "distribution_type": "conda",
            "download_url": "//api.anaconda.org/download/bioconda/bioconductor-mesh.db/1.10.0/osx-64/bioconductor-mesh.db-1.10.0-r351_0.tar.bz2",
            "full_name": "bioconda/bioconductor-mesh.db/1.10.0/osx-64/bioconductor-mesh.db-1.10.0-r351_0.tar.bz2",
            "labels": [
                "main",
                "cf201901"
            ],
            "md5": "901cda928dc1f3ae092d1fdfd8d2563b",
            "ndownloads": 753,
            "owner": "bioconda",
            "size": 5661,
            "type": "conda",
            "upload_time": "2018-10-19 10:10:17.097000+00:00",
            "version": "1.10.0"
        },
        {
            "attrs": {
                "arch": "x86_64",
                "build": "r3.4.1_0",
                "build_number": 0,
                "depends": [
                    "bioconductor-meshdbi",
                    "r-base 3.4.1*",
                    "wget"
                ],
                "has_prefix": false,
                "license": "Artistic-2.0",
                "machine": "x86_64",
                "operatingsystem": "linux",
                "platform": "linux",
                "subdir": "linux-64",
                "target-triplet": "x86_64-any-linux"
            },
            "basename": "linux-64/bioconductor-mesh.db-1.9.0-r3.4.1_0.tar.bz2",
            "dependencies": {
                "depends": [
                    {
                        "name": "bioconductor-meshdbi",
                        "specs": []
                    },
                    {
                        "name": "r-base",
                        "specs": [
                            [
                                "==",
                                "3.4.1"
                            ]
                        ]
                    },
                    {
                        "name": "wget",
                        "specs": []
                    }
                ]
            },
            "description": null,
            "distribution_type": "conda",
            "download_url": "//api.anaconda.org/download/bioconda/bioconductor-mesh.db/1.9.0/linux-64/bioconductor-mesh.db-1.9.0-r3.4.1_0.tar.bz2",
            "full_name": "bioconda/bioconductor-mesh.db/1.9.0/linux-64/bioconductor-mesh.db-1.9.0-r3.4.1_0.tar.bz2",
            "labels": [
                "main",
                "cf201901"
            ],
            "md5": "47be4373cfa4f84e5db02a4279631591",
            "ndownloads": 283,
            "owner": "bioconda",
            "size": 5185,
            "type": "conda",
            "upload_time": "2018-02-16 12:57:19.474000+00:00",
            "version": "1.9.0"
        },
        {
            "attrs": {
                "arch": "x86_64",
                "build": "r3.4.1_0",
                "build_number": 0,
                "depends": [
                    "bioconductor-meshdbi",
                    "r-base 3.4.1*",
                    "wget"
                ],
                "has_prefix": false,
                "license": "Artistic-2.0",
                "machine": "x86_64",
                "operatingsystem": "darwin",
                "platform": "osx",
                "subdir": "osx-64",
                "target-triplet": "x86_64-any-darwin"
            },
            "basename": "osx-64/bioconductor-mesh.db-1.9.0-r3.4.1_0.tar.bz2",
            "dependencies": {
                "depends": [
                    {
                        "name": "bioconductor-meshdbi",
                        "specs": []
                    },
                    {
                        "name": "r-base",
                        "specs": [
                            [
                                "==",
                                "3.4.1"
                            ]
                        ]
                    },
                    {
                        "name": "wget",
                        "specs": []
                    }
                ]
            },
            "description": null,
            "distribution_type": "conda",
            "download_url": "//api.anaconda.org/download/bioconda/bioconductor-mesh.db/1.9.0/osx-64/bioconductor-mesh.db-1.9.0-r3.4.1_0.tar.bz2",
            "full_name": "bioconda/bioconductor-mesh.db/1.9.0/osx-64/bioconductor-mesh.db-1.9.0-r3.4.1_0.tar.bz2",
            "labels": [
                "main",
                "cf201901"
            ],
            "md5": "70f81a411ab212504871efe3ba4c89df",
            "ndownloads": 734,
            "owner": "bioconda",
            "size": 4931,
            "type": "conda",
            "upload_time": "2018-02-16 17:24:15.837000+00:00",
            "version": "1.9.0"
        },
        {
            "attrs": {
                "arch": null,
                "build": "r351_0",
                "build_number": 0,
                "depends": [
                    "bioconductor-meshdbi >=1.18.0,<1.19.0",
                    "r-base >=3.5.1,<3.5.2.0a0",
                    "wget"
                ],
                "has_prefix": false,
                "license": "Artistic-2.0",
                "machine": null,
                "noarch": "generic",
                "operatingsystem": null,
                "platform": null,
                "subdir": "noarch",
                "target-triplet": "None-any-None",
                "timestamp": 1545749436892
            },
            "basename": "noarch/bioconductor-mesh.db-1.11.0-r351_0.tar.bz2",
            "dependencies": {
                "depends": [
                    {
                        "name": "bioconductor-meshdbi",
                        "specs": [
                            [
                                ">=",
                                "1.18.0,<1.19.0"
                            ]
                        ]
                    },
                    {
                        "name": "r-base",
                        "specs": [
                            [
                                ">=",
                                "3.5.1,<3.5.2.0a0"
                            ]
                        ]
                    },
                    {
                        "name": "wget",
                        "specs": []
                    }
                ]
            },
            "description": null,
            "distribution_type": "conda",
            "download_url": "//api.anaconda.org/download/bioconda/bioconductor-mesh.db/1.11.0/noarch/bioconductor-mesh.db-1.11.0-r351_0.tar.bz2",
            "full_name": "bioconda/bioconductor-mesh.db/1.11.0/noarch/bioconductor-mesh.db-1.11.0-r351_0.tar.bz2",
            "labels": [
                "gcc7",
                "main"
            ],
            "md5": "de3991768995457f206eedc65317529f",
            "ndownloads": 99,
            "owner": "bioconda",
            "size": 6408,
            "type": "conda",
            "upload_time": "2018-12-25 14:55:48.517000+00:00",
            "version": "1.11.0"
        },
        {
            "attrs": {
                "arch": null,
                "build": "r36_1",
                "build_number": 1,
                "depends": [
                    "bioconductor-meshdbi >=1.20.0,<1.21.0",
                    "curl >=7.65.3,<8.0a0",
                    "r-base >=3.6,<3.7.0a0"
                ],
                "has_prefix": false,
                "license": "Artistic-2.0",
                "machine": null,
                "noarch": "generic",
                "operatingsystem": null,
                "platform": null,
                "subdir": "noarch",
                "target-triplet": "None-any-None",
                "timestamp": 1564741411857
            },
            "basename": "noarch/bioconductor-mesh.db-1.12.0-r36_1.tar.bz2",
            "dependencies": {
                "depends": [
                    {
                        "name": "bioconductor-meshdbi",
                        "specs": [
                            [
                                ">=",
                                "1.20.0,<1.21.0"
                            ]
                        ]
                    },
                    {
                        "name": "curl",
                        "specs": [
                            [
                                ">=",
                                "7.65.3,<8.0a0"
                            ]
                        ]
                    },
                    {
                        "name": "r-base",
                        "specs": [
                            [
                                ">=",
                                "3.6,<3.7.0a0"
                            ]
                        ]
                    }
                ]
            },
            "description": null,
            "distribution_type": "conda",
            "download_url": "//api.anaconda.org/download/bioconda/bioconductor-mesh.db/1.12.0/noarch/bioconductor-mesh.db-1.12.0-r36_1.tar.bz2",
            "full_name": "bioconda/bioconductor-mesh.db/1.12.0/noarch/bioconductor-mesh.db-1.12.0-r36_1.tar.bz2",
            "labels": [
                "main"
            ],
            "md5": "d96db7443261e0a7343ed5664f74a770",
            "ndownloads": 38,
            "owner": "bioconda",
            "size": 6759,
            "type": "conda",
            "upload_time": "2019-08-02 10:29:08.865000+00:00",
            "version": "1.12.0"
        },
        {
            "attrs": {
                "arch": null,
                "build": "r36_0",
                "build_number": 0,
                "depends": [
                    "bioconductor-meshdbi >=1.22.0,<1.23.0",
                    "curl >=7.65.3,<8.0a0",
                    "r-base >=3.6,<3.7.0a0"
                ],
                "has_prefix": false,
                "license": "Artistic-2.0",
                "machine": null,
                "noarch": "generic",
                "operatingsystem": null,
                "platform": null,
                "subdir": "noarch",
                "target-triplet": "None-any-None",
                "timestamp": 1572876388415
            },
            "basename": "noarch/bioconductor-mesh.db-1.13.0-r36_0.tar.bz2",
            "dependencies": {
                "depends": [
                    {
                        "name": "bioconductor-meshdbi",
                        "specs": [
                            [
                                ">=",
                                "1.22.0,<1.23.0"
                            ]
                        ]
                    },
                    {
                        "name": "curl",
                        "specs": [
                            [
                                ">=",
                                "7.65.3,<8.0a0"
                            ]
                        ]
                    },
                    {
                        "name": "r-base",
                        "specs": [
                            [
                                ">=",
                                "3.6,<3.7.0a0"
                            ]
                        ]
                    }
                ]
            },
            "description": null,
            "distribution_type": "conda",
            "download_url": "//api.anaconda.org/download/bioconda/bioconductor-mesh.db/1.13.0/noarch/bioconductor-mesh.db-1.13.0-r36_0.tar.bz2",
            "full_name": "bioconda/bioconductor-mesh.db/1.13.0/noarch/bioconductor-mesh.db-1.13.0-r36_0.tar.bz2",
            "labels": [
                "main"
            ],
            "md5": "072a8a39219b08d6d9138fe963713af6",
            "ndownloads": 25,
            "owner": "bioconda",
            "size": 6870,
            "type": "conda",
            "upload_time": "2019-11-04 14:12:21.177000+00:00",
            "version": "1.13.0"
        }
    ],
    "full_name": "bioconda/bioconductor-mesh.db",
    "home": "http://bioconductor.org/packages/3.6/data/annotation/html/MeSH.db.html",
    "html_url": "http://anaconda.org/bioconda/bioconductor-mesh.db",
    "id": "5a86d52ebaec3611fdc31114",
    "latest_version": "1.13.0",
    "license": "Artistic-2.0",
    "license_url": null,
    "modified_at": "2019-11-04 14:12:21.493000+00:00",
    "name": "bioconductor-mesh.db",
    "owner": {
        "company": "",
        "created_at": "2015-09-11 22:59:20.880000+00:00",
        "description": "Bioconda is a distribution of bioinformatics software realized as a channel for the versatile Conda package manager.",
        "location": "",
        "login": "bioconda",
        "name": "bioconda",
        "url": "",
        "user_type": "org"
    },
    "package_types": [
        "conda"
    ],
    "public": true,
    "releases": [
        {
            "distributions": [],
            "full_name": "bioconda/bioconductor-mesh.db/1.9.0",
            "version": "1.9.0"
        },
        {
            "distributions": [],
            "full_name": "bioconda/bioconductor-mesh.db/1.10.0",
            "version": "1.10.0"
        },
        {
            "distributions": [],
            "full_name": "bioconda/bioconductor-mesh.db/1.11.0",
            "version": "1.11.0"
        },
        {
            "distributions": [],
            "full_name": "bioconda/bioconductor-mesh.db/1.12.0",
            "version": "1.12.0"
        },
        {
            "distributions": [],
            "full_name": "bioconda/bioconductor-mesh.db/1.13.0",
            "version": "1.13.0"
        }
    ],
    "revision": 10,
    "source_git_tag": null,
    "source_git_url": null,
    "summary": "A set of annotation maps describing the entire MeSH",
    "upvoted": 0,
    "url": "http://api.anaconda.org/packages/bioconda/bioconductor-mesh.db",
    "versions": [
        "1.9.0",
        "1.10.0",
        "1.11.0",
        "1.12.0",
        "1.13.0"
    ],
    "watchers": 1
}