{
    "app_entry": {},
    "app_summary": {},
    "app_type": {},
    "builds": [
        "r351_0",
        "r36_3",
        "r36_2"
    ],
    "conda_platforms": [
        "noarch"
    ],
    "created_at": "2018-12-31 15:16:50.919000+00:00",
    "description": "",
    "dev_url": null,
    "doc_url": null,
    "files": [
        {
            "attrs": {
                "arch": null,
                "build": "r351_0",
                "build_number": 0,
                "depends": [
                    "bioconductor-annotationdbi >=1.44.0,<1.45.0",
                    "r-base >=3.5.1,<3.5.2.0a0",
                    "wget"
                ],
                "has_prefix": false,
                "license": "LGPL",
                "machine": null,
                "noarch": "generic",
                "operatingsystem": null,
                "platform": null,
                "subdir": "noarch",
                "target-triplet": "None-any-None",
                "timestamp": 1546269179657
            },
            "basename": "noarch/bioconductor-ye6100subdcdf-2.18.0-r351_0.tar.bz2",
            "dependencies": {
                "depends": [
                    {
                        "name": "bioconductor-annotationdbi",
                        "specs": [
                            [
                                ">=",
                                "1.44.0,<1.45.0"
                            ]
                        ]
                    },
                    {
                        "name": "r-base",
                        "specs": [
                            [
                                ">=",
                                "3.5.1,<3.5.2.0a0"
                            ]
                        ]
                    },
                    {
                        "name": "wget",
                        "specs": []
                    }
                ]
            },
            "description": null,
            "distribution_type": "conda",
            "download_url": "//api.anaconda.org/download/bioconda/bioconductor-ye6100subdcdf/2.18.0/noarch/bioconductor-ye6100subdcdf-2.18.0-r351_0.tar.bz2",
            "full_name": "bioconda/bioconductor-ye6100subdcdf/2.18.0/noarch/bioconductor-ye6100subdcdf-2.18.0-r351_0.tar.bz2",
            "labels": [
                "gcc7",
                "main"
            ],
            "md5": "b0dac3394592eadd58321c621fb8cf2d",
            "ndownloads": 67,
            "owner": "bioconda",
            "size": 6345,
            "type": "conda",
            "upload_time": "2018-12-31 15:16:51.703000+00:00",
            "version": "2.18.0"
        },
        {
            "attrs": {
                "arch": null,
                "build": "r36_2",
                "build_number": 2,
                "depends": [
                    "bioconductor-annotationdbi >=1.46.0,<1.47.0",
                    "curl >=7.65.3,<8.0a0",
                    "r-base >=3.6,<3.7.0a0"
                ],
                "has_prefix": false,
                "license": "LGPL",
                "machine": null,
                "noarch": "generic",
                "operatingsystem": null,
                "platform": null,
                "subdir": "noarch",
                "target-triplet": "None-any-None",
                "timestamp": 1564705526319
            },
            "basename": "noarch/bioconductor-ye6100subdcdf-2.18.0-r36_2.tar.bz2",
            "dependencies": {
                "depends": [
                    {
                        "name": "bioconductor-annotationdbi",
                        "specs": [
                            [
                                ">=",
                                "1.46.0,<1.47.0"
                            ]
                        ]
                    },
                    {
                        "name": "curl",
                        "specs": [
                            [
                                ">=",
                                "7.65.3,<8.0a0"
                            ]
                        ]
                    },
                    {
                        "name": "r-base",
                        "specs": [
                            [
                                ">=",
                                "3.6,<3.7.0a0"
                            ]
                        ]
                    }
                ]
            },
            "description": null,
            "distribution_type": "conda",
            "download_url": "//api.anaconda.org/download/bioconda/bioconductor-ye6100subdcdf/2.18.0/noarch/bioconductor-ye6100subdcdf-2.18.0-r36_2.tar.bz2",
            "full_name": "bioconda/bioconductor-ye6100subdcdf/2.18.0/noarch/bioconductor-ye6100subdcdf-2.18.0-r36_2.tar.bz2",
            "labels": [
                "main"
            ],
            "md5": "a09684d067de29c6795de760bb4efc51",
            "ndownloads": 32,
            "owner": "bioconda",
            "size": 6663,
            "type": "conda",
            "upload_time": "2019-08-02 00:29:38.056000+00:00",
            "version": "2.18.0"
        },
        {
            "attrs": {
                "arch": null,
                "build": "r36_3",
                "build_number": 3,
                "depends": [
                    "bioconductor-annotationdbi >=1.48.0,<1.49.0",
                    "curl >=7.65.3,<8.0a0",
                    "r-base >=3.6,<3.7.0a0"
                ],
                "has_prefix": false,
                "license": "LGPL",
                "machine": null,
                "noarch": "generic",
                "operatingsystem": null,
                "platform": null,
                "subdir": "noarch",
                "target-triplet": "None-any-None",
                "timestamp": 1572807237150
            },
            "basename": "noarch/bioconductor-ye6100subdcdf-2.18.0-r36_3.tar.bz2",
            "dependencies": {
                "depends": [
                    {
                        "name": "bioconductor-annotationdbi",
                        "specs": [
                            [
                                ">=",
                                "1.48.0,<1.49.0"
                            ]
                        ]
                    },
                    {
                        "name": "curl",
                        "specs": [
                            [
                                ">=",
                                "7.65.3,<8.0a0"
                            ]
                        ]
                    },
                    {
                        "name": "r-base",
                        "specs": [
                            [
                                ">=",
                                "3.6,<3.7.0a0"
                            ]
                        ]
                    }
                ]
            },
            "description": null,
            "distribution_type": "conda",
            "download_url": "//api.anaconda.org/download/bioconda/bioconductor-ye6100subdcdf/2.18.0/noarch/bioconductor-ye6100subdcdf-2.18.0-r36_3.tar.bz2",
            "full_name": "bioconda/bioconductor-ye6100subdcdf/2.18.0/noarch/bioconductor-ye6100subdcdf-2.18.0-r36_3.tar.bz2",
            "labels": [
                "main"
            ],
            "md5": "ae87d19f29ba0149c542e9132dd310b4",
            "ndownloads": 14,
            "owner": "bioconda",
            "size": 9431,
            "type": "conda",
            "upload_time": "2019-11-03 18:58:10.115000+00:00",
            "version": "2.18.0"
        }
    ],
    "full_name": "bioconda/bioconductor-ye6100subdcdf",
    "home": "https://bioconductor.org/packages/3.8/data/annotation/html/ye6100subdcdf.html",
    "html_url": "http://anaconda.org/bioconda/bioconductor-ye6100subdcdf",
    "id": "5c2a32e237f33978ad5c9807",
    "latest_version": "2.18.0",
    "license": "LGPL",
    "license_url": null,
    "modified_at": "2019-11-03 18:58:10.372000+00:00",
    "name": "bioconductor-ye6100subdcdf",
    "owner": {
        "company": "",
        "created_at": "2015-09-11 22:59:20.880000+00:00",
        "description": "Bioconda is a distribution of bioinformatics software realized as a channel for the versatile Conda package manager.",
        "location": "",
        "login": "bioconda",
        "name": "bioconda",
        "url": "",
        "user_type": "org"
    },
    "package_types": [
        "conda"
    ],
    "public": true,
    "releases": [
        {
            "distributions": [],
            "full_name": "bioconda/bioconductor-ye6100subdcdf/2.18.0",
            "version": "2.18.0"
        }
    ],
    "revision": 2,
    "source_git_tag": null,
    "source_git_url": null,
    "summary": "A package containing an environment representing the Ye6100subD.CDF file.",
    "upvoted": 0,
    "url": "http://api.anaconda.org/packages/bioconda/bioconductor-ye6100subdcdf",
    "versions": [
        "2.18.0"
    ],
    "watchers": 1
}