{
    "app_entry": {},
    "app_summary": {},
    "app_type": {},
    "builds": [
        "r351hfc679d8_0",
        "r351h0a44026_0",
        "r351hf484d3e_0",
        "r36he1b5a44_1",
        "r36he1b5a44_0",
        "r3.4.1_0",
        "r341hfc679d8_0",
        "r36h6de7cb9_1",
        "r36h6de7cb9_0"
    ],
    "conda_platforms": [
        "linux-64",
        "osx-64"
    ],
    "created_at": "2018-01-30 23:07:19.123000+00:00",
    "description": "This package allows to efficiently obtain count vectors from indexed bam files. It counts the number of reads in given genomic ranges and it computes reads profiles and coverage profiles. It also handles paired-end data.",
    "dev_url": null,
    "doc_url": null,
    "files": [
        {
            "attrs": {
                "arch": "x86_64",
                "build": "r3.4.1_0",
                "build_number": 0,
                "depends": [
                    "bioconductor-biocgenerics",
                    "bioconductor-genomicranges",
                    "bioconductor-iranges",
                    "bioconductor-rhtslib",
                    "bioconductor-zlibbioc",
                    "libgcc",
                    "r-base 3.4.1*",
                    "r-rcpp >=0.10.6"
                ],
                "has_prefix": false,
                "license": "GPL-2",
                "machine": "x86_64",
                "operatingsystem": "darwin",
                "platform": "osx",
                "subdir": "osx-64",
                "target-triplet": "x86_64-any-darwin"
            },
            "basename": "osx-64/bioconductor-bamsignals-1.10.0-r3.4.1_0.tar.bz2",
            "dependencies": {
                "depends": [
                    {
                        "name": "bioconductor-biocgenerics",
                        "specs": []
                    },
                    {
                        "name": "bioconductor-genomicranges",
                        "specs": []
                    },
                    {
                        "name": "bioconductor-iranges",
                        "specs": []
                    },
                    {
                        "name": "bioconductor-rhtslib",
                        "specs": []
                    },
                    {
                        "name": "bioconductor-zlibbioc",
                        "specs": []
                    },
                    {
                        "name": "libgcc",
                        "specs": []
                    },
                    {
                        "name": "r-base",
                        "specs": [
                            [
                                "==",
                                "3.4.1"
                            ]
                        ]
                    },
                    {
                        "name": "r-rcpp",
                        "specs": [
                            [
                                ">=",
                                "0.10.6"
                            ]
                        ]
                    }
                ]
            },
            "description": null,
            "distribution_type": "conda",
            "download_url": "//api.anaconda.org/download/bioconda/bioconductor-bamsignals/1.10.0/osx-64/bioconductor-bamsignals-1.10.0-r3.4.1_0.tar.bz2",
            "full_name": "bioconda/bioconductor-bamsignals/1.10.0/osx-64/bioconductor-bamsignals-1.10.0-r3.4.1_0.tar.bz2",
            "labels": [
                "main",
                "cf201901"
            ],
            "md5": "4da00621effc6b509ae0081d748d46d7",
            "ndownloads": 810,
            "owner": "bioconda",
            "size": 2639938,
            "type": "conda",
            "upload_time": "2018-01-30 23:07:19.697000+00:00",
            "version": "1.10.0"
        },
        {
            "attrs": {
                "arch": "x86_64",
                "build": "r3.4.1_0",
                "build_number": 0,
                "depends": [
                    "bioconductor-biocgenerics",
                    "bioconductor-genomicranges",
                    "bioconductor-iranges",
                    "bioconductor-rhtslib",
                    "bioconductor-zlibbioc",
                    "libgcc",
                    "r-base 3.4.1*",
                    "r-rcpp >=0.10.6"
                ],
                "has_prefix": false,
                "license": "GPL-2",
                "machine": "x86_64",
                "operatingsystem": "linux",
                "platform": "linux",
                "subdir": "linux-64",
                "target-triplet": "x86_64-any-linux"
            },
            "basename": "linux-64/bioconductor-bamsignals-1.10.0-r3.4.1_0.tar.bz2",
            "dependencies": {
                "depends": [
                    {
                        "name": "bioconductor-biocgenerics",
                        "specs": []
                    },
                    {
                        "name": "bioconductor-genomicranges",
                        "specs": []
                    },
                    {
                        "name": "bioconductor-iranges",
                        "specs": []
                    },
                    {
                        "name": "bioconductor-rhtslib",
                        "specs": []
                    },
                    {
                        "name": "bioconductor-zlibbioc",
                        "specs": []
                    },
                    {
                        "name": "libgcc",
                        "specs": []
                    },
                    {
                        "name": "r-base",
                        "specs": [
                            [
                                "==",
                                "3.4.1"
                            ]
                        ]
                    },
                    {
                        "name": "r-rcpp",
                        "specs": [
                            [
                                ">=",
                                "0.10.6"
                            ]
                        ]
                    }
                ]
            },
            "description": null,
            "distribution_type": "conda",
            "download_url": "//api.anaconda.org/download/bioconda/bioconductor-bamsignals/1.10.0/linux-64/bioconductor-bamsignals-1.10.0-r3.4.1_0.tar.bz2",
            "full_name": "bioconda/bioconductor-bamsignals/1.10.0/linux-64/bioconductor-bamsignals-1.10.0-r3.4.1_0.tar.bz2",
            "labels": [
                "main",
                "cf201901"
            ],
            "md5": "b8168a5bf753a63943e3d49acac4bdbb",
            "ndownloads": 592,
            "owner": "bioconda",
            "size": 2457792,
            "type": "conda",
            "upload_time": "2018-01-30 23:09:06.798000+00:00",
            "version": "1.10.0"
        },
        {
            "attrs": {
                "arch": "x86_64",
                "build": "r341hfc679d8_0",
                "build_number": 0,
                "depends": [
                    "bioconductor-biocgenerics >=0.26.0,<0.28.0",
                    "bioconductor-genomicranges >=1.32.7,<1.34.0",
                    "bioconductor-iranges >=2.14.12,<2.16.0",
                    "bioconductor-rhtslib >=1.12.1,<1.14.0",
                    "bioconductor-zlibbioc >=1.26.0,<1.28.0",
                    "r-base >=3.4.1,<3.4.2.0a0",
                    "r-rcpp >=0.10.6"
                ],
                "has_prefix": true,
                "license": "GPL-2",
                "machine": "x86_64",
                "operatingsystem": "darwin",
                "platform": "osx",
                "subdir": "osx-64",
                "target-triplet": "x86_64-any-darwin",
                "timestamp": 1539761274440
            },
            "basename": "osx-64/bioconductor-bamsignals-1.12.1-r341hfc679d8_0.tar.bz2",
            "dependencies": {
                "depends": [
                    {
                        "name": "bioconductor-biocgenerics",
                        "specs": [
                            [
                                ">=",
                                "0.26.0,<0.28.0"
                            ]
                        ]
                    },
                    {
                        "name": "bioconductor-genomicranges",
                        "specs": [
                            [
                                ">=",
                                "1.32.7,<1.34.0"
                            ]
                        ]
                    },
                    {
                        "name": "bioconductor-iranges",
                        "specs": [
                            [
                                ">=",
                                "2.14.12,<2.16.0"
                            ]
                        ]
                    },
                    {
                        "name": "bioconductor-rhtslib",
                        "specs": [
                            [
                                ">=",
                                "1.12.1,<1.14.0"
                            ]
                        ]
                    },
                    {
                        "name": "bioconductor-zlibbioc",
                        "specs": [
                            [
                                ">=",
                                "1.26.0,<1.28.0"
                            ]
                        ]
                    },
                    {
                        "name": "r-base",
                        "specs": [
                            [
                                ">=",
                                "3.4.1,<3.4.2.0a0"
                            ]
                        ]
                    },
                    {
                        "name": "r-rcpp",
                        "specs": [
                            [
                                ">=",
                                "0.10.6"
                            ]
                        ]
                    }
                ]
            },
            "description": null,
            "distribution_type": "conda",
            "download_url": "//api.anaconda.org/download/bioconda/bioconductor-bamsignals/1.12.1/osx-64/bioconductor-bamsignals-1.12.1-r341hfc679d8_0.tar.bz2",
            "full_name": "bioconda/bioconductor-bamsignals/1.12.1/osx-64/bioconductor-bamsignals-1.12.1-r341hfc679d8_0.tar.bz2",
            "labels": [
                "main",
                "cf201901"
            ],
            "md5": "2fc38a8ab6b6994367d28267c837159f",
            "ndownloads": 278,
            "owner": "bioconda",
            "size": 2690165,
            "type": "conda",
            "upload_time": "2018-10-17 07:30:35.053000+00:00",
            "version": "1.12.1"
        },
        {
            "attrs": {
                "arch": "x86_64",
                "build": "r351hfc679d8_0",
                "build_number": 0,
                "depends": [
                    "bioconductor-biocgenerics >=0.26.0,<0.28.0",
                    "bioconductor-genomicranges >=1.32.7,<1.34.0",
                    "bioconductor-iranges >=2.14.12,<2.16.0",
                    "bioconductor-rhtslib >=1.12.1,<1.14.0",
                    "bioconductor-zlibbioc >=1.26.0,<1.28.0",
                    "r-base >=3.5.1,<3.5.2.0a0",
                    "r-rcpp >=0.10.6"
                ],
                "has_prefix": true,
                "license": "GPL-2",
                "machine": "x86_64",
                "operatingsystem": "darwin",
                "platform": "osx",
                "subdir": "osx-64",
                "target-triplet": "x86_64-any-darwin",
                "timestamp": 1539761387908
            },
            "basename": "osx-64/bioconductor-bamsignals-1.12.1-r351hfc679d8_0.tar.bz2",
            "dependencies": {
                "depends": [
                    {
                        "name": "bioconductor-biocgenerics",
                        "specs": [
                            [
                                ">=",
                                "0.26.0,<0.28.0"
                            ]
                        ]
                    },
                    {
                        "name": "bioconductor-genomicranges",
                        "specs": [
                            [
                                ">=",
                                "1.32.7,<1.34.0"
                            ]
                        ]
                    },
                    {
                        "name": "bioconductor-iranges",
                        "specs": [
                            [
                                ">=",
                                "2.14.12,<2.16.0"
                            ]
                        ]
                    },
                    {
                        "name": "bioconductor-rhtslib",
                        "specs": [
                            [
                                ">=",
                                "1.12.1,<1.14.0"
                            ]
                        ]
                    },
                    {
                        "name": "bioconductor-zlibbioc",
                        "specs": [
                            [
                                ">=",
                                "1.26.0,<1.28.0"
                            ]
                        ]
                    },
                    {
                        "name": "r-base",
                        "specs": [
                            [
                                ">=",
                                "3.5.1,<3.5.2.0a0"
                            ]
                        ]
                    },
                    {
                        "name": "r-rcpp",
                        "specs": [
                            [
                                ">=",
                                "0.10.6"
                            ]
                        ]
                    }
                ]
            },
            "description": null,
            "distribution_type": "conda",
            "download_url": "//api.anaconda.org/download/bioconda/bioconductor-bamsignals/1.12.1/osx-64/bioconductor-bamsignals-1.12.1-r351hfc679d8_0.tar.bz2",
            "full_name": "bioconda/bioconductor-bamsignals/1.12.1/osx-64/bioconductor-bamsignals-1.12.1-r351hfc679d8_0.tar.bz2",
            "labels": [
                "main",
                "cf201901"
            ],
            "md5": "7bbd85caf9d14b06676647f3d4d69659",
            "ndownloads": 540,
            "owner": "bioconda",
            "size": 2756769,
            "type": "conda",
            "upload_time": "2018-10-17 07:30:39.393000+00:00",
            "version": "1.12.1"
        },
        {
            "attrs": {
                "arch": "x86_64",
                "build": "r341hfc679d8_0",
                "build_number": 0,
                "depends": [
                    "bioconductor-biocgenerics >=0.26.0,<0.28.0",
                    "bioconductor-genomicranges >=1.32.7,<1.34.0",
                    "bioconductor-iranges >=2.14.12,<2.16.0",
                    "bioconductor-rhtslib >=1.12.1,<1.14.0",
                    "bioconductor-zlibbioc >=1.26.0,<1.28.0",
                    "libgcc-ng >=4.9",
                    "libstdcxx-ng >=4.9",
                    "r-base >=3.4.1,<3.4.2.0a0",
                    "r-rcpp >=0.10.6"
                ],
                "has_prefix": false,
                "license": "GPL-2",
                "machine": "x86_64",
                "operatingsystem": "linux",
                "platform": "linux",
                "subdir": "linux-64",
                "target-triplet": "x86_64-any-linux",
                "timestamp": 1539816187009
            },
            "basename": "linux-64/bioconductor-bamsignals-1.12.1-r341hfc679d8_0.tar.bz2",
            "dependencies": {
                "depends": [
                    {
                        "name": "bioconductor-biocgenerics",
                        "specs": [
                            [
                                ">=",
                                "0.26.0,<0.28.0"
                            ]
                        ]
                    },
                    {
                        "name": "bioconductor-genomicranges",
                        "specs": [
                            [
                                ">=",
                                "1.32.7,<1.34.0"
                            ]
                        ]
                    },
                    {
                        "name": "bioconductor-iranges",
                        "specs": [
                            [
                                ">=",
                                "2.14.12,<2.16.0"
                            ]
                        ]
                    },
                    {
                        "name": "bioconductor-rhtslib",
                        "specs": [
                            [
                                ">=",
                                "1.12.1,<1.14.0"
                            ]
                        ]
                    },
                    {
                        "name": "bioconductor-zlibbioc",
                        "specs": [
                            [
                                ">=",
                                "1.26.0,<1.28.0"
                            ]
                        ]
                    },
                    {
                        "name": "libgcc-ng",
                        "specs": [
                            [
                                ">=",
                                "4.9"
                            ]
                        ]
                    },
                    {
                        "name": "libstdcxx-ng",
                        "specs": [
                            [
                                ">=",
                                "4.9"
                            ]
                        ]
                    },
                    {
                        "name": "r-base",
                        "specs": [
                            [
                                ">=",
                                "3.4.1,<3.4.2.0a0"
                            ]
                        ]
                    },
                    {
                        "name": "r-rcpp",
                        "specs": [
                            [
                                ">=",
                                "0.10.6"
                            ]
                        ]
                    }
                ]
            },
            "description": null,
            "distribution_type": "conda",
            "download_url": "//api.anaconda.org/download/bioconda/bioconductor-bamsignals/1.12.1/linux-64/bioconductor-bamsignals-1.12.1-r341hfc679d8_0.tar.bz2",
            "full_name": "bioconda/bioconductor-bamsignals/1.12.1/linux-64/bioconductor-bamsignals-1.12.1-r341hfc679d8_0.tar.bz2",
            "labels": [
                "main",
                "cf201901"
            ],
            "md5": "c736424de9ba6bfb99581faf21894d89",
            "ndownloads": 193,
            "owner": "bioconda",
            "size": 2463184,
            "type": "conda",
            "upload_time": "2018-10-17 22:48:11.525000+00:00",
            "version": "1.12.1"
        },
        {
            "attrs": {
                "arch": "x86_64",
                "build": "r351hfc679d8_0",
                "build_number": 0,
                "depends": [
                    "bioconductor-biocgenerics >=0.26.0,<0.28.0",
                    "bioconductor-genomicranges >=1.32.7,<1.34.0",
                    "bioconductor-iranges >=2.14.12,<2.16.0",
                    "bioconductor-rhtslib >=1.12.1,<1.14.0",
                    "bioconductor-zlibbioc >=1.26.0,<1.28.0",
                    "libgcc-ng >=4.9",
                    "libstdcxx-ng >=4.9",
                    "r-base >=3.5.1,<3.5.2.0a0",
                    "r-rcpp >=0.10.6"
                ],
                "has_prefix": false,
                "license": "GPL-2",
                "machine": "x86_64",
                "operatingsystem": "linux",
                "platform": "linux",
                "subdir": "linux-64",
                "target-triplet": "x86_64-any-linux",
                "timestamp": 1539816099258
            },
            "basename": "linux-64/bioconductor-bamsignals-1.12.1-r351hfc679d8_0.tar.bz2",
            "dependencies": {
                "depends": [
                    {
                        "name": "bioconductor-biocgenerics",
                        "specs": [
                            [
                                ">=",
                                "0.26.0,<0.28.0"
                            ]
                        ]
                    },
                    {
                        "name": "bioconductor-genomicranges",
                        "specs": [
                            [
                                ">=",
                                "1.32.7,<1.34.0"
                            ]
                        ]
                    },
                    {
                        "name": "bioconductor-iranges",
                        "specs": [
                            [
                                ">=",
                                "2.14.12,<2.16.0"
                            ]
                        ]
                    },
                    {
                        "name": "bioconductor-rhtslib",
                        "specs": [
                            [
                                ">=",
                                "1.12.1,<1.14.0"
                            ]
                        ]
                    },
                    {
                        "name": "bioconductor-zlibbioc",
                        "specs": [
                            [
                                ">=",
                                "1.26.0,<1.28.0"
                            ]
                        ]
                    },
                    {
                        "name": "libgcc-ng",
                        "specs": [
                            [
                                ">=",
                                "4.9"
                            ]
                        ]
                    },
                    {
                        "name": "libstdcxx-ng",
                        "specs": [
                            [
                                ">=",
                                "4.9"
                            ]
                        ]
                    },
                    {
                        "name": "r-base",
                        "specs": [
                            [
                                ">=",
                                "3.5.1,<3.5.2.0a0"
                            ]
                        ]
                    },
                    {
                        "name": "r-rcpp",
                        "specs": [
                            [
                                ">=",
                                "0.10.6"
                            ]
                        ]
                    }
                ]
            },
            "description": null,
            "distribution_type": "conda",
            "download_url": "//api.anaconda.org/download/bioconda/bioconductor-bamsignals/1.12.1/linux-64/bioconductor-bamsignals-1.12.1-r351hfc679d8_0.tar.bz2",
            "full_name": "bioconda/bioconductor-bamsignals/1.12.1/linux-64/bioconductor-bamsignals-1.12.1-r351hfc679d8_0.tar.bz2",
            "labels": [
                "main",
                "cf201901"
            ],
            "md5": "28a7e6932f54aaf4bb7bcbdf703fd8e8",
            "ndownloads": 303,
            "owner": "bioconda",
            "size": 2522710,
            "type": "conda",
            "upload_time": "2018-10-17 22:48:16.305000+00:00",
            "version": "1.12.1"
        },
        {
            "attrs": {
                "arch": "x86_64",
                "build": "r351h0a44026_0",
                "build_number": 0,
                "depends": [
                    "bioconductor-biocgenerics >=0.28.0,<0.29.0",
                    "bioconductor-genomicranges >=1.34.0,<1.35.0",
                    "bioconductor-iranges >=2.16.0,<2.17.0",
                    "bioconductor-rhtslib >=1.14.0,<1.15.0",
                    "bioconductor-zlibbioc >=1.28.0,<1.29.0",
                    "libcxx >=4.0.1",
                    "r-base >=3.5.1,<3.5.2.0a0",
                    "r-rcpp >=0.10.6"
                ],
                "has_prefix": true,
                "license": "GPL-2",
                "machine": "x86_64",
                "operatingsystem": "darwin",
                "platform": "osx",
                "subdir": "osx-64",
                "target-triplet": "x86_64-any-darwin",
                "timestamp": 1544574897406
            },
            "basename": "osx-64/bioconductor-bamsignals-1.14.0-r351h0a44026_0.tar.bz2",
            "dependencies": {
                "depends": [
                    {
                        "name": "bioconductor-biocgenerics",
                        "specs": [
                            [
                                ">=",
                                "0.28.0,<0.29.0"
                            ]
                        ]
                    },
                    {
                        "name": "bioconductor-genomicranges",
                        "specs": [
                            [
                                ">=",
                                "1.34.0,<1.35.0"
                            ]
                        ]
                    },
                    {
                        "name": "bioconductor-iranges",
                        "specs": [
                            [
                                ">=",
                                "2.16.0,<2.17.0"
                            ]
                        ]
                    },
                    {
                        "name": "bioconductor-rhtslib",
                        "specs": [
                            [
                                ">=",
                                "1.14.0,<1.15.0"
                            ]
                        ]
                    },
                    {
                        "name": "bioconductor-zlibbioc",
                        "specs": [
                            [
                                ">=",
                                "1.28.0,<1.29.0"
                            ]
                        ]
                    },
                    {
                        "name": "libcxx",
                        "specs": [
                            [
                                ">=",
                                "4.0.1"
                            ]
                        ]
                    },
                    {
                        "name": "r-base",
                        "specs": [
                            [
                                ">=",
                                "3.5.1,<3.5.2.0a0"
                            ]
                        ]
                    },
                    {
                        "name": "r-rcpp",
                        "specs": [
                            [
                                ">=",
                                "0.10.6"
                            ]
                        ]
                    }
                ]
            },
            "description": null,
            "distribution_type": "conda",
            "download_url": "//api.anaconda.org/download/bioconda/bioconductor-bamsignals/1.14.0/osx-64/bioconductor-bamsignals-1.14.0-r351h0a44026_0.tar.bz2",
            "full_name": "bioconda/bioconductor-bamsignals/1.14.0/osx-64/bioconductor-bamsignals-1.14.0-r351h0a44026_0.tar.bz2",
            "labels": [
                "gcc7",
                "main"
            ],
            "md5": "ac5f077dee837d99a74ef6b069df4c3e",
            "ndownloads": 806,
            "owner": "bioconda",
            "size": 2710887,
            "type": "conda",
            "upload_time": "2018-12-12 00:35:50.949000+00:00",
            "version": "1.14.0"
        },
        {
            "attrs": {
                "arch": "x86_64",
                "build": "r351hf484d3e_0",
                "build_number": 0,
                "depends": [
                    "bioconductor-biocgenerics >=0.28.0,<0.29.0",
                    "bioconductor-genomicranges >=1.34.0,<1.35.0",
                    "bioconductor-iranges >=2.16.0,<2.17.0",
                    "bioconductor-rhtslib >=1.14.0,<1.15.0",
                    "bioconductor-zlibbioc >=1.28.0,<1.29.0",
                    "libgcc-ng >=7.3.0",
                    "libstdcxx-ng >=7.3.0",
                    "r-base >=3.5.1,<3.5.2.0a0",
                    "r-rcpp >=0.10.6"
                ],
                "has_prefix": false,
                "license": "GPL-2",
                "machine": "x86_64",
                "operatingsystem": "linux",
                "platform": "linux",
                "subdir": "linux-64",
                "target-triplet": "x86_64-any-linux",
                "timestamp": 1545449433402
            },
            "basename": "linux-64/bioconductor-bamsignals-1.14.0-r351hf484d3e_0.tar.bz2",
            "dependencies": {
                "depends": [
                    {
                        "name": "bioconductor-biocgenerics",
                        "specs": [
                            [
                                ">=",
                                "0.28.0,<0.29.0"
                            ]
                        ]
                    },
                    {
                        "name": "bioconductor-genomicranges",
                        "specs": [
                            [
                                ">=",
                                "1.34.0,<1.35.0"
                            ]
                        ]
                    },
                    {
                        "name": "bioconductor-iranges",
                        "specs": [
                            [
                                ">=",
                                "2.16.0,<2.17.0"
                            ]
                        ]
                    },
                    {
                        "name": "bioconductor-rhtslib",
                        "specs": [
                            [
                                ">=",
                                "1.14.0,<1.15.0"
                            ]
                        ]
                    },
                    {
                        "name": "bioconductor-zlibbioc",
                        "specs": [
                            [
                                ">=",
                                "1.28.0,<1.29.0"
                            ]
                        ]
                    },
                    {
                        "name": "libgcc-ng",
                        "specs": [
                            [
                                ">=",
                                "7.3.0"
                            ]
                        ]
                    },
                    {
                        "name": "libstdcxx-ng",
                        "specs": [
                            [
                                ">=",
                                "7.3.0"
                            ]
                        ]
                    },
                    {
                        "name": "r-base",
                        "specs": [
                            [
                                ">=",
                                "3.5.1,<3.5.2.0a0"
                            ]
                        ]
                    },
                    {
                        "name": "r-rcpp",
                        "specs": [
                            [
                                ">=",
                                "0.10.6"
                            ]
                        ]
                    }
                ]
            },
            "description": null,
            "distribution_type": "conda",
            "download_url": "//api.anaconda.org/download/bioconda/bioconductor-bamsignals/1.14.0/linux-64/bioconductor-bamsignals-1.14.0-r351hf484d3e_0.tar.bz2",
            "full_name": "bioconda/bioconductor-bamsignals/1.14.0/linux-64/bioconductor-bamsignals-1.14.0-r351hf484d3e_0.tar.bz2",
            "labels": [
                "gcc7",
                "main"
            ],
            "md5": "47d996532d88888f5f14210221dc934f",
            "ndownloads": 271,
            "owner": "bioconda",
            "size": 2497189,
            "type": "conda",
            "upload_time": "2018-12-22 03:33:15.310000+00:00",
            "version": "1.14.0"
        },
        {
            "attrs": {
                "arch": "x86_64",
                "build": "r36h6de7cb9_1",
                "build_number": 1,
                "depends": [
                    "bioconductor-biocgenerics >=0.30.0,<0.31.0",
                    "bioconductor-genomicranges >=1.36.0,<1.37.0",
                    "bioconductor-iranges >=2.18.0,<2.19.0",
                    "bioconductor-rhtslib >=1.16.0,<1.17.0",
                    "bioconductor-zlibbioc >=1.30.0,<1.31.0",
                    "libcxx >=4.0.1",
                    "r-base >=3.6,<3.7.0a0",
                    "r-rcpp >=0.10.6"
                ],
                "has_prefix": true,
                "license": "GPL-2",
                "machine": "x86_64",
                "operatingsystem": "darwin",
                "platform": "osx",
                "subdir": "osx-64",
                "target-triplet": "x86_64-any-darwin",
                "timestamp": 1564128382613
            },
            "basename": "osx-64/bioconductor-bamsignals-1.16.0-r36h6de7cb9_1.tar.bz2",
            "dependencies": {
                "depends": [
                    {
                        "name": "bioconductor-biocgenerics",
                        "specs": [
                            [
                                ">=",
                                "0.30.0,<0.31.0"
                            ]
                        ]
                    },
                    {
                        "name": "bioconductor-genomicranges",
                        "specs": [
                            [
                                ">=",
                                "1.36.0,<1.37.0"
                            ]
                        ]
                    },
                    {
                        "name": "bioconductor-iranges",
                        "specs": [
                            [
                                ">=",
                                "2.18.0,<2.19.0"
                            ]
                        ]
                    },
                    {
                        "name": "bioconductor-rhtslib",
                        "specs": [
                            [
                                ">=",
                                "1.16.0,<1.17.0"
                            ]
                        ]
                    },
                    {
                        "name": "bioconductor-zlibbioc",
                        "specs": [
                            [
                                ">=",
                                "1.30.0,<1.31.0"
                            ]
                        ]
                    },
                    {
                        "name": "libcxx",
                        "specs": [
                            [
                                ">=",
                                "4.0.1"
                            ]
                        ]
                    },
                    {
                        "name": "r-base",
                        "specs": [
                            [
                                ">=",
                                "3.6,<3.7.0a0"
                            ]
                        ]
                    },
                    {
                        "name": "r-rcpp",
                        "specs": [
                            [
                                ">=",
                                "0.10.6"
                            ]
                        ]
                    }
                ]
            },
            "description": null,
            "distribution_type": "conda",
            "download_url": "//api.anaconda.org/download/bioconda/bioconductor-bamsignals/1.16.0/osx-64/bioconductor-bamsignals-1.16.0-r36h6de7cb9_1.tar.bz2",
            "full_name": "bioconda/bioconductor-bamsignals/1.16.0/osx-64/bioconductor-bamsignals-1.16.0-r36h6de7cb9_1.tar.bz2",
            "labels": [
                "main"
            ],
            "md5": "b9d7e15406f104a97078900d0915f50a",
            "ndownloads": 344,
            "owner": "bioconda",
            "size": 2713781,
            "type": "conda",
            "upload_time": "2019-07-26 08:07:12.499000+00:00",
            "version": "1.16.0"
        },
        {
            "attrs": {
                "arch": "x86_64",
                "build": "r36he1b5a44_1",
                "build_number": 1,
                "depends": [
                    "bioconductor-biocgenerics >=0.30.0,<0.31.0",
                    "bioconductor-genomicranges >=1.36.0,<1.37.0",
                    "bioconductor-iranges >=2.18.0,<2.19.0",
                    "bioconductor-rhtslib >=1.16.0,<1.17.0",
                    "bioconductor-zlibbioc >=1.30.0,<1.31.0",
                    "libgcc-ng >=7.3.0",
                    "libstdcxx-ng >=7.3.0",
                    "r-base >=3.6,<3.7.0a0",
                    "r-rcpp >=0.10.6"
                ],
                "has_prefix": false,
                "license": "GPL-2",
                "machine": "x86_64",
                "operatingsystem": "linux",
                "platform": "linux",
                "subdir": "linux-64",
                "target-triplet": "x86_64-any-linux",
                "timestamp": 1564188228482
            },
            "basename": "linux-64/bioconductor-bamsignals-1.16.0-r36he1b5a44_1.tar.bz2",
            "dependencies": {
                "depends": [
                    {
                        "name": "bioconductor-biocgenerics",
                        "specs": [
                            [
                                ">=",
                                "0.30.0,<0.31.0"
                            ]
                        ]
                    },
                    {
                        "name": "bioconductor-genomicranges",
                        "specs": [
                            [
                                ">=",
                                "1.36.0,<1.37.0"
                            ]
                        ]
                    },
                    {
                        "name": "bioconductor-iranges",
                        "specs": [
                            [
                                ">=",
                                "2.18.0,<2.19.0"
                            ]
                        ]
                    },
                    {
                        "name": "bioconductor-rhtslib",
                        "specs": [
                            [
                                ">=",
                                "1.16.0,<1.17.0"
                            ]
                        ]
                    },
                    {
                        "name": "bioconductor-zlibbioc",
                        "specs": [
                            [
                                ">=",
                                "1.30.0,<1.31.0"
                            ]
                        ]
                    },
                    {
                        "name": "libgcc-ng",
                        "specs": [
                            [
                                ">=",
                                "7.3.0"
                            ]
                        ]
                    },
                    {
                        "name": "libstdcxx-ng",
                        "specs": [
                            [
                                ">=",
                                "7.3.0"
                            ]
                        ]
                    },
                    {
                        "name": "r-base",
                        "specs": [
                            [
                                ">=",
                                "3.6,<3.7.0a0"
                            ]
                        ]
                    },
                    {
                        "name": "r-rcpp",
                        "specs": [
                            [
                                ">=",
                                "0.10.6"
                            ]
                        ]
                    }
                ]
            },
            "description": null,
            "distribution_type": "conda",
            "download_url": "//api.anaconda.org/download/bioconda/bioconductor-bamsignals/1.16.0/linux-64/bioconductor-bamsignals-1.16.0-r36he1b5a44_1.tar.bz2",
            "full_name": "bioconda/bioconductor-bamsignals/1.16.0/linux-64/bioconductor-bamsignals-1.16.0-r36he1b5a44_1.tar.bz2",
            "labels": [
                "main"
            ],
            "md5": "8da713c803cdae1011436153c8c319d0",
            "ndownloads": 69,
            "owner": "bioconda",
            "size": 2730769,
            "type": "conda",
            "upload_time": "2019-07-27 00:47:52.379000+00:00",
            "version": "1.16.0"
        },
        {
            "attrs": {
                "arch": "x86_64",
                "build": "r36h6de7cb9_0",
                "build_number": 0,
                "depends": [
                    "bioconductor-biocgenerics >=0.32.0,<0.33.0",
                    "bioconductor-genomicranges >=1.38.0,<1.39.0",
                    "bioconductor-iranges >=2.20.0,<2.21.0",
                    "bioconductor-rhtslib >=1.18.0,<1.19.0",
                    "bioconductor-zlibbioc >=1.32.0,<1.33.0",
                    "libcxx >=4.0.1",
                    "r-base >=3.6,<3.7.0a0",
                    "r-rcpp >=0.10.6"
                ],
                "has_prefix": true,
                "license": "GPL-2",
                "machine": "x86_64",
                "operatingsystem": "darwin",
                "platform": "osx",
                "subdir": "osx-64",
                "target-triplet": "x86_64-any-darwin",
                "timestamp": 1572621189642
            },
            "basename": "osx-64/bioconductor-bamsignals-1.18.0-r36h6de7cb9_0.tar.bz2",
            "dependencies": {
                "depends": [
                    {
                        "name": "bioconductor-biocgenerics",
                        "specs": [
                            [
                                ">=",
                                "0.32.0,<0.33.0"
                            ]
                        ]
                    },
                    {
                        "name": "bioconductor-genomicranges",
                        "specs": [
                            [
                                ">=",
                                "1.38.0,<1.39.0"
                            ]
                        ]
                    },
                    {
                        "name": "bioconductor-iranges",
                        "specs": [
                            [
                                ">=",
                                "2.20.0,<2.21.0"
                            ]
                        ]
                    },
                    {
                        "name": "bioconductor-rhtslib",
                        "specs": [
                            [
                                ">=",
                                "1.18.0,<1.19.0"
                            ]
                        ]
                    },
                    {
                        "name": "bioconductor-zlibbioc",
                        "specs": [
                            [
                                ">=",
                                "1.32.0,<1.33.0"
                            ]
                        ]
                    },
                    {
                        "name": "libcxx",
                        "specs": [
                            [
                                ">=",
                                "4.0.1"
                            ]
                        ]
                    },
                    {
                        "name": "r-base",
                        "specs": [
                            [
                                ">=",
                                "3.6,<3.7.0a0"
                            ]
                        ]
                    },
                    {
                        "name": "r-rcpp",
                        "specs": [
                            [
                                ">=",
                                "0.10.6"
                            ]
                        ]
                    }
                ]
            },
            "description": null,
            "distribution_type": "conda",
            "download_url": "//api.anaconda.org/download/bioconda/bioconductor-bamsignals/1.18.0/osx-64/bioconductor-bamsignals-1.18.0-r36h6de7cb9_0.tar.bz2",
            "full_name": "bioconda/bioconductor-bamsignals/1.18.0/osx-64/bioconductor-bamsignals-1.18.0-r36h6de7cb9_0.tar.bz2",
            "labels": [
                "main"
            ],
            "md5": "427100d1695b9a987c63036a42903fe1",
            "ndownloads": 163,
            "owner": "bioconda",
            "size": 2704088,
            "type": "conda",
            "upload_time": "2019-11-01 15:14:04.070000+00:00",
            "version": "1.18.0"
        },
        {
            "attrs": {
                "arch": "x86_64",
                "build": "r36he1b5a44_0",
                "build_number": 0,
                "depends": [
                    "bioconductor-biocgenerics >=0.32.0,<0.33.0",
                    "bioconductor-genomicranges >=1.38.0,<1.39.0",
                    "bioconductor-iranges >=2.20.0,<2.21.0",
                    "bioconductor-rhtslib >=1.18.0,<1.19.0",
                    "bioconductor-zlibbioc >=1.32.0,<1.33.0",
                    "libgcc-ng >=7.3.0",
                    "libstdcxx-ng >=7.3.0",
                    "r-base >=3.6,<3.7.0a0",
                    "r-rcpp >=0.10.6"
                ],
                "has_prefix": false,
                "license": "GPL-2",
                "machine": "x86_64",
                "operatingsystem": "linux",
                "platform": "linux",
                "subdir": "linux-64",
                "target-triplet": "x86_64-any-linux",
                "timestamp": 1572730897402
            },
            "basename": "linux-64/bioconductor-bamsignals-1.18.0-r36he1b5a44_0.tar.bz2",
            "dependencies": {
                "depends": [
                    {
                        "name": "bioconductor-biocgenerics",
                        "specs": [
                            [
                                ">=",
                                "0.32.0,<0.33.0"
                            ]
                        ]
                    },
                    {
                        "name": "bioconductor-genomicranges",
                        "specs": [
                            [
                                ">=",
                                "1.38.0,<1.39.0"
                            ]
                        ]
                    },
                    {
                        "name": "bioconductor-iranges",
                        "specs": [
                            [
                                ">=",
                                "2.20.0,<2.21.0"
                            ]
                        ]
                    },
                    {
                        "name": "bioconductor-rhtslib",
                        "specs": [
                            [
                                ">=",
                                "1.18.0,<1.19.0"
                            ]
                        ]
                    },
                    {
                        "name": "bioconductor-zlibbioc",
                        "specs": [
                            [
                                ">=",
                                "1.32.0,<1.33.0"
                            ]
                        ]
                    },
                    {
                        "name": "libgcc-ng",
                        "specs": [
                            [
                                ">=",
                                "7.3.0"
                            ]
                        ]
                    },
                    {
                        "name": "libstdcxx-ng",
                        "specs": [
                            [
                                ">=",
                                "7.3.0"
                            ]
                        ]
                    },
                    {
                        "name": "r-base",
                        "specs": [
                            [
                                ">=",
                                "3.6,<3.7.0a0"
                            ]
                        ]
                    },
                    {
                        "name": "r-rcpp",
                        "specs": [
                            [
                                ">=",
                                "0.10.6"
                            ]
                        ]
                    }
                ]
            },
            "description": null,
            "distribution_type": "conda",
            "download_url": "//api.anaconda.org/download/bioconda/bioconductor-bamsignals/1.18.0/linux-64/bioconductor-bamsignals-1.18.0-r36he1b5a44_0.tar.bz2",
            "full_name": "bioconda/bioconductor-bamsignals/1.18.0/linux-64/bioconductor-bamsignals-1.18.0-r36he1b5a44_0.tar.bz2",
            "labels": [
                "main"
            ],
            "md5": "da55a4b735b3b31702ba8ebdb16eb88c",
            "ndownloads": 59,
            "owner": "bioconda",
            "size": 2743875,
            "type": "conda",
            "upload_time": "2019-11-02 21:46:52.214000+00:00",
            "version": "1.18.0"
        }
    ],
    "full_name": "bioconda/bioconductor-bamsignals",
    "home": "http://bioconductor.org/packages/3.6/bioc/html/bamsignals.html",
    "html_url": "http://anaconda.org/bioconda/bioconductor-bamsignals",
    "id": "5a70faa71a3d5312324e276d",
    "latest_version": "1.18.0",
    "license": "GPL-2",
    "license_url": null,
    "modified_at": "2019-11-02 21:46:52.559000+00:00",
    "name": "bioconductor-bamsignals",
    "owner": {
        "company": "",
        "created_at": "2015-09-11 22:59:20.880000+00:00",
        "description": "Bioconda is a distribution of bioinformatics software realized as a channel for the versatile Conda package manager.",
        "location": "",
        "login": "bioconda",
        "name": "bioconda",
        "url": "",
        "user_type": "org"
    },
    "package_types": [
        "conda"
    ],
    "public": true,
    "releases": [
        {
            "distributions": [],
            "full_name": "bioconda/bioconductor-bamsignals/1.10.0",
            "version": "1.10.0"
        },
        {
            "distributions": [],
            "full_name": "bioconda/bioconductor-bamsignals/1.12.1",
            "version": "1.12.1"
        },
        {
            "distributions": [],
            "full_name": "bioconda/bioconductor-bamsignals/1.14.0",
            "version": "1.14.0"
        },
        {
            "distributions": [],
            "full_name": "bioconda/bioconductor-bamsignals/1.16.0",
            "version": "1.16.0"
        },
        {
            "distributions": [],
            "full_name": "bioconda/bioconductor-bamsignals/1.18.0",
            "version": "1.18.0"
        }
    ],
    "revision": 10,
    "source_git_tag": null,
    "source_git_url": null,
    "summary": "Extract read count signals from bam files",
    "upvoted": 0,
    "url": "http://api.anaconda.org/packages/bioconda/bioconductor-bamsignals",
    "versions": [
        "1.10.0",
        "1.12.1",
        "1.14.0",
        "1.16.0",
        "1.18.0"
    ],
    "watchers": 1
}