{
    "app_entry": {},
    "app_summary": {},
    "app_type": {},
    "builds": [
        "r36he1b5a44_0",
        "r351hf484d3e_0",
        "r36h6de7cb9_0",
        "r351h0a44026_0"
    ],
    "conda_platforms": [
        "linux-64",
        "osx-64"
    ],
    "created_at": "2018-12-12 04:56:48.467000+00:00",
    "description": "Tools for manipulation of sequence-, RiboSeq-, RNASeq- and CageSeq data. ORFik is extremely fast through use of C, data.table and GenomicRanges. Package allows to reassign starts of the transcripts with the use of CageSeq data, automatic shifting of RiboSeq reads, finding of Open Reading Frames for whole genomes and much more.",
    "dev_url": null,
    "doc_url": null,
    "files": [
        {
            "attrs": {
                "arch": "x86_64",
                "build": "r351h0a44026_0",
                "build_number": 0,
                "depends": [
                    "bioconductor-biocgenerics >=0.28.0,<0.29.0",
                    "bioconductor-biostrings >=2.50.0,<2.51.0",
                    "bioconductor-genomeinfodb >=1.18.0,<1.19.0",
                    "bioconductor-genomicalignments >=1.18.0,<1.19.0",
                    "bioconductor-genomicfeatures >=1.34.0,<1.35.0",
                    "bioconductor-genomicranges >=1.34.0,<1.35.0",
                    "bioconductor-iranges >=2.16.0,<2.17.0",
                    "bioconductor-rsamtools >=1.34.0,<1.35.0",
                    "bioconductor-rtracklayer >=1.42.0,<1.43.0",
                    "bioconductor-s4vectors >=0.20.0,<0.21.0",
                    "libcxx >=4.0.1",
                    "r-base >=3.5.1,<3.5.2.0a0",
                    "r-data.table >=1.10.4-3",
                    "r-rcpp >=0.12.16"
                ],
                "has_prefix": true,
                "license": "MIT + file LICENSE",
                "machine": "x86_64",
                "operatingsystem": "darwin",
                "platform": "osx",
                "subdir": "osx-64",
                "target-triplet": "x86_64-any-darwin",
                "timestamp": 1544590529633
            },
            "basename": "osx-64/bioconductor-orfik-1.2.0-r351h0a44026_0.tar.bz2",
            "dependencies": {
                "depends": [
                    {
                        "name": "bioconductor-biocgenerics",
                        "specs": [
                            [
                                ">=",
                                "0.28.0,<0.29.0"
                            ]
                        ]
                    },
                    {
                        "name": "bioconductor-biostrings",
                        "specs": [
                            [
                                ">=",
                                "2.50.0,<2.51.0"
                            ]
                        ]
                    },
                    {
                        "name": "bioconductor-genomeinfodb",
                        "specs": [
                            [
                                ">=",
                                "1.18.0,<1.19.0"
                            ]
                        ]
                    },
                    {
                        "name": "bioconductor-genomicalignments",
                        "specs": [
                            [
                                ">=",
                                "1.18.0,<1.19.0"
                            ]
                        ]
                    },
                    {
                        "name": "bioconductor-genomicfeatures",
                        "specs": [
                            [
                                ">=",
                                "1.34.0,<1.35.0"
                            ]
                        ]
                    },
                    {
                        "name": "bioconductor-genomicranges",
                        "specs": [
                            [
                                ">=",
                                "1.34.0,<1.35.0"
                            ]
                        ]
                    },
                    {
                        "name": "bioconductor-iranges",
                        "specs": [
                            [
                                ">=",
                                "2.16.0,<2.17.0"
                            ]
                        ]
                    },
                    {
                        "name": "bioconductor-rsamtools",
                        "specs": [
                            [
                                ">=",
                                "1.34.0,<1.35.0"
                            ]
                        ]
                    },
                    {
                        "name": "bioconductor-rtracklayer",
                        "specs": [
                            [
                                ">=",
                                "1.42.0,<1.43.0"
                            ]
                        ]
                    },
                    {
                        "name": "bioconductor-s4vectors",
                        "specs": [
                            [
                                ">=",
                                "0.20.0,<0.21.0"
                            ]
                        ]
                    },
                    {
                        "name": "libcxx",
                        "specs": [
                            [
                                ">=",
                                "4.0.1"
                            ]
                        ]
                    },
                    {
                        "name": "r-base",
                        "specs": [
                            [
                                ">=",
                                "3.5.1,<3.5.2.0a0"
                            ]
                        ]
                    },
                    {
                        "name": "r-data.table",
                        "specs": [
                            [
                                ">=",
                                "1.10.4-3"
                            ]
                        ]
                    },
                    {
                        "name": "r-rcpp",
                        "specs": [
                            [
                                ">=",
                                "0.12.16"
                            ]
                        ]
                    }
                ]
            },
            "description": null,
            "distribution_type": "conda",
            "download_url": "//api.anaconda.org/download/bioconda/bioconductor-orfik/1.2.0/osx-64/bioconductor-orfik-1.2.0-r351h0a44026_0.tar.bz2",
            "full_name": "bioconda/bioconductor-orfik/1.2.0/osx-64/bioconductor-orfik-1.2.0-r351h0a44026_0.tar.bz2",
            "labels": [
                "gcc7",
                "main"
            ],
            "md5": "2d1c513494cad49c422e49a4a4a1c690",
            "ndownloads": 683,
            "owner": "bioconda",
            "size": 1046017,
            "type": "conda",
            "upload_time": "2018-12-12 04:56:49.738000+00:00",
            "version": "1.2.0"
        },
        {
            "attrs": {
                "arch": "x86_64",
                "build": "r351hf484d3e_0",
                "build_number": 0,
                "depends": [
                    "bioconductor-biocgenerics >=0.28.0,<0.29.0",
                    "bioconductor-biostrings >=2.50.0,<2.51.0",
                    "bioconductor-genomeinfodb >=1.18.0,<1.19.0",
                    "bioconductor-genomicalignments >=1.18.0,<1.19.0",
                    "bioconductor-genomicfeatures >=1.34.0,<1.35.0",
                    "bioconductor-genomicranges >=1.34.0,<1.35.0",
                    "bioconductor-iranges >=2.16.0,<2.17.0",
                    "bioconductor-rsamtools >=1.34.0,<1.35.0",
                    "bioconductor-rtracklayer >=1.42.0,<1.43.0",
                    "bioconductor-s4vectors >=0.20.0,<0.21.0",
                    "libgcc-ng >=7.3.0",
                    "libstdcxx-ng >=7.3.0",
                    "r-base >=3.5.1,<3.5.2.0a0",
                    "r-data.table >=1.10.4-3",
                    "r-rcpp >=0.12.16"
                ],
                "has_prefix": false,
                "license": "MIT + file LICENSE",
                "machine": "x86_64",
                "operatingsystem": "linux",
                "platform": "linux",
                "subdir": "linux-64",
                "target-triplet": "x86_64-any-linux",
                "timestamp": 1545622303573
            },
            "basename": "linux-64/bioconductor-orfik-1.2.0-r351hf484d3e_0.tar.bz2",
            "dependencies": {
                "depends": [
                    {
                        "name": "bioconductor-biocgenerics",
                        "specs": [
                            [
                                ">=",
                                "0.28.0,<0.29.0"
                            ]
                        ]
                    },
                    {
                        "name": "bioconductor-biostrings",
                        "specs": [
                            [
                                ">=",
                                "2.50.0,<2.51.0"
                            ]
                        ]
                    },
                    {
                        "name": "bioconductor-genomeinfodb",
                        "specs": [
                            [
                                ">=",
                                "1.18.0,<1.19.0"
                            ]
                        ]
                    },
                    {
                        "name": "bioconductor-genomicalignments",
                        "specs": [
                            [
                                ">=",
                                "1.18.0,<1.19.0"
                            ]
                        ]
                    },
                    {
                        "name": "bioconductor-genomicfeatures",
                        "specs": [
                            [
                                ">=",
                                "1.34.0,<1.35.0"
                            ]
                        ]
                    },
                    {
                        "name": "bioconductor-genomicranges",
                        "specs": [
                            [
                                ">=",
                                "1.34.0,<1.35.0"
                            ]
                        ]
                    },
                    {
                        "name": "bioconductor-iranges",
                        "specs": [
                            [
                                ">=",
                                "2.16.0,<2.17.0"
                            ]
                        ]
                    },
                    {
                        "name": "bioconductor-rsamtools",
                        "specs": [
                            [
                                ">=",
                                "1.34.0,<1.35.0"
                            ]
                        ]
                    },
                    {
                        "name": "bioconductor-rtracklayer",
                        "specs": [
                            [
                                ">=",
                                "1.42.0,<1.43.0"
                            ]
                        ]
                    },
                    {
                        "name": "bioconductor-s4vectors",
                        "specs": [
                            [
                                ">=",
                                "0.20.0,<0.21.0"
                            ]
                        ]
                    },
                    {
                        "name": "libgcc-ng",
                        "specs": [
                            [
                                ">=",
                                "7.3.0"
                            ]
                        ]
                    },
                    {
                        "name": "libstdcxx-ng",
                        "specs": [
                            [
                                ">=",
                                "7.3.0"
                            ]
                        ]
                    },
                    {
                        "name": "r-base",
                        "specs": [
                            [
                                ">=",
                                "3.5.1,<3.5.2.0a0"
                            ]
                        ]
                    },
                    {
                        "name": "r-data.table",
                        "specs": [
                            [
                                ">=",
                                "1.10.4-3"
                            ]
                        ]
                    },
                    {
                        "name": "r-rcpp",
                        "specs": [
                            [
                                ">=",
                                "0.12.16"
                            ]
                        ]
                    }
                ]
            },
            "description": null,
            "distribution_type": "conda",
            "download_url": "//api.anaconda.org/download/bioconda/bioconductor-orfik/1.2.0/linux-64/bioconductor-orfik-1.2.0-r351hf484d3e_0.tar.bz2",
            "full_name": "bioconda/bioconductor-orfik/1.2.0/linux-64/bioconductor-orfik-1.2.0-r351hf484d3e_0.tar.bz2",
            "labels": [
                "gcc7",
                "main"
            ],
            "md5": "0cc218261e1602cdaea30f0809d7b425",
            "ndownloads": 85,
            "owner": "bioconda",
            "size": 1049152,
            "type": "conda",
            "upload_time": "2018-12-24 03:35:43.551000+00:00",
            "version": "1.2.0"
        },
        {
            "attrs": {
                "arch": "x86_64",
                "build": "r36h6de7cb9_0",
                "build_number": 0,
                "depends": [
                    "bioconductor-annotationdbi >=1.46.0,<1.47.0",
                    "bioconductor-biocgenerics >=0.30.0,<0.31.0",
                    "bioconductor-biostrings >=2.52.0,<2.53.0",
                    "bioconductor-genomeinfodb >=1.20.0,<1.21.0",
                    "bioconductor-genomicalignments >=1.20.0,<1.21.0",
                    "bioconductor-genomicfeatures >=1.36.0,<1.37.0",
                    "bioconductor-genomicranges >=1.36.0,<1.37.0",
                    "bioconductor-iranges >=2.18.0,<2.19.0",
                    "bioconductor-rsamtools >=2.0.0,<2.1.0",
                    "bioconductor-rtracklayer >=1.44.0,<1.45.0",
                    "bioconductor-s4vectors >=0.22.0,<0.23.0",
                    "libcxx >=4.0.1",
                    "r-base >=3.6,<3.7.0a0",
                    "r-data.table >=1.11.8",
                    "r-ggplot2 >=2.2.1",
                    "r-rcpp >=1.0.0"
                ],
                "has_prefix": true,
                "license": "MIT + file LICENSE",
                "machine": "x86_64",
                "operatingsystem": "darwin",
                "platform": "osx",
                "subdir": "osx-64",
                "target-triplet": "x86_64-any-darwin",
                "timestamp": 1564430132435
            },
            "basename": "osx-64/bioconductor-orfik-1.4.1-r36h6de7cb9_0.tar.bz2",
            "dependencies": {
                "depends": [
                    {
                        "name": "bioconductor-annotationdbi",
                        "specs": [
                            [
                                ">=",
                                "1.46.0,<1.47.0"
                            ]
                        ]
                    },
                    {
                        "name": "bioconductor-biocgenerics",
                        "specs": [
                            [
                                ">=",
                                "0.30.0,<0.31.0"
                            ]
                        ]
                    },
                    {
                        "name": "bioconductor-biostrings",
                        "specs": [
                            [
                                ">=",
                                "2.52.0,<2.53.0"
                            ]
                        ]
                    },
                    {
                        "name": "bioconductor-genomeinfodb",
                        "specs": [
                            [
                                ">=",
                                "1.20.0,<1.21.0"
                            ]
                        ]
                    },
                    {
                        "name": "bioconductor-genomicalignments",
                        "specs": [
                            [
                                ">=",
                                "1.20.0,<1.21.0"
                            ]
                        ]
                    },
                    {
                        "name": "bioconductor-genomicfeatures",
                        "specs": [
                            [
                                ">=",
                                "1.36.0,<1.37.0"
                            ]
                        ]
                    },
                    {
                        "name": "bioconductor-genomicranges",
                        "specs": [
                            [
                                ">=",
                                "1.36.0,<1.37.0"
                            ]
                        ]
                    },
                    {
                        "name": "bioconductor-iranges",
                        "specs": [
                            [
                                ">=",
                                "2.18.0,<2.19.0"
                            ]
                        ]
                    },
                    {
                        "name": "bioconductor-rsamtools",
                        "specs": [
                            [
                                ">=",
                                "2.0.0,<2.1.0"
                            ]
                        ]
                    },
                    {
                        "name": "bioconductor-rtracklayer",
                        "specs": [
                            [
                                ">=",
                                "1.44.0,<1.45.0"
                            ]
                        ]
                    },
                    {
                        "name": "bioconductor-s4vectors",
                        "specs": [
                            [
                                ">=",
                                "0.22.0,<0.23.0"
                            ]
                        ]
                    },
                    {
                        "name": "libcxx",
                        "specs": [
                            [
                                ">=",
                                "4.0.1"
                            ]
                        ]
                    },
                    {
                        "name": "r-base",
                        "specs": [
                            [
                                ">=",
                                "3.6,<3.7.0a0"
                            ]
                        ]
                    },
                    {
                        "name": "r-data.table",
                        "specs": [
                            [
                                ">=",
                                "1.11.8"
                            ]
                        ]
                    },
                    {
                        "name": "r-ggplot2",
                        "specs": [
                            [
                                ">=",
                                "2.2.1"
                            ]
                        ]
                    },
                    {
                        "name": "r-rcpp",
                        "specs": [
                            [
                                ">=",
                                "1.0.0"
                            ]
                        ]
                    }
                ]
            },
            "description": null,
            "distribution_type": "conda",
            "download_url": "//api.anaconda.org/download/bioconda/bioconductor-orfik/1.4.1/osx-64/bioconductor-orfik-1.4.1-r36h6de7cb9_0.tar.bz2",
            "full_name": "bioconda/bioconductor-orfik/1.4.1/osx-64/bioconductor-orfik-1.4.1-r36h6de7cb9_0.tar.bz2",
            "labels": [
                "main"
            ],
            "md5": "f3add07958062373fa71b79290997673",
            "ndownloads": 311,
            "owner": "bioconda",
            "size": 1350489,
            "type": "conda",
            "upload_time": "2019-07-29 19:56:52.606000+00:00",
            "version": "1.4.1"
        },
        {
            "attrs": {
                "arch": "x86_64",
                "build": "r36he1b5a44_0",
                "build_number": 0,
                "depends": [
                    "bioconductor-annotationdbi >=1.46.0,<1.47.0",
                    "bioconductor-biocgenerics >=0.30.0,<0.31.0",
                    "bioconductor-biostrings >=2.52.0,<2.53.0",
                    "bioconductor-genomeinfodb >=1.20.0,<1.21.0",
                    "bioconductor-genomicalignments >=1.20.0,<1.21.0",
                    "bioconductor-genomicfeatures >=1.36.0,<1.37.0",
                    "bioconductor-genomicranges >=1.36.0,<1.37.0",
                    "bioconductor-iranges >=2.18.0,<2.19.0",
                    "bioconductor-rsamtools >=2.0.0,<2.1.0",
                    "bioconductor-rtracklayer >=1.44.0,<1.45.0",
                    "bioconductor-s4vectors >=0.22.0,<0.23.0",
                    "libgcc-ng >=7.3.0",
                    "libstdcxx-ng >=7.3.0",
                    "r-base >=3.6,<3.7.0a0",
                    "r-data.table >=1.11.8",
                    "r-ggplot2 >=2.2.1",
                    "r-rcpp >=1.0.0"
                ],
                "has_prefix": false,
                "license": "MIT + file LICENSE",
                "machine": "x86_64",
                "operatingsystem": "linux",
                "platform": "linux",
                "subdir": "linux-64",
                "target-triplet": "x86_64-any-linux",
                "timestamp": 1565534652553
            },
            "basename": "linux-64/bioconductor-orfik-1.4.1-r36he1b5a44_0.tar.bz2",
            "dependencies": {
                "depends": [
                    {
                        "name": "bioconductor-annotationdbi",
                        "specs": [
                            [
                                ">=",
                                "1.46.0,<1.47.0"
                            ]
                        ]
                    },
                    {
                        "name": "bioconductor-biocgenerics",
                        "specs": [
                            [
                                ">=",
                                "0.30.0,<0.31.0"
                            ]
                        ]
                    },
                    {
                        "name": "bioconductor-biostrings",
                        "specs": [
                            [
                                ">=",
                                "2.52.0,<2.53.0"
                            ]
                        ]
                    },
                    {
                        "name": "bioconductor-genomeinfodb",
                        "specs": [
                            [
                                ">=",
                                "1.20.0,<1.21.0"
                            ]
                        ]
                    },
                    {
                        "name": "bioconductor-genomicalignments",
                        "specs": [
                            [
                                ">=",
                                "1.20.0,<1.21.0"
                            ]
                        ]
                    },
                    {
                        "name": "bioconductor-genomicfeatures",
                        "specs": [
                            [
                                ">=",
                                "1.36.0,<1.37.0"
                            ]
                        ]
                    },
                    {
                        "name": "bioconductor-genomicranges",
                        "specs": [
                            [
                                ">=",
                                "1.36.0,<1.37.0"
                            ]
                        ]
                    },
                    {
                        "name": "bioconductor-iranges",
                        "specs": [
                            [
                                ">=",
                                "2.18.0,<2.19.0"
                            ]
                        ]
                    },
                    {
                        "name": "bioconductor-rsamtools",
                        "specs": [
                            [
                                ">=",
                                "2.0.0,<2.1.0"
                            ]
                        ]
                    },
                    {
                        "name": "bioconductor-rtracklayer",
                        "specs": [
                            [
                                ">=",
                                "1.44.0,<1.45.0"
                            ]
                        ]
                    },
                    {
                        "name": "bioconductor-s4vectors",
                        "specs": [
                            [
                                ">=",
                                "0.22.0,<0.23.0"
                            ]
                        ]
                    },
                    {
                        "name": "libgcc-ng",
                        "specs": [
                            [
                                ">=",
                                "7.3.0"
                            ]
                        ]
                    },
                    {
                        "name": "libstdcxx-ng",
                        "specs": [
                            [
                                ">=",
                                "7.3.0"
                            ]
                        ]
                    },
                    {
                        "name": "r-base",
                        "specs": [
                            [
                                ">=",
                                "3.6,<3.7.0a0"
                            ]
                        ]
                    },
                    {
                        "name": "r-data.table",
                        "specs": [
                            [
                                ">=",
                                "1.11.8"
                            ]
                        ]
                    },
                    {
                        "name": "r-ggplot2",
                        "specs": [
                            [
                                ">=",
                                "2.2.1"
                            ]
                        ]
                    },
                    {
                        "name": "r-rcpp",
                        "specs": [
                            [
                                ">=",
                                "1.0.0"
                            ]
                        ]
                    }
                ]
            },
            "description": null,
            "distribution_type": "conda",
            "download_url": "//api.anaconda.org/download/bioconda/bioconductor-orfik/1.4.1/linux-64/bioconductor-orfik-1.4.1-r36he1b5a44_0.tar.bz2",
            "full_name": "bioconda/bioconductor-orfik/1.4.1/linux-64/bioconductor-orfik-1.4.1-r36he1b5a44_0.tar.bz2",
            "labels": [
                "main"
            ],
            "md5": "df593cfaa81dd44206bc002fedc8344f",
            "ndownloads": 40,
            "owner": "bioconda",
            "size": 1352307,
            "type": "conda",
            "upload_time": "2019-08-11 14:49:43.321000+00:00",
            "version": "1.4.1"
        },
        {
            "attrs": {
                "arch": "x86_64",
                "build": "r36h6de7cb9_0",
                "build_number": 0,
                "depends": [
                    "bioconductor-annotationdbi >=1.48.0,<1.49.0",
                    "bioconductor-biocgenerics >=0.32.0,<0.33.0",
                    "bioconductor-biostrings >=2.54.0,<2.55.0",
                    "bioconductor-genomeinfodb >=1.22.0,<1.23.0",
                    "bioconductor-genomicalignments >=1.22.0,<1.23.0",
                    "bioconductor-genomicfeatures >=1.38.0,<1.39.0",
                    "bioconductor-genomicranges >=1.38.0,<1.39.0",
                    "bioconductor-iranges >=2.20.0,<2.21.0",
                    "bioconductor-rsamtools >=2.2.0,<2.3.0",
                    "bioconductor-rtracklayer >=1.46.0,<1.47.0",
                    "bioconductor-s4vectors >=0.24.0,<0.25.0",
                    "libcxx >=4.0.1",
                    "r-base >=3.6,<3.7.0a0",
                    "r-data.table >=1.11.8",
                    "r-ggplot2 >=2.2.1",
                    "r-gridextra >=2.3",
                    "r-rcpp >=1.0.0"
                ],
                "has_prefix": true,
                "license": "MIT + file LICENSE",
                "machine": "x86_64",
                "operatingsystem": "darwin",
                "platform": "osx",
                "subdir": "osx-64",
                "target-triplet": "x86_64-any-darwin",
                "timestamp": 1572626632734
            },
            "basename": "osx-64/bioconductor-orfik-1.6.0-r36h6de7cb9_0.tar.bz2",
            "dependencies": {
                "depends": [
                    {
                        "name": "bioconductor-annotationdbi",
                        "specs": [
                            [
                                ">=",
                                "1.48.0,<1.49.0"
                            ]
                        ]
                    },
                    {
                        "name": "bioconductor-biocgenerics",
                        "specs": [
                            [
                                ">=",
                                "0.32.0,<0.33.0"
                            ]
                        ]
                    },
                    {
                        "name": "bioconductor-biostrings",
                        "specs": [
                            [
                                ">=",
                                "2.54.0,<2.55.0"
                            ]
                        ]
                    },
                    {
                        "name": "bioconductor-genomeinfodb",
                        "specs": [
                            [
                                ">=",
                                "1.22.0,<1.23.0"
                            ]
                        ]
                    },
                    {
                        "name": "bioconductor-genomicalignments",
                        "specs": [
                            [
                                ">=",
                                "1.22.0,<1.23.0"
                            ]
                        ]
                    },
                    {
                        "name": "bioconductor-genomicfeatures",
                        "specs": [
                            [
                                ">=",
                                "1.38.0,<1.39.0"
                            ]
                        ]
                    },
                    {
                        "name": "bioconductor-genomicranges",
                        "specs": [
                            [
                                ">=",
                                "1.38.0,<1.39.0"
                            ]
                        ]
                    },
                    {
                        "name": "bioconductor-iranges",
                        "specs": [
                            [
                                ">=",
                                "2.20.0,<2.21.0"
                            ]
                        ]
                    },
                    {
                        "name": "bioconductor-rsamtools",
                        "specs": [
                            [
                                ">=",
                                "2.2.0,<2.3.0"
                            ]
                        ]
                    },
                    {
                        "name": "bioconductor-rtracklayer",
                        "specs": [
                            [
                                ">=",
                                "1.46.0,<1.47.0"
                            ]
                        ]
                    },
                    {
                        "name": "bioconductor-s4vectors",
                        "specs": [
                            [
                                ">=",
                                "0.24.0,<0.25.0"
                            ]
                        ]
                    },
                    {
                        "name": "libcxx",
                        "specs": [
                            [
                                ">=",
                                "4.0.1"
                            ]
                        ]
                    },
                    {
                        "name": "r-base",
                        "specs": [
                            [
                                ">=",
                                "3.6,<3.7.0a0"
                            ]
                        ]
                    },
                    {
                        "name": "r-data.table",
                        "specs": [
                            [
                                ">=",
                                "1.11.8"
                            ]
                        ]
                    },
                    {
                        "name": "r-ggplot2",
                        "specs": [
                            [
                                ">=",
                                "2.2.1"
                            ]
                        ]
                    },
                    {
                        "name": "r-gridextra",
                        "specs": [
                            [
                                ">=",
                                "2.3"
                            ]
                        ]
                    },
                    {
                        "name": "r-rcpp",
                        "specs": [
                            [
                                ">=",
                                "1.0.0"
                            ]
                        ]
                    }
                ]
            },
            "description": null,
            "distribution_type": "conda",
            "download_url": "//api.anaconda.org/download/bioconda/bioconductor-orfik/1.6.0/osx-64/bioconductor-orfik-1.6.0-r36h6de7cb9_0.tar.bz2",
            "full_name": "bioconda/bioconductor-orfik/1.6.0/osx-64/bioconductor-orfik-1.6.0-r36h6de7cb9_0.tar.bz2",
            "labels": [
                "main"
            ],
            "md5": "09ea2aa819cfcd2caf91727d27a46a69",
            "ndownloads": 159,
            "owner": "bioconda",
            "size": 1836825,
            "type": "conda",
            "upload_time": "2019-11-01 16:45:13.292000+00:00",
            "version": "1.6.0"
        },
        {
            "attrs": {
                "arch": "x86_64",
                "build": "r36he1b5a44_0",
                "build_number": 0,
                "depends": [
                    "bioconductor-annotationdbi >=1.48.0,<1.49.0",
                    "bioconductor-biocgenerics >=0.32.0,<0.33.0",
                    "bioconductor-biostrings >=2.54.0,<2.55.0",
                    "bioconductor-genomeinfodb >=1.22.0,<1.23.0",
                    "bioconductor-genomicalignments >=1.22.0,<1.23.0",
                    "bioconductor-genomicfeatures >=1.38.0,<1.39.0",
                    "bioconductor-genomicranges >=1.38.0,<1.39.0",
                    "bioconductor-iranges >=2.20.0,<2.21.0",
                    "bioconductor-rsamtools >=2.2.0,<2.3.0",
                    "bioconductor-rtracklayer >=1.46.0,<1.47.0",
                    "bioconductor-s4vectors >=0.24.0,<0.25.0",
                    "libgcc-ng >=7.3.0",
                    "libstdcxx-ng >=7.3.0",
                    "r-base >=3.6,<3.7.0a0",
                    "r-data.table >=1.11.8",
                    "r-ggplot2 >=2.2.1",
                    "r-gridextra >=2.3",
                    "r-rcpp >=1.0.0"
                ],
                "has_prefix": false,
                "license": "MIT + file LICENSE",
                "machine": "x86_64",
                "operatingsystem": "linux",
                "platform": "linux",
                "subdir": "linux-64",
                "target-triplet": "x86_64-any-linux",
                "timestamp": 1572853760493
            },
            "basename": "linux-64/bioconductor-orfik-1.6.0-r36he1b5a44_0.tar.bz2",
            "dependencies": {
                "depends": [
                    {
                        "name": "bioconductor-annotationdbi",
                        "specs": [
                            [
                                ">=",
                                "1.48.0,<1.49.0"
                            ]
                        ]
                    },
                    {
                        "name": "bioconductor-biocgenerics",
                        "specs": [
                            [
                                ">=",
                                "0.32.0,<0.33.0"
                            ]
                        ]
                    },
                    {
                        "name": "bioconductor-biostrings",
                        "specs": [
                            [
                                ">=",
                                "2.54.0,<2.55.0"
                            ]
                        ]
                    },
                    {
                        "name": "bioconductor-genomeinfodb",
                        "specs": [
                            [
                                ">=",
                                "1.22.0,<1.23.0"
                            ]
                        ]
                    },
                    {
                        "name": "bioconductor-genomicalignments",
                        "specs": [
                            [
                                ">=",
                                "1.22.0,<1.23.0"
                            ]
                        ]
                    },
                    {
                        "name": "bioconductor-genomicfeatures",
                        "specs": [
                            [
                                ">=",
                                "1.38.0,<1.39.0"
                            ]
                        ]
                    },
                    {
                        "name": "bioconductor-genomicranges",
                        "specs": [
                            [
                                ">=",
                                "1.38.0,<1.39.0"
                            ]
                        ]
                    },
                    {
                        "name": "bioconductor-iranges",
                        "specs": [
                            [
                                ">=",
                                "2.20.0,<2.21.0"
                            ]
                        ]
                    },
                    {
                        "name": "bioconductor-rsamtools",
                        "specs": [
                            [
                                ">=",
                                "2.2.0,<2.3.0"
                            ]
                        ]
                    },
                    {
                        "name": "bioconductor-rtracklayer",
                        "specs": [
                            [
                                ">=",
                                "1.46.0,<1.47.0"
                            ]
                        ]
                    },
                    {
                        "name": "bioconductor-s4vectors",
                        "specs": [
                            [
                                ">=",
                                "0.24.0,<0.25.0"
                            ]
                        ]
                    },
                    {
                        "name": "libgcc-ng",
                        "specs": [
                            [
                                ">=",
                                "7.3.0"
                            ]
                        ]
                    },
                    {
                        "name": "libstdcxx-ng",
                        "specs": [
                            [
                                ">=",
                                "7.3.0"
                            ]
                        ]
                    },
                    {
                        "name": "r-base",
                        "specs": [
                            [
                                ">=",
                                "3.6,<3.7.0a0"
                            ]
                        ]
                    },
                    {
                        "name": "r-data.table",
                        "specs": [
                            [
                                ">=",
                                "1.11.8"
                            ]
                        ]
                    },
                    {
                        "name": "r-ggplot2",
                        "specs": [
                            [
                                ">=",
                                "2.2.1"
                            ]
                        ]
                    },
                    {
                        "name": "r-gridextra",
                        "specs": [
                            [
                                ">=",
                                "2.3"
                            ]
                        ]
                    },
                    {
                        "name": "r-rcpp",
                        "specs": [
                            [
                                ">=",
                                "1.0.0"
                            ]
                        ]
                    }
                ]
            },
            "description": null,
            "distribution_type": "conda",
            "download_url": "//api.anaconda.org/download/bioconda/bioconductor-orfik/1.6.0/linux-64/bioconductor-orfik-1.6.0-r36he1b5a44_0.tar.bz2",
            "full_name": "bioconda/bioconductor-orfik/1.6.0/linux-64/bioconductor-orfik-1.6.0-r36he1b5a44_0.tar.bz2",
            "labels": [
                "main"
            ],
            "md5": "cce01a62d2fc395382b6a33094640ab0",
            "ndownloads": 29,
            "owner": "bioconda",
            "size": 1818322,
            "type": "conda",
            "upload_time": "2019-11-04 07:55:58.954000+00:00",
            "version": "1.6.0"
        }
    ],
    "full_name": "bioconda/bioconductor-orfik",
    "home": "https://bioconductor.org/packages/3.8/bioc/html/ORFik.html",
    "html_url": "http://anaconda.org/bioconda/bioconductor-orfik",
    "id": "5c10951037f339134313fefe",
    "latest_version": "1.6.0",
    "license": "MIT + file LICENSE",
    "license_url": null,
    "modified_at": "2019-11-04 07:55:59.325000+00:00",
    "name": "bioconductor-orfik",
    "owner": {
        "company": "",
        "created_at": "2015-09-11 22:59:20.880000+00:00",
        "description": "Bioconda is a distribution of bioinformatics software realized as a channel for the versatile Conda package manager.",
        "location": "",
        "login": "bioconda",
        "name": "bioconda",
        "url": "",
        "user_type": "org"
    },
    "package_types": [
        "conda"
    ],
    "public": true,
    "releases": [
        {
            "distributions": [],
            "full_name": "bioconda/bioconductor-orfik/1.2.0",
            "version": "1.2.0"
        },
        {
            "distributions": [],
            "full_name": "bioconda/bioconductor-orfik/1.4.1",
            "version": "1.4.1"
        },
        {
            "distributions": [],
            "full_name": "bioconda/bioconductor-orfik/1.6.0",
            "version": "1.6.0"
        }
    ],
    "revision": 6,
    "source_git_tag": null,
    "source_git_url": null,
    "summary": "Open Reading Frames in Genomics",
    "upvoted": 0,
    "url": "http://api.anaconda.org/packages/bioconda/bioconductor-orfik",
    "versions": [
        "1.2.0",
        "1.4.1",
        "1.6.0"
    ],
    "watchers": 1
}