{
    "app_entry": {},
    "app_summary": {},
    "app_type": {},
    "builds": [
        "r351_0",
        "r36_1",
        "r341_0",
        "r3.4.1_0",
        "r36_0"
    ],
    "conda_platforms": [
        "linux-64",
        "noarch",
        "osx-64"
    ],
    "created_at": "2018-03-03 10:13:20.247000+00:00",
    "description": "The package provides an integrated pipeline for the analysis of PAR-CLIP data. PAR-CLIP-induced transitions are first discriminated from sequencing errors, SNPs and additional non-experimental sources by a non- parametric mixture model. The protein binding sites (clusters) are then resolved at high resolution and cluster statistics are estimated using a rigorous Bayesian framework. Post-processing of the results, data export for UCSC genome browser visualization and motif search analysis are provided. In addition, the package allows to integrate RNA-Seq data to estimate the False Discovery Rate of cluster detection. Key functions support parallel multicore computing. Note: while wavClusteR was designed for PAR-CLIP data analysis, it can be applied to the analysis of other NGS data obtained from experimental procedures that induce nucleotide substitutions (e.g. BisSeq).",
    "dev_url": null,
    "doc_url": null,
    "files": [
        {
            "attrs": {
                "arch": "x86_64",
                "build": "r3.4.1_0",
                "build_number": 0,
                "depends": [
                    "bioconductor-biocgenerics",
                    "bioconductor-biostrings",
                    "bioconductor-genomicfeatures",
                    "bioconductor-genomicranges >=1.23.16",
                    "bioconductor-iranges >=2.5.27",
                    "bioconductor-rsamtools",
                    "bioconductor-rtracklayer",
                    "bioconductor-s4vectors >=0.9.25",
                    "r-base 3.4.1*",
                    "r-foreach",
                    "r-ggplot2",
                    "r-hmisc",
                    "r-mclust",
                    "r-seqinr",
                    "r-stringr",
                    "r-wmtsa"
                ],
                "has_prefix": false,
                "license": "GPL-2",
                "machine": "x86_64",
                "operatingsystem": "linux",
                "platform": "linux",
                "subdir": "linux-64",
                "target-triplet": "x86_64-any-linux"
            },
            "basename": "linux-64/bioconductor-wavcluster-2.11.0-r3.4.1_0.tar.bz2",
            "dependencies": {
                "depends": [
                    {
                        "name": "bioconductor-biocgenerics",
                        "specs": []
                    },
                    {
                        "name": "bioconductor-biostrings",
                        "specs": []
                    },
                    {
                        "name": "bioconductor-genomicfeatures",
                        "specs": []
                    },
                    {
                        "name": "bioconductor-genomicranges",
                        "specs": [
                            [
                                ">=",
                                "1.23.16"
                            ]
                        ]
                    },
                    {
                        "name": "bioconductor-iranges",
                        "specs": [
                            [
                                ">=",
                                "2.5.27"
                            ]
                        ]
                    },
                    {
                        "name": "bioconductor-rsamtools",
                        "specs": []
                    },
                    {
                        "name": "bioconductor-rtracklayer",
                        "specs": []
                    },
                    {
                        "name": "bioconductor-s4vectors",
                        "specs": [
                            [
                                ">=",
                                "0.9.25"
                            ]
                        ]
                    },
                    {
                        "name": "r-base",
                        "specs": [
                            [
                                "==",
                                "3.4.1"
                            ]
                        ]
                    },
                    {
                        "name": "r-foreach",
                        "specs": []
                    },
                    {
                        "name": "r-ggplot2",
                        "specs": []
                    },
                    {
                        "name": "r-hmisc",
                        "specs": []
                    },
                    {
                        "name": "r-mclust",
                        "specs": []
                    },
                    {
                        "name": "r-seqinr",
                        "specs": []
                    },
                    {
                        "name": "r-stringr",
                        "specs": []
                    },
                    {
                        "name": "r-wmtsa",
                        "specs": []
                    }
                ]
            },
            "description": null,
            "distribution_type": "conda",
            "download_url": "//api.anaconda.org/download/bioconda/bioconductor-wavcluster/2.11.0/linux-64/bioconductor-wavcluster-2.11.0-r3.4.1_0.tar.bz2",
            "full_name": "bioconda/bioconductor-wavcluster/2.11.0/linux-64/bioconductor-wavcluster-2.11.0-r3.4.1_0.tar.bz2",
            "labels": [
                "main",
                "cf201901"
            ],
            "md5": "2057abcf86267606ca61ea46cad6b523",
            "ndownloads": 289,
            "owner": "bioconda",
            "size": 416555,
            "type": "conda",
            "upload_time": "2018-03-03 10:13:20.782000+00:00",
            "version": "2.11.0"
        },
        {
            "attrs": {
                "arch": "x86_64",
                "build": "r3.4.1_0",
                "build_number": 0,
                "depends": [
                    "bioconductor-biocgenerics",
                    "bioconductor-biostrings",
                    "bioconductor-genomicfeatures",
                    "bioconductor-genomicranges >=1.23.16",
                    "bioconductor-iranges >=2.5.27",
                    "bioconductor-rsamtools",
                    "bioconductor-rtracklayer",
                    "bioconductor-s4vectors >=0.9.25",
                    "r-base 3.4.1*",
                    "r-foreach",
                    "r-ggplot2",
                    "r-hmisc",
                    "r-mclust",
                    "r-seqinr",
                    "r-stringr",
                    "r-wmtsa"
                ],
                "has_prefix": false,
                "license": "GPL-2",
                "machine": "x86_64",
                "operatingsystem": "darwin",
                "platform": "osx",
                "subdir": "osx-64",
                "target-triplet": "x86_64-any-darwin"
            },
            "basename": "osx-64/bioconductor-wavcluster-2.11.0-r3.4.1_0.tar.bz2",
            "dependencies": {
                "depends": [
                    {
                        "name": "bioconductor-biocgenerics",
                        "specs": []
                    },
                    {
                        "name": "bioconductor-biostrings",
                        "specs": []
                    },
                    {
                        "name": "bioconductor-genomicfeatures",
                        "specs": []
                    },
                    {
                        "name": "bioconductor-genomicranges",
                        "specs": [
                            [
                                ">=",
                                "1.23.16"
                            ]
                        ]
                    },
                    {
                        "name": "bioconductor-iranges",
                        "specs": [
                            [
                                ">=",
                                "2.5.27"
                            ]
                        ]
                    },
                    {
                        "name": "bioconductor-rsamtools",
                        "specs": []
                    },
                    {
                        "name": "bioconductor-rtracklayer",
                        "specs": []
                    },
                    {
                        "name": "bioconductor-s4vectors",
                        "specs": [
                            [
                                ">=",
                                "0.9.25"
                            ]
                        ]
                    },
                    {
                        "name": "r-base",
                        "specs": [
                            [
                                "==",
                                "3.4.1"
                            ]
                        ]
                    },
                    {
                        "name": "r-foreach",
                        "specs": []
                    },
                    {
                        "name": "r-ggplot2",
                        "specs": []
                    },
                    {
                        "name": "r-hmisc",
                        "specs": []
                    },
                    {
                        "name": "r-mclust",
                        "specs": []
                    },
                    {
                        "name": "r-seqinr",
                        "specs": []
                    },
                    {
                        "name": "r-stringr",
                        "specs": []
                    },
                    {
                        "name": "r-wmtsa",
                        "specs": []
                    }
                ]
            },
            "description": null,
            "distribution_type": "conda",
            "download_url": "//api.anaconda.org/download/bioconda/bioconductor-wavcluster/2.11.0/osx-64/bioconductor-wavcluster-2.11.0-r3.4.1_0.tar.bz2",
            "full_name": "bioconda/bioconductor-wavcluster/2.11.0/osx-64/bioconductor-wavcluster-2.11.0-r3.4.1_0.tar.bz2",
            "labels": [
                "main",
                "cf201901"
            ],
            "md5": "e50164df7b2963c3de674bda9d995d19",
            "ndownloads": 768,
            "owner": "bioconda",
            "size": 417388,
            "type": "conda",
            "upload_time": "2018-03-03 10:45:25.202000+00:00",
            "version": "2.11.0"
        },
        {
            "attrs": {
                "arch": "x86_64",
                "build": "r341_0",
                "build_number": 0,
                "depends": [
                    "bioconductor-biocgenerics >=0.26.0,<0.28.0",
                    "bioconductor-biostrings >=2.48.0,<2.50.0",
                    "bioconductor-genomicfeatures >=1.32.2,<1.34.0",
                    "bioconductor-genomicranges >=1.32.7,<1.34.0",
                    "bioconductor-iranges >=2.14.12,<2.16.0",
                    "bioconductor-rsamtools >=1.32.3,<1.34.0",
                    "bioconductor-rtracklayer >=1.40.6,<1.42.0",
                    "bioconductor-s4vectors >=0.18.3,<0.20.0",
                    "r-base >=3.4.1,<3.4.2.0a0",
                    "r-foreach",
                    "r-ggplot2",
                    "r-hmisc",
                    "r-mclust",
                    "r-seqinr",
                    "r-stringr",
                    "r-wmtsa"
                ],
                "has_prefix": false,
                "license": "GPL-2",
                "machine": "x86_64",
                "operatingsystem": "darwin",
                "platform": "osx",
                "subdir": "osx-64",
                "target-triplet": "x86_64-any-darwin",
                "timestamp": 1539951423250
            },
            "basename": "osx-64/bioconductor-wavcluster-2.14.0-r341_0.tar.bz2",
            "dependencies": {
                "depends": [
                    {
                        "name": "bioconductor-biocgenerics",
                        "specs": [
                            [
                                ">=",
                                "0.26.0,<0.28.0"
                            ]
                        ]
                    },
                    {
                        "name": "bioconductor-biostrings",
                        "specs": [
                            [
                                ">=",
                                "2.48.0,<2.50.0"
                            ]
                        ]
                    },
                    {
                        "name": "bioconductor-genomicfeatures",
                        "specs": [
                            [
                                ">=",
                                "1.32.2,<1.34.0"
                            ]
                        ]
                    },
                    {
                        "name": "bioconductor-genomicranges",
                        "specs": [
                            [
                                ">=",
                                "1.32.7,<1.34.0"
                            ]
                        ]
                    },
                    {
                        "name": "bioconductor-iranges",
                        "specs": [
                            [
                                ">=",
                                "2.14.12,<2.16.0"
                            ]
                        ]
                    },
                    {
                        "name": "bioconductor-rsamtools",
                        "specs": [
                            [
                                ">=",
                                "1.32.3,<1.34.0"
                            ]
                        ]
                    },
                    {
                        "name": "bioconductor-rtracklayer",
                        "specs": [
                            [
                                ">=",
                                "1.40.6,<1.42.0"
                            ]
                        ]
                    },
                    {
                        "name": "bioconductor-s4vectors",
                        "specs": [
                            [
                                ">=",
                                "0.18.3,<0.20.0"
                            ]
                        ]
                    },
                    {
                        "name": "r-base",
                        "specs": [
                            [
                                ">=",
                                "3.4.1,<3.4.2.0a0"
                            ]
                        ]
                    },
                    {
                        "name": "r-foreach",
                        "specs": []
                    },
                    {
                        "name": "r-ggplot2",
                        "specs": []
                    },
                    {
                        "name": "r-hmisc",
                        "specs": []
                    },
                    {
                        "name": "r-mclust",
                        "specs": []
                    },
                    {
                        "name": "r-seqinr",
                        "specs": []
                    },
                    {
                        "name": "r-stringr",
                        "specs": []
                    },
                    {
                        "name": "r-wmtsa",
                        "specs": []
                    }
                ]
            },
            "description": null,
            "distribution_type": "conda",
            "download_url": "//api.anaconda.org/download/bioconda/bioconductor-wavcluster/2.14.0/osx-64/bioconductor-wavcluster-2.14.0-r341_0.tar.bz2",
            "full_name": "bioconda/bioconductor-wavcluster/2.14.0/osx-64/bioconductor-wavcluster-2.14.0-r341_0.tar.bz2",
            "labels": [
                "main",
                "cf201901"
            ],
            "md5": "06836df34d56c33179d99aba5bba0437",
            "ndownloads": 277,
            "owner": "bioconda",
            "size": 798597,
            "type": "conda",
            "upload_time": "2018-10-19 12:22:15.983000+00:00",
            "version": "2.14.0"
        },
        {
            "attrs": {
                "arch": "x86_64",
                "build": "r351_0",
                "build_number": 0,
                "depends": [
                    "bioconductor-biocgenerics >=0.26.0,<0.28.0",
                    "bioconductor-biostrings >=2.48.0,<2.50.0",
                    "bioconductor-genomicfeatures >=1.32.2,<1.34.0",
                    "bioconductor-genomicranges >=1.32.7,<1.34.0",
                    "bioconductor-iranges >=2.14.12,<2.16.0",
                    "bioconductor-rsamtools >=1.32.3,<1.34.0",
                    "bioconductor-rtracklayer >=1.40.6,<1.42.0",
                    "bioconductor-s4vectors >=0.18.3,<0.20.0",
                    "r-base >=3.5.1,<3.5.2.0a0",
                    "r-foreach",
                    "r-ggplot2",
                    "r-hmisc",
                    "r-mclust",
                    "r-seqinr",
                    "r-stringr",
                    "r-wmtsa"
                ],
                "has_prefix": false,
                "license": "GPL-2",
                "machine": "x86_64",
                "operatingsystem": "darwin",
                "platform": "osx",
                "subdir": "osx-64",
                "target-triplet": "x86_64-any-darwin",
                "timestamp": 1539951636060
            },
            "basename": "osx-64/bioconductor-wavcluster-2.14.0-r351_0.tar.bz2",
            "dependencies": {
                "depends": [
                    {
                        "name": "bioconductor-biocgenerics",
                        "specs": [
                            [
                                ">=",
                                "0.26.0,<0.28.0"
                            ]
                        ]
                    },
                    {
                        "name": "bioconductor-biostrings",
                        "specs": [
                            [
                                ">=",
                                "2.48.0,<2.50.0"
                            ]
                        ]
                    },
                    {
                        "name": "bioconductor-genomicfeatures",
                        "specs": [
                            [
                                ">=",
                                "1.32.2,<1.34.0"
                            ]
                        ]
                    },
                    {
                        "name": "bioconductor-genomicranges",
                        "specs": [
                            [
                                ">=",
                                "1.32.7,<1.34.0"
                            ]
                        ]
                    },
                    {
                        "name": "bioconductor-iranges",
                        "specs": [
                            [
                                ">=",
                                "2.14.12,<2.16.0"
                            ]
                        ]
                    },
                    {
                        "name": "bioconductor-rsamtools",
                        "specs": [
                            [
                                ">=",
                                "1.32.3,<1.34.0"
                            ]
                        ]
                    },
                    {
                        "name": "bioconductor-rtracklayer",
                        "specs": [
                            [
                                ">=",
                                "1.40.6,<1.42.0"
                            ]
                        ]
                    },
                    {
                        "name": "bioconductor-s4vectors",
                        "specs": [
                            [
                                ">=",
                                "0.18.3,<0.20.0"
                            ]
                        ]
                    },
                    {
                        "name": "r-base",
                        "specs": [
                            [
                                ">=",
                                "3.5.1,<3.5.2.0a0"
                            ]
                        ]
                    },
                    {
                        "name": "r-foreach",
                        "specs": []
                    },
                    {
                        "name": "r-ggplot2",
                        "specs": []
                    },
                    {
                        "name": "r-hmisc",
                        "specs": []
                    },
                    {
                        "name": "r-mclust",
                        "specs": []
                    },
                    {
                        "name": "r-seqinr",
                        "specs": []
                    },
                    {
                        "name": "r-stringr",
                        "specs": []
                    },
                    {
                        "name": "r-wmtsa",
                        "specs": []
                    }
                ]
            },
            "description": null,
            "distribution_type": "conda",
            "download_url": "//api.anaconda.org/download/bioconda/bioconductor-wavcluster/2.14.0/osx-64/bioconductor-wavcluster-2.14.0-r351_0.tar.bz2",
            "full_name": "bioconda/bioconductor-wavcluster/2.14.0/osx-64/bioconductor-wavcluster-2.14.0-r351_0.tar.bz2",
            "labels": [
                "main",
                "cf201901"
            ],
            "md5": "9f6b856629fb272e948d2b136141d852",
            "ndownloads": 521,
            "owner": "bioconda",
            "size": 868657,
            "type": "conda",
            "upload_time": "2018-10-19 12:22:25.042000+00:00",
            "version": "2.14.0"
        },
        {
            "attrs": {
                "arch": "x86_64",
                "build": "r341_0",
                "build_number": 0,
                "depends": [
                    "bioconductor-biocgenerics >=0.26.0,<0.28.0",
                    "bioconductor-biostrings >=2.48.0,<2.50.0",
                    "bioconductor-genomicfeatures >=1.32.2,<1.34.0",
                    "bioconductor-genomicranges >=1.32.7,<1.34.0",
                    "bioconductor-iranges >=2.14.12,<2.16.0",
                    "bioconductor-rsamtools >=1.32.3,<1.34.0",
                    "bioconductor-rtracklayer >=1.40.6,<1.42.0",
                    "bioconductor-s4vectors >=0.18.3,<0.20.0",
                    "r-base >=3.4.1,<3.4.2.0a0",
                    "r-foreach",
                    "r-ggplot2",
                    "r-hmisc",
                    "r-mclust",
                    "r-seqinr",
                    "r-stringr",
                    "r-wmtsa"
                ],
                "has_prefix": false,
                "license": "GPL-2",
                "machine": "x86_64",
                "operatingsystem": "linux",
                "platform": "linux",
                "subdir": "linux-64",
                "target-triplet": "x86_64-any-linux",
                "timestamp": 1540123049496
            },
            "basename": "linux-64/bioconductor-wavcluster-2.14.0-r341_0.tar.bz2",
            "dependencies": {
                "depends": [
                    {
                        "name": "bioconductor-biocgenerics",
                        "specs": [
                            [
                                ">=",
                                "0.26.0,<0.28.0"
                            ]
                        ]
                    },
                    {
                        "name": "bioconductor-biostrings",
                        "specs": [
                            [
                                ">=",
                                "2.48.0,<2.50.0"
                            ]
                        ]
                    },
                    {
                        "name": "bioconductor-genomicfeatures",
                        "specs": [
                            [
                                ">=",
                                "1.32.2,<1.34.0"
                            ]
                        ]
                    },
                    {
                        "name": "bioconductor-genomicranges",
                        "specs": [
                            [
                                ">=",
                                "1.32.7,<1.34.0"
                            ]
                        ]
                    },
                    {
                        "name": "bioconductor-iranges",
                        "specs": [
                            [
                                ">=",
                                "2.14.12,<2.16.0"
                            ]
                        ]
                    },
                    {
                        "name": "bioconductor-rsamtools",
                        "specs": [
                            [
                                ">=",
                                "1.32.3,<1.34.0"
                            ]
                        ]
                    },
                    {
                        "name": "bioconductor-rtracklayer",
                        "specs": [
                            [
                                ">=",
                                "1.40.6,<1.42.0"
                            ]
                        ]
                    },
                    {
                        "name": "bioconductor-s4vectors",
                        "specs": [
                            [
                                ">=",
                                "0.18.3,<0.20.0"
                            ]
                        ]
                    },
                    {
                        "name": "r-base",
                        "specs": [
                            [
                                ">=",
                                "3.4.1,<3.4.2.0a0"
                            ]
                        ]
                    },
                    {
                        "name": "r-foreach",
                        "specs": []
                    },
                    {
                        "name": "r-ggplot2",
                        "specs": []
                    },
                    {
                        "name": "r-hmisc",
                        "specs": []
                    },
                    {
                        "name": "r-mclust",
                        "specs": []
                    },
                    {
                        "name": "r-seqinr",
                        "specs": []
                    },
                    {
                        "name": "r-stringr",
                        "specs": []
                    },
                    {
                        "name": "r-wmtsa",
                        "specs": []
                    }
                ]
            },
            "description": null,
            "distribution_type": "conda",
            "download_url": "//api.anaconda.org/download/bioconda/bioconductor-wavcluster/2.14.0/linux-64/bioconductor-wavcluster-2.14.0-r341_0.tar.bz2",
            "full_name": "bioconda/bioconductor-wavcluster/2.14.0/linux-64/bioconductor-wavcluster-2.14.0-r341_0.tar.bz2",
            "labels": [
                "main",
                "cf201901"
            ],
            "md5": "35b14711a19662a8f4f52d4491046bbf",
            "ndownloads": 245,
            "owner": "bioconda",
            "size": 797585,
            "type": "conda",
            "upload_time": "2018-10-21 12:05:19.507000+00:00",
            "version": "2.14.0"
        },
        {
            "attrs": {
                "arch": "x86_64",
                "build": "r351_0",
                "build_number": 0,
                "depends": [
                    "bioconductor-biocgenerics >=0.26.0,<0.28.0",
                    "bioconductor-biostrings >=2.48.0,<2.50.0",
                    "bioconductor-genomicfeatures >=1.32.2,<1.34.0",
                    "bioconductor-genomicranges >=1.32.7,<1.34.0",
                    "bioconductor-iranges >=2.14.12,<2.16.0",
                    "bioconductor-rsamtools >=1.32.3,<1.34.0",
                    "bioconductor-rtracklayer >=1.40.6,<1.42.0",
                    "bioconductor-s4vectors >=0.18.3,<0.20.0",
                    "r-base >=3.5.1,<3.5.2.0a0",
                    "r-foreach",
                    "r-ggplot2",
                    "r-hmisc",
                    "r-mclust",
                    "r-seqinr",
                    "r-stringr",
                    "r-wmtsa"
                ],
                "has_prefix": false,
                "license": "GPL-2",
                "machine": "x86_64",
                "operatingsystem": "linux",
                "platform": "linux",
                "subdir": "linux-64",
                "target-triplet": "x86_64-any-linux",
                "timestamp": 1540122850016
            },
            "basename": "linux-64/bioconductor-wavcluster-2.14.0-r351_0.tar.bz2",
            "dependencies": {
                "depends": [
                    {
                        "name": "bioconductor-biocgenerics",
                        "specs": [
                            [
                                ">=",
                                "0.26.0,<0.28.0"
                            ]
                        ]
                    },
                    {
                        "name": "bioconductor-biostrings",
                        "specs": [
                            [
                                ">=",
                                "2.48.0,<2.50.0"
                            ]
                        ]
                    },
                    {
                        "name": "bioconductor-genomicfeatures",
                        "specs": [
                            [
                                ">=",
                                "1.32.2,<1.34.0"
                            ]
                        ]
                    },
                    {
                        "name": "bioconductor-genomicranges",
                        "specs": [
                            [
                                ">=",
                                "1.32.7,<1.34.0"
                            ]
                        ]
                    },
                    {
                        "name": "bioconductor-iranges",
                        "specs": [
                            [
                                ">=",
                                "2.14.12,<2.16.0"
                            ]
                        ]
                    },
                    {
                        "name": "bioconductor-rsamtools",
                        "specs": [
                            [
                                ">=",
                                "1.32.3,<1.34.0"
                            ]
                        ]
                    },
                    {
                        "name": "bioconductor-rtracklayer",
                        "specs": [
                            [
                                ">=",
                                "1.40.6,<1.42.0"
                            ]
                        ]
                    },
                    {
                        "name": "bioconductor-s4vectors",
                        "specs": [
                            [
                                ">=",
                                "0.18.3,<0.20.0"
                            ]
                        ]
                    },
                    {
                        "name": "r-base",
                        "specs": [
                            [
                                ">=",
                                "3.5.1,<3.5.2.0a0"
                            ]
                        ]
                    },
                    {
                        "name": "r-foreach",
                        "specs": []
                    },
                    {
                        "name": "r-ggplot2",
                        "specs": []
                    },
                    {
                        "name": "r-hmisc",
                        "specs": []
                    },
                    {
                        "name": "r-mclust",
                        "specs": []
                    },
                    {
                        "name": "r-seqinr",
                        "specs": []
                    },
                    {
                        "name": "r-stringr",
                        "specs": []
                    },
                    {
                        "name": "r-wmtsa",
                        "specs": []
                    }
                ]
            },
            "description": null,
            "distribution_type": "conda",
            "download_url": "//api.anaconda.org/download/bioconda/bioconductor-wavcluster/2.14.0/linux-64/bioconductor-wavcluster-2.14.0-r351_0.tar.bz2",
            "full_name": "bioconda/bioconductor-wavcluster/2.14.0/linux-64/bioconductor-wavcluster-2.14.0-r351_0.tar.bz2",
            "labels": [
                "main",
                "cf201901"
            ],
            "md5": "017e23bfe81038e88caed8ee4c2d7270",
            "ndownloads": 114,
            "owner": "bioconda",
            "size": 868011,
            "type": "conda",
            "upload_time": "2018-10-21 12:05:22.566000+00:00",
            "version": "2.14.0"
        },
        {
            "attrs": {
                "arch": null,
                "build": "r351_0",
                "build_number": 0,
                "depends": [
                    "bioconductor-biocgenerics >=0.28.0,<0.29.0",
                    "bioconductor-biostrings >=2.50.0,<2.51.0",
                    "bioconductor-genomicfeatures >=1.34.0,<1.35.0",
                    "bioconductor-genomicranges >=1.34.0,<1.35.0",
                    "bioconductor-iranges >=2.16.0,<2.17.0",
                    "bioconductor-rsamtools >=1.34.0,<1.35.0",
                    "bioconductor-rtracklayer >=1.42.0,<1.43.0",
                    "bioconductor-s4vectors >=0.20.0,<0.21.0",
                    "r-base >=3.5.1,<3.5.2.0a0",
                    "r-foreach",
                    "r-ggplot2",
                    "r-hmisc",
                    "r-mclust",
                    "r-seqinr",
                    "r-stringr",
                    "r-wmtsa"
                ],
                "has_prefix": false,
                "license": "GPL-2",
                "machine": null,
                "noarch": "generic",
                "operatingsystem": null,
                "platform": null,
                "subdir": "noarch",
                "target-triplet": "None-any-None",
                "timestamp": 1545654301332
            },
            "basename": "noarch/bioconductor-wavcluster-2.16.0-r351_0.tar.bz2",
            "dependencies": {
                "depends": [
                    {
                        "name": "bioconductor-biocgenerics",
                        "specs": [
                            [
                                ">=",
                                "0.28.0,<0.29.0"
                            ]
                        ]
                    },
                    {
                        "name": "bioconductor-biostrings",
                        "specs": [
                            [
                                ">=",
                                "2.50.0,<2.51.0"
                            ]
                        ]
                    },
                    {
                        "name": "bioconductor-genomicfeatures",
                        "specs": [
                            [
                                ">=",
                                "1.34.0,<1.35.0"
                            ]
                        ]
                    },
                    {
                        "name": "bioconductor-genomicranges",
                        "specs": [
                            [
                                ">=",
                                "1.34.0,<1.35.0"
                            ]
                        ]
                    },
                    {
                        "name": "bioconductor-iranges",
                        "specs": [
                            [
                                ">=",
                                "2.16.0,<2.17.0"
                            ]
                        ]
                    },
                    {
                        "name": "bioconductor-rsamtools",
                        "specs": [
                            [
                                ">=",
                                "1.34.0,<1.35.0"
                            ]
                        ]
                    },
                    {
                        "name": "bioconductor-rtracklayer",
                        "specs": [
                            [
                                ">=",
                                "1.42.0,<1.43.0"
                            ]
                        ]
                    },
                    {
                        "name": "bioconductor-s4vectors",
                        "specs": [
                            [
                                ">=",
                                "0.20.0,<0.21.0"
                            ]
                        ]
                    },
                    {
                        "name": "r-base",
                        "specs": [
                            [
                                ">=",
                                "3.5.1,<3.5.2.0a0"
                            ]
                        ]
                    },
                    {
                        "name": "r-foreach",
                        "specs": []
                    },
                    {
                        "name": "r-ggplot2",
                        "specs": []
                    },
                    {
                        "name": "r-hmisc",
                        "specs": []
                    },
                    {
                        "name": "r-mclust",
                        "specs": []
                    },
                    {
                        "name": "r-seqinr",
                        "specs": []
                    },
                    {
                        "name": "r-stringr",
                        "specs": []
                    },
                    {
                        "name": "r-wmtsa",
                        "specs": []
                    }
                ]
            },
            "description": null,
            "distribution_type": "conda",
            "download_url": "//api.anaconda.org/download/bioconda/bioconductor-wavcluster/2.16.0/noarch/bioconductor-wavcluster-2.16.0-r351_0.tar.bz2",
            "full_name": "bioconda/bioconductor-wavcluster/2.16.0/noarch/bioconductor-wavcluster-2.16.0-r351_0.tar.bz2",
            "labels": [
                "gcc7",
                "main"
            ],
            "md5": "ec248cec2d26c68a7675177eb655f134",
            "ndownloads": 80,
            "owner": "bioconda",
            "size": 869391,
            "type": "conda",
            "upload_time": "2018-12-24 12:30:07.840000+00:00",
            "version": "2.16.0"
        },
        {
            "attrs": {
                "arch": null,
                "build": "r36_1",
                "build_number": 1,
                "depends": [
                    "bioconductor-biocgenerics >=0.30.0,<0.31.0",
                    "bioconductor-biostrings >=2.52.0,<2.53.0",
                    "bioconductor-genomicfeatures >=1.36.0,<1.37.0",
                    "bioconductor-genomicranges >=1.36.0,<1.37.0",
                    "bioconductor-iranges >=2.18.0,<2.19.0",
                    "bioconductor-rsamtools >=2.0.0,<2.1.0",
                    "bioconductor-rtracklayer >=1.44.0,<1.45.0",
                    "bioconductor-s4vectors >=0.22.0,<0.23.0",
                    "r-base >=3.6,<3.7.0a0",
                    "r-foreach",
                    "r-ggplot2",
                    "r-hmisc",
                    "r-mclust",
                    "r-seqinr",
                    "r-stringr",
                    "r-wmtsa"
                ],
                "has_prefix": false,
                "license": "GPL-2",
                "machine": null,
                "noarch": "generic",
                "operatingsystem": null,
                "platform": null,
                "subdir": "noarch",
                "target-triplet": "None-any-None",
                "timestamp": 1565521827583
            },
            "basename": "noarch/bioconductor-wavcluster-2.18.0-r36_1.tar.bz2",
            "dependencies": {
                "depends": [
                    {
                        "name": "bioconductor-biocgenerics",
                        "specs": [
                            [
                                ">=",
                                "0.30.0,<0.31.0"
                            ]
                        ]
                    },
                    {
                        "name": "bioconductor-biostrings",
                        "specs": [
                            [
                                ">=",
                                "2.52.0,<2.53.0"
                            ]
                        ]
                    },
                    {
                        "name": "bioconductor-genomicfeatures",
                        "specs": [
                            [
                                ">=",
                                "1.36.0,<1.37.0"
                            ]
                        ]
                    },
                    {
                        "name": "bioconductor-genomicranges",
                        "specs": [
                            [
                                ">=",
                                "1.36.0,<1.37.0"
                            ]
                        ]
                    },
                    {
                        "name": "bioconductor-iranges",
                        "specs": [
                            [
                                ">=",
                                "2.18.0,<2.19.0"
                            ]
                        ]
                    },
                    {
                        "name": "bioconductor-rsamtools",
                        "specs": [
                            [
                                ">=",
                                "2.0.0,<2.1.0"
                            ]
                        ]
                    },
                    {
                        "name": "bioconductor-rtracklayer",
                        "specs": [
                            [
                                ">=",
                                "1.44.0,<1.45.0"
                            ]
                        ]
                    },
                    {
                        "name": "bioconductor-s4vectors",
                        "specs": [
                            [
                                ">=",
                                "0.22.0,<0.23.0"
                            ]
                        ]
                    },
                    {
                        "name": "r-base",
                        "specs": [
                            [
                                ">=",
                                "3.6,<3.7.0a0"
                            ]
                        ]
                    },
                    {
                        "name": "r-foreach",
                        "specs": []
                    },
                    {
                        "name": "r-ggplot2",
                        "specs": []
                    },
                    {
                        "name": "r-hmisc",
                        "specs": []
                    },
                    {
                        "name": "r-mclust",
                        "specs": []
                    },
                    {
                        "name": "r-seqinr",
                        "specs": []
                    },
                    {
                        "name": "r-stringr",
                        "specs": []
                    },
                    {
                        "name": "r-wmtsa",
                        "specs": []
                    }
                ]
            },
            "description": null,
            "distribution_type": "conda",
            "download_url": "//api.anaconda.org/download/bioconda/bioconductor-wavcluster/2.18.0/noarch/bioconductor-wavcluster-2.18.0-r36_1.tar.bz2",
            "full_name": "bioconda/bioconductor-wavcluster/2.18.0/noarch/bioconductor-wavcluster-2.18.0-r36_1.tar.bz2",
            "labels": [
                "main"
            ],
            "md5": "0fc041731b1813b0b1cd7facae2971d9",
            "ndownloads": 29,
            "owner": "bioconda",
            "size": 868209,
            "type": "conda",
            "upload_time": "2019-08-11 11:16:01.508000+00:00",
            "version": "2.18.0"
        },
        {
            "attrs": {
                "arch": null,
                "build": "r36_0",
                "build_number": 0,
                "depends": [
                    "bioconductor-biocgenerics >=0.32.0,<0.33.0",
                    "bioconductor-biostrings >=2.54.0,<2.55.0",
                    "bioconductor-genomicfeatures >=1.38.0,<1.39.0",
                    "bioconductor-genomicranges >=1.38.0,<1.39.0",
                    "bioconductor-iranges >=2.20.0,<2.21.0",
                    "bioconductor-rsamtools >=2.2.0,<2.3.0",
                    "bioconductor-rtracklayer >=1.46.0,<1.47.0",
                    "bioconductor-s4vectors >=0.24.0,<0.25.0",
                    "r-base >=3.6,<3.7.0a0",
                    "r-foreach",
                    "r-ggplot2",
                    "r-hmisc",
                    "r-mclust",
                    "r-seqinr",
                    "r-stringr",
                    "r-wmtsa"
                ],
                "has_prefix": false,
                "license": "GPL-2",
                "machine": null,
                "noarch": "generic",
                "operatingsystem": null,
                "platform": null,
                "subdir": "noarch",
                "target-triplet": "None-any-None",
                "timestamp": 1572856016419
            },
            "basename": "noarch/bioconductor-wavcluster-2.20.0-r36_0.tar.bz2",
            "dependencies": {
                "depends": [
                    {
                        "name": "bioconductor-biocgenerics",
                        "specs": [
                            [
                                ">=",
                                "0.32.0,<0.33.0"
                            ]
                        ]
                    },
                    {
                        "name": "bioconductor-biostrings",
                        "specs": [
                            [
                                ">=",
                                "2.54.0,<2.55.0"
                            ]
                        ]
                    },
                    {
                        "name": "bioconductor-genomicfeatures",
                        "specs": [
                            [
                                ">=",
                                "1.38.0,<1.39.0"
                            ]
                        ]
                    },
                    {
                        "name": "bioconductor-genomicranges",
                        "specs": [
                            [
                                ">=",
                                "1.38.0,<1.39.0"
                            ]
                        ]
                    },
                    {
                        "name": "bioconductor-iranges",
                        "specs": [
                            [
                                ">=",
                                "2.20.0,<2.21.0"
                            ]
                        ]
                    },
                    {
                        "name": "bioconductor-rsamtools",
                        "specs": [
                            [
                                ">=",
                                "2.2.0,<2.3.0"
                            ]
                        ]
                    },
                    {
                        "name": "bioconductor-rtracklayer",
                        "specs": [
                            [
                                ">=",
                                "1.46.0,<1.47.0"
                            ]
                        ]
                    },
                    {
                        "name": "bioconductor-s4vectors",
                        "specs": [
                            [
                                ">=",
                                "0.24.0,<0.25.0"
                            ]
                        ]
                    },
                    {
                        "name": "r-base",
                        "specs": [
                            [
                                ">=",
                                "3.6,<3.7.0a0"
                            ]
                        ]
                    },
                    {
                        "name": "r-foreach",
                        "specs": []
                    },
                    {
                        "name": "r-ggplot2",
                        "specs": []
                    },
                    {
                        "name": "r-hmisc",
                        "specs": []
                    },
                    {
                        "name": "r-mclust",
                        "specs": []
                    },
                    {
                        "name": "r-seqinr",
                        "specs": []
                    },
                    {
                        "name": "r-stringr",
                        "specs": []
                    },
                    {
                        "name": "r-wmtsa",
                        "specs": []
                    }
                ]
            },
            "description": null,
            "distribution_type": "conda",
            "download_url": "//api.anaconda.org/download/bioconda/bioconductor-wavcluster/2.20.0/noarch/bioconductor-wavcluster-2.20.0-r36_0.tar.bz2",
            "full_name": "bioconda/bioconductor-wavcluster/2.20.0/noarch/bioconductor-wavcluster-2.20.0-r36_0.tar.bz2",
            "labels": [
                "main"
            ],
            "md5": "d9e19955def612fb49c09de5d04b9b85",
            "ndownloads": 20,
            "owner": "bioconda",
            "size": 878702,
            "type": "conda",
            "upload_time": "2019-11-04 08:32:29.205000+00:00",
            "version": "2.20.0"
        }
    ],
    "full_name": "bioconda/bioconductor-wavcluster",
    "home": "http://bioconductor.org/packages/3.6/bioc/html/wavClusteR.html",
    "html_url": "http://anaconda.org/bioconda/bioconductor-wavcluster",
    "id": "5a9a75405571b411e5bd43e0",
    "latest_version": "2.20.0",
    "license": "GPL-2",
    "license_url": null,
    "modified_at": "2019-11-04 08:32:29.543000+00:00",
    "name": "bioconductor-wavcluster",
    "owner": {
        "company": "",
        "created_at": "2015-09-11 22:59:20.880000+00:00",
        "description": "Bioconda is a distribution of bioinformatics software realized as a channel for the versatile Conda package manager.",
        "location": "",
        "login": "bioconda",
        "name": "bioconda",
        "url": "",
        "user_type": "org"
    },
    "package_types": [
        "conda"
    ],
    "public": true,
    "releases": [
        {
            "distributions": [],
            "full_name": "bioconda/bioconductor-wavcluster/2.11.0",
            "version": "2.11.0"
        },
        {
            "distributions": [],
            "full_name": "bioconda/bioconductor-wavcluster/2.14.0",
            "version": "2.14.0"
        },
        {
            "distributions": [],
            "full_name": "bioconda/bioconductor-wavcluster/2.16.0",
            "version": "2.16.0"
        },
        {
            "distributions": [],
            "full_name": "bioconda/bioconductor-wavcluster/2.18.0",
            "version": "2.18.0"
        },
        {
            "distributions": [],
            "full_name": "bioconda/bioconductor-wavcluster/2.20.0",
            "version": "2.20.0"
        }
    ],
    "revision": 10,
    "source_git_tag": null,
    "source_git_url": null,
    "summary": "Sensitive and highly resolved identification of RNA-protein interaction sites in PAR-CLIP data",
    "upvoted": 0,
    "url": "http://api.anaconda.org/packages/bioconda/bioconductor-wavcluster",
    "versions": [
        "2.11.0",
        "2.14.0",
        "2.16.0",
        "2.18.0",
        "2.20.0"
    ],
    "watchers": 1
}