{
    "app_entry": {},
    "app_summary": {},
    "app_type": {},
    "builds": [
        "r351_0",
        "r36_1",
        "r36_0"
    ],
    "conda_platforms": [
        "noarch"
    ],
    "created_at": "2018-12-13 02:33:31.758000+00:00",
    "description": "Datasets and workflows for Cardinal: DESI and MALDI examples including pig fetus, cardinal painting, and human RCC.",
    "dev_url": null,
    "doc_url": null,
    "files": [
        {
            "attrs": {
                "arch": null,
                "build": "r351_0",
                "build_number": 0,
                "depends": [
                    "bioconductor-cardinal >=2.0.0,<2.1.0",
                    "r-base >=3.5.1,<3.5.2.0a0",
                    "wget"
                ],
                "has_prefix": false,
                "license": "Artistic-2.0",
                "machine": null,
                "noarch": "generic",
                "operatingsystem": null,
                "platform": null,
                "subdir": "noarch",
                "target-triplet": "None-any-None",
                "timestamp": 1544668163620
            },
            "basename": "noarch/bioconductor-cardinalworkflows-1.14.0-r351_0.tar.bz2",
            "dependencies": {
                "depends": [
                    {
                        "name": "bioconductor-cardinal",
                        "specs": [
                            [
                                ">=",
                                "2.0.0,<2.1.0"
                            ]
                        ]
                    },
                    {
                        "name": "r-base",
                        "specs": [
                            [
                                ">=",
                                "3.5.1,<3.5.2.0a0"
                            ]
                        ]
                    },
                    {
                        "name": "wget",
                        "specs": []
                    }
                ]
            },
            "description": null,
            "distribution_type": "conda",
            "download_url": "//api.anaconda.org/download/bioconda/bioconductor-cardinalworkflows/1.14.0/noarch/bioconductor-cardinalworkflows-1.14.0-r351_0.tar.bz2",
            "full_name": "bioconda/bioconductor-cardinalworkflows/1.14.0/noarch/bioconductor-cardinalworkflows-1.14.0-r351_0.tar.bz2",
            "labels": [
                "gcc7",
                "main"
            ],
            "md5": "698a70853ba63cd4f41ca235674783e6",
            "ndownloads": 74,
            "owner": "bioconda",
            "size": 6508,
            "type": "conda",
            "upload_time": "2018-12-13 02:33:32.457000+00:00",
            "version": "1.14.0"
        },
        {
            "attrs": {
                "arch": null,
                "build": "r36_1",
                "build_number": 1,
                "depends": [
                    "bioconductor-cardinal >=2.2.0,<2.3.0",
                    "curl >=7.65.3,<8.0a0",
                    "r-base >=3.6,<3.7.0a0"
                ],
                "has_prefix": false,
                "license": "Artistic-2.0",
                "machine": null,
                "noarch": "generic",
                "operatingsystem": null,
                "platform": null,
                "subdir": "noarch",
                "target-triplet": "None-any-None",
                "timestamp": 1564180958335
            },
            "basename": "noarch/bioconductor-cardinalworkflows-1.16.0-r36_1.tar.bz2",
            "dependencies": {
                "depends": [
                    {
                        "name": "bioconductor-cardinal",
                        "specs": [
                            [
                                ">=",
                                "2.2.0,<2.3.0"
                            ]
                        ]
                    },
                    {
                        "name": "curl",
                        "specs": [
                            [
                                ">=",
                                "7.65.3,<8.0a0"
                            ]
                        ]
                    },
                    {
                        "name": "r-base",
                        "specs": [
                            [
                                ">=",
                                "3.6,<3.7.0a0"
                            ]
                        ]
                    }
                ]
            },
            "description": null,
            "distribution_type": "conda",
            "download_url": "//api.anaconda.org/download/bioconda/bioconductor-cardinalworkflows/1.16.0/noarch/bioconductor-cardinalworkflows-1.16.0-r36_1.tar.bz2",
            "full_name": "bioconda/bioconductor-cardinalworkflows/1.16.0/noarch/bioconductor-cardinalworkflows-1.16.0-r36_1.tar.bz2",
            "labels": [
                "main"
            ],
            "md5": "f4c27df91f038d804e73b3d08f3b39d0",
            "ndownloads": 25,
            "owner": "bioconda",
            "size": 7097,
            "type": "conda",
            "upload_time": "2019-07-26 22:48:03.462000+00:00",
            "version": "1.16.0"
        },
        {
            "attrs": {
                "arch": null,
                "build": "r36_0",
                "build_number": 0,
                "depends": [
                    "bioconductor-cardinal >=2.4.0,<2.5.0",
                    "curl >=7.65.3,<8.0a0",
                    "r-base >=3.6,<3.7.0a0"
                ],
                "has_prefix": false,
                "license": "Artistic-2.0",
                "machine": null,
                "noarch": "generic",
                "operatingsystem": null,
                "platform": null,
                "subdir": "noarch",
                "target-triplet": "None-any-None",
                "timestamp": 1573080427843
            },
            "basename": "noarch/bioconductor-cardinalworkflows-1.18.0-r36_0.tar.bz2",
            "dependencies": {
                "depends": [
                    {
                        "name": "bioconductor-cardinal",
                        "specs": [
                            [
                                ">=",
                                "2.4.0,<2.5.0"
                            ]
                        ]
                    },
                    {
                        "name": "curl",
                        "specs": [
                            [
                                ">=",
                                "7.65.3,<8.0a0"
                            ]
                        ]
                    },
                    {
                        "name": "r-base",
                        "specs": [
                            [
                                ">=",
                                "3.6,<3.7.0a0"
                            ]
                        ]
                    }
                ]
            },
            "description": null,
            "distribution_type": "conda",
            "download_url": "//api.anaconda.org/download/bioconda/bioconductor-cardinalworkflows/1.18.0/noarch/bioconductor-cardinalworkflows-1.18.0-r36_0.tar.bz2",
            "full_name": "bioconda/bioconductor-cardinalworkflows/1.18.0/noarch/bioconductor-cardinalworkflows-1.18.0-r36_0.tar.bz2",
            "labels": [
                "main"
            ],
            "md5": "3bacdcdca2e7048f36e6ab4703c03303",
            "ndownloads": 22,
            "owner": "bioconda",
            "size": 7250,
            "type": "conda",
            "upload_time": "2019-11-06 22:53:54.567000+00:00",
            "version": "1.18.0"
        }
    ],
    "full_name": "bioconda/bioconductor-cardinalworkflows",
    "home": "https://bioconductor.org/packages/3.8/data/experiment/html/CardinalWorkflows.html",
    "html_url": "http://anaconda.org/bioconda/bioconductor-cardinalworkflows",
    "id": "5c11c4fbd9c2cf1353d91ef0",
    "latest_version": "1.18.0",
    "license": "Artistic-2.0",
    "license_url": null,
    "modified_at": "2019-11-06 23:18:48.322000+00:00",
    "name": "bioconductor-cardinalworkflows",
    "owner": {
        "company": "",
        "created_at": "2015-09-11 22:59:20.880000+00:00",
        "description": "Bioconda is a distribution of bioinformatics software realized as a channel for the versatile Conda package manager.",
        "location": "",
        "login": "bioconda",
        "name": "bioconda",
        "url": "",
        "user_type": "org"
    },
    "package_types": [
        "conda"
    ],
    "public": true,
    "releases": [
        {
            "distributions": [],
            "full_name": "bioconda/bioconductor-cardinalworkflows/1.14.0",
            "version": "1.14.0"
        },
        {
            "distributions": [],
            "full_name": "bioconda/bioconductor-cardinalworkflows/1.16.0",
            "version": "1.16.0"
        },
        {
            "distributions": [],
            "full_name": "bioconda/bioconductor-cardinalworkflows/1.17.1",
            "version": "1.17.1"
        },
        {
            "distributions": [],
            "full_name": "bioconda/bioconductor-cardinalworkflows/1.18.0",
            "version": "1.18.0"
        }
    ],
    "revision": 8,
    "source_git_tag": null,
    "source_git_url": null,
    "summary": "Datasets and workflows for the Cardinal mass spectrometry imaging package",
    "upvoted": 0,
    "url": "http://api.anaconda.org/packages/bioconda/bioconductor-cardinalworkflows",
    "versions": [
        "1.14.0",
        "1.16.0",
        "1.17.1",
        "1.18.0"
    ],
    "watchers": 1
}