{
    "app_entry": {},
    "app_summary": {},
    "app_type": {},
    "builds": [
        "r351h0a44026_0",
        "r351hf484d3e_0",
        "r36he1b5a44_1",
        "r36he1b5a44_0",
        "r36h6de7cb9_1",
        "r36h6de7cb9_0"
    ],
    "conda_platforms": [
        "linux-64",
        "osx-64"
    ],
    "created_at": "2018-12-22 23:28:28.980000+00:00",
    "description": "This package implements several functions useful for computing similarities between GO terms and gene products based on their GO annotation. Moreover it allows for computing a GO enrichment analysis",
    "dev_url": null,
    "doc_url": null,
    "files": [
        {
            "attrs": {
                "arch": "x86_64",
                "build": "r351h0a44026_0",
                "build_number": 0,
                "depends": [
                    "bioconductor-annotate >=1.60.0,<1.61.0",
                    "bioconductor-annotationdbi >=1.44.0,<1.45.0",
                    "bioconductor-go.db >=3.7.0,<3.8.0",
                    "bioconductor-graph >=1.60.0,<1.61.0",
                    "bioconductor-org.hs.eg.db >=3.7.0,<3.8.0",
                    "bioconductor-rbgl >=1.58.0,<1.59.0",
                    "bioconductor-topgo >=2.34.0,<2.35.0",
                    "libcxx >=4.0.1",
                    "r-base >=3.5.1,<3.5.2.0a0",
                    "r-cluster",
                    "r-corpcor",
                    "r-flexmix",
                    "r-matrix",
                    "r-rcpp"
                ],
                "has_prefix": true,
                "license": "GPL (>= 2)",
                "machine": "x86_64",
                "operatingsystem": "darwin",
                "platform": "osx",
                "subdir": "osx-64",
                "target-triplet": "x86_64-any-darwin",
                "timestamp": 1545521202263
            },
            "basename": "osx-64/bioconductor-gosim-1.20.0-r351h0a44026_0.tar.bz2",
            "dependencies": {
                "depends": [
                    {
                        "name": "bioconductor-annotate",
                        "specs": [
                            [
                                ">=",
                                "1.60.0,<1.61.0"
                            ]
                        ]
                    },
                    {
                        "name": "bioconductor-annotationdbi",
                        "specs": [
                            [
                                ">=",
                                "1.44.0,<1.45.0"
                            ]
                        ]
                    },
                    {
                        "name": "bioconductor-go.db",
                        "specs": [
                            [
                                ">=",
                                "3.7.0,<3.8.0"
                            ]
                        ]
                    },
                    {
                        "name": "bioconductor-graph",
                        "specs": [
                            [
                                ">=",
                                "1.60.0,<1.61.0"
                            ]
                        ]
                    },
                    {
                        "name": "bioconductor-org.hs.eg.db",
                        "specs": [
                            [
                                ">=",
                                "3.7.0,<3.8.0"
                            ]
                        ]
                    },
                    {
                        "name": "bioconductor-rbgl",
                        "specs": [
                            [
                                ">=",
                                "1.58.0,<1.59.0"
                            ]
                        ]
                    },
                    {
                        "name": "bioconductor-topgo",
                        "specs": [
                            [
                                ">=",
                                "2.34.0,<2.35.0"
                            ]
                        ]
                    },
                    {
                        "name": "libcxx",
                        "specs": [
                            [
                                ">=",
                                "4.0.1"
                            ]
                        ]
                    },
                    {
                        "name": "r-base",
                        "specs": [
                            [
                                ">=",
                                "3.5.1,<3.5.2.0a0"
                            ]
                        ]
                    },
                    {
                        "name": "r-cluster",
                        "specs": []
                    },
                    {
                        "name": "r-corpcor",
                        "specs": []
                    },
                    {
                        "name": "r-flexmix",
                        "specs": []
                    },
                    {
                        "name": "r-matrix",
                        "specs": []
                    },
                    {
                        "name": "r-rcpp",
                        "specs": []
                    }
                ]
            },
            "description": null,
            "distribution_type": "conda",
            "download_url": "//api.anaconda.org/download/bioconda/bioconductor-gosim/1.20.0/osx-64/bioconductor-gosim-1.20.0-r351h0a44026_0.tar.bz2",
            "full_name": "bioconda/bioconductor-gosim/1.20.0/osx-64/bioconductor-gosim-1.20.0-r351h0a44026_0.tar.bz2",
            "labels": [
                "gcc7",
                "main"
            ],
            "md5": "041969987bcbfb8a2b9194b89f4540f9",
            "ndownloads": 672,
            "owner": "bioconda",
            "size": 557054,
            "type": "conda",
            "upload_time": "2018-12-22 23:28:29.991000+00:00",
            "version": "1.20.0"
        },
        {
            "attrs": {
                "arch": "x86_64",
                "build": "r351hf484d3e_0",
                "build_number": 0,
                "depends": [
                    "bioconductor-annotate >=1.60.0,<1.61.0",
                    "bioconductor-annotationdbi >=1.44.0,<1.45.0",
                    "bioconductor-go.db >=3.7.0,<3.8.0",
                    "bioconductor-graph >=1.60.0,<1.61.0",
                    "bioconductor-org.hs.eg.db >=3.7.0,<3.8.0",
                    "bioconductor-rbgl >=1.58.0,<1.59.0",
                    "bioconductor-topgo >=2.34.0,<2.35.0",
                    "libgcc-ng >=7.3.0",
                    "libstdcxx-ng >=7.3.0",
                    "r-base >=3.5.1,<3.5.2.0a0",
                    "r-cluster",
                    "r-corpcor",
                    "r-flexmix",
                    "r-matrix",
                    "r-rcpp"
                ],
                "has_prefix": false,
                "license": "GPL (>= 2)",
                "machine": "x86_64",
                "operatingsystem": "linux",
                "platform": "linux",
                "subdir": "linux-64",
                "target-triplet": "x86_64-any-linux",
                "timestamp": 1546393979721
            },
            "basename": "linux-64/bioconductor-gosim-1.20.0-r351hf484d3e_0.tar.bz2",
            "dependencies": {
                "depends": [
                    {
                        "name": "bioconductor-annotate",
                        "specs": [
                            [
                                ">=",
                                "1.60.0,<1.61.0"
                            ]
                        ]
                    },
                    {
                        "name": "bioconductor-annotationdbi",
                        "specs": [
                            [
                                ">=",
                                "1.44.0,<1.45.0"
                            ]
                        ]
                    },
                    {
                        "name": "bioconductor-go.db",
                        "specs": [
                            [
                                ">=",
                                "3.7.0,<3.8.0"
                            ]
                        ]
                    },
                    {
                        "name": "bioconductor-graph",
                        "specs": [
                            [
                                ">=",
                                "1.60.0,<1.61.0"
                            ]
                        ]
                    },
                    {
                        "name": "bioconductor-org.hs.eg.db",
                        "specs": [
                            [
                                ">=",
                                "3.7.0,<3.8.0"
                            ]
                        ]
                    },
                    {
                        "name": "bioconductor-rbgl",
                        "specs": [
                            [
                                ">=",
                                "1.58.0,<1.59.0"
                            ]
                        ]
                    },
                    {
                        "name": "bioconductor-topgo",
                        "specs": [
                            [
                                ">=",
                                "2.34.0,<2.35.0"
                            ]
                        ]
                    },
                    {
                        "name": "libgcc-ng",
                        "specs": [
                            [
                                ">=",
                                "7.3.0"
                            ]
                        ]
                    },
                    {
                        "name": "libstdcxx-ng",
                        "specs": [
                            [
                                ">=",
                                "7.3.0"
                            ]
                        ]
                    },
                    {
                        "name": "r-base",
                        "specs": [
                            [
                                ">=",
                                "3.5.1,<3.5.2.0a0"
                            ]
                        ]
                    },
                    {
                        "name": "r-cluster",
                        "specs": []
                    },
                    {
                        "name": "r-corpcor",
                        "specs": []
                    },
                    {
                        "name": "r-flexmix",
                        "specs": []
                    },
                    {
                        "name": "r-matrix",
                        "specs": []
                    },
                    {
                        "name": "r-rcpp",
                        "specs": []
                    }
                ]
            },
            "description": null,
            "distribution_type": "conda",
            "download_url": "//api.anaconda.org/download/bioconda/bioconductor-gosim/1.20.0/linux-64/bioconductor-gosim-1.20.0-r351hf484d3e_0.tar.bz2",
            "full_name": "bioconda/bioconductor-gosim/1.20.0/linux-64/bioconductor-gosim-1.20.0-r351hf484d3e_0.tar.bz2",
            "labels": [
                "gcc7",
                "main"
            ],
            "md5": "b2fe6dde4f9bbffc6c00038ebec5f6ed",
            "ndownloads": 86,
            "owner": "bioconda",
            "size": 554549,
            "type": "conda",
            "upload_time": "2019-01-02 01:57:23.233000+00:00",
            "version": "1.20.0"
        },
        {
            "attrs": {
                "arch": "x86_64",
                "build": "r36h6de7cb9_1",
                "build_number": 1,
                "depends": [
                    "bioconductor-annotate >=1.62.0,<1.63.0",
                    "bioconductor-annotationdbi >=1.46.0,<1.47.0",
                    "bioconductor-go.db >=3.8.0,<3.9.0",
                    "bioconductor-graph >=1.62.0,<1.63.0",
                    "bioconductor-org.hs.eg.db >=3.8.0,<3.9.0",
                    "bioconductor-rbgl >=1.60.0,<1.61.0",
                    "bioconductor-topgo >=2.36.0,<2.37.0",
                    "libcxx >=4.0.1",
                    "r-base >=3.6,<3.7.0a0",
                    "r-cluster",
                    "r-corpcor",
                    "r-flexmix",
                    "r-matrix",
                    "r-rcpp"
                ],
                "has_prefix": true,
                "license": "GPL (>= 2)",
                "machine": "x86_64",
                "operatingsystem": "darwin",
                "platform": "osx",
                "subdir": "osx-64",
                "target-triplet": "x86_64-any-darwin",
                "timestamp": 1564688674813
            },
            "basename": "osx-64/bioconductor-gosim-1.22.0-r36h6de7cb9_1.tar.bz2",
            "dependencies": {
                "depends": [
                    {
                        "name": "bioconductor-annotate",
                        "specs": [
                            [
                                ">=",
                                "1.62.0,<1.63.0"
                            ]
                        ]
                    },
                    {
                        "name": "bioconductor-annotationdbi",
                        "specs": [
                            [
                                ">=",
                                "1.46.0,<1.47.0"
                            ]
                        ]
                    },
                    {
                        "name": "bioconductor-go.db",
                        "specs": [
                            [
                                ">=",
                                "3.8.0,<3.9.0"
                            ]
                        ]
                    },
                    {
                        "name": "bioconductor-graph",
                        "specs": [
                            [
                                ">=",
                                "1.62.0,<1.63.0"
                            ]
                        ]
                    },
                    {
                        "name": "bioconductor-org.hs.eg.db",
                        "specs": [
                            [
                                ">=",
                                "3.8.0,<3.9.0"
                            ]
                        ]
                    },
                    {
                        "name": "bioconductor-rbgl",
                        "specs": [
                            [
                                ">=",
                                "1.60.0,<1.61.0"
                            ]
                        ]
                    },
                    {
                        "name": "bioconductor-topgo",
                        "specs": [
                            [
                                ">=",
                                "2.36.0,<2.37.0"
                            ]
                        ]
                    },
                    {
                        "name": "libcxx",
                        "specs": [
                            [
                                ">=",
                                "4.0.1"
                            ]
                        ]
                    },
                    {
                        "name": "r-base",
                        "specs": [
                            [
                                ">=",
                                "3.6,<3.7.0a0"
                            ]
                        ]
                    },
                    {
                        "name": "r-cluster",
                        "specs": []
                    },
                    {
                        "name": "r-corpcor",
                        "specs": []
                    },
                    {
                        "name": "r-flexmix",
                        "specs": []
                    },
                    {
                        "name": "r-matrix",
                        "specs": []
                    },
                    {
                        "name": "r-rcpp",
                        "specs": []
                    }
                ]
            },
            "description": null,
            "distribution_type": "conda",
            "download_url": "//api.anaconda.org/download/bioconda/bioconductor-gosim/1.22.0/osx-64/bioconductor-gosim-1.22.0-r36h6de7cb9_1.tar.bz2",
            "full_name": "bioconda/bioconductor-gosim/1.22.0/osx-64/bioconductor-gosim-1.22.0-r36h6de7cb9_1.tar.bz2",
            "labels": [
                "main"
            ],
            "md5": "c94be9d77b6026b2592dc18686e9352e",
            "ndownloads": 325,
            "owner": "bioconda",
            "size": 558331,
            "type": "conda",
            "upload_time": "2019-08-01 19:47:16.046000+00:00",
            "version": "1.22.0"
        },
        {
            "attrs": {
                "arch": "x86_64",
                "build": "r36he1b5a44_1",
                "build_number": 1,
                "depends": [
                    "bioconductor-annotate >=1.62.0,<1.63.0",
                    "bioconductor-annotationdbi >=1.46.0,<1.47.0",
                    "bioconductor-go.db >=3.8.0,<3.9.0",
                    "bioconductor-graph >=1.62.0,<1.63.0",
                    "bioconductor-org.hs.eg.db >=3.8.0,<3.9.0",
                    "bioconductor-rbgl >=1.60.0,<1.61.0",
                    "bioconductor-topgo >=2.36.0,<2.37.0",
                    "libgcc-ng >=7.3.0",
                    "libstdcxx-ng >=7.3.0",
                    "r-base >=3.6,<3.7.0a0",
                    "r-cluster",
                    "r-corpcor",
                    "r-flexmix",
                    "r-matrix",
                    "r-rcpp"
                ],
                "has_prefix": false,
                "license": "GPL (>= 2)",
                "machine": "x86_64",
                "operatingsystem": "linux",
                "platform": "linux",
                "subdir": "linux-64",
                "target-triplet": "x86_64-any-linux",
                "timestamp": 1565126503346
            },
            "basename": "linux-64/bioconductor-gosim-1.22.0-r36he1b5a44_1.tar.bz2",
            "dependencies": {
                "depends": [
                    {
                        "name": "bioconductor-annotate",
                        "specs": [
                            [
                                ">=",
                                "1.62.0,<1.63.0"
                            ]
                        ]
                    },
                    {
                        "name": "bioconductor-annotationdbi",
                        "specs": [
                            [
                                ">=",
                                "1.46.0,<1.47.0"
                            ]
                        ]
                    },
                    {
                        "name": "bioconductor-go.db",
                        "specs": [
                            [
                                ">=",
                                "3.8.0,<3.9.0"
                            ]
                        ]
                    },
                    {
                        "name": "bioconductor-graph",
                        "specs": [
                            [
                                ">=",
                                "1.62.0,<1.63.0"
                            ]
                        ]
                    },
                    {
                        "name": "bioconductor-org.hs.eg.db",
                        "specs": [
                            [
                                ">=",
                                "3.8.0,<3.9.0"
                            ]
                        ]
                    },
                    {
                        "name": "bioconductor-rbgl",
                        "specs": [
                            [
                                ">=",
                                "1.60.0,<1.61.0"
                            ]
                        ]
                    },
                    {
                        "name": "bioconductor-topgo",
                        "specs": [
                            [
                                ">=",
                                "2.36.0,<2.37.0"
                            ]
                        ]
                    },
                    {
                        "name": "libgcc-ng",
                        "specs": [
                            [
                                ">=",
                                "7.3.0"
                            ]
                        ]
                    },
                    {
                        "name": "libstdcxx-ng",
                        "specs": [
                            [
                                ">=",
                                "7.3.0"
                            ]
                        ]
                    },
                    {
                        "name": "r-base",
                        "specs": [
                            [
                                ">=",
                                "3.6,<3.7.0a0"
                            ]
                        ]
                    },
                    {
                        "name": "r-cluster",
                        "specs": []
                    },
                    {
                        "name": "r-corpcor",
                        "specs": []
                    },
                    {
                        "name": "r-flexmix",
                        "specs": []
                    },
                    {
                        "name": "r-matrix",
                        "specs": []
                    },
                    {
                        "name": "r-rcpp",
                        "specs": []
                    }
                ]
            },
            "description": null,
            "distribution_type": "conda",
            "download_url": "//api.anaconda.org/download/bioconda/bioconductor-gosim/1.22.0/linux-64/bioconductor-gosim-1.22.0-r36he1b5a44_1.tar.bz2",
            "full_name": "bioconda/bioconductor-gosim/1.22.0/linux-64/bioconductor-gosim-1.22.0-r36he1b5a44_1.tar.bz2",
            "labels": [
                "main"
            ],
            "md5": "81a382d94cf83715a0684da844f44237",
            "ndownloads": 39,
            "owner": "bioconda",
            "size": 555761,
            "type": "conda",
            "upload_time": "2019-08-06 21:27:43.654000+00:00",
            "version": "1.22.0"
        },
        {
            "attrs": {
                "arch": "x86_64",
                "build": "r36h6de7cb9_0",
                "build_number": 0,
                "depends": [
                    "bioconductor-annotate >=1.64.0,<1.65.0",
                    "bioconductor-annotationdbi >=1.48.0,<1.49.0",
                    "bioconductor-go.db >=3.10.0,<3.11.0",
                    "bioconductor-graph >=1.64.0,<1.65.0",
                    "bioconductor-org.hs.eg.db >=3.10.0,<3.11.0",
                    "bioconductor-rbgl >=1.62.0,<1.63.0",
                    "bioconductor-topgo >=2.37.0,<2.38.0",
                    "libcxx >=4.0.1",
                    "r-base >=3.6,<3.7.0a0",
                    "r-cluster",
                    "r-corpcor",
                    "r-flexmix",
                    "r-matrix",
                    "r-rcpp"
                ],
                "has_prefix": true,
                "license": "GPL (>= 2)",
                "machine": "x86_64",
                "operatingsystem": "darwin",
                "platform": "osx",
                "subdir": "osx-64",
                "target-triplet": "x86_64-any-darwin",
                "timestamp": 1572656070713
            },
            "basename": "osx-64/bioconductor-gosim-1.24.0-r36h6de7cb9_0.tar.bz2",
            "dependencies": {
                "depends": [
                    {
                        "name": "bioconductor-annotate",
                        "specs": [
                            [
                                ">=",
                                "1.64.0,<1.65.0"
                            ]
                        ]
                    },
                    {
                        "name": "bioconductor-annotationdbi",
                        "specs": [
                            [
                                ">=",
                                "1.48.0,<1.49.0"
                            ]
                        ]
                    },
                    {
                        "name": "bioconductor-go.db",
                        "specs": [
                            [
                                ">=",
                                "3.10.0,<3.11.0"
                            ]
                        ]
                    },
                    {
                        "name": "bioconductor-graph",
                        "specs": [
                            [
                                ">=",
                                "1.64.0,<1.65.0"
                            ]
                        ]
                    },
                    {
                        "name": "bioconductor-org.hs.eg.db",
                        "specs": [
                            [
                                ">=",
                                "3.10.0,<3.11.0"
                            ]
                        ]
                    },
                    {
                        "name": "bioconductor-rbgl",
                        "specs": [
                            [
                                ">=",
                                "1.62.0,<1.63.0"
                            ]
                        ]
                    },
                    {
                        "name": "bioconductor-topgo",
                        "specs": [
                            [
                                ">=",
                                "2.37.0,<2.38.0"
                            ]
                        ]
                    },
                    {
                        "name": "libcxx",
                        "specs": [
                            [
                                ">=",
                                "4.0.1"
                            ]
                        ]
                    },
                    {
                        "name": "r-base",
                        "specs": [
                            [
                                ">=",
                                "3.6,<3.7.0a0"
                            ]
                        ]
                    },
                    {
                        "name": "r-cluster",
                        "specs": []
                    },
                    {
                        "name": "r-corpcor",
                        "specs": []
                    },
                    {
                        "name": "r-flexmix",
                        "specs": []
                    },
                    {
                        "name": "r-matrix",
                        "specs": []
                    },
                    {
                        "name": "r-rcpp",
                        "specs": []
                    }
                ]
            },
            "description": null,
            "distribution_type": "conda",
            "download_url": "//api.anaconda.org/download/bioconda/bioconductor-gosim/1.24.0/osx-64/bioconductor-gosim-1.24.0-r36h6de7cb9_0.tar.bz2",
            "full_name": "bioconda/bioconductor-gosim/1.24.0/osx-64/bioconductor-gosim-1.24.0-r36h6de7cb9_0.tar.bz2",
            "labels": [
                "main"
            ],
            "md5": "ac23a519364ad25ac398ee4c147adfbb",
            "ndownloads": 158,
            "owner": "bioconda",
            "size": 569819,
            "type": "conda",
            "upload_time": "2019-11-02 00:56:23.992000+00:00",
            "version": "1.24.0"
        },
        {
            "attrs": {
                "arch": "x86_64",
                "build": "r36he1b5a44_0",
                "build_number": 0,
                "depends": [
                    "bioconductor-annotate >=1.64.0,<1.65.0",
                    "bioconductor-annotationdbi >=1.48.0,<1.49.0",
                    "bioconductor-go.db >=3.10.0,<3.11.0",
                    "bioconductor-graph >=1.64.0,<1.65.0",
                    "bioconductor-org.hs.eg.db >=3.10.0,<3.11.0",
                    "bioconductor-rbgl >=1.62.0,<1.63.0",
                    "bioconductor-topgo >=2.37.0,<2.38.0",
                    "libgcc-ng >=7.3.0",
                    "libstdcxx-ng >=7.3.0",
                    "r-base >=3.6,<3.7.0a0",
                    "r-cluster",
                    "r-corpcor",
                    "r-flexmix",
                    "r-matrix",
                    "r-rcpp"
                ],
                "has_prefix": false,
                "license": "GPL (>= 2)",
                "machine": "x86_64",
                "operatingsystem": "linux",
                "platform": "linux",
                "subdir": "linux-64",
                "target-triplet": "x86_64-any-linux",
                "timestamp": 1572880753987
            },
            "basename": "linux-64/bioconductor-gosim-1.24.0-r36he1b5a44_0.tar.bz2",
            "dependencies": {
                "depends": [
                    {
                        "name": "bioconductor-annotate",
                        "specs": [
                            [
                                ">=",
                                "1.64.0,<1.65.0"
                            ]
                        ]
                    },
                    {
                        "name": "bioconductor-annotationdbi",
                        "specs": [
                            [
                                ">=",
                                "1.48.0,<1.49.0"
                            ]
                        ]
                    },
                    {
                        "name": "bioconductor-go.db",
                        "specs": [
                            [
                                ">=",
                                "3.10.0,<3.11.0"
                            ]
                        ]
                    },
                    {
                        "name": "bioconductor-graph",
                        "specs": [
                            [
                                ">=",
                                "1.64.0,<1.65.0"
                            ]
                        ]
                    },
                    {
                        "name": "bioconductor-org.hs.eg.db",
                        "specs": [
                            [
                                ">=",
                                "3.10.0,<3.11.0"
                            ]
                        ]
                    },
                    {
                        "name": "bioconductor-rbgl",
                        "specs": [
                            [
                                ">=",
                                "1.62.0,<1.63.0"
                            ]
                        ]
                    },
                    {
                        "name": "bioconductor-topgo",
                        "specs": [
                            [
                                ">=",
                                "2.37.0,<2.38.0"
                            ]
                        ]
                    },
                    {
                        "name": "libgcc-ng",
                        "specs": [
                            [
                                ">=",
                                "7.3.0"
                            ]
                        ]
                    },
                    {
                        "name": "libstdcxx-ng",
                        "specs": [
                            [
                                ">=",
                                "7.3.0"
                            ]
                        ]
                    },
                    {
                        "name": "r-base",
                        "specs": [
                            [
                                ">=",
                                "3.6,<3.7.0a0"
                            ]
                        ]
                    },
                    {
                        "name": "r-cluster",
                        "specs": []
                    },
                    {
                        "name": "r-corpcor",
                        "specs": []
                    },
                    {
                        "name": "r-flexmix",
                        "specs": []
                    },
                    {
                        "name": "r-matrix",
                        "specs": []
                    },
                    {
                        "name": "r-rcpp",
                        "specs": []
                    }
                ]
            },
            "description": null,
            "distribution_type": "conda",
            "download_url": "//api.anaconda.org/download/bioconda/bioconductor-gosim/1.24.0/linux-64/bioconductor-gosim-1.24.0-r36he1b5a44_0.tar.bz2",
            "full_name": "bioconda/bioconductor-gosim/1.24.0/linux-64/bioconductor-gosim-1.24.0-r36he1b5a44_0.tar.bz2",
            "labels": [
                "main"
            ],
            "md5": "92c3b8e21c829be94610363728879c3e",
            "ndownloads": 28,
            "owner": "bioconda",
            "size": 568665,
            "type": "conda",
            "upload_time": "2019-11-04 15:26:17.629000+00:00",
            "version": "1.24.0"
        }
    ],
    "full_name": "bioconda/bioconductor-gosim",
    "home": "https://bioconductor.org/packages/3.8/bioc/html/GOSim.html",
    "html_url": "http://anaconda.org/bioconda/bioconductor-gosim",
    "id": "5c1ec89c036b860246a4b59d",
    "latest_version": "1.24.0",
    "license": "GPL (>= 2)",
    "license_url": null,
    "modified_at": "2019-11-04 15:26:18.403000+00:00",
    "name": "bioconductor-gosim",
    "owner": {
        "company": "",
        "created_at": "2015-09-11 22:59:20.880000+00:00",
        "description": "Bioconda is a distribution of bioinformatics software realized as a channel for the versatile Conda package manager.",
        "location": "",
        "login": "bioconda",
        "name": "bioconda",
        "url": "",
        "user_type": "org"
    },
    "package_types": [
        "conda"
    ],
    "public": true,
    "releases": [
        {
            "distributions": [],
            "full_name": "bioconda/bioconductor-gosim/1.20.0",
            "version": "1.20.0"
        },
        {
            "distributions": [],
            "full_name": "bioconda/bioconductor-gosim/1.22.0",
            "version": "1.22.0"
        },
        {
            "distributions": [],
            "full_name": "bioconda/bioconductor-gosim/1.24.0",
            "version": "1.24.0"
        }
    ],
    "revision": 6,
    "source_git_tag": null,
    "source_git_url": null,
    "summary": "Computation of functional similarities between GO terms and gene products; GO enrichment analysis",
    "upvoted": 0,
    "url": "http://api.anaconda.org/packages/bioconda/bioconductor-gosim",
    "versions": [
        "1.20.0",
        "1.22.0",
        "1.24.0"
    ],
    "watchers": 1
}