{
    "app_entry": {},
    "app_summary": {},
    "app_type": {},
    "builds": [
        "r351_0",
        "r36_1",
        "r36_0"
    ],
    "conda_platforms": [
        "noarch"
    ],
    "created_at": "2018-12-11 06:56:13.982000+00:00",
    "description": "systemPipeRdata is a helper package to generate with a single command NGS workflow templates that are intended to be used by its parent package systemPipeR. The latter is an environment for building end-to-end analysis pipelines with automated report generation for next generation sequence (NGS) applications such as RNA-Seq, RIBO-Seq, ChIP-Seq, VAR-Seq and many others. Detailed examples for using systemPipeRdata are given in systemPipeR's overview vignette.",
    "dev_url": null,
    "doc_url": null,
    "files": [
        {
            "attrs": {
                "arch": null,
                "build": "r351_0",
                "build_number": 0,
                "depends": [
                    "bioconductor-biocgenerics >=0.28.0,<0.29.0",
                    "r-base >=3.5.1,<3.5.2.0a0",
                    "wget"
                ],
                "has_prefix": false,
                "license": "Artistic-2.0",
                "machine": null,
                "noarch": "generic",
                "operatingsystem": null,
                "platform": null,
                "subdir": "noarch",
                "target-triplet": "None-any-None",
                "timestamp": 1544511133924
            },
            "basename": "noarch/bioconductor-systempiperdata-1.10.0-r351_0.tar.bz2",
            "dependencies": {
                "depends": [
                    {
                        "name": "bioconductor-biocgenerics",
                        "specs": [
                            [
                                ">=",
                                "0.28.0,<0.29.0"
                            ]
                        ]
                    },
                    {
                        "name": "r-base",
                        "specs": [
                            [
                                ">=",
                                "3.5.1,<3.5.2.0a0"
                            ]
                        ]
                    },
                    {
                        "name": "wget",
                        "specs": []
                    }
                ]
            },
            "description": null,
            "distribution_type": "conda",
            "download_url": "//api.anaconda.org/download/bioconda/bioconductor-systempiperdata/1.10.0/noarch/bioconductor-systempiperdata-1.10.0-r351_0.tar.bz2",
            "full_name": "bioconda/bioconductor-systempiperdata/1.10.0/noarch/bioconductor-systempiperdata-1.10.0-r351_0.tar.bz2",
            "labels": [
                "gcc7",
                "main"
            ],
            "md5": "2401595399e8b0cc1feb8c62070c5570",
            "ndownloads": 92,
            "owner": "bioconda",
            "size": 6254,
            "type": "conda",
            "upload_time": "2018-12-11 06:56:14.768000+00:00",
            "version": "1.10.0"
        },
        {
            "attrs": {
                "arch": null,
                "build": "r36_1",
                "build_number": 1,
                "depends": [
                    "bioconductor-biocgenerics >=0.30.0,<0.31.0",
                    "curl >=7.65.3,<8.0a0",
                    "r-base >=3.6,<3.7.0a0"
                ],
                "has_prefix": false,
                "license": "Artistic-2.0",
                "machine": null,
                "noarch": "generic",
                "operatingsystem": null,
                "platform": null,
                "subdir": "noarch",
                "target-triplet": "None-any-None",
                "timestamp": 1563733087119
            },
            "basename": "noarch/bioconductor-systempiperdata-1.12.0-r36_1.tar.bz2",
            "dependencies": {
                "depends": [
                    {
                        "name": "bioconductor-biocgenerics",
                        "specs": [
                            [
                                ">=",
                                "0.30.0,<0.31.0"
                            ]
                        ]
                    },
                    {
                        "name": "curl",
                        "specs": [
                            [
                                ">=",
                                "7.65.3,<8.0a0"
                            ]
                        ]
                    },
                    {
                        "name": "r-base",
                        "specs": [
                            [
                                ">=",
                                "3.6,<3.7.0a0"
                            ]
                        ]
                    }
                ]
            },
            "description": null,
            "distribution_type": "conda",
            "download_url": "//api.anaconda.org/download/bioconda/bioconductor-systempiperdata/1.12.0/noarch/bioconductor-systempiperdata-1.12.0-r36_1.tar.bz2",
            "full_name": "bioconda/bioconductor-systempiperdata/1.12.0/noarch/bioconductor-systempiperdata-1.12.0-r36_1.tar.bz2",
            "labels": [
                "main"
            ],
            "md5": "960391c3ec62cc4f7c85c3d5a39a218b",
            "ndownloads": 32,
            "owner": "bioconda",
            "size": 6810,
            "type": "conda",
            "upload_time": "2019-07-21 18:23:28.304000+00:00",
            "version": "1.12.0"
        },
        {
            "attrs": {
                "arch": null,
                "build": "r36_0",
                "build_number": 0,
                "depends": [
                    "bioconductor-biocgenerics >=0.32.0,<0.33.0",
                    "curl >=7.65.3,<8.0a0",
                    "r-base >=3.6,<3.7.0a0"
                ],
                "has_prefix": false,
                "license": "Artistic-2.0",
                "machine": null,
                "noarch": "generic",
                "operatingsystem": null,
                "platform": null,
                "subdir": "noarch",
                "target-triplet": "None-any-None",
                "timestamp": 1573075941194
            },
            "basename": "noarch/bioconductor-systempiperdata-1.14.0-r36_0.tar.bz2",
            "dependencies": {
                "depends": [
                    {
                        "name": "bioconductor-biocgenerics",
                        "specs": [
                            [
                                ">=",
                                "0.32.0,<0.33.0"
                            ]
                        ]
                    },
                    {
                        "name": "curl",
                        "specs": [
                            [
                                ">=",
                                "7.65.3,<8.0a0"
                            ]
                        ]
                    },
                    {
                        "name": "r-base",
                        "specs": [
                            [
                                ">=",
                                "3.6,<3.7.0a0"
                            ]
                        ]
                    }
                ]
            },
            "description": null,
            "distribution_type": "conda",
            "download_url": "//api.anaconda.org/download/bioconda/bioconductor-systempiperdata/1.14.0/noarch/bioconductor-systempiperdata-1.14.0-r36_0.tar.bz2",
            "full_name": "bioconda/bioconductor-systempiperdata/1.14.0/noarch/bioconductor-systempiperdata-1.14.0-r36_0.tar.bz2",
            "labels": [
                "main"
            ],
            "md5": "9e3cef17adaf0acf01d512878526661e",
            "ndownloads": 19,
            "owner": "bioconda",
            "size": 6940,
            "type": "conda",
            "upload_time": "2019-11-06 21:38:00.034000+00:00",
            "version": "1.14.0"
        }
    ],
    "full_name": "bioconda/bioconductor-systempiperdata",
    "home": "https://bioconductor.org/packages/3.8/data/experiment/html/systemPipeRdata.html",
    "html_url": "http://anaconda.org/bioconda/bioconductor-systempiperdata",
    "id": "5c0f5f8d036b861354e6225a",
    "latest_version": "1.14.0",
    "license": "Artistic-2.0",
    "license_url": null,
    "modified_at": "2019-11-06 23:27:41+00:00",
    "name": "bioconductor-systempiperdata",
    "owner": {
        "company": "",
        "created_at": "2015-09-11 22:59:20.880000+00:00",
        "description": "Bioconda is a distribution of bioinformatics software realized as a channel for the versatile Conda package manager.",
        "location": "",
        "login": "bioconda",
        "name": "bioconda",
        "url": "",
        "user_type": "org"
    },
    "package_types": [
        "conda"
    ],
    "public": true,
    "releases": [
        {
            "distributions": [],
            "full_name": "bioconda/bioconductor-systempiperdata/1.10.0",
            "version": "1.10.0"
        },
        {
            "distributions": [],
            "full_name": "bioconda/bioconductor-systempiperdata/1.12.0",
            "version": "1.12.0"
        },
        {
            "distributions": [],
            "full_name": "bioconda/bioconductor-systempiperdata/1.13.5",
            "version": "1.13.5"
        },
        {
            "distributions": [],
            "full_name": "bioconda/bioconductor-systempiperdata/1.14.0",
            "version": "1.14.0"
        }
    ],
    "revision": 8,
    "source_git_tag": null,
    "source_git_url": null,
    "summary": "systemPipeRdata: NGS workflow templates and sample data",
    "upvoted": 0,
    "url": "http://api.anaconda.org/packages/bioconda/bioconductor-systempiperdata",
    "versions": [
        "1.10.0",
        "1.12.0",
        "1.13.5",
        "1.14.0"
    ],
    "watchers": 1
}