{
    "app_entry": {},
    "app_summary": {},
    "app_type": {},
    "builds": [
        "r351_0",
        "r351_1",
        "r36_3",
        "r36_2"
    ],
    "conda_platforms": [
        "noarch"
    ],
    "created_at": "2019-01-09 06:34:12.427000+00:00",
    "description": "",
    "dev_url": null,
    "doc_url": null,
    "files": [
        {
            "attrs": {
                "arch": null,
                "build": "r351_0",
                "build_number": 0,
                "depends": [
                    "r-base >=3.5.1,<3.5.2.0a0",
                    "wget"
                ],
                "has_prefix": false,
                "license": "GPL",
                "machine": null,
                "noarch": "generic",
                "operatingsystem": null,
                "platform": null,
                "subdir": "noarch",
                "target-triplet": "None-any-None",
                "timestamp": 1547015479763
            },
            "basename": "noarch/bioconductor-hapmap370k-1.0.1-r351_0.tar.bz2",
            "dependencies": {
                "depends": [
                    {
                        "name": "r-base",
                        "specs": [
                            [
                                ">=",
                                "3.5.1,<3.5.2.0a0"
                            ]
                        ]
                    },
                    {
                        "name": "wget",
                        "specs": []
                    }
                ]
            },
            "description": null,
            "distribution_type": "conda",
            "download_url": "//api.anaconda.org/download/bioconda/bioconductor-hapmap370k/1.0.1/noarch/bioconductor-hapmap370k-1.0.1-r351_0.tar.bz2",
            "full_name": "bioconda/bioconductor-hapmap370k/1.0.1/noarch/bioconductor-hapmap370k-1.0.1-r351_0.tar.bz2",
            "labels": [
                "gcc7",
                "main"
            ],
            "md5": "beb66276705ee3370e746a7f600eabc7",
            "ndownloads": 65,
            "owner": "bioconda",
            "size": 6116,
            "type": "conda",
            "upload_time": "2019-01-09 06:34:13.102000+00:00",
            "version": "1.0.1"
        },
        {
            "attrs": {
                "arch": null,
                "build": "r351_1",
                "build_number": 1,
                "depends": [
                    "curl >=7.64.1,<8.0a0",
                    "r-base >=3.5.1,<3.5.2.0a0"
                ],
                "has_prefix": false,
                "license": "GPL",
                "machine": null,
                "noarch": "generic",
                "operatingsystem": null,
                "platform": null,
                "subdir": "noarch",
                "target-triplet": "None-any-None",
                "timestamp": 1557615508481
            },
            "basename": "noarch/bioconductor-hapmap370k-1.0.1-r351_1.tar.bz2",
            "dependencies": {
                "depends": [
                    {
                        "name": "curl",
                        "specs": [
                            [
                                ">=",
                                "7.64.1,<8.0a0"
                            ]
                        ]
                    },
                    {
                        "name": "r-base",
                        "specs": [
                            [
                                ">=",
                                "3.5.1,<3.5.2.0a0"
                            ]
                        ]
                    }
                ]
            },
            "description": null,
            "distribution_type": "conda",
            "download_url": "//api.anaconda.org/download/bioconda/bioconductor-hapmap370k/1.0.1/noarch/bioconductor-hapmap370k-1.0.1-r351_1.tar.bz2",
            "full_name": "bioconda/bioconductor-hapmap370k/1.0.1/noarch/bioconductor-hapmap370k-1.0.1-r351_1.tar.bz2",
            "labels": [
                "main"
            ],
            "md5": "31d67126a04449eb2ed5d6d15e6ec975",
            "ndownloads": 59,
            "owner": "bioconda",
            "size": 6032,
            "type": "conda",
            "upload_time": "2019-05-11 23:02:44+00:00",
            "version": "1.0.1"
        },
        {
            "attrs": {
                "arch": null,
                "build": "r36_2",
                "build_number": 2,
                "depends": [
                    "curl >=7.65.2,<8.0a0",
                    "r-base >=3.6,<3.7.0a0"
                ],
                "has_prefix": false,
                "license": "GPL",
                "machine": null,
                "noarch": "generic",
                "operatingsystem": null,
                "platform": null,
                "subdir": "noarch",
                "target-triplet": "None-any-None",
                "timestamp": 1563421926939
            },
            "basename": "noarch/bioconductor-hapmap370k-1.0.1-r36_2.tar.bz2",
            "dependencies": {
                "depends": [
                    {
                        "name": "curl",
                        "specs": [
                            [
                                ">=",
                                "7.65.2,<8.0a0"
                            ]
                        ]
                    },
                    {
                        "name": "r-base",
                        "specs": [
                            [
                                ">=",
                                "3.6,<3.7.0a0"
                            ]
                        ]
                    }
                ]
            },
            "description": null,
            "distribution_type": "conda",
            "download_url": "//api.anaconda.org/download/bioconda/bioconductor-hapmap370k/1.0.1/noarch/bioconductor-hapmap370k-1.0.1-r36_2.tar.bz2",
            "full_name": "bioconda/bioconductor-hapmap370k/1.0.1/noarch/bioconductor-hapmap370k-1.0.1-r36_2.tar.bz2",
            "labels": [
                "main"
            ],
            "md5": "43be19fcf26065300632603324381a66",
            "ndownloads": 29,
            "owner": "bioconda",
            "size": 6341,
            "type": "conda",
            "upload_time": "2019-07-18 03:56:19.678000+00:00",
            "version": "1.0.1"
        },
        {
            "attrs": {
                "arch": null,
                "build": "r36_3",
                "build_number": 3,
                "depends": [
                    "curl >=7.65.3,<8.0a0",
                    "r-base >=3.6,<3.7.0a0"
                ],
                "has_prefix": false,
                "license": "GPL",
                "machine": null,
                "noarch": "generic",
                "operatingsystem": null,
                "platform": null,
                "subdir": "noarch",
                "target-triplet": "None-any-None",
                "timestamp": 1572601148135
            },
            "basename": "noarch/bioconductor-hapmap370k-1.0.1-r36_3.tar.bz2",
            "dependencies": {
                "depends": [
                    {
                        "name": "curl",
                        "specs": [
                            [
                                ">=",
                                "7.65.3,<8.0a0"
                            ]
                        ]
                    },
                    {
                        "name": "r-base",
                        "specs": [
                            [
                                ">=",
                                "3.6,<3.7.0a0"
                            ]
                        ]
                    }
                ]
            },
            "description": null,
            "distribution_type": "conda",
            "download_url": "//api.anaconda.org/download/bioconda/bioconductor-hapmap370k/1.0.1/noarch/bioconductor-hapmap370k-1.0.1-r36_3.tar.bz2",
            "full_name": "bioconda/bioconductor-hapmap370k/1.0.1/noarch/bioconductor-hapmap370k-1.0.1-r36_3.tar.bz2",
            "labels": [
                "main"
            ],
            "md5": "3f4481e9de198bfe58780d6321e4978e",
            "ndownloads": 16,
            "owner": "bioconda",
            "size": 17475,
            "type": "conda",
            "upload_time": "2019-11-01 09:43:31.139000+00:00",
            "version": "1.0.1"
        }
    ],
    "full_name": "bioconda/bioconductor-hapmap370k",
    "home": "https://bioconductor.org/packages/3.8/data/annotation/html/hapmap370k.html",
    "html_url": "http://anaconda.org/bioconda/bioconductor-hapmap370k",
    "id": "5c3595e4d9c2cf13551185c4",
    "latest_version": "1.0.1",
    "license": "GPL",
    "license_url": null,
    "modified_at": "2019-11-01 09:43:31.400000+00:00",
    "name": "bioconductor-hapmap370k",
    "owner": {
        "company": "",
        "created_at": "2015-09-11 22:59:20.880000+00:00",
        "description": "Bioconda is a distribution of bioinformatics software realized as a channel for the versatile Conda package manager.",
        "location": "",
        "login": "bioconda",
        "name": "bioconda",
        "url": "",
        "user_type": "org"
    },
    "package_types": [
        "conda"
    ],
    "public": true,
    "releases": [
        {
            "distributions": [],
            "full_name": "bioconda/bioconductor-hapmap370k/1.0.1",
            "version": "1.0.1"
        }
    ],
    "revision": 2,
    "source_git_tag": null,
    "source_git_url": null,
    "summary": "Example HapMap data from Illumina 370k BeadChips",
    "upvoted": 0,
    "url": "http://api.anaconda.org/packages/bioconda/bioconductor-hapmap370k",
    "versions": [
        "1.0.1"
    ],
    "watchers": 1
}