{
    "app_entry": {},
    "app_summary": {},
    "app_type": {},
    "builds": [
        "r351_0",
        "r36_1",
        "r36_0"
    ],
    "conda_platforms": [
        "noarch"
    ],
    "created_at": "2019-01-03 22:31:57.665000+00:00",
    "description": "Detection and visualizations of gross chromosomal aberrations using Affymetrix expression microarrays as input",
    "dev_url": null,
    "doc_url": null,
    "files": [
        {
            "attrs": {
                "arch": null,
                "build": "r351_0",
                "build_number": 0,
                "depends": [
                    "bioconductor-affy >=1.60.0,<1.61.0",
                    "bioconductor-annotate >=1.60.0,<1.61.0",
                    "bioconductor-biobase >=2.42.0,<2.43.0",
                    "bioconductor-biovizbase >=1.30.0,<1.31.0",
                    "bioconductor-genomicranges >=1.34.0,<1.35.0",
                    "bioconductor-ggbio >=1.30.0,<1.31.0",
                    "bioconductor-iranges >=2.16.0,<2.17.0",
                    "r-base >=3.5.1,<3.5.2.0a0",
                    "r-ggplot2",
                    "r-gridextra"
                ],
                "has_prefix": false,
                "license": "GPL-3",
                "machine": null,
                "noarch": "generic",
                "operatingsystem": null,
                "platform": null,
                "subdir": "noarch",
                "target-triplet": "None-any-None",
                "timestamp": 1546554396248
            },
            "basename": "noarch/bioconductor-cafe-1.18.0-r351_0.tar.bz2",
            "dependencies": {
                "depends": [
                    {
                        "name": "bioconductor-affy",
                        "specs": [
                            [
                                ">=",
                                "1.60.0,<1.61.0"
                            ]
                        ]
                    },
                    {
                        "name": "bioconductor-annotate",
                        "specs": [
                            [
                                ">=",
                                "1.60.0,<1.61.0"
                            ]
                        ]
                    },
                    {
                        "name": "bioconductor-biobase",
                        "specs": [
                            [
                                ">=",
                                "2.42.0,<2.43.0"
                            ]
                        ]
                    },
                    {
                        "name": "bioconductor-biovizbase",
                        "specs": [
                            [
                                ">=",
                                "1.30.0,<1.31.0"
                            ]
                        ]
                    },
                    {
                        "name": "bioconductor-genomicranges",
                        "specs": [
                            [
                                ">=",
                                "1.34.0,<1.35.0"
                            ]
                        ]
                    },
                    {
                        "name": "bioconductor-ggbio",
                        "specs": [
                            [
                                ">=",
                                "1.30.0,<1.31.0"
                            ]
                        ]
                    },
                    {
                        "name": "bioconductor-iranges",
                        "specs": [
                            [
                                ">=",
                                "2.16.0,<2.17.0"
                            ]
                        ]
                    },
                    {
                        "name": "r-base",
                        "specs": [
                            [
                                ">=",
                                "3.5.1,<3.5.2.0a0"
                            ]
                        ]
                    },
                    {
                        "name": "r-ggplot2",
                        "specs": []
                    },
                    {
                        "name": "r-gridextra",
                        "specs": []
                    }
                ]
            },
            "description": null,
            "distribution_type": "conda",
            "download_url": "//api.anaconda.org/download/bioconda/bioconductor-cafe/1.18.0/noarch/bioconductor-cafe-1.18.0-r351_0.tar.bz2",
            "full_name": "bioconda/bioconductor-cafe/1.18.0/noarch/bioconductor-cafe-1.18.0-r351_0.tar.bz2",
            "labels": [
                "gcc7",
                "main"
            ],
            "md5": "5f3483eed24e3e066b50866e1bbaf946",
            "ndownloads": 80,
            "owner": "bioconda",
            "size": 4432174,
            "type": "conda",
            "upload_time": "2019-01-03 22:31:58.360000+00:00",
            "version": "1.18.0"
        },
        {
            "attrs": {
                "arch": null,
                "build": "r36_1",
                "build_number": 1,
                "depends": [
                    "bioconductor-affy >=1.62.0,<1.63.0",
                    "bioconductor-annotate >=1.62.0,<1.63.0",
                    "bioconductor-biobase >=2.44.0,<2.45.0",
                    "bioconductor-biovizbase >=1.32.0,<1.33.0",
                    "bioconductor-genomicranges >=1.36.0,<1.37.0",
                    "bioconductor-ggbio >=1.32.0,<1.33.0",
                    "bioconductor-iranges >=2.18.0,<2.19.0",
                    "r-base >=3.6,<3.7.0a0",
                    "r-ggplot2",
                    "r-gridextra"
                ],
                "has_prefix": false,
                "license": "GPL-3",
                "machine": null,
                "noarch": "generic",
                "operatingsystem": null,
                "platform": null,
                "subdir": "noarch",
                "target-triplet": "None-any-None",
                "timestamp": 1565912476119
            },
            "basename": "noarch/bioconductor-cafe-1.20.0-r36_1.tar.bz2",
            "dependencies": {
                "depends": [
                    {
                        "name": "bioconductor-affy",
                        "specs": [
                            [
                                ">=",
                                "1.62.0,<1.63.0"
                            ]
                        ]
                    },
                    {
                        "name": "bioconductor-annotate",
                        "specs": [
                            [
                                ">=",
                                "1.62.0,<1.63.0"
                            ]
                        ]
                    },
                    {
                        "name": "bioconductor-biobase",
                        "specs": [
                            [
                                ">=",
                                "2.44.0,<2.45.0"
                            ]
                        ]
                    },
                    {
                        "name": "bioconductor-biovizbase",
                        "specs": [
                            [
                                ">=",
                                "1.32.0,<1.33.0"
                            ]
                        ]
                    },
                    {
                        "name": "bioconductor-genomicranges",
                        "specs": [
                            [
                                ">=",
                                "1.36.0,<1.37.0"
                            ]
                        ]
                    },
                    {
                        "name": "bioconductor-ggbio",
                        "specs": [
                            [
                                ">=",
                                "1.32.0,<1.33.0"
                            ]
                        ]
                    },
                    {
                        "name": "bioconductor-iranges",
                        "specs": [
                            [
                                ">=",
                                "2.18.0,<2.19.0"
                            ]
                        ]
                    },
                    {
                        "name": "r-base",
                        "specs": [
                            [
                                ">=",
                                "3.6,<3.7.0a0"
                            ]
                        ]
                    },
                    {
                        "name": "r-ggplot2",
                        "specs": []
                    },
                    {
                        "name": "r-gridextra",
                        "specs": []
                    }
                ]
            },
            "description": null,
            "distribution_type": "conda",
            "download_url": "//api.anaconda.org/download/bioconda/bioconductor-cafe/1.20.0/noarch/bioconductor-cafe-1.20.0-r36_1.tar.bz2",
            "full_name": "bioconda/bioconductor-cafe/1.20.0/noarch/bioconductor-cafe-1.20.0-r36_1.tar.bz2",
            "labels": [
                "main"
            ],
            "md5": "dccffd5c48cde01af0c4beb67e8ea5b3",
            "ndownloads": 28,
            "owner": "bioconda",
            "size": 4439722,
            "type": "conda",
            "upload_time": "2019-08-15 23:46:54.729000+00:00",
            "version": "1.20.0"
        },
        {
            "attrs": {
                "arch": null,
                "build": "r36_0",
                "build_number": 0,
                "depends": [
                    "bioconductor-affy >=1.64.0,<1.65.0",
                    "bioconductor-annotate >=1.64.0,<1.65.0",
                    "bioconductor-biobase >=2.46.0,<2.47.0",
                    "bioconductor-biovizbase >=1.34.0,<1.35.0",
                    "bioconductor-genomicranges >=1.38.0,<1.39.0",
                    "bioconductor-ggbio >=1.34.0,<1.35.0",
                    "bioconductor-iranges >=2.20.0,<2.21.0",
                    "r-base >=3.6,<3.7.0a0",
                    "r-ggplot2",
                    "r-gridextra"
                ],
                "has_prefix": false,
                "license": "GPL-3",
                "machine": null,
                "noarch": "generic",
                "operatingsystem": null,
                "platform": null,
                "subdir": "noarch",
                "target-triplet": "None-any-None",
                "timestamp": 1572914497363
            },
            "basename": "noarch/bioconductor-cafe-1.22.0-r36_0.tar.bz2",
            "dependencies": {
                "depends": [
                    {
                        "name": "bioconductor-affy",
                        "specs": [
                            [
                                ">=",
                                "1.64.0,<1.65.0"
                            ]
                        ]
                    },
                    {
                        "name": "bioconductor-annotate",
                        "specs": [
                            [
                                ">=",
                                "1.64.0,<1.65.0"
                            ]
                        ]
                    },
                    {
                        "name": "bioconductor-biobase",
                        "specs": [
                            [
                                ">=",
                                "2.46.0,<2.47.0"
                            ]
                        ]
                    },
                    {
                        "name": "bioconductor-biovizbase",
                        "specs": [
                            [
                                ">=",
                                "1.34.0,<1.35.0"
                            ]
                        ]
                    },
                    {
                        "name": "bioconductor-genomicranges",
                        "specs": [
                            [
                                ">=",
                                "1.38.0,<1.39.0"
                            ]
                        ]
                    },
                    {
                        "name": "bioconductor-ggbio",
                        "specs": [
                            [
                                ">=",
                                "1.34.0,<1.35.0"
                            ]
                        ]
                    },
                    {
                        "name": "bioconductor-iranges",
                        "specs": [
                            [
                                ">=",
                                "2.20.0,<2.21.0"
                            ]
                        ]
                    },
                    {
                        "name": "r-base",
                        "specs": [
                            [
                                ">=",
                                "3.6,<3.7.0a0"
                            ]
                        ]
                    },
                    {
                        "name": "r-ggplot2",
                        "specs": []
                    },
                    {
                        "name": "r-gridextra",
                        "specs": []
                    }
                ]
            },
            "description": null,
            "distribution_type": "conda",
            "download_url": "//api.anaconda.org/download/bioconda/bioconductor-cafe/1.22.0/noarch/bioconductor-cafe-1.22.0-r36_0.tar.bz2",
            "full_name": "bioconda/bioconductor-cafe/1.22.0/noarch/bioconductor-cafe-1.22.0-r36_0.tar.bz2",
            "labels": [
                "main"
            ],
            "md5": "f1bc8216c059083e44d27d64a6ffa3a7",
            "ndownloads": 22,
            "owner": "bioconda",
            "size": 4449284,
            "type": "conda",
            "upload_time": "2019-11-05 00:48:17.017000+00:00",
            "version": "1.22.0"
        }
    ],
    "full_name": "bioconda/bioconductor-cafe",
    "home": "https://bioconductor.org/packages/3.8/bioc/html/CAFE.html",
    "html_url": "http://anaconda.org/bioconda/bioconductor-cafe",
    "id": "5c2e8d5dd9c2cf046f6ae275",
    "latest_version": "1.22.0",
    "license": "GPL-3",
    "license_url": null,
    "modified_at": "2019-11-05 00:48:17.424000+00:00",
    "name": "bioconductor-cafe",
    "owner": {
        "company": "",
        "created_at": "2015-09-11 22:59:20.880000+00:00",
        "description": "Bioconda is a distribution of bioinformatics software realized as a channel for the versatile Conda package manager.",
        "location": "",
        "login": "bioconda",
        "name": "bioconda",
        "url": "",
        "user_type": "org"
    },
    "package_types": [
        "conda"
    ],
    "public": true,
    "releases": [
        {
            "distributions": [],
            "full_name": "bioconda/bioconductor-cafe/1.18.0",
            "version": "1.18.0"
        },
        {
            "distributions": [],
            "full_name": "bioconda/bioconductor-cafe/1.20.0",
            "version": "1.20.0"
        },
        {
            "distributions": [],
            "full_name": "bioconda/bioconductor-cafe/1.22.0",
            "version": "1.22.0"
        }
    ],
    "revision": 6,
    "source_git_tag": null,
    "source_git_url": null,
    "summary": "Chromosmal Aberrations Finder in Expression data",
    "upvoted": 0,
    "url": "http://api.anaconda.org/packages/bioconda/bioconductor-cafe",
    "versions": [
        "1.18.0",
        "1.20.0",
        "1.22.0"
    ],
    "watchers": 1
}