{
    "app_entry": {},
    "app_summary": {},
    "app_type": {},
    "builds": [
        "r351_0",
        "r36_1",
        "r36_0"
    ],
    "conda_platforms": [
        "noarch"
    ],
    "created_at": "2019-01-09 05:07:53.455000+00:00",
    "description": "We presented the Genotype-imputed Gene Set Enrichment Analysis (GIGSEA), a novel method that uses GWAS-and-eQTL-imputed trait-associated differential gene expression to interrogate gene set enrichment for the trait-associated SNPs. By incorporating eQTL from large gene expression studies, e.g. GTEx, GIGSEA appropriately addresses such challenges for SNP enrichment as gene size, gene boundary, SNP distal regulation, and multiple-marker regulation. The weighted linear regression model, taking as weights both imputation accuracy and model completeness, was used to perform the enrichment test, properly adjusting the bias due to redundancy in different gene sets. The permutation test, furthermore, is used to evaluate the significance of enrichment, whose efficiency can be largely elevated by expressing the computational intensive part in terms of large matrix operation. We have shown the appropriate type I error rates for GIGSEA (<5%), and the preliminary results also demonstrate its good performance to uncover the real signal.",
    "dev_url": null,
    "doc_url": null,
    "files": [
        {
            "attrs": {
                "arch": null,
                "build": "r351_0",
                "build_number": 0,
                "depends": [
                    "r-base >=3.5.1,<3.5.2.0a0",
                    "r-locfdr",
                    "r-mass",
                    "r-matrix"
                ],
                "has_prefix": false,
                "license": "LGPL-3",
                "machine": null,
                "noarch": "generic",
                "operatingsystem": null,
                "platform": null,
                "subdir": "noarch",
                "target-triplet": "None-any-None",
                "timestamp": 1547010312084
            },
            "basename": "noarch/bioconductor-gigsea-1.0.0-r351_0.tar.bz2",
            "dependencies": {
                "depends": [
                    {
                        "name": "r-base",
                        "specs": [
                            [
                                ">=",
                                "3.5.1,<3.5.2.0a0"
                            ]
                        ]
                    },
                    {
                        "name": "r-locfdr",
                        "specs": []
                    },
                    {
                        "name": "r-mass",
                        "specs": []
                    },
                    {
                        "name": "r-matrix",
                        "specs": []
                    }
                ]
            },
            "description": null,
            "distribution_type": "conda",
            "download_url": "//api.anaconda.org/download/bioconda/bioconductor-gigsea/1.0.0/noarch/bioconductor-gigsea-1.0.0-r351_0.tar.bz2",
            "full_name": "bioconda/bioconductor-gigsea/1.0.0/noarch/bioconductor-gigsea-1.0.0-r351_0.tar.bz2",
            "labels": [
                "gcc7",
                "main"
            ],
            "md5": "4e8009d2a8e1580f8661c627925fab7b",
            "ndownloads": 85,
            "owner": "bioconda",
            "size": 1897677,
            "type": "conda",
            "upload_time": "2019-01-09 05:07:54.335000+00:00",
            "version": "1.0.0"
        },
        {
            "attrs": {
                "arch": null,
                "build": "r351_0",
                "build_number": 0,
                "depends": [
                    "r-base >=3.5.1,<3.5.2.0a0",
                    "r-locfdr",
                    "r-mass",
                    "r-matrix"
                ],
                "has_prefix": false,
                "license": "LGPL-3",
                "machine": null,
                "noarch": "generic",
                "operatingsystem": null,
                "platform": null,
                "subdir": "noarch",
                "target-triplet": "None-any-None",
                "timestamp": 1557707804179
            },
            "basename": "noarch/bioconductor-gigsea-1.2.0-r351_0.tar.bz2",
            "dependencies": {
                "depends": [
                    {
                        "name": "r-base",
                        "specs": [
                            [
                                ">=",
                                "3.5.1,<3.5.2.0a0"
                            ]
                        ]
                    },
                    {
                        "name": "r-locfdr",
                        "specs": []
                    },
                    {
                        "name": "r-mass",
                        "specs": []
                    },
                    {
                        "name": "r-matrix",
                        "specs": []
                    }
                ]
            },
            "description": null,
            "distribution_type": "conda",
            "download_url": "//api.anaconda.org/download/bioconda/bioconductor-gigsea/1.2.0/noarch/bioconductor-gigsea-1.2.0-r351_0.tar.bz2",
            "full_name": "bioconda/bioconductor-gigsea/1.2.0/noarch/bioconductor-gigsea-1.2.0-r351_0.tar.bz2",
            "labels": [
                "main"
            ],
            "md5": "f50064581e5f40ae5240d1d5cf9678a4",
            "ndownloads": 70,
            "owner": "bioconda",
            "size": 1899795,
            "type": "conda",
            "upload_time": "2019-05-13 00:40:44.065000+00:00",
            "version": "1.2.0"
        },
        {
            "attrs": {
                "arch": null,
                "build": "r36_1",
                "build_number": 1,
                "depends": [
                    "r-base >=3.6,<3.7.0a0",
                    "r-locfdr",
                    "r-mass",
                    "r-matrix"
                ],
                "has_prefix": false,
                "license": "LGPL-3",
                "machine": null,
                "noarch": "generic",
                "operatingsystem": null,
                "platform": null,
                "subdir": "noarch",
                "target-triplet": "None-any-None",
                "timestamp": 1563563620825
            },
            "basename": "noarch/bioconductor-gigsea-1.2.0-r36_1.tar.bz2",
            "dependencies": {
                "depends": [
                    {
                        "name": "r-base",
                        "specs": [
                            [
                                ">=",
                                "3.6,<3.7.0a0"
                            ]
                        ]
                    },
                    {
                        "name": "r-locfdr",
                        "specs": []
                    },
                    {
                        "name": "r-mass",
                        "specs": []
                    },
                    {
                        "name": "r-matrix",
                        "specs": []
                    }
                ]
            },
            "description": null,
            "distribution_type": "conda",
            "download_url": "//api.anaconda.org/download/bioconda/bioconductor-gigsea/1.2.0/noarch/bioconductor-gigsea-1.2.0-r36_1.tar.bz2",
            "full_name": "bioconda/bioconductor-gigsea/1.2.0/noarch/bioconductor-gigsea-1.2.0-r36_1.tar.bz2",
            "labels": [
                "main"
            ],
            "md5": "95b9196fcc4e07bb311a541c94b0d838",
            "ndownloads": 35,
            "owner": "bioconda",
            "size": 1901963,
            "type": "conda",
            "upload_time": "2019-07-19 19:17:37.796000+00:00",
            "version": "1.2.0"
        },
        {
            "attrs": {
                "arch": null,
                "build": "r36_0",
                "build_number": 0,
                "depends": [
                    "r-base >=3.6,<3.7.0a0",
                    "r-locfdr",
                    "r-mass",
                    "r-matrix"
                ],
                "has_prefix": false,
                "license": "LGPL-3",
                "machine": null,
                "noarch": "generic",
                "operatingsystem": null,
                "platform": null,
                "subdir": "noarch",
                "target-triplet": "None-any-None",
                "timestamp": 1572621202949
            },
            "basename": "noarch/bioconductor-gigsea-1.4.0-r36_0.tar.bz2",
            "dependencies": {
                "depends": [
                    {
                        "name": "r-base",
                        "specs": [
                            [
                                ">=",
                                "3.6,<3.7.0a0"
                            ]
                        ]
                    },
                    {
                        "name": "r-locfdr",
                        "specs": []
                    },
                    {
                        "name": "r-mass",
                        "specs": []
                    },
                    {
                        "name": "r-matrix",
                        "specs": []
                    }
                ]
            },
            "description": null,
            "distribution_type": "conda",
            "download_url": "//api.anaconda.org/download/bioconda/bioconductor-gigsea/1.4.0/noarch/bioconductor-gigsea-1.4.0-r36_0.tar.bz2",
            "full_name": "bioconda/bioconductor-gigsea/1.4.0/noarch/bioconductor-gigsea-1.4.0-r36_0.tar.bz2",
            "labels": [
                "main"
            ],
            "md5": "f49942a257ad855269a829bfdd9e34a5",
            "ndownloads": 22,
            "owner": "bioconda",
            "size": 1904246,
            "type": "conda",
            "upload_time": "2019-11-01 15:18:28.692000+00:00",
            "version": "1.4.0"
        }
    ],
    "full_name": "bioconda/bioconductor-gigsea",
    "home": "https://bioconductor.org/packages/3.8/bioc/html/GIGSEA.html",
    "html_url": "http://anaconda.org/bioconda/bioconductor-gigsea",
    "id": "5c3581a9036b861db8d628e9",
    "latest_version": "1.4.0",
    "license": "LGPL-3",
    "license_url": null,
    "modified_at": "2019-11-01 15:18:29.151000+00:00",
    "name": "bioconductor-gigsea",
    "owner": {
        "company": "",
        "created_at": "2015-09-11 22:59:20.880000+00:00",
        "description": "Bioconda is a distribution of bioinformatics software realized as a channel for the versatile Conda package manager.",
        "location": "",
        "login": "bioconda",
        "name": "bioconda",
        "url": "",
        "user_type": "org"
    },
    "package_types": [
        "conda"
    ],
    "public": true,
    "releases": [
        {
            "distributions": [],
            "full_name": "bioconda/bioconductor-gigsea/1.0.0",
            "version": "1.0.0"
        },
        {
            "distributions": [],
            "full_name": "bioconda/bioconductor-gigsea/1.2.0",
            "version": "1.2.0"
        },
        {
            "distributions": [],
            "full_name": "bioconda/bioconductor-gigsea/1.4.0",
            "version": "1.4.0"
        }
    ],
    "revision": 6,
    "source_git_tag": null,
    "source_git_url": null,
    "summary": "Genotype Imputed Gene Set Enrichment Analysis",
    "upvoted": 0,
    "url": "http://api.anaconda.org/packages/bioconda/bioconductor-gigsea",
    "versions": [
        "1.0.0",
        "1.2.0",
        "1.4.0"
    ],
    "watchers": 1
}