{
    "app_entry": {},
    "app_summary": {},
    "app_type": {},
    "builds": [
        "r351_0",
        "r36_1",
        "r341_0",
        "r3.4.1_0",
        "r36_0"
    ],
    "conda_platforms": [
        "linux-64",
        "noarch",
        "osx-64"
    ],
    "created_at": "2018-03-02 23:11:11.870000+00:00",
    "description": "Methods to create complex IGV genome browser sessions and dynamic IGV reports in HTML pages.",
    "dev_url": null,
    "doc_url": null,
    "files": [
        {
            "attrs": {
                "arch": "x86_64",
                "build": "r3.4.1_0",
                "build_number": 0,
                "depends": [
                    "bioconductor-genomicranges",
                    "bioconductor-iranges",
                    "bioconductor-rsamtools",
                    "bioconductor-xvector",
                    "r-base 3.4.1*",
                    "r-rcolorbrewer",
                    "r-stringr",
                    "r-tractor.base",
                    "r-xml"
                ],
                "has_prefix": false,
                "license": "GPL (>= 3)",
                "machine": "x86_64",
                "operatingsystem": "linux",
                "platform": "linux",
                "subdir": "linux-64",
                "target-triplet": "x86_64-any-linux"
            },
            "basename": "linux-64/bioconductor-tracktables-1.12.0-r3.4.1_0.tar.bz2",
            "dependencies": {
                "depends": [
                    {
                        "name": "bioconductor-genomicranges",
                        "specs": []
                    },
                    {
                        "name": "bioconductor-iranges",
                        "specs": []
                    },
                    {
                        "name": "bioconductor-rsamtools",
                        "specs": []
                    },
                    {
                        "name": "bioconductor-xvector",
                        "specs": []
                    },
                    {
                        "name": "r-base",
                        "specs": [
                            [
                                "==",
                                "3.4.1"
                            ]
                        ]
                    },
                    {
                        "name": "r-rcolorbrewer",
                        "specs": []
                    },
                    {
                        "name": "r-stringr",
                        "specs": []
                    },
                    {
                        "name": "r-tractor.base",
                        "specs": []
                    },
                    {
                        "name": "r-xml",
                        "specs": []
                    }
                ]
            },
            "description": null,
            "distribution_type": "conda",
            "download_url": "//api.anaconda.org/download/bioconda/bioconductor-tracktables/1.12.0/linux-64/bioconductor-tracktables-1.12.0-r3.4.1_0.tar.bz2",
            "full_name": "bioconda/bioconductor-tracktables/1.12.0/linux-64/bioconductor-tracktables-1.12.0-r3.4.1_0.tar.bz2",
            "labels": [
                "main",
                "cf201901"
            ],
            "md5": "d749ee5afe385fa86aaac2358e57ba69",
            "ndownloads": 283,
            "owner": "bioconda",
            "size": 393042,
            "type": "conda",
            "upload_time": "2018-03-02 23:11:13.407000+00:00",
            "version": "1.12.0"
        },
        {
            "attrs": {
                "arch": "x86_64",
                "build": "r3.4.1_0",
                "build_number": 0,
                "depends": [
                    "bioconductor-genomicranges",
                    "bioconductor-iranges",
                    "bioconductor-rsamtools",
                    "bioconductor-xvector",
                    "r-base 3.4.1*",
                    "r-rcolorbrewer",
                    "r-stringr",
                    "r-tractor.base",
                    "r-xml"
                ],
                "has_prefix": false,
                "license": "GPL (>= 3)",
                "machine": "x86_64",
                "operatingsystem": "darwin",
                "platform": "osx",
                "subdir": "osx-64",
                "target-triplet": "x86_64-any-darwin"
            },
            "basename": "osx-64/bioconductor-tracktables-1.12.0-r3.4.1_0.tar.bz2",
            "dependencies": {
                "depends": [
                    {
                        "name": "bioconductor-genomicranges",
                        "specs": []
                    },
                    {
                        "name": "bioconductor-iranges",
                        "specs": []
                    },
                    {
                        "name": "bioconductor-rsamtools",
                        "specs": []
                    },
                    {
                        "name": "bioconductor-xvector",
                        "specs": []
                    },
                    {
                        "name": "r-base",
                        "specs": [
                            [
                                "==",
                                "3.4.1"
                            ]
                        ]
                    },
                    {
                        "name": "r-rcolorbrewer",
                        "specs": []
                    },
                    {
                        "name": "r-stringr",
                        "specs": []
                    },
                    {
                        "name": "r-tractor.base",
                        "specs": []
                    },
                    {
                        "name": "r-xml",
                        "specs": []
                    }
                ]
            },
            "description": null,
            "distribution_type": "conda",
            "download_url": "//api.anaconda.org/download/bioconda/bioconductor-tracktables/1.12.0/osx-64/bioconductor-tracktables-1.12.0-r3.4.1_0.tar.bz2",
            "full_name": "bioconda/bioconductor-tracktables/1.12.0/osx-64/bioconductor-tracktables-1.12.0-r3.4.1_0.tar.bz2",
            "labels": [
                "main",
                "cf201901"
            ],
            "md5": "feef54973fc0bfd2beb35ed2ae6947c7",
            "ndownloads": 758,
            "owner": "bioconda",
            "size": 392999,
            "type": "conda",
            "upload_time": "2018-03-02 23:56:15.770000+00:00",
            "version": "1.12.0"
        },
        {
            "attrs": {
                "arch": "x86_64",
                "build": "r351_0",
                "build_number": 0,
                "depends": [
                    "bioconductor-genomicranges >=1.32.7,<1.34.0",
                    "bioconductor-iranges >=2.14.12,<2.16.0",
                    "bioconductor-rsamtools >=1.32.3,<1.34.0",
                    "bioconductor-xvector >=0.20.0,<0.22.0",
                    "r-base >=3.5.1,<3.5.2.0a0",
                    "r-rcolorbrewer",
                    "r-stringr",
                    "r-tractor.base",
                    "r-xml"
                ],
                "has_prefix": false,
                "license": "GPL (>= 3)",
                "machine": "x86_64",
                "operatingsystem": "linux",
                "platform": "linux",
                "subdir": "linux-64",
                "target-triplet": "x86_64-any-linux",
                "timestamp": 1539816708669
            },
            "basename": "linux-64/bioconductor-tracktables-1.14.0-r351_0.tar.bz2",
            "dependencies": {
                "depends": [
                    {
                        "name": "bioconductor-genomicranges",
                        "specs": [
                            [
                                ">=",
                                "1.32.7,<1.34.0"
                            ]
                        ]
                    },
                    {
                        "name": "bioconductor-iranges",
                        "specs": [
                            [
                                ">=",
                                "2.14.12,<2.16.0"
                            ]
                        ]
                    },
                    {
                        "name": "bioconductor-rsamtools",
                        "specs": [
                            [
                                ">=",
                                "1.32.3,<1.34.0"
                            ]
                        ]
                    },
                    {
                        "name": "bioconductor-xvector",
                        "specs": [
                            [
                                ">=",
                                "0.20.0,<0.22.0"
                            ]
                        ]
                    },
                    {
                        "name": "r-base",
                        "specs": [
                            [
                                ">=",
                                "3.5.1,<3.5.2.0a0"
                            ]
                        ]
                    },
                    {
                        "name": "r-rcolorbrewer",
                        "specs": []
                    },
                    {
                        "name": "r-stringr",
                        "specs": []
                    },
                    {
                        "name": "r-tractor.base",
                        "specs": []
                    },
                    {
                        "name": "r-xml",
                        "specs": []
                    }
                ]
            },
            "description": null,
            "distribution_type": "conda",
            "download_url": "//api.anaconda.org/download/bioconda/bioconductor-tracktables/1.14.0/linux-64/bioconductor-tracktables-1.14.0-r351_0.tar.bz2",
            "full_name": "bioconda/bioconductor-tracktables/1.14.0/linux-64/bioconductor-tracktables-1.14.0-r351_0.tar.bz2",
            "labels": [
                "main",
                "cf201901"
            ],
            "md5": "7992a88b979b0268ae2195727b31f6b8",
            "ndownloads": 189,
            "owner": "bioconda",
            "size": 410394,
            "type": "conda",
            "upload_time": "2018-10-17 22:56:59.734000+00:00",
            "version": "1.14.0"
        },
        {
            "attrs": {
                "arch": "x86_64",
                "build": "r341_0",
                "build_number": 0,
                "depends": [
                    "bioconductor-genomicranges >=1.32.7,<1.34.0",
                    "bioconductor-iranges >=2.14.12,<2.16.0",
                    "bioconductor-rsamtools >=1.32.3,<1.34.0",
                    "bioconductor-xvector >=0.20.0,<0.22.0",
                    "r-base >=3.4.1,<3.4.2.0a0",
                    "r-rcolorbrewer",
                    "r-stringr",
                    "r-tractor.base",
                    "r-xml"
                ],
                "has_prefix": false,
                "license": "GPL (>= 3)",
                "machine": "x86_64",
                "operatingsystem": "linux",
                "platform": "linux",
                "subdir": "linux-64",
                "target-triplet": "x86_64-any-linux",
                "timestamp": 1539816608617
            },
            "basename": "linux-64/bioconductor-tracktables-1.14.0-r341_0.tar.bz2",
            "dependencies": {
                "depends": [
                    {
                        "name": "bioconductor-genomicranges",
                        "specs": [
                            [
                                ">=",
                                "1.32.7,<1.34.0"
                            ]
                        ]
                    },
                    {
                        "name": "bioconductor-iranges",
                        "specs": [
                            [
                                ">=",
                                "2.14.12,<2.16.0"
                            ]
                        ]
                    },
                    {
                        "name": "bioconductor-rsamtools",
                        "specs": [
                            [
                                ">=",
                                "1.32.3,<1.34.0"
                            ]
                        ]
                    },
                    {
                        "name": "bioconductor-xvector",
                        "specs": [
                            [
                                ">=",
                                "0.20.0,<0.22.0"
                            ]
                        ]
                    },
                    {
                        "name": "r-base",
                        "specs": [
                            [
                                ">=",
                                "3.4.1,<3.4.2.0a0"
                            ]
                        ]
                    },
                    {
                        "name": "r-rcolorbrewer",
                        "specs": []
                    },
                    {
                        "name": "r-stringr",
                        "specs": []
                    },
                    {
                        "name": "r-tractor.base",
                        "specs": []
                    },
                    {
                        "name": "r-xml",
                        "specs": []
                    }
                ]
            },
            "description": null,
            "distribution_type": "conda",
            "download_url": "//api.anaconda.org/download/bioconda/bioconductor-tracktables/1.14.0/linux-64/bioconductor-tracktables-1.14.0-r341_0.tar.bz2",
            "full_name": "bioconda/bioconductor-tracktables/1.14.0/linux-64/bioconductor-tracktables-1.14.0-r341_0.tar.bz2",
            "labels": [
                "main",
                "cf201901"
            ],
            "md5": "7a126ac77de051e2c90379cf24008002",
            "ndownloads": 190,
            "owner": "bioconda",
            "size": 394104,
            "type": "conda",
            "upload_time": "2018-10-17 22:57:02.630000+00:00",
            "version": "1.14.0"
        },
        {
            "attrs": {
                "arch": "x86_64",
                "build": "r351_0",
                "build_number": 0,
                "depends": [
                    "bioconductor-genomicranges >=1.32.7,<1.34.0",
                    "bioconductor-iranges >=2.14.12,<2.16.0",
                    "bioconductor-rsamtools >=1.32.3,<1.34.0",
                    "bioconductor-xvector >=0.20.0,<0.22.0",
                    "r-base >=3.5.1,<3.5.2.0a0",
                    "r-rcolorbrewer",
                    "r-stringr",
                    "r-tractor.base",
                    "r-xml"
                ],
                "has_prefix": false,
                "license": "GPL (>= 3)",
                "machine": "x86_64",
                "operatingsystem": "darwin",
                "platform": "osx",
                "subdir": "osx-64",
                "target-triplet": "x86_64-any-darwin",
                "timestamp": 1539924603480
            },
            "basename": "osx-64/bioconductor-tracktables-1.14.0-r351_0.tar.bz2",
            "dependencies": {
                "depends": [
                    {
                        "name": "bioconductor-genomicranges",
                        "specs": [
                            [
                                ">=",
                                "1.32.7,<1.34.0"
                            ]
                        ]
                    },
                    {
                        "name": "bioconductor-iranges",
                        "specs": [
                            [
                                ">=",
                                "2.14.12,<2.16.0"
                            ]
                        ]
                    },
                    {
                        "name": "bioconductor-rsamtools",
                        "specs": [
                            [
                                ">=",
                                "1.32.3,<1.34.0"
                            ]
                        ]
                    },
                    {
                        "name": "bioconductor-xvector",
                        "specs": [
                            [
                                ">=",
                                "0.20.0,<0.22.0"
                            ]
                        ]
                    },
                    {
                        "name": "r-base",
                        "specs": [
                            [
                                ">=",
                                "3.5.1,<3.5.2.0a0"
                            ]
                        ]
                    },
                    {
                        "name": "r-rcolorbrewer",
                        "specs": []
                    },
                    {
                        "name": "r-stringr",
                        "specs": []
                    },
                    {
                        "name": "r-tractor.base",
                        "specs": []
                    },
                    {
                        "name": "r-xml",
                        "specs": []
                    }
                ]
            },
            "description": null,
            "distribution_type": "conda",
            "download_url": "//api.anaconda.org/download/bioconda/bioconductor-tracktables/1.14.0/osx-64/bioconductor-tracktables-1.14.0-r351_0.tar.bz2",
            "full_name": "bioconda/bioconductor-tracktables/1.14.0/osx-64/bioconductor-tracktables-1.14.0-r351_0.tar.bz2",
            "labels": [
                "main",
                "cf201901"
            ],
            "md5": "a56633a0cac79bdc2e2a3d0565479169",
            "ndownloads": 783,
            "owner": "bioconda",
            "size": 410712,
            "type": "conda",
            "upload_time": "2018-10-19 04:53:26.028000+00:00",
            "version": "1.14.0"
        },
        {
            "attrs": {
                "arch": "x86_64",
                "build": "r341_0",
                "build_number": 0,
                "depends": [
                    "bioconductor-genomicranges >=1.32.7,<1.34.0",
                    "bioconductor-iranges >=2.14.12,<2.16.0",
                    "bioconductor-rsamtools >=1.32.3,<1.34.0",
                    "bioconductor-xvector >=0.20.0,<0.22.0",
                    "r-base >=3.4.1,<3.4.2.0a0",
                    "r-rcolorbrewer",
                    "r-stringr",
                    "r-tractor.base",
                    "r-xml"
                ],
                "has_prefix": false,
                "license": "GPL (>= 3)",
                "machine": "x86_64",
                "operatingsystem": "darwin",
                "platform": "osx",
                "subdir": "osx-64",
                "target-triplet": "x86_64-any-darwin",
                "timestamp": 1539924741957
            },
            "basename": "osx-64/bioconductor-tracktables-1.14.0-r341_0.tar.bz2",
            "dependencies": {
                "depends": [
                    {
                        "name": "bioconductor-genomicranges",
                        "specs": [
                            [
                                ">=",
                                "1.32.7,<1.34.0"
                            ]
                        ]
                    },
                    {
                        "name": "bioconductor-iranges",
                        "specs": [
                            [
                                ">=",
                                "2.14.12,<2.16.0"
                            ]
                        ]
                    },
                    {
                        "name": "bioconductor-rsamtools",
                        "specs": [
                            [
                                ">=",
                                "1.32.3,<1.34.0"
                            ]
                        ]
                    },
                    {
                        "name": "bioconductor-xvector",
                        "specs": [
                            [
                                ">=",
                                "0.20.0,<0.22.0"
                            ]
                        ]
                    },
                    {
                        "name": "r-base",
                        "specs": [
                            [
                                ">=",
                                "3.4.1,<3.4.2.0a0"
                            ]
                        ]
                    },
                    {
                        "name": "r-rcolorbrewer",
                        "specs": []
                    },
                    {
                        "name": "r-stringr",
                        "specs": []
                    },
                    {
                        "name": "r-tractor.base",
                        "specs": []
                    },
                    {
                        "name": "r-xml",
                        "specs": []
                    }
                ]
            },
            "description": null,
            "distribution_type": "conda",
            "download_url": "//api.anaconda.org/download/bioconda/bioconductor-tracktables/1.14.0/osx-64/bioconductor-tracktables-1.14.0-r341_0.tar.bz2",
            "full_name": "bioconda/bioconductor-tracktables/1.14.0/osx-64/bioconductor-tracktables-1.14.0-r341_0.tar.bz2",
            "labels": [
                "main",
                "cf201901"
            ],
            "md5": "181c9b85de9847496f140c2edbb8cdc8",
            "ndownloads": 21,
            "owner": "bioconda",
            "size": 394647,
            "type": "conda",
            "upload_time": "2018-10-19 04:53:29.594000+00:00",
            "version": "1.14.0"
        },
        {
            "attrs": {
                "arch": null,
                "build": "r351_0",
                "build_number": 0,
                "depends": [
                    "bioconductor-genomicranges >=1.34.0,<1.35.0",
                    "bioconductor-iranges >=2.16.0,<2.17.0",
                    "bioconductor-rsamtools >=1.34.0,<1.35.0",
                    "bioconductor-xvector >=0.22.0,<0.23.0",
                    "r-base >=3.5.1,<3.5.2.0a0",
                    "r-rcolorbrewer",
                    "r-stringr",
                    "r-tractor.base",
                    "r-xml"
                ],
                "has_prefix": false,
                "license": "GPL (>= 3)",
                "machine": null,
                "noarch": "generic",
                "operatingsystem": null,
                "platform": null,
                "subdir": "noarch",
                "target-triplet": "None-any-None",
                "timestamp": 1544651739165
            },
            "basename": "noarch/bioconductor-tracktables-1.16.0-r351_0.tar.bz2",
            "dependencies": {
                "depends": [
                    {
                        "name": "bioconductor-genomicranges",
                        "specs": [
                            [
                                ">=",
                                "1.34.0,<1.35.0"
                            ]
                        ]
                    },
                    {
                        "name": "bioconductor-iranges",
                        "specs": [
                            [
                                ">=",
                                "2.16.0,<2.17.0"
                            ]
                        ]
                    },
                    {
                        "name": "bioconductor-rsamtools",
                        "specs": [
                            [
                                ">=",
                                "1.34.0,<1.35.0"
                            ]
                        ]
                    },
                    {
                        "name": "bioconductor-xvector",
                        "specs": [
                            [
                                ">=",
                                "0.22.0,<0.23.0"
                            ]
                        ]
                    },
                    {
                        "name": "r-base",
                        "specs": [
                            [
                                ">=",
                                "3.5.1,<3.5.2.0a0"
                            ]
                        ]
                    },
                    {
                        "name": "r-rcolorbrewer",
                        "specs": []
                    },
                    {
                        "name": "r-stringr",
                        "specs": []
                    },
                    {
                        "name": "r-tractor.base",
                        "specs": []
                    },
                    {
                        "name": "r-xml",
                        "specs": []
                    }
                ]
            },
            "description": null,
            "distribution_type": "conda",
            "download_url": "//api.anaconda.org/download/bioconda/bioconductor-tracktables/1.16.0/noarch/bioconductor-tracktables-1.16.0-r351_0.tar.bz2",
            "full_name": "bioconda/bioconductor-tracktables/1.16.0/noarch/bioconductor-tracktables-1.16.0-r351_0.tar.bz2",
            "labels": [
                "gcc7",
                "main"
            ],
            "md5": "af41023413853d7afa011ec575ee3844",
            "ndownloads": 87,
            "owner": "bioconda",
            "size": 411194,
            "type": "conda",
            "upload_time": "2018-12-12 21:59:28.048000+00:00",
            "version": "1.16.0"
        },
        {
            "attrs": {
                "arch": null,
                "build": "r36_1",
                "build_number": 1,
                "depends": [
                    "bioconductor-genomicranges >=1.36.0,<1.37.0",
                    "bioconductor-iranges >=2.18.0,<2.19.0",
                    "bioconductor-rsamtools >=2.0.0,<2.1.0",
                    "bioconductor-xvector >=0.24.0,<0.25.0",
                    "r-base >=3.6,<3.7.0a0",
                    "r-rcolorbrewer",
                    "r-stringr",
                    "r-tractor.base",
                    "r-xml"
                ],
                "has_prefix": false,
                "license": "GPL (>= 3)",
                "machine": null,
                "noarch": "generic",
                "operatingsystem": null,
                "platform": null,
                "subdir": "noarch",
                "target-triplet": "None-any-None",
                "timestamp": 1564190672911
            },
            "basename": "noarch/bioconductor-tracktables-1.18.0-r36_1.tar.bz2",
            "dependencies": {
                "depends": [
                    {
                        "name": "bioconductor-genomicranges",
                        "specs": [
                            [
                                ">=",
                                "1.36.0,<1.37.0"
                            ]
                        ]
                    },
                    {
                        "name": "bioconductor-iranges",
                        "specs": [
                            [
                                ">=",
                                "2.18.0,<2.19.0"
                            ]
                        ]
                    },
                    {
                        "name": "bioconductor-rsamtools",
                        "specs": [
                            [
                                ">=",
                                "2.0.0,<2.1.0"
                            ]
                        ]
                    },
                    {
                        "name": "bioconductor-xvector",
                        "specs": [
                            [
                                ">=",
                                "0.24.0,<0.25.0"
                            ]
                        ]
                    },
                    {
                        "name": "r-base",
                        "specs": [
                            [
                                ">=",
                                "3.6,<3.7.0a0"
                            ]
                        ]
                    },
                    {
                        "name": "r-rcolorbrewer",
                        "specs": []
                    },
                    {
                        "name": "r-stringr",
                        "specs": []
                    },
                    {
                        "name": "r-tractor.base",
                        "specs": []
                    },
                    {
                        "name": "r-xml",
                        "specs": []
                    }
                ]
            },
            "description": null,
            "distribution_type": "conda",
            "download_url": "//api.anaconda.org/download/bioconda/bioconductor-tracktables/1.18.0/noarch/bioconductor-tracktables-1.18.0-r36_1.tar.bz2",
            "full_name": "bioconda/bioconductor-tracktables/1.18.0/noarch/bioconductor-tracktables-1.18.0-r36_1.tar.bz2",
            "labels": [
                "main"
            ],
            "md5": "8ef41a0cda6a5073cc3e1691447982ed",
            "ndownloads": 31,
            "owner": "bioconda",
            "size": 412560,
            "type": "conda",
            "upload_time": "2019-07-27 01:28:40.642000+00:00",
            "version": "1.18.0"
        },
        {
            "attrs": {
                "arch": null,
                "build": "r36_0",
                "build_number": 0,
                "depends": [
                    "bioconductor-genomicranges >=1.38.0,<1.39.0",
                    "bioconductor-iranges >=2.20.0,<2.21.0",
                    "bioconductor-rsamtools >=2.2.0,<2.3.0",
                    "bioconductor-xvector >=0.26.0,<0.27.0",
                    "r-base >=3.6,<3.7.0a0",
                    "r-rcolorbrewer",
                    "r-stringr",
                    "r-tractor.base",
                    "r-xml"
                ],
                "has_prefix": false,
                "license": "GPL (>= 3)",
                "machine": null,
                "noarch": "generic",
                "operatingsystem": null,
                "platform": null,
                "subdir": "noarch",
                "target-triplet": "None-any-None",
                "timestamp": 1572774509652
            },
            "basename": "noarch/bioconductor-tracktables-1.20.0-r36_0.tar.bz2",
            "dependencies": {
                "depends": [
                    {
                        "name": "bioconductor-genomicranges",
                        "specs": [
                            [
                                ">=",
                                "1.38.0,<1.39.0"
                            ]
                        ]
                    },
                    {
                        "name": "bioconductor-iranges",
                        "specs": [
                            [
                                ">=",
                                "2.20.0,<2.21.0"
                            ]
                        ]
                    },
                    {
                        "name": "bioconductor-rsamtools",
                        "specs": [
                            [
                                ">=",
                                "2.2.0,<2.3.0"
                            ]
                        ]
                    },
                    {
                        "name": "bioconductor-xvector",
                        "specs": [
                            [
                                ">=",
                                "0.26.0,<0.27.0"
                            ]
                        ]
                    },
                    {
                        "name": "r-base",
                        "specs": [
                            [
                                ">=",
                                "3.6,<3.7.0a0"
                            ]
                        ]
                    },
                    {
                        "name": "r-rcolorbrewer",
                        "specs": []
                    },
                    {
                        "name": "r-stringr",
                        "specs": []
                    },
                    {
                        "name": "r-tractor.base",
                        "specs": []
                    },
                    {
                        "name": "r-xml",
                        "specs": []
                    }
                ]
            },
            "description": null,
            "distribution_type": "conda",
            "download_url": "//api.anaconda.org/download/bioconda/bioconductor-tracktables/1.20.0/noarch/bioconductor-tracktables-1.20.0-r36_0.tar.bz2",
            "full_name": "bioconda/bioconductor-tracktables/1.20.0/noarch/bioconductor-tracktables-1.20.0-r36_0.tar.bz2",
            "labels": [
                "main"
            ],
            "md5": "3fed130e310c8754ef5a866a7e9768a8",
            "ndownloads": 24,
            "owner": "bioconda",
            "size": 424288,
            "type": "conda",
            "upload_time": "2019-11-03 09:53:49.311000+00:00",
            "version": "1.20.0"
        }
    ],
    "full_name": "bioconda/bioconductor-tracktables",
    "home": "http://bioconductor.org/packages/3.6/bioc/html/tracktables.html",
    "html_url": "http://anaconda.org/bioconda/bioconductor-tracktables",
    "id": "5a99da0f5571b411e5a82812",
    "latest_version": "1.20.0",
    "license": "GPL (>= 3)",
    "license_url": null,
    "modified_at": "2019-11-03 09:53:49.624000+00:00",
    "name": "bioconductor-tracktables",
    "owner": {
        "company": "",
        "created_at": "2015-09-11 22:59:20.880000+00:00",
        "description": "Bioconda is a distribution of bioinformatics software realized as a channel for the versatile Conda package manager.",
        "location": "",
        "login": "bioconda",
        "name": "bioconda",
        "url": "",
        "user_type": "org"
    },
    "package_types": [
        "conda"
    ],
    "public": true,
    "releases": [
        {
            "distributions": [],
            "full_name": "bioconda/bioconductor-tracktables/1.12.0",
            "version": "1.12.0"
        },
        {
            "distributions": [],
            "full_name": "bioconda/bioconductor-tracktables/1.14.0",
            "version": "1.14.0"
        },
        {
            "distributions": [],
            "full_name": "bioconda/bioconductor-tracktables/1.16.0",
            "version": "1.16.0"
        },
        {
            "distributions": [],
            "full_name": "bioconda/bioconductor-tracktables/1.18.0",
            "version": "1.18.0"
        },
        {
            "distributions": [],
            "full_name": "bioconda/bioconductor-tracktables/1.20.0",
            "version": "1.20.0"
        }
    ],
    "revision": 10,
    "source_git_tag": null,
    "source_git_url": null,
    "summary": "Build IGV tracks and HTML reports",
    "upvoted": 0,
    "url": "http://api.anaconda.org/packages/bioconda/bioconductor-tracktables",
    "versions": [
        "1.12.0",
        "1.14.0",
        "1.16.0",
        "1.18.0",
        "1.20.0"
    ],
    "watchers": 1
}