{
    "app_entry": {},
    "app_summary": {},
    "app_type": {},
    "builds": [
        "r351hfc679d8_0",
        "r351h0a44026_0",
        "r351hf484d3e_0",
        "r3.3.2_0",
        "r36he1b5a44_0",
        "r3.4.1_1",
        "r3.4.1_0",
        "r341hfc679d8_0",
        "r36h6de7cb9_0"
    ],
    "conda_platforms": [
        "linux-64",
        "osx-64"
    ],
    "created_at": "2017-09-17 14:28:08.314000+00:00",
    "description": "Provides HDF5 storage based methods and functions for manipulation of flow cytometry data.",
    "dev_url": null,
    "doc_url": null,
    "files": [
        {
            "attrs": {
                "arch": "x86_64",
                "build": "r3.4.1_0",
                "build_number": 0,
                "depends": [
                    "bioconductor-biobase",
                    "bioconductor-biocgenerics",
                    "bioconductor-flowcore >=1.37.15",
                    "bioconductor-flowviz",
                    "bioconductor-zlibbioc",
                    "hdf5",
                    "r-base 3.4.1*",
                    "r-bh",
                    "r-rcpparmadillo"
                ],
                "has_prefix": false,
                "license": "Artistic-2.0",
                "machine": "x86_64",
                "operatingsystem": "darwin",
                "platform": "osx",
                "subdir": "osx-64",
                "target-triplet": "x86_64-any-darwin"
            },
            "basename": "osx-64/bioconductor-ncdfflow-2.22.2-r3.4.1_0.tar.bz2",
            "dependencies": {
                "depends": [
                    {
                        "name": "bioconductor-biobase",
                        "specs": []
                    },
                    {
                        "name": "bioconductor-biocgenerics",
                        "specs": []
                    },
                    {
                        "name": "bioconductor-flowcore",
                        "specs": [
                            [
                                ">=",
                                "1.37.15"
                            ]
                        ]
                    },
                    {
                        "name": "bioconductor-flowviz",
                        "specs": []
                    },
                    {
                        "name": "bioconductor-zlibbioc",
                        "specs": []
                    },
                    {
                        "name": "hdf5",
                        "specs": []
                    },
                    {
                        "name": "r-base",
                        "specs": [
                            [
                                "==",
                                "3.4.1"
                            ]
                        ]
                    },
                    {
                        "name": "r-bh",
                        "specs": []
                    },
                    {
                        "name": "r-rcpparmadillo",
                        "specs": []
                    }
                ]
            },
            "description": null,
            "distribution_type": "conda",
            "download_url": "//api.anaconda.org/download/bioconda/bioconductor-ncdfflow/2.22.2/osx-64/bioconductor-ncdfflow-2.22.2-r3.4.1_0.tar.bz2",
            "full_name": "bioconda/bioconductor-ncdfflow/2.22.2/osx-64/bioconductor-ncdfflow-2.22.2-r3.4.1_0.tar.bz2",
            "labels": [
                "main",
                "cf201901"
            ],
            "md5": "f314881073305dd664afaaa8c79b3d63",
            "ndownloads": 740,
            "owner": "bioconda",
            "size": 550400,
            "type": "conda",
            "upload_time": "2017-10-21 05:08:00.659000+00:00",
            "version": "2.22.2"
        },
        {
            "attrs": {
                "arch": "x86_64",
                "build": "r3.3.2_0",
                "build_number": 0,
                "depends": [
                    "bioconductor-biobase",
                    "bioconductor-biocgenerics",
                    "bioconductor-flowcore >=1.37.15",
                    "bioconductor-flowviz",
                    "bioconductor-zlibbioc",
                    "hdf5",
                    "r-base 3.3.2*",
                    "r-bh",
                    "r-rcpparmadillo"
                ],
                "has_prefix": false,
                "license": "Artistic-2.0",
                "machine": "x86_64",
                "operatingsystem": "darwin",
                "platform": "osx",
                "subdir": "osx-64",
                "target-triplet": "x86_64-any-darwin"
            },
            "basename": "osx-64/bioconductor-ncdfflow-2.22.0-r3.3.2_0.tar.bz2",
            "dependencies": {
                "depends": [
                    {
                        "name": "bioconductor-biobase",
                        "specs": []
                    },
                    {
                        "name": "bioconductor-biocgenerics",
                        "specs": []
                    },
                    {
                        "name": "bioconductor-flowcore",
                        "specs": [
                            [
                                ">=",
                                "1.37.15"
                            ]
                        ]
                    },
                    {
                        "name": "bioconductor-flowviz",
                        "specs": []
                    },
                    {
                        "name": "bioconductor-zlibbioc",
                        "specs": []
                    },
                    {
                        "name": "hdf5",
                        "specs": []
                    },
                    {
                        "name": "r-base",
                        "specs": [
                            [
                                "==",
                                "3.3.2"
                            ]
                        ]
                    },
                    {
                        "name": "r-bh",
                        "specs": []
                    },
                    {
                        "name": "r-rcpparmadillo",
                        "specs": []
                    }
                ]
            },
            "description": null,
            "distribution_type": "conda",
            "download_url": "//api.anaconda.org/download/bioconda/bioconductor-ncdfflow/2.22.0/osx-64/bioconductor-ncdfflow-2.22.0-r3.3.2_0.tar.bz2",
            "full_name": "bioconda/bioconductor-ncdfflow/2.22.0/osx-64/bioconductor-ncdfflow-2.22.0-r3.3.2_0.tar.bz2",
            "labels": [
                "main",
                "cf201901"
            ],
            "md5": "0ed4dca05ad8b4124af595c7230d48d4",
            "ndownloads": 43,
            "owner": "bioconda",
            "size": 335291,
            "type": "conda",
            "upload_time": "2017-09-17 14:28:08.804000+00:00",
            "version": "2.22.0"
        },
        {
            "attrs": {
                "arch": "x86_64",
                "build": "r3.3.2_0",
                "build_number": 0,
                "depends": [
                    "bioconductor-biobase",
                    "bioconductor-biocgenerics",
                    "bioconductor-flowcore >=1.37.15",
                    "bioconductor-flowviz",
                    "bioconductor-zlibbioc",
                    "hdf5",
                    "libgcc",
                    "r-base 3.3.2*",
                    "r-bh",
                    "r-rcpparmadillo"
                ],
                "has_prefix": true,
                "license": "Artistic-2.0",
                "machine": "x86_64",
                "operatingsystem": "linux",
                "platform": "linux",
                "subdir": "linux-64",
                "target-triplet": "x86_64-any-linux"
            },
            "basename": "linux-64/bioconductor-ncdfflow-2.22.0-r3.3.2_0.tar.bz2",
            "dependencies": {
                "depends": [
                    {
                        "name": "bioconductor-biobase",
                        "specs": []
                    },
                    {
                        "name": "bioconductor-biocgenerics",
                        "specs": []
                    },
                    {
                        "name": "bioconductor-flowcore",
                        "specs": [
                            [
                                ">=",
                                "1.37.15"
                            ]
                        ]
                    },
                    {
                        "name": "bioconductor-flowviz",
                        "specs": []
                    },
                    {
                        "name": "bioconductor-zlibbioc",
                        "specs": []
                    },
                    {
                        "name": "hdf5",
                        "specs": []
                    },
                    {
                        "name": "libgcc",
                        "specs": []
                    },
                    {
                        "name": "r-base",
                        "specs": [
                            [
                                "==",
                                "3.3.2"
                            ]
                        ]
                    },
                    {
                        "name": "r-bh",
                        "specs": []
                    },
                    {
                        "name": "r-rcpparmadillo",
                        "specs": []
                    }
                ]
            },
            "description": null,
            "distribution_type": "conda",
            "download_url": "//api.anaconda.org/download/bioconda/bioconductor-ncdfflow/2.22.0/linux-64/bioconductor-ncdfflow-2.22.0-r3.3.2_0.tar.bz2",
            "full_name": "bioconda/bioconductor-ncdfflow/2.22.0/linux-64/bioconductor-ncdfflow-2.22.0-r3.3.2_0.tar.bz2",
            "labels": [
                "main",
                "cf201901"
            ],
            "md5": "40b3f004a9fd7bb90158036f8a768da0",
            "ndownloads": 508,
            "owner": "bioconda",
            "size": 377864,
            "type": "conda",
            "upload_time": "2017-09-17 14:32:43.631000+00:00",
            "version": "2.22.0"
        },
        {
            "attrs": {
                "arch": "x86_64",
                "build": "r3.4.1_0",
                "build_number": 0,
                "depends": [
                    "bioconductor-biobase",
                    "bioconductor-biocgenerics",
                    "bioconductor-flowcore >=1.37.15",
                    "bioconductor-flowviz",
                    "bioconductor-zlibbioc",
                    "hdf5",
                    "libgcc",
                    "r-base 3.4.1*",
                    "r-bh",
                    "r-rcpparmadillo"
                ],
                "has_prefix": true,
                "license": "Artistic-2.0",
                "machine": "x86_64",
                "operatingsystem": "linux",
                "platform": "linux",
                "subdir": "linux-64",
                "target-triplet": "x86_64-any-linux"
            },
            "basename": "linux-64/bioconductor-ncdfflow-2.22.0-r3.4.1_0.tar.bz2",
            "dependencies": {
                "depends": [
                    {
                        "name": "bioconductor-biobase",
                        "specs": []
                    },
                    {
                        "name": "bioconductor-biocgenerics",
                        "specs": []
                    },
                    {
                        "name": "bioconductor-flowcore",
                        "specs": [
                            [
                                ">=",
                                "1.37.15"
                            ]
                        ]
                    },
                    {
                        "name": "bioconductor-flowviz",
                        "specs": []
                    },
                    {
                        "name": "bioconductor-zlibbioc",
                        "specs": []
                    },
                    {
                        "name": "hdf5",
                        "specs": []
                    },
                    {
                        "name": "libgcc",
                        "specs": []
                    },
                    {
                        "name": "r-base",
                        "specs": [
                            [
                                "==",
                                "3.4.1"
                            ]
                        ]
                    },
                    {
                        "name": "r-bh",
                        "specs": []
                    },
                    {
                        "name": "r-rcpparmadillo",
                        "specs": []
                    }
                ]
            },
            "description": null,
            "distribution_type": "conda",
            "download_url": "//api.anaconda.org/download/bioconda/bioconductor-ncdfflow/2.22.0/linux-64/bioconductor-ncdfflow-2.22.0-r3.4.1_0.tar.bz2",
            "full_name": "bioconda/bioconductor-ncdfflow/2.22.0/linux-64/bioconductor-ncdfflow-2.22.0-r3.4.1_0.tar.bz2",
            "labels": [
                "main",
                "cf201901"
            ],
            "md5": "13e0ad9843338ddc26dcf29bcf180206",
            "ndownloads": 559,
            "owner": "bioconda",
            "size": 398866,
            "type": "conda",
            "upload_time": "2017-09-20 03:52:29.640000+00:00",
            "version": "2.22.0"
        },
        {
            "attrs": {
                "arch": "x86_64",
                "build": "r3.4.1_0",
                "build_number": 0,
                "depends": [
                    "bioconductor-biobase",
                    "bioconductor-biocgenerics",
                    "bioconductor-flowcore >=1.37.15",
                    "bioconductor-flowviz",
                    "bioconductor-zlibbioc",
                    "hdf5",
                    "r-base 3.4.1*",
                    "r-bh",
                    "r-rcpparmadillo"
                ],
                "has_prefix": false,
                "license": "Artistic-2.0",
                "machine": "x86_64",
                "operatingsystem": "darwin",
                "platform": "osx",
                "subdir": "osx-64",
                "target-triplet": "x86_64-any-darwin"
            },
            "basename": "osx-64/bioconductor-ncdfflow-2.22.0-r3.4.1_0.tar.bz2",
            "dependencies": {
                "depends": [
                    {
                        "name": "bioconductor-biobase",
                        "specs": []
                    },
                    {
                        "name": "bioconductor-biocgenerics",
                        "specs": []
                    },
                    {
                        "name": "bioconductor-flowcore",
                        "specs": [
                            [
                                ">=",
                                "1.37.15"
                            ]
                        ]
                    },
                    {
                        "name": "bioconductor-flowviz",
                        "specs": []
                    },
                    {
                        "name": "bioconductor-zlibbioc",
                        "specs": []
                    },
                    {
                        "name": "hdf5",
                        "specs": []
                    },
                    {
                        "name": "r-base",
                        "specs": [
                            [
                                "==",
                                "3.4.1"
                            ]
                        ]
                    },
                    {
                        "name": "r-bh",
                        "specs": []
                    },
                    {
                        "name": "r-rcpparmadillo",
                        "specs": []
                    }
                ]
            },
            "description": null,
            "distribution_type": "conda",
            "download_url": "//api.anaconda.org/download/bioconda/bioconductor-ncdfflow/2.22.0/osx-64/bioconductor-ncdfflow-2.22.0-r3.4.1_0.tar.bz2",
            "full_name": "bioconda/bioconductor-ncdfflow/2.22.0/osx-64/bioconductor-ncdfflow-2.22.0-r3.4.1_0.tar.bz2",
            "labels": [
                "main",
                "cf201901"
            ],
            "md5": "0bb053b82d4ec5d05029250edb2f37e2",
            "ndownloads": 746,
            "owner": "bioconda",
            "size": 355618,
            "type": "conda",
            "upload_time": "2017-09-21 18:07:23.030000+00:00",
            "version": "2.22.0"
        },
        {
            "attrs": {
                "arch": "x86_64",
                "build": "r3.4.1_0",
                "build_number": 0,
                "depends": [
                    "bioconductor-biobase",
                    "bioconductor-biocgenerics",
                    "bioconductor-flowcore >=1.37.15",
                    "bioconductor-flowviz",
                    "bioconductor-zlibbioc",
                    "hdf5",
                    "r-base 3.4.1*",
                    "r-bh",
                    "r-rcpparmadillo"
                ],
                "has_prefix": false,
                "license": "Artistic-2.0",
                "machine": "x86_64",
                "operatingsystem": "linux",
                "platform": "linux",
                "subdir": "linux-64",
                "target-triplet": "x86_64-any-linux"
            },
            "basename": "linux-64/bioconductor-ncdfflow-2.22.2-r3.4.1_0.tar.bz2",
            "dependencies": {
                "depends": [
                    {
                        "name": "bioconductor-biobase",
                        "specs": []
                    },
                    {
                        "name": "bioconductor-biocgenerics",
                        "specs": []
                    },
                    {
                        "name": "bioconductor-flowcore",
                        "specs": [
                            [
                                ">=",
                                "1.37.15"
                            ]
                        ]
                    },
                    {
                        "name": "bioconductor-flowviz",
                        "specs": []
                    },
                    {
                        "name": "bioconductor-zlibbioc",
                        "specs": []
                    },
                    {
                        "name": "hdf5",
                        "specs": []
                    },
                    {
                        "name": "r-base",
                        "specs": [
                            [
                                "==",
                                "3.4.1"
                            ]
                        ]
                    },
                    {
                        "name": "r-bh",
                        "specs": []
                    },
                    {
                        "name": "r-rcpparmadillo",
                        "specs": []
                    }
                ]
            },
            "description": null,
            "distribution_type": "conda",
            "download_url": "//api.anaconda.org/download/bioconda/bioconductor-ncdfflow/2.22.2/linux-64/bioconductor-ncdfflow-2.22.2-r3.4.1_0.tar.bz2",
            "full_name": "bioconda/bioconductor-ncdfflow/2.22.2/linux-64/bioconductor-ncdfflow-2.22.2-r3.4.1_0.tar.bz2",
            "labels": [
                "main",
                "cf201901"
            ],
            "md5": "69083fb21c2c546005ad8895bcf9f2ec",
            "ndownloads": 545,
            "owner": "bioconda",
            "size": 600412,
            "type": "conda",
            "upload_time": "2017-10-19 02:05:07.180000+00:00",
            "version": "2.22.2"
        },
        {
            "attrs": {
                "arch": "x86_64",
                "build": "r3.4.1_0",
                "build_number": 0,
                "depends": [
                    "bioconductor-biobase",
                    "bioconductor-biocgenerics",
                    "bioconductor-flowcore >=1.37.15",
                    "bioconductor-flowviz",
                    "bioconductor-rhdf5lib",
                    "bioconductor-zlibbioc",
                    "hdf5",
                    "r-base 3.4.1*",
                    "r-bh",
                    "r-rcpparmadillo"
                ],
                "has_prefix": false,
                "license": "Artistic-2.0",
                "machine": "x86_64",
                "operatingsystem": "linux",
                "platform": "linux",
                "subdir": "linux-64",
                "target-triplet": "x86_64-any-linux"
            },
            "basename": "linux-64/bioconductor-ncdfflow-2.24.0-r3.4.1_0.tar.bz2",
            "dependencies": {
                "depends": [
                    {
                        "name": "bioconductor-biobase",
                        "specs": []
                    },
                    {
                        "name": "bioconductor-biocgenerics",
                        "specs": []
                    },
                    {
                        "name": "bioconductor-flowcore",
                        "specs": [
                            [
                                ">=",
                                "1.37.15"
                            ]
                        ]
                    },
                    {
                        "name": "bioconductor-flowviz",
                        "specs": []
                    },
                    {
                        "name": "bioconductor-rhdf5lib",
                        "specs": []
                    },
                    {
                        "name": "bioconductor-zlibbioc",
                        "specs": []
                    },
                    {
                        "name": "hdf5",
                        "specs": []
                    },
                    {
                        "name": "r-base",
                        "specs": [
                            [
                                "==",
                                "3.4.1"
                            ]
                        ]
                    },
                    {
                        "name": "r-bh",
                        "specs": []
                    },
                    {
                        "name": "r-rcpparmadillo",
                        "specs": []
                    }
                ]
            },
            "description": null,
            "distribution_type": "conda",
            "download_url": "//api.anaconda.org/download/bioconda/bioconductor-ncdfflow/2.24.0/linux-64/bioconductor-ncdfflow-2.24.0-r3.4.1_0.tar.bz2",
            "full_name": "bioconda/bioconductor-ncdfflow/2.24.0/linux-64/bioconductor-ncdfflow-2.24.0-r3.4.1_0.tar.bz2",
            "labels": [
                "main",
                "cf201901"
            ],
            "md5": "e182e702d3dd88b8d2357f518bce4d8a",
            "ndownloads": 626,
            "owner": "bioconda",
            "size": 1921645,
            "type": "conda",
            "upload_time": "2017-11-12 20:58:09.871000+00:00",
            "version": "2.24.0"
        },
        {
            "attrs": {
                "arch": "x86_64",
                "build": "r3.4.1_0",
                "build_number": 0,
                "depends": [
                    "bioconductor-biobase",
                    "bioconductor-biocgenerics",
                    "bioconductor-flowcore >=1.37.15",
                    "bioconductor-flowviz",
                    "bioconductor-rhdf5lib",
                    "bioconductor-zlibbioc",
                    "hdf5",
                    "r-base 3.4.1*",
                    "r-bh",
                    "r-rcpparmadillo"
                ],
                "has_prefix": false,
                "license": "Artistic-2.0",
                "machine": "x86_64",
                "operatingsystem": "darwin",
                "platform": "osx",
                "subdir": "osx-64",
                "target-triplet": "x86_64-any-darwin"
            },
            "basename": "osx-64/bioconductor-ncdfflow-2.24.0-r3.4.1_0.tar.bz2",
            "dependencies": {
                "depends": [
                    {
                        "name": "bioconductor-biobase",
                        "specs": []
                    },
                    {
                        "name": "bioconductor-biocgenerics",
                        "specs": []
                    },
                    {
                        "name": "bioconductor-flowcore",
                        "specs": [
                            [
                                ">=",
                                "1.37.15"
                            ]
                        ]
                    },
                    {
                        "name": "bioconductor-flowviz",
                        "specs": []
                    },
                    {
                        "name": "bioconductor-rhdf5lib",
                        "specs": []
                    },
                    {
                        "name": "bioconductor-zlibbioc",
                        "specs": []
                    },
                    {
                        "name": "hdf5",
                        "specs": []
                    },
                    {
                        "name": "r-base",
                        "specs": [
                            [
                                "==",
                                "3.4.1"
                            ]
                        ]
                    },
                    {
                        "name": "r-bh",
                        "specs": []
                    },
                    {
                        "name": "r-rcpparmadillo",
                        "specs": []
                    }
                ]
            },
            "description": null,
            "distribution_type": "conda",
            "download_url": "//api.anaconda.org/download/bioconda/bioconductor-ncdfflow/2.24.0/osx-64/bioconductor-ncdfflow-2.24.0-r3.4.1_0.tar.bz2",
            "full_name": "bioconda/bioconductor-ncdfflow/2.24.0/osx-64/bioconductor-ncdfflow-2.24.0-r3.4.1_0.tar.bz2",
            "labels": [
                "main",
                "cf201901"
            ],
            "md5": "e68d58fbb1f9ac34dd70ad748792f038",
            "ndownloads": 294,
            "owner": "bioconda",
            "size": 1778874,
            "type": "conda",
            "upload_time": "2017-11-12 21:23:06.830000+00:00",
            "version": "2.24.0"
        },
        {
            "attrs": {
                "arch": "x86_64",
                "build": "r3.4.1_1",
                "build_number": 1,
                "depends": [
                    "bioconductor-biobase",
                    "bioconductor-biocgenerics",
                    "bioconductor-flowcore >=1.37.15",
                    "bioconductor-flowviz",
                    "bioconductor-rhdf5lib",
                    "bioconductor-zlibbioc",
                    "hdf5 1.8.17*",
                    "r-base 3.4.1*",
                    "r-bh",
                    "r-rcpparmadillo"
                ],
                "has_prefix": false,
                "license": "Artistic-2.0",
                "machine": "x86_64",
                "operatingsystem": "darwin",
                "platform": "osx",
                "subdir": "osx-64",
                "target-triplet": "x86_64-any-darwin"
            },
            "basename": "osx-64/bioconductor-ncdfflow-2.24.0-r3.4.1_1.tar.bz2",
            "dependencies": {
                "depends": [
                    {
                        "name": "bioconductor-biobase",
                        "specs": []
                    },
                    {
                        "name": "bioconductor-biocgenerics",
                        "specs": []
                    },
                    {
                        "name": "bioconductor-flowcore",
                        "specs": [
                            [
                                ">=",
                                "1.37.15"
                            ]
                        ]
                    },
                    {
                        "name": "bioconductor-flowviz",
                        "specs": []
                    },
                    {
                        "name": "bioconductor-rhdf5lib",
                        "specs": []
                    },
                    {
                        "name": "bioconductor-zlibbioc",
                        "specs": []
                    },
                    {
                        "name": "hdf5",
                        "specs": [
                            [
                                "==",
                                "1.8.17"
                            ]
                        ]
                    },
                    {
                        "name": "r-base",
                        "specs": [
                            [
                                "==",
                                "3.4.1"
                            ]
                        ]
                    },
                    {
                        "name": "r-bh",
                        "specs": []
                    },
                    {
                        "name": "r-rcpparmadillo",
                        "specs": []
                    }
                ]
            },
            "description": null,
            "distribution_type": "conda",
            "download_url": "//api.anaconda.org/download/bioconda/bioconductor-ncdfflow/2.24.0/osx-64/bioconductor-ncdfflow-2.24.0-r3.4.1_1.tar.bz2",
            "full_name": "bioconda/bioconductor-ncdfflow/2.24.0/osx-64/bioconductor-ncdfflow-2.24.0-r3.4.1_1.tar.bz2",
            "labels": [
                "main",
                "cf201901"
            ],
            "md5": "5a21a6a9ca3e128a94c3c8b2db6f1d70",
            "ndownloads": 528,
            "owner": "bioconda",
            "size": 1808077,
            "type": "conda",
            "upload_time": "2018-02-04 15:01:55.498000+00:00",
            "version": "2.24.0"
        },
        {
            "attrs": {
                "arch": "x86_64",
                "build": "r3.4.1_1",
                "build_number": 1,
                "depends": [
                    "bioconductor-biobase",
                    "bioconductor-biocgenerics",
                    "bioconductor-flowcore >=1.37.15",
                    "bioconductor-flowviz",
                    "bioconductor-rhdf5lib",
                    "bioconductor-zlibbioc",
                    "hdf5 1.8.17*",
                    "libgcc",
                    "r-base 3.4.1*",
                    "r-bh",
                    "r-rcpparmadillo"
                ],
                "has_prefix": true,
                "license": "Artistic-2.0",
                "machine": "x86_64",
                "operatingsystem": "linux",
                "platform": "linux",
                "subdir": "linux-64",
                "target-triplet": "x86_64-any-linux"
            },
            "basename": "linux-64/bioconductor-ncdfflow-2.24.0-r3.4.1_1.tar.bz2",
            "dependencies": {
                "depends": [
                    {
                        "name": "bioconductor-biobase",
                        "specs": []
                    },
                    {
                        "name": "bioconductor-biocgenerics",
                        "specs": []
                    },
                    {
                        "name": "bioconductor-flowcore",
                        "specs": [
                            [
                                ">=",
                                "1.37.15"
                            ]
                        ]
                    },
                    {
                        "name": "bioconductor-flowviz",
                        "specs": []
                    },
                    {
                        "name": "bioconductor-rhdf5lib",
                        "specs": []
                    },
                    {
                        "name": "bioconductor-zlibbioc",
                        "specs": []
                    },
                    {
                        "name": "hdf5",
                        "specs": [
                            [
                                "==",
                                "1.8.17"
                            ]
                        ]
                    },
                    {
                        "name": "libgcc",
                        "specs": []
                    },
                    {
                        "name": "r-base",
                        "specs": [
                            [
                                "==",
                                "3.4.1"
                            ]
                        ]
                    },
                    {
                        "name": "r-bh",
                        "specs": []
                    },
                    {
                        "name": "r-rcpparmadillo",
                        "specs": []
                    }
                ]
            },
            "description": null,
            "distribution_type": "conda",
            "download_url": "//api.anaconda.org/download/bioconda/bioconductor-ncdfflow/2.24.0/linux-64/bioconductor-ncdfflow-2.24.0-r3.4.1_1.tar.bz2",
            "full_name": "bioconda/bioconductor-ncdfflow/2.24.0/linux-64/bioconductor-ncdfflow-2.24.0-r3.4.1_1.tar.bz2",
            "labels": [
                "main",
                "cf201901"
            ],
            "md5": "8193563769b49795cad348d1e558a05f",
            "ndownloads": 154,
            "owner": "bioconda",
            "size": 1890988,
            "type": "conda",
            "upload_time": "2018-02-14 13:53:10.137000+00:00",
            "version": "2.24.0"
        },
        {
            "attrs": {
                "arch": "x86_64",
                "build": "r351hfc679d8_0",
                "build_number": 0,
                "depends": [
                    "bioconductor-biobase >=2.40.0,<2.42.0",
                    "bioconductor-biocgenerics >=0.26.0,<0.28.0",
                    "bioconductor-flowcore >=1.46.2,<1.48.0",
                    "bioconductor-flowviz >=1.44.0,<1.46.0",
                    "bioconductor-rhdf5lib >=1.2.1,<1.4.0",
                    "bioconductor-zlibbioc >=1.26.0,<1.28.0",
                    "libgcc-ng >=4.9",
                    "libstdcxx-ng >=4.9",
                    "r-base >=3.5.1,<3.5.2.0a0",
                    "r-bh",
                    "r-rcpp",
                    "r-rcpparmadillo"
                ],
                "has_prefix": true,
                "license": "Artistic-2.0",
                "machine": "x86_64",
                "operatingsystem": "linux",
                "platform": "linux",
                "subdir": "linux-64",
                "target-triplet": "x86_64-any-linux",
                "timestamp": 1539596703206
            },
            "basename": "linux-64/bioconductor-ncdfflow-2.26.0-r351hfc679d8_0.tar.bz2",
            "dependencies": {
                "depends": [
                    {
                        "name": "bioconductor-biobase",
                        "specs": [
                            [
                                ">=",
                                "2.40.0,<2.42.0"
                            ]
                        ]
                    },
                    {
                        "name": "bioconductor-biocgenerics",
                        "specs": [
                            [
                                ">=",
                                "0.26.0,<0.28.0"
                            ]
                        ]
                    },
                    {
                        "name": "bioconductor-flowcore",
                        "specs": [
                            [
                                ">=",
                                "1.46.2,<1.48.0"
                            ]
                        ]
                    },
                    {
                        "name": "bioconductor-flowviz",
                        "specs": [
                            [
                                ">=",
                                "1.44.0,<1.46.0"
                            ]
                        ]
                    },
                    {
                        "name": "bioconductor-rhdf5lib",
                        "specs": [
                            [
                                ">=",
                                "1.2.1,<1.4.0"
                            ]
                        ]
                    },
                    {
                        "name": "bioconductor-zlibbioc",
                        "specs": [
                            [
                                ">=",
                                "1.26.0,<1.28.0"
                            ]
                        ]
                    },
                    {
                        "name": "libgcc-ng",
                        "specs": [
                            [
                                ">=",
                                "4.9"
                            ]
                        ]
                    },
                    {
                        "name": "libstdcxx-ng",
                        "specs": [
                            [
                                ">=",
                                "4.9"
                            ]
                        ]
                    },
                    {
                        "name": "r-base",
                        "specs": [
                            [
                                ">=",
                                "3.5.1,<3.5.2.0a0"
                            ]
                        ]
                    },
                    {
                        "name": "r-bh",
                        "specs": []
                    },
                    {
                        "name": "r-rcpp",
                        "specs": []
                    },
                    {
                        "name": "r-rcpparmadillo",
                        "specs": []
                    }
                ]
            },
            "description": null,
            "distribution_type": "conda",
            "download_url": "//api.anaconda.org/download/bioconda/bioconductor-ncdfflow/2.26.0/linux-64/bioconductor-ncdfflow-2.26.0-r351hfc679d8_0.tar.bz2",
            "full_name": "bioconda/bioconductor-ncdfflow/2.26.0/linux-64/bioconductor-ncdfflow-2.26.0-r351hfc679d8_0.tar.bz2",
            "labels": [
                "main",
                "cf201901"
            ],
            "md5": "2374ce20b1088bbe8110a88c78b4885e",
            "ndownloads": 1011,
            "owner": "bioconda",
            "size": 2126933,
            "type": "conda",
            "upload_time": "2018-10-15 09:50:11.110000+00:00",
            "version": "2.26.0"
        },
        {
            "attrs": {
                "arch": "x86_64",
                "build": "r341hfc679d8_0",
                "build_number": 0,
                "depends": [
                    "bioconductor-biobase >=2.40.0,<2.42.0",
                    "bioconductor-biocgenerics >=0.26.0,<0.28.0",
                    "bioconductor-flowcore >=1.46.2,<1.48.0",
                    "bioconductor-flowviz >=1.44.0,<1.46.0",
                    "bioconductor-rhdf5lib >=1.2.1,<1.4.0",
                    "bioconductor-zlibbioc >=1.26.0,<1.28.0",
                    "libgcc-ng >=4.9",
                    "libstdcxx-ng >=4.9",
                    "r-base >=3.4.1,<3.4.2.0a0",
                    "r-bh",
                    "r-rcpp",
                    "r-rcpparmadillo"
                ],
                "has_prefix": true,
                "license": "Artistic-2.0",
                "machine": "x86_64",
                "operatingsystem": "linux",
                "platform": "linux",
                "subdir": "linux-64",
                "target-triplet": "x86_64-any-linux",
                "timestamp": 1539596567637
            },
            "basename": "linux-64/bioconductor-ncdfflow-2.26.0-r341hfc679d8_0.tar.bz2",
            "dependencies": {
                "depends": [
                    {
                        "name": "bioconductor-biobase",
                        "specs": [
                            [
                                ">=",
                                "2.40.0,<2.42.0"
                            ]
                        ]
                    },
                    {
                        "name": "bioconductor-biocgenerics",
                        "specs": [
                            [
                                ">=",
                                "0.26.0,<0.28.0"
                            ]
                        ]
                    },
                    {
                        "name": "bioconductor-flowcore",
                        "specs": [
                            [
                                ">=",
                                "1.46.2,<1.48.0"
                            ]
                        ]
                    },
                    {
                        "name": "bioconductor-flowviz",
                        "specs": [
                            [
                                ">=",
                                "1.44.0,<1.46.0"
                            ]
                        ]
                    },
                    {
                        "name": "bioconductor-rhdf5lib",
                        "specs": [
                            [
                                ">=",
                                "1.2.1,<1.4.0"
                            ]
                        ]
                    },
                    {
                        "name": "bioconductor-zlibbioc",
                        "specs": [
                            [
                                ">=",
                                "1.26.0,<1.28.0"
                            ]
                        ]
                    },
                    {
                        "name": "libgcc-ng",
                        "specs": [
                            [
                                ">=",
                                "4.9"
                            ]
                        ]
                    },
                    {
                        "name": "libstdcxx-ng",
                        "specs": [
                            [
                                ">=",
                                "4.9"
                            ]
                        ]
                    },
                    {
                        "name": "r-base",
                        "specs": [
                            [
                                ">=",
                                "3.4.1,<3.4.2.0a0"
                            ]
                        ]
                    },
                    {
                        "name": "r-bh",
                        "specs": []
                    },
                    {
                        "name": "r-rcpp",
                        "specs": []
                    },
                    {
                        "name": "r-rcpparmadillo",
                        "specs": []
                    }
                ]
            },
            "description": null,
            "distribution_type": "conda",
            "download_url": "//api.anaconda.org/download/bioconda/bioconductor-ncdfflow/2.26.0/linux-64/bioconductor-ncdfflow-2.26.0-r341hfc679d8_0.tar.bz2",
            "full_name": "bioconda/bioconductor-ncdfflow/2.26.0/linux-64/bioconductor-ncdfflow-2.26.0-r341hfc679d8_0.tar.bz2",
            "labels": [
                "main",
                "cf201901"
            ],
            "md5": "c81f381e29d1d5b0a9ffa68d45876d1c",
            "ndownloads": 203,
            "owner": "bioconda",
            "size": 1953548,
            "type": "conda",
            "upload_time": "2018-10-15 09:50:13.979000+00:00",
            "version": "2.26.0"
        },
        {
            "attrs": {
                "arch": "x86_64",
                "build": "r351hf484d3e_0",
                "build_number": 0,
                "depends": [
                    "bioconductor-biobase >=2.42.0,<2.43.0",
                    "bioconductor-biocgenerics >=0.28.0,<0.29.0",
                    "bioconductor-flowcore >=1.48.0,<1.49.0",
                    "bioconductor-flowviz >=1.46.0,<1.47.0",
                    "bioconductor-rhdf5lib >=1.4.0,<1.5.0",
                    "bioconductor-zlibbioc >=1.28.0,<1.29.0",
                    "libgcc-ng >=7.3.0",
                    "libstdcxx-ng >=7.3.0",
                    "r-base >=3.5.1,<3.5.2.0a0",
                    "r-bh",
                    "r-rcpp",
                    "r-rcpparmadillo"
                ],
                "has_prefix": true,
                "license": "Artistic-2.0",
                "machine": "x86_64",
                "operatingsystem": "linux",
                "platform": "linux",
                "subdir": "linux-64",
                "target-triplet": "x86_64-any-linux",
                "timestamp": 1545169145474
            },
            "basename": "linux-64/bioconductor-ncdfflow-2.28.0-r351hf484d3e_0.tar.bz2",
            "dependencies": {
                "depends": [
                    {
                        "name": "bioconductor-biobase",
                        "specs": [
                            [
                                ">=",
                                "2.42.0,<2.43.0"
                            ]
                        ]
                    },
                    {
                        "name": "bioconductor-biocgenerics",
                        "specs": [
                            [
                                ">=",
                                "0.28.0,<0.29.0"
                            ]
                        ]
                    },
                    {
                        "name": "bioconductor-flowcore",
                        "specs": [
                            [
                                ">=",
                                "1.48.0,<1.49.0"
                            ]
                        ]
                    },
                    {
                        "name": "bioconductor-flowviz",
                        "specs": [
                            [
                                ">=",
                                "1.46.0,<1.47.0"
                            ]
                        ]
                    },
                    {
                        "name": "bioconductor-rhdf5lib",
                        "specs": [
                            [
                                ">=",
                                "1.4.0,<1.5.0"
                            ]
                        ]
                    },
                    {
                        "name": "bioconductor-zlibbioc",
                        "specs": [
                            [
                                ">=",
                                "1.28.0,<1.29.0"
                            ]
                        ]
                    },
                    {
                        "name": "libgcc-ng",
                        "specs": [
                            [
                                ">=",
                                "7.3.0"
                            ]
                        ]
                    },
                    {
                        "name": "libstdcxx-ng",
                        "specs": [
                            [
                                ">=",
                                "7.3.0"
                            ]
                        ]
                    },
                    {
                        "name": "r-base",
                        "specs": [
                            [
                                ">=",
                                "3.5.1,<3.5.2.0a0"
                            ]
                        ]
                    },
                    {
                        "name": "r-bh",
                        "specs": []
                    },
                    {
                        "name": "r-rcpp",
                        "specs": []
                    },
                    {
                        "name": "r-rcpparmadillo",
                        "specs": []
                    }
                ]
            },
            "description": null,
            "distribution_type": "conda",
            "download_url": "//api.anaconda.org/download/bioconda/bioconductor-ncdfflow/2.28.0/linux-64/bioconductor-ncdfflow-2.28.0-r351hf484d3e_0.tar.bz2",
            "full_name": "bioconda/bioconductor-ncdfflow/2.28.0/linux-64/bioconductor-ncdfflow-2.28.0-r351hf484d3e_0.tar.bz2",
            "labels": [
                "gcc7",
                "main"
            ],
            "md5": "75951527d40c829ffb0fe9268e341e1f",
            "ndownloads": 162,
            "owner": "bioconda",
            "size": 2195130,
            "type": "conda",
            "upload_time": "2018-12-18 21:42:55.809000+00:00",
            "version": "2.28.0"
        },
        {
            "attrs": {
                "arch": "x86_64",
                "build": "r351h0a44026_0",
                "build_number": 0,
                "depends": [
                    "bioconductor-biobase >=2.42.0,<2.43.0",
                    "bioconductor-biocgenerics >=0.28.0,<0.29.0",
                    "bioconductor-flowcore >=1.48.0,<1.49.0",
                    "bioconductor-flowviz >=1.46.0,<1.47.0",
                    "bioconductor-rhdf5lib >=1.4.0,<1.5.0",
                    "bioconductor-zlibbioc >=1.28.0,<1.29.0",
                    "libcxx >=4.0.1",
                    "r-base >=3.5.1,<3.5.2.0a0",
                    "r-bh",
                    "r-rcpp",
                    "r-rcpparmadillo"
                ],
                "has_prefix": true,
                "license": "Artistic-2.0",
                "machine": "x86_64",
                "operatingsystem": "darwin",
                "platform": "osx",
                "subdir": "osx-64",
                "target-triplet": "x86_64-any-darwin",
                "timestamp": 1545512590151
            },
            "basename": "osx-64/bioconductor-ncdfflow-2.28.0-r351h0a44026_0.tar.bz2",
            "dependencies": {
                "depends": [
                    {
                        "name": "bioconductor-biobase",
                        "specs": [
                            [
                                ">=",
                                "2.42.0,<2.43.0"
                            ]
                        ]
                    },
                    {
                        "name": "bioconductor-biocgenerics",
                        "specs": [
                            [
                                ">=",
                                "0.28.0,<0.29.0"
                            ]
                        ]
                    },
                    {
                        "name": "bioconductor-flowcore",
                        "specs": [
                            [
                                ">=",
                                "1.48.0,<1.49.0"
                            ]
                        ]
                    },
                    {
                        "name": "bioconductor-flowviz",
                        "specs": [
                            [
                                ">=",
                                "1.46.0,<1.47.0"
                            ]
                        ]
                    },
                    {
                        "name": "bioconductor-rhdf5lib",
                        "specs": [
                            [
                                ">=",
                                "1.4.0,<1.5.0"
                            ]
                        ]
                    },
                    {
                        "name": "bioconductor-zlibbioc",
                        "specs": [
                            [
                                ">=",
                                "1.28.0,<1.29.0"
                            ]
                        ]
                    },
                    {
                        "name": "libcxx",
                        "specs": [
                            [
                                ">=",
                                "4.0.1"
                            ]
                        ]
                    },
                    {
                        "name": "r-base",
                        "specs": [
                            [
                                ">=",
                                "3.5.1,<3.5.2.0a0"
                            ]
                        ]
                    },
                    {
                        "name": "r-bh",
                        "specs": []
                    },
                    {
                        "name": "r-rcpp",
                        "specs": []
                    },
                    {
                        "name": "r-rcpparmadillo",
                        "specs": []
                    }
                ]
            },
            "description": null,
            "distribution_type": "conda",
            "download_url": "//api.anaconda.org/download/bioconda/bioconductor-ncdfflow/2.28.0/osx-64/bioconductor-ncdfflow-2.28.0-r351h0a44026_0.tar.bz2",
            "full_name": "bioconda/bioconductor-ncdfflow/2.28.0/osx-64/bioconductor-ncdfflow-2.28.0-r351h0a44026_0.tar.bz2",
            "labels": [
                "gcc7",
                "main"
            ],
            "md5": "38b83327c5ea19b9b10651c9543b9bf8",
            "ndownloads": 715,
            "owner": "bioconda",
            "size": 2054849,
            "type": "conda",
            "upload_time": "2018-12-22 21:04:19.285000+00:00",
            "version": "2.28.0"
        },
        {
            "attrs": {
                "arch": "x86_64",
                "build": "r351hf484d3e_0",
                "build_number": 0,
                "depends": [
                    "bioconductor-biobase >=2.42.0,<2.43.0",
                    "bioconductor-biocgenerics >=0.28.0,<0.29.0",
                    "bioconductor-flowcore >=1.48.0,<1.49.0",
                    "bioconductor-flowviz >=1.46.0,<1.47.0",
                    "bioconductor-rhdf5lib >=1.4.0,<1.5.0",
                    "bioconductor-zlibbioc >=1.28.0,<1.29.0",
                    "libgcc-ng >=7.3.0",
                    "libstdcxx-ng >=7.3.0",
                    "r-base >=3.5.1,<3.5.2.0a0",
                    "r-bh",
                    "r-rcpp",
                    "r-rcpparmadillo"
                ],
                "has_prefix": true,
                "license": "Artistic-2.0",
                "machine": "x86_64",
                "operatingsystem": "linux",
                "platform": "linux",
                "subdir": "linux-64",
                "target-triplet": "x86_64-any-linux",
                "timestamp": 1557556790102
            },
            "basename": "linux-64/bioconductor-ncdfflow-2.28.1-r351hf484d3e_0.tar.bz2",
            "dependencies": {
                "depends": [
                    {
                        "name": "bioconductor-biobase",
                        "specs": [
                            [
                                ">=",
                                "2.42.0,<2.43.0"
                            ]
                        ]
                    },
                    {
                        "name": "bioconductor-biocgenerics",
                        "specs": [
                            [
                                ">=",
                                "0.28.0,<0.29.0"
                            ]
                        ]
                    },
                    {
                        "name": "bioconductor-flowcore",
                        "specs": [
                            [
                                ">=",
                                "1.48.0,<1.49.0"
                            ]
                        ]
                    },
                    {
                        "name": "bioconductor-flowviz",
                        "specs": [
                            [
                                ">=",
                                "1.46.0,<1.47.0"
                            ]
                        ]
                    },
                    {
                        "name": "bioconductor-rhdf5lib",
                        "specs": [
                            [
                                ">=",
                                "1.4.0,<1.5.0"
                            ]
                        ]
                    },
                    {
                        "name": "bioconductor-zlibbioc",
                        "specs": [
                            [
                                ">=",
                                "1.28.0,<1.29.0"
                            ]
                        ]
                    },
                    {
                        "name": "libgcc-ng",
                        "specs": [
                            [
                                ">=",
                                "7.3.0"
                            ]
                        ]
                    },
                    {
                        "name": "libstdcxx-ng",
                        "specs": [
                            [
                                ">=",
                                "7.3.0"
                            ]
                        ]
                    },
                    {
                        "name": "r-base",
                        "specs": [
                            [
                                ">=",
                                "3.5.1,<3.5.2.0a0"
                            ]
                        ]
                    },
                    {
                        "name": "r-bh",
                        "specs": []
                    },
                    {
                        "name": "r-rcpp",
                        "specs": []
                    },
                    {
                        "name": "r-rcpparmadillo",
                        "specs": []
                    }
                ]
            },
            "description": null,
            "distribution_type": "conda",
            "download_url": "//api.anaconda.org/download/bioconda/bioconductor-ncdfflow/2.28.1/linux-64/bioconductor-ncdfflow-2.28.1-r351hf484d3e_0.tar.bz2",
            "full_name": "bioconda/bioconductor-ncdfflow/2.28.1/linux-64/bioconductor-ncdfflow-2.28.1-r351hf484d3e_0.tar.bz2",
            "labels": [
                "main"
            ],
            "md5": "cf0555f22441d6acf72b3f99d6fb4cfd",
            "ndownloads": 109,
            "owner": "bioconda",
            "size": 2236635,
            "type": "conda",
            "upload_time": "2019-05-11 16:41:07.505000+00:00",
            "version": "2.28.1"
        },
        {
            "attrs": {
                "arch": "x86_64",
                "build": "r351h0a44026_0",
                "build_number": 0,
                "depends": [
                    "bioconductor-biobase >=2.42.0,<2.43.0",
                    "bioconductor-biocgenerics >=0.28.0,<0.29.0",
                    "bioconductor-flowcore >=1.48.0,<1.49.0",
                    "bioconductor-flowviz >=1.46.0,<1.47.0",
                    "bioconductor-rhdf5lib >=1.4.0,<1.5.0",
                    "bioconductor-zlibbioc >=1.28.0,<1.29.0",
                    "libcxx >=4.0.1",
                    "r-base >=3.5.1,<3.5.2.0a0",
                    "r-bh",
                    "r-rcpp",
                    "r-rcpparmadillo"
                ],
                "has_prefix": true,
                "license": "Artistic-2.0",
                "machine": "x86_64",
                "operatingsystem": "darwin",
                "platform": "osx",
                "subdir": "osx-64",
                "target-triplet": "x86_64-any-darwin",
                "timestamp": 1557563108051
            },
            "basename": "osx-64/bioconductor-ncdfflow-2.28.1-r351h0a44026_0.tar.bz2",
            "dependencies": {
                "depends": [
                    {
                        "name": "bioconductor-biobase",
                        "specs": [
                            [
                                ">=",
                                "2.42.0,<2.43.0"
                            ]
                        ]
                    },
                    {
                        "name": "bioconductor-biocgenerics",
                        "specs": [
                            [
                                ">=",
                                "0.28.0,<0.29.0"
                            ]
                        ]
                    },
                    {
                        "name": "bioconductor-flowcore",
                        "specs": [
                            [
                                ">=",
                                "1.48.0,<1.49.0"
                            ]
                        ]
                    },
                    {
                        "name": "bioconductor-flowviz",
                        "specs": [
                            [
                                ">=",
                                "1.46.0,<1.47.0"
                            ]
                        ]
                    },
                    {
                        "name": "bioconductor-rhdf5lib",
                        "specs": [
                            [
                                ">=",
                                "1.4.0,<1.5.0"
                            ]
                        ]
                    },
                    {
                        "name": "bioconductor-zlibbioc",
                        "specs": [
                            [
                                ">=",
                                "1.28.0,<1.29.0"
                            ]
                        ]
                    },
                    {
                        "name": "libcxx",
                        "specs": [
                            [
                                ">=",
                                "4.0.1"
                            ]
                        ]
                    },
                    {
                        "name": "r-base",
                        "specs": [
                            [
                                ">=",
                                "3.5.1,<3.5.2.0a0"
                            ]
                        ]
                    },
                    {
                        "name": "r-bh",
                        "specs": []
                    },
                    {
                        "name": "r-rcpp",
                        "specs": []
                    },
                    {
                        "name": "r-rcpparmadillo",
                        "specs": []
                    }
                ]
            },
            "description": null,
            "distribution_type": "conda",
            "download_url": "//api.anaconda.org/download/bioconda/bioconductor-ncdfflow/2.28.1/osx-64/bioconductor-ncdfflow-2.28.1-r351h0a44026_0.tar.bz2",
            "full_name": "bioconda/bioconductor-ncdfflow/2.28.1/osx-64/bioconductor-ncdfflow-2.28.1-r351h0a44026_0.tar.bz2",
            "labels": [
                "main"
            ],
            "md5": "30a74273645b3ee21caf6727c976346e",
            "ndownloads": 502,
            "owner": "bioconda",
            "size": 2234768,
            "type": "conda",
            "upload_time": "2019-05-11 16:41:10.018000+00:00",
            "version": "2.28.1"
        },
        {
            "attrs": {
                "arch": "x86_64",
                "build": "r36he1b5a44_0",
                "build_number": 0,
                "depends": [
                    "bioconductor-biobase >=2.44.0,<2.45.0",
                    "bioconductor-biocgenerics >=0.30.0,<0.31.0",
                    "bioconductor-flowcore >=1.50.0,<1.51.0",
                    "bioconductor-flowviz >=1.48.0,<1.49.0",
                    "bioconductor-rhdf5lib >=1.6.0,<1.7.0",
                    "bioconductor-zlibbioc >=1.30.0,<1.31.0",
                    "libgcc-ng >=7.3.0",
                    "libstdcxx-ng >=7.3.0",
                    "r-base >=3.6,<3.7.0a0",
                    "r-bh",
                    "r-rcpp",
                    "r-rcpparmadillo"
                ],
                "has_prefix": true,
                "license": "Artistic-2.0",
                "machine": "x86_64",
                "operatingsystem": "linux",
                "platform": "linux",
                "subdir": "linux-64",
                "target-triplet": "x86_64-any-linux",
                "timestamp": 1564174099262
            },
            "basename": "linux-64/bioconductor-ncdfflow-2.30.1-r36he1b5a44_0.tar.bz2",
            "dependencies": {
                "depends": [
                    {
                        "name": "bioconductor-biobase",
                        "specs": [
                            [
                                ">=",
                                "2.44.0,<2.45.0"
                            ]
                        ]
                    },
                    {
                        "name": "bioconductor-biocgenerics",
                        "specs": [
                            [
                                ">=",
                                "0.30.0,<0.31.0"
                            ]
                        ]
                    },
                    {
                        "name": "bioconductor-flowcore",
                        "specs": [
                            [
                                ">=",
                                "1.50.0,<1.51.0"
                            ]
                        ]
                    },
                    {
                        "name": "bioconductor-flowviz",
                        "specs": [
                            [
                                ">=",
                                "1.48.0,<1.49.0"
                            ]
                        ]
                    },
                    {
                        "name": "bioconductor-rhdf5lib",
                        "specs": [
                            [
                                ">=",
                                "1.6.0,<1.7.0"
                            ]
                        ]
                    },
                    {
                        "name": "bioconductor-zlibbioc",
                        "specs": [
                            [
                                ">=",
                                "1.30.0,<1.31.0"
                            ]
                        ]
                    },
                    {
                        "name": "libgcc-ng",
                        "specs": [
                            [
                                ">=",
                                "7.3.0"
                            ]
                        ]
                    },
                    {
                        "name": "libstdcxx-ng",
                        "specs": [
                            [
                                ">=",
                                "7.3.0"
                            ]
                        ]
                    },
                    {
                        "name": "r-base",
                        "specs": [
                            [
                                ">=",
                                "3.6,<3.7.0a0"
                            ]
                        ]
                    },
                    {
                        "name": "r-bh",
                        "specs": []
                    },
                    {
                        "name": "r-rcpp",
                        "specs": []
                    },
                    {
                        "name": "r-rcpparmadillo",
                        "specs": []
                    }
                ]
            },
            "description": null,
            "distribution_type": "conda",
            "download_url": "//api.anaconda.org/download/bioconda/bioconductor-ncdfflow/2.30.1/linux-64/bioconductor-ncdfflow-2.30.1-r36he1b5a44_0.tar.bz2",
            "full_name": "bioconda/bioconductor-ncdfflow/2.30.1/linux-64/bioconductor-ncdfflow-2.30.1-r36he1b5a44_0.tar.bz2",
            "labels": [
                "main"
            ],
            "md5": "cf3c86909c7acaf7e80631903fa647e6",
            "ndownloads": 112,
            "owner": "bioconda",
            "size": 2259256,
            "type": "conda",
            "upload_time": "2019-07-26 20:52:31.580000+00:00",
            "version": "2.30.1"
        },
        {
            "attrs": {
                "arch": "x86_64",
                "build": "r36h6de7cb9_0",
                "build_number": 0,
                "depends": [
                    "bioconductor-biobase >=2.44.0,<2.45.0",
                    "bioconductor-biocgenerics >=0.30.0,<0.31.0",
                    "bioconductor-flowcore >=1.50.0,<1.51.0",
                    "bioconductor-flowviz >=1.48.0,<1.49.0",
                    "bioconductor-rhdf5lib >=1.6.0,<1.7.0",
                    "bioconductor-zlibbioc >=1.30.0,<1.31.0",
                    "libcxx >=4.0.1",
                    "r-base >=3.6,<3.7.0a0",
                    "r-bh",
                    "r-rcpp",
                    "r-rcpparmadillo"
                ],
                "has_prefix": true,
                "license": "Artistic-2.0",
                "machine": "x86_64",
                "operatingsystem": "darwin",
                "platform": "osx",
                "subdir": "osx-64",
                "target-triplet": "x86_64-any-darwin",
                "timestamp": 1564681111031
            },
            "basename": "osx-64/bioconductor-ncdfflow-2.30.1-r36h6de7cb9_0.tar.bz2",
            "dependencies": {
                "depends": [
                    {
                        "name": "bioconductor-biobase",
                        "specs": [
                            [
                                ">=",
                                "2.44.0,<2.45.0"
                            ]
                        ]
                    },
                    {
                        "name": "bioconductor-biocgenerics",
                        "specs": [
                            [
                                ">=",
                                "0.30.0,<0.31.0"
                            ]
                        ]
                    },
                    {
                        "name": "bioconductor-flowcore",
                        "specs": [
                            [
                                ">=",
                                "1.50.0,<1.51.0"
                            ]
                        ]
                    },
                    {
                        "name": "bioconductor-flowviz",
                        "specs": [
                            [
                                ">=",
                                "1.48.0,<1.49.0"
                            ]
                        ]
                    },
                    {
                        "name": "bioconductor-rhdf5lib",
                        "specs": [
                            [
                                ">=",
                                "1.6.0,<1.7.0"
                            ]
                        ]
                    },
                    {
                        "name": "bioconductor-zlibbioc",
                        "specs": [
                            [
                                ">=",
                                "1.30.0,<1.31.0"
                            ]
                        ]
                    },
                    {
                        "name": "libcxx",
                        "specs": [
                            [
                                ">=",
                                "4.0.1"
                            ]
                        ]
                    },
                    {
                        "name": "r-base",
                        "specs": [
                            [
                                ">=",
                                "3.6,<3.7.0a0"
                            ]
                        ]
                    },
                    {
                        "name": "r-bh",
                        "specs": []
                    },
                    {
                        "name": "r-rcpp",
                        "specs": []
                    },
                    {
                        "name": "r-rcpparmadillo",
                        "specs": []
                    }
                ]
            },
            "description": null,
            "distribution_type": "conda",
            "download_url": "//api.anaconda.org/download/bioconda/bioconductor-ncdfflow/2.30.1/osx-64/bioconductor-ncdfflow-2.30.1-r36h6de7cb9_0.tar.bz2",
            "full_name": "bioconda/bioconductor-ncdfflow/2.30.1/osx-64/bioconductor-ncdfflow-2.30.1-r36h6de7cb9_0.tar.bz2",
            "labels": [
                "main"
            ],
            "md5": "5b4079ddd1f9992ddad96a105467fbae",
            "ndownloads": 309,
            "owner": "bioconda",
            "size": 2047788,
            "type": "conda",
            "upload_time": "2019-08-01 17:39:37.686000+00:00",
            "version": "2.30.1"
        },
        {
            "attrs": {
                "arch": "x86_64",
                "build": "r36h6de7cb9_0",
                "build_number": 0,
                "depends": [
                    "bioconductor-biobase >=2.46.0,<2.47.0",
                    "bioconductor-biocgenerics >=0.32.0,<0.33.0",
                    "bioconductor-flowcore >=1.52.0,<1.53.0",
                    "bioconductor-rhdf5lib >=1.8.0,<1.9.0",
                    "bioconductor-zlibbioc >=1.32.0,<1.33.0",
                    "libcxx >=4.0.1",
                    "r-base >=3.6,<3.7.0a0",
                    "r-bh",
                    "r-rcpp",
                    "r-rcpparmadillo"
                ],
                "has_prefix": true,
                "license": "Artistic-2.0",
                "machine": "x86_64",
                "operatingsystem": "darwin",
                "platform": "osx",
                "subdir": "osx-64",
                "target-triplet": "x86_64-any-darwin",
                "timestamp": 1572597798575
            },
            "basename": "osx-64/bioconductor-ncdfflow-2.32.0-r36h6de7cb9_0.tar.bz2",
            "dependencies": {
                "depends": [
                    {
                        "name": "bioconductor-biobase",
                        "specs": [
                            [
                                ">=",
                                "2.46.0,<2.47.0"
                            ]
                        ]
                    },
                    {
                        "name": "bioconductor-biocgenerics",
                        "specs": [
                            [
                                ">=",
                                "0.32.0,<0.33.0"
                            ]
                        ]
                    },
                    {
                        "name": "bioconductor-flowcore",
                        "specs": [
                            [
                                ">=",
                                "1.52.0,<1.53.0"
                            ]
                        ]
                    },
                    {
                        "name": "bioconductor-rhdf5lib",
                        "specs": [
                            [
                                ">=",
                                "1.8.0,<1.9.0"
                            ]
                        ]
                    },
                    {
                        "name": "bioconductor-zlibbioc",
                        "specs": [
                            [
                                ">=",
                                "1.32.0,<1.33.0"
                            ]
                        ]
                    },
                    {
                        "name": "libcxx",
                        "specs": [
                            [
                                ">=",
                                "4.0.1"
                            ]
                        ]
                    },
                    {
                        "name": "r-base",
                        "specs": [
                            [
                                ">=",
                                "3.6,<3.7.0a0"
                            ]
                        ]
                    },
                    {
                        "name": "r-bh",
                        "specs": []
                    },
                    {
                        "name": "r-rcpp",
                        "specs": []
                    },
                    {
                        "name": "r-rcpparmadillo",
                        "specs": []
                    }
                ]
            },
            "description": null,
            "distribution_type": "conda",
            "download_url": "//api.anaconda.org/download/bioconda/bioconductor-ncdfflow/2.32.0/osx-64/bioconductor-ncdfflow-2.32.0-r36h6de7cb9_0.tar.bz2",
            "full_name": "bioconda/bioconductor-ncdfflow/2.32.0/osx-64/bioconductor-ncdfflow-2.32.0-r36h6de7cb9_0.tar.bz2",
            "labels": [
                "main"
            ],
            "md5": "5f94c40ffcb03258804f63276f7cb4f2",
            "ndownloads": 158,
            "owner": "bioconda",
            "size": 1991890,
            "type": "conda",
            "upload_time": "2019-11-01 08:44:18.421000+00:00",
            "version": "2.32.0"
        },
        {
            "attrs": {
                "arch": "x86_64",
                "build": "r36he1b5a44_0",
                "build_number": 0,
                "depends": [
                    "bioconductor-biobase >=2.46.0,<2.47.0",
                    "bioconductor-biocgenerics >=0.32.0,<0.33.0",
                    "bioconductor-flowcore >=1.52.0,<1.53.0",
                    "bioconductor-rhdf5lib >=1.8.0,<1.9.0",
                    "bioconductor-zlibbioc >=1.32.0,<1.33.0",
                    "libgcc-ng >=7.3.0",
                    "libstdcxx-ng >=7.3.0",
                    "r-base >=3.6,<3.7.0a0",
                    "r-bh",
                    "r-rcpp",
                    "r-rcpparmadillo"
                ],
                "has_prefix": true,
                "license": "Artistic-2.0",
                "machine": "x86_64",
                "operatingsystem": "linux",
                "platform": "linux",
                "subdir": "linux-64",
                "target-triplet": "x86_64-any-linux",
                "timestamp": 1572626528194
            },
            "basename": "linux-64/bioconductor-ncdfflow-2.32.0-r36he1b5a44_0.tar.bz2",
            "dependencies": {
                "depends": [
                    {
                        "name": "bioconductor-biobase",
                        "specs": [
                            [
                                ">=",
                                "2.46.0,<2.47.0"
                            ]
                        ]
                    },
                    {
                        "name": "bioconductor-biocgenerics",
                        "specs": [
                            [
                                ">=",
                                "0.32.0,<0.33.0"
                            ]
                        ]
                    },
                    {
                        "name": "bioconductor-flowcore",
                        "specs": [
                            [
                                ">=",
                                "1.52.0,<1.53.0"
                            ]
                        ]
                    },
                    {
                        "name": "bioconductor-rhdf5lib",
                        "specs": [
                            [
                                ">=",
                                "1.8.0,<1.9.0"
                            ]
                        ]
                    },
                    {
                        "name": "bioconductor-zlibbioc",
                        "specs": [
                            [
                                ">=",
                                "1.32.0,<1.33.0"
                            ]
                        ]
                    },
                    {
                        "name": "libgcc-ng",
                        "specs": [
                            [
                                ">=",
                                "7.3.0"
                            ]
                        ]
                    },
                    {
                        "name": "libstdcxx-ng",
                        "specs": [
                            [
                                ">=",
                                "7.3.0"
                            ]
                        ]
                    },
                    {
                        "name": "r-base",
                        "specs": [
                            [
                                ">=",
                                "3.6,<3.7.0a0"
                            ]
                        ]
                    },
                    {
                        "name": "r-bh",
                        "specs": []
                    },
                    {
                        "name": "r-rcpp",
                        "specs": []
                    },
                    {
                        "name": "r-rcpparmadillo",
                        "specs": []
                    }
                ]
            },
            "description": null,
            "distribution_type": "conda",
            "download_url": "//api.anaconda.org/download/bioconda/bioconductor-ncdfflow/2.32.0/linux-64/bioconductor-ncdfflow-2.32.0-r36he1b5a44_0.tar.bz2",
            "full_name": "bioconda/bioconductor-ncdfflow/2.32.0/linux-64/bioconductor-ncdfflow-2.32.0-r36he1b5a44_0.tar.bz2",
            "labels": [
                "main"
            ],
            "md5": "b1ee117b2c96bce0fe86e844f412d75d",
            "ndownloads": 52,
            "owner": "bioconda",
            "size": 2170100,
            "type": "conda",
            "upload_time": "2019-11-01 16:47:29.036000+00:00",
            "version": "2.32.0"
        }
    ],
    "full_name": "bioconda/bioconductor-ncdfflow",
    "home": "http://bioconductor.org/packages/release/bioc/html/ncdfFlow.html",
    "html_url": "http://anaconda.org/bioconda/bioconductor-ncdfflow",
    "id": "59be8678c3751e119c8dbc5e",
    "latest_version": "2.32.0",
    "license": "Artistic-2.0",
    "license_url": null,
    "modified_at": "2019-11-01 16:47:29.920000+00:00",
    "name": "bioconductor-ncdfflow",
    "owner": {
        "company": "",
        "created_at": "2015-09-11 22:59:20.880000+00:00",
        "description": "Bioconda is a distribution of bioinformatics software realized as a channel for the versatile Conda package manager.",
        "location": "",
        "login": "bioconda",
        "name": "bioconda",
        "url": "",
        "user_type": "org"
    },
    "package_types": [
        "conda"
    ],
    "public": true,
    "releases": [
        {
            "distributions": [],
            "full_name": "bioconda/bioconductor-ncdfflow/2.22.0",
            "version": "2.22.0"
        },
        {
            "distributions": [],
            "full_name": "bioconda/bioconductor-ncdfflow/2.22.2",
            "version": "2.22.2"
        },
        {
            "distributions": [],
            "full_name": "bioconda/bioconductor-ncdfflow/2.24.0",
            "version": "2.24.0"
        },
        {
            "distributions": [],
            "full_name": "bioconda/bioconductor-ncdfflow/2.26.0",
            "version": "2.26.0"
        },
        {
            "distributions": [],
            "full_name": "bioconda/bioconductor-ncdfflow/2.28.0",
            "version": "2.28.0"
        },
        {
            "distributions": [],
            "full_name": "bioconda/bioconductor-ncdfflow/2.28.1",
            "version": "2.28.1"
        },
        {
            "distributions": [],
            "full_name": "bioconda/bioconductor-ncdfflow/2.30.1",
            "version": "2.30.1"
        },
        {
            "distributions": [],
            "full_name": "bioconda/bioconductor-ncdfflow/2.32.0",
            "version": "2.32.0"
        }
    ],
    "revision": 16,
    "source_git_tag": null,
    "source_git_url": null,
    "summary": "ncdfFlow: A package that provides HDF5 based storage for flow cytometry data.",
    "upvoted": 0,
    "url": "http://api.anaconda.org/packages/bioconda/bioconductor-ncdfflow",
    "versions": [
        "2.22.0",
        "2.22.2",
        "2.24.0",
        "2.26.0",
        "2.28.0",
        "2.28.1",
        "2.30.1",
        "2.32.0"
    ],
    "watchers": 1
}