{
    "app_entry": {},
    "app_summary": {},
    "app_type": {},
    "builds": [
        "r36_1",
        "r36_0",
        "r341_0",
        "r351_0",
        "r351_1",
        "r3.4.1_0"
    ],
    "conda_platforms": [
        "linux-64",
        "noarch",
        "osx-64"
    ],
    "created_at": "2017-11-12 14:56:47.934000+00:00",
    "description": "FISHalyseR provides functionality to process and analyse digital cell culture images, in particular to quantify FISH probes within nuclei. Furthermore, it extract the spatial location of each nucleus as well as each probe enabling spatial co-localisation analysis.",
    "dev_url": null,
    "doc_url": null,
    "files": [
        {
            "attrs": {
                "arch": "x86_64",
                "build": "r3.4.1_0",
                "build_number": 0,
                "depends": [
                    "bioconductor-ebimage",
                    "r-abind",
                    "r-base 3.4.1*"
                ],
                "has_prefix": false,
                "license": "Artistic-2.0",
                "machine": "x86_64",
                "operatingsystem": "linux",
                "platform": "linux",
                "subdir": "linux-64",
                "target-triplet": "x86_64-any-linux"
            },
            "basename": "linux-64/bioconductor-fishalyser-1.10.0-r3.4.1_0.tar.bz2",
            "dependencies": {
                "depends": [
                    {
                        "name": "bioconductor-ebimage",
                        "specs": []
                    },
                    {
                        "name": "r-abind",
                        "specs": []
                    },
                    {
                        "name": "r-base",
                        "specs": [
                            [
                                "==",
                                "3.4.1"
                            ]
                        ]
                    }
                ]
            },
            "description": null,
            "distribution_type": "conda",
            "download_url": "//api.anaconda.org/download/bioconda/bioconductor-fishalyser/1.10.0/linux-64/bioconductor-fishalyser-1.10.0-r3.4.1_0.tar.bz2",
            "full_name": "bioconda/bioconductor-fishalyser/1.10.0/linux-64/bioconductor-fishalyser-1.10.0-r3.4.1_0.tar.bz2",
            "labels": [
                "main",
                "cf201901"
            ],
            "md5": "0ef59a0df7b1ab2ebc4c68b696cd5052",
            "ndownloads": 560,
            "owner": "bioconda",
            "size": 725410,
            "type": "conda",
            "upload_time": "2017-11-12 14:59:55.293000+00:00",
            "version": "1.10.0"
        },
        {
            "attrs": {
                "arch": "x86_64",
                "build": "r3.4.1_0",
                "build_number": 0,
                "depends": [
                    "bioconductor-ebimage",
                    "r-abind",
                    "r-base 3.4.1*"
                ],
                "has_prefix": false,
                "license": "Artistic-2.0",
                "machine": "x86_64",
                "operatingsystem": "darwin",
                "platform": "osx",
                "subdir": "osx-64",
                "target-triplet": "x86_64-any-darwin"
            },
            "basename": "osx-64/bioconductor-fishalyser-1.10.0-r3.4.1_0.tar.bz2",
            "dependencies": {
                "depends": [
                    {
                        "name": "bioconductor-ebimage",
                        "specs": []
                    },
                    {
                        "name": "r-abind",
                        "specs": []
                    },
                    {
                        "name": "r-base",
                        "specs": [
                            [
                                "==",
                                "3.4.1"
                            ]
                        ]
                    }
                ]
            },
            "description": null,
            "distribution_type": "conda",
            "download_url": "//api.anaconda.org/download/bioconda/bioconductor-fishalyser/1.10.0/osx-64/bioconductor-fishalyser-1.10.0-r3.4.1_0.tar.bz2",
            "full_name": "bioconda/bioconductor-fishalyser/1.10.0/osx-64/bioconductor-fishalyser-1.10.0-r3.4.1_0.tar.bz2",
            "labels": [
                "main",
                "cf201901"
            ],
            "md5": "93c037d6d893a185189918e3cd21e0af",
            "ndownloads": 769,
            "owner": "bioconda",
            "size": 725222,
            "type": "conda",
            "upload_time": "2017-11-12 14:56:48.480000+00:00",
            "version": "1.10.0"
        },
        {
            "attrs": {
                "arch": "x86_64",
                "build": "r3.4.1_0",
                "build_number": 0,
                "depends": [
                    "bioconductor-ebimage",
                    "r-abind",
                    "r-base 3.4.1*"
                ],
                "has_prefix": false,
                "license": "Artistic-2.0",
                "machine": "x86_64",
                "operatingsystem": "linux",
                "platform": "linux",
                "subdir": "linux-64",
                "target-triplet": "x86_64-any-linux"
            },
            "basename": "linux-64/bioconductor-fishalyser-1.12.0-r3.4.1_0.tar.bz2",
            "dependencies": {
                "depends": [
                    {
                        "name": "bioconductor-ebimage",
                        "specs": []
                    },
                    {
                        "name": "r-abind",
                        "specs": []
                    },
                    {
                        "name": "r-base",
                        "specs": [
                            [
                                "==",
                                "3.4.1"
                            ]
                        ]
                    }
                ]
            },
            "description": null,
            "distribution_type": "conda",
            "download_url": "//api.anaconda.org/download/bioconda/bioconductor-fishalyser/1.12.0/linux-64/bioconductor-fishalyser-1.12.0-r3.4.1_0.tar.bz2",
            "full_name": "bioconda/bioconductor-fishalyser/1.12.0/linux-64/bioconductor-fishalyser-1.12.0-r3.4.1_0.tar.bz2",
            "labels": [
                "main",
                "cf201901"
            ],
            "md5": "53e16970b97a221d1bcfb2c00b09c8e3",
            "ndownloads": 573,
            "owner": "bioconda",
            "size": 726698,
            "type": "conda",
            "upload_time": "2017-11-13 18:30:02.595000+00:00",
            "version": "1.12.0"
        },
        {
            "attrs": {
                "arch": "x86_64",
                "build": "r3.4.1_0",
                "build_number": 0,
                "depends": [
                    "bioconductor-ebimage",
                    "r-abind",
                    "r-base 3.4.1*"
                ],
                "has_prefix": false,
                "license": "Artistic-2.0",
                "machine": "x86_64",
                "operatingsystem": "darwin",
                "platform": "osx",
                "subdir": "osx-64",
                "target-triplet": "x86_64-any-darwin"
            },
            "basename": "osx-64/bioconductor-fishalyser-1.12.0-r3.4.1_0.tar.bz2",
            "dependencies": {
                "depends": [
                    {
                        "name": "bioconductor-ebimage",
                        "specs": []
                    },
                    {
                        "name": "r-abind",
                        "specs": []
                    },
                    {
                        "name": "r-base",
                        "specs": [
                            [
                                "==",
                                "3.4.1"
                            ]
                        ]
                    }
                ]
            },
            "description": null,
            "distribution_type": "conda",
            "download_url": "//api.anaconda.org/download/bioconda/bioconductor-fishalyser/1.12.0/osx-64/bioconductor-fishalyser-1.12.0-r3.4.1_0.tar.bz2",
            "full_name": "bioconda/bioconductor-fishalyser/1.12.0/osx-64/bioconductor-fishalyser-1.12.0-r3.4.1_0.tar.bz2",
            "labels": [
                "main",
                "cf201901"
            ],
            "md5": "2dbe7e48dd7b2e29cacef817b95efcad",
            "ndownloads": 775,
            "owner": "bioconda",
            "size": 726500,
            "type": "conda",
            "upload_time": "2017-11-14 04:07:48.866000+00:00",
            "version": "1.12.0"
        },
        {
            "attrs": {
                "arch": "x86_64",
                "build": "r351_0",
                "build_number": 0,
                "depends": [
                    "bioconductor-ebimage >=4.22.1,<4.24.0",
                    "r-abind",
                    "r-base >=3.5.1,<3.5.2.0a0"
                ],
                "has_prefix": false,
                "license": "Artistic-2.0",
                "machine": "x86_64",
                "operatingsystem": "linux",
                "platform": "linux",
                "subdir": "linux-64",
                "target-triplet": "x86_64-any-linux",
                "timestamp": 1539361401036
            },
            "basename": "linux-64/bioconductor-fishalyser-1.14.0-r351_0.tar.bz2",
            "dependencies": {
                "depends": [
                    {
                        "name": "bioconductor-ebimage",
                        "specs": [
                            [
                                ">=",
                                "4.22.1,<4.24.0"
                            ]
                        ]
                    },
                    {
                        "name": "r-abind",
                        "specs": []
                    },
                    {
                        "name": "r-base",
                        "specs": [
                            [
                                ">=",
                                "3.5.1,<3.5.2.0a0"
                            ]
                        ]
                    }
                ]
            },
            "description": null,
            "distribution_type": "conda",
            "download_url": "//api.anaconda.org/download/bioconda/bioconductor-fishalyser/1.14.0/linux-64/bioconductor-fishalyser-1.14.0-r351_0.tar.bz2",
            "full_name": "bioconda/bioconductor-fishalyser/1.14.0/linux-64/bioconductor-fishalyser-1.14.0-r351_0.tar.bz2",
            "labels": [
                "main",
                "cf201901"
            ],
            "md5": "9d5f7a018b8a265572feae45198b8d9d",
            "ndownloads": 128,
            "owner": "bioconda",
            "size": 762728,
            "type": "conda",
            "upload_time": "2018-10-12 16:28:19.638000+00:00",
            "version": "1.14.0"
        },
        {
            "attrs": {
                "arch": "x86_64",
                "build": "r341_0",
                "build_number": 0,
                "depends": [
                    "bioconductor-ebimage >=4.22.1,<4.24.0",
                    "r-abind",
                    "r-base >=3.4.1,<3.4.2.0a0"
                ],
                "has_prefix": false,
                "license": "Artistic-2.0",
                "machine": "x86_64",
                "operatingsystem": "linux",
                "platform": "linux",
                "subdir": "linux-64",
                "target-triplet": "x86_64-any-linux",
                "timestamp": 1539361334107
            },
            "basename": "linux-64/bioconductor-fishalyser-1.14.0-r341_0.tar.bz2",
            "dependencies": {
                "depends": [
                    {
                        "name": "bioconductor-ebimage",
                        "specs": [
                            [
                                ">=",
                                "4.22.1,<4.24.0"
                            ]
                        ]
                    },
                    {
                        "name": "r-abind",
                        "specs": []
                    },
                    {
                        "name": "r-base",
                        "specs": [
                            [
                                ">=",
                                "3.4.1,<3.4.2.0a0"
                            ]
                        ]
                    }
                ]
            },
            "description": null,
            "distribution_type": "conda",
            "download_url": "//api.anaconda.org/download/bioconda/bioconductor-fishalyser/1.14.0/linux-64/bioconductor-fishalyser-1.14.0-r341_0.tar.bz2",
            "full_name": "bioconda/bioconductor-fishalyser/1.14.0/linux-64/bioconductor-fishalyser-1.14.0-r341_0.tar.bz2",
            "labels": [
                "main",
                "cf201901"
            ],
            "md5": "3d2f7adbf663fea346a1a69cde82cfd6",
            "ndownloads": 248,
            "owner": "bioconda",
            "size": 728274,
            "type": "conda",
            "upload_time": "2018-10-12 16:28:23.224000+00:00",
            "version": "1.14.0"
        },
        {
            "attrs": {
                "arch": "x86_64",
                "build": "r351_0",
                "build_number": 0,
                "depends": [
                    "bioconductor-ebimage >=4.22.1,<4.24.0",
                    "r-abind",
                    "r-base >=3.5.1,<3.5.2.0a0"
                ],
                "has_prefix": false,
                "license": "Artistic-2.0",
                "machine": "x86_64",
                "operatingsystem": "darwin",
                "platform": "osx",
                "subdir": "osx-64",
                "target-triplet": "x86_64-any-darwin",
                "timestamp": 1539390603684
            },
            "basename": "osx-64/bioconductor-fishalyser-1.14.0-r351_0.tar.bz2",
            "dependencies": {
                "depends": [
                    {
                        "name": "bioconductor-ebimage",
                        "specs": [
                            [
                                ">=",
                                "4.22.1,<4.24.0"
                            ]
                        ]
                    },
                    {
                        "name": "r-abind",
                        "specs": []
                    },
                    {
                        "name": "r-base",
                        "specs": [
                            [
                                ">=",
                                "3.5.1,<3.5.2.0a0"
                            ]
                        ]
                    }
                ]
            },
            "description": null,
            "distribution_type": "conda",
            "download_url": "//api.anaconda.org/download/bioconda/bioconductor-fishalyser/1.14.0/osx-64/bioconductor-fishalyser-1.14.0-r351_0.tar.bz2",
            "full_name": "bioconda/bioconductor-fishalyser/1.14.0/osx-64/bioconductor-fishalyser-1.14.0-r351_0.tar.bz2",
            "labels": [
                "main",
                "cf201901"
            ],
            "md5": "c537dbe20d8c0f191f0699f61fa6aa93",
            "ndownloads": 763,
            "owner": "bioconda",
            "size": 762913,
            "type": "conda",
            "upload_time": "2018-10-13 00:32:15.394000+00:00",
            "version": "1.14.0"
        },
        {
            "attrs": {
                "arch": "x86_64",
                "build": "r341_0",
                "build_number": 0,
                "depends": [
                    "bioconductor-ebimage >=4.22.1,<4.24.0",
                    "r-abind",
                    "r-base >=3.4.1,<3.4.2.0a0"
                ],
                "has_prefix": false,
                "license": "Artistic-2.0",
                "machine": "x86_64",
                "operatingsystem": "darwin",
                "platform": "osx",
                "subdir": "osx-64",
                "target-triplet": "x86_64-any-darwin",
                "timestamp": 1539390688289
            },
            "basename": "osx-64/bioconductor-fishalyser-1.14.0-r341_0.tar.bz2",
            "dependencies": {
                "depends": [
                    {
                        "name": "bioconductor-ebimage",
                        "specs": [
                            [
                                ">=",
                                "4.22.1,<4.24.0"
                            ]
                        ]
                    },
                    {
                        "name": "r-abind",
                        "specs": []
                    },
                    {
                        "name": "r-base",
                        "specs": [
                            [
                                ">=",
                                "3.4.1,<3.4.2.0a0"
                            ]
                        ]
                    }
                ]
            },
            "description": null,
            "distribution_type": "conda",
            "download_url": "//api.anaconda.org/download/bioconda/bioconductor-fishalyser/1.14.0/osx-64/bioconductor-fishalyser-1.14.0-r341_0.tar.bz2",
            "full_name": "bioconda/bioconductor-fishalyser/1.14.0/osx-64/bioconductor-fishalyser-1.14.0-r341_0.tar.bz2",
            "labels": [
                "main",
                "cf201901"
            ],
            "md5": "2e9f5a5bc1055db1ea176790bb13fe12",
            "ndownloads": 29,
            "owner": "bioconda",
            "size": 728507,
            "type": "conda",
            "upload_time": "2018-10-13 00:32:21.081000+00:00",
            "version": "1.14.0"
        },
        {
            "attrs": {
                "arch": null,
                "build": "r351_0",
                "build_number": 0,
                "depends": [
                    "bioconductor-ebimage >=4.24.0,<4.25.0",
                    "r-abind",
                    "r-base >=3.5.1,<3.5.2.0a0"
                ],
                "has_prefix": false,
                "license": "Artistic-2.0",
                "machine": null,
                "noarch": "generic",
                "operatingsystem": null,
                "platform": null,
                "subdir": "noarch",
                "target-triplet": "None-any-None",
                "timestamp": 1544472001486
            },
            "basename": "noarch/bioconductor-fishalyser-1.16.0-r351_0.tar.bz2",
            "dependencies": {
                "depends": [
                    {
                        "name": "bioconductor-ebimage",
                        "specs": [
                            [
                                ">=",
                                "4.24.0,<4.25.0"
                            ]
                        ]
                    },
                    {
                        "name": "r-abind",
                        "specs": []
                    },
                    {
                        "name": "r-base",
                        "specs": [
                            [
                                ">=",
                                "3.5.1,<3.5.2.0a0"
                            ]
                        ]
                    }
                ]
            },
            "description": null,
            "distribution_type": "conda",
            "download_url": "//api.anaconda.org/download/bioconda/bioconductor-fishalyser/1.16.0/noarch/bioconductor-fishalyser-1.16.0-r351_0.tar.bz2",
            "full_name": "bioconda/bioconductor-fishalyser/1.16.0/noarch/bioconductor-fishalyser-1.16.0-r351_0.tar.bz2",
            "labels": [
                "gcc7",
                "main"
            ],
            "md5": "2054cc44ede3fe5f49eb3f84f7aec200",
            "ndownloads": 81,
            "owner": "bioconda",
            "size": 763310,
            "type": "conda",
            "upload_time": "2018-12-10 20:02:45.917000+00:00",
            "version": "1.16.0"
        },
        {
            "attrs": {
                "arch": null,
                "build": "r351_1",
                "build_number": 1,
                "depends": [
                    "bioconductor-ebimage >=4.24.0,<4.25.0",
                    "r-abind",
                    "r-base >=3.5.1,<3.5.2.0a0"
                ],
                "has_prefix": false,
                "license": "Artistic-2.0",
                "machine": null,
                "noarch": "generic",
                "operatingsystem": null,
                "platform": null,
                "subdir": "noarch",
                "target-triplet": "None-any-None",
                "timestamp": 1552221231436
            },
            "basename": "noarch/bioconductor-fishalyser-1.16.0-r351_1.tar.bz2",
            "dependencies": {
                "depends": [
                    {
                        "name": "bioconductor-ebimage",
                        "specs": [
                            [
                                ">=",
                                "4.24.0,<4.25.0"
                            ]
                        ]
                    },
                    {
                        "name": "r-abind",
                        "specs": []
                    },
                    {
                        "name": "r-base",
                        "specs": [
                            [
                                ">=",
                                "3.5.1,<3.5.2.0a0"
                            ]
                        ]
                    }
                ]
            },
            "description": null,
            "distribution_type": "conda",
            "download_url": "//api.anaconda.org/download/bioconda/bioconductor-fishalyser/1.16.0/noarch/bioconductor-fishalyser-1.16.0-r351_1.tar.bz2",
            "full_name": "bioconda/bioconductor-fishalyser/1.16.0/noarch/bioconductor-fishalyser-1.16.0-r351_1.tar.bz2",
            "labels": [
                "main"
            ],
            "md5": "46abc86c04558e6ac4999302277a5156",
            "ndownloads": 82,
            "owner": "bioconda",
            "size": 763556,
            "type": "conda",
            "upload_time": "2019-03-10 12:36:40.313000+00:00",
            "version": "1.16.0"
        },
        {
            "attrs": {
                "arch": null,
                "build": "r36_1",
                "build_number": 1,
                "depends": [
                    "bioconductor-ebimage >=4.26.0,<4.27.0",
                    "r-abind",
                    "r-base >=3.6,<3.7.0a0"
                ],
                "has_prefix": false,
                "license": "Artistic-2.0",
                "machine": null,
                "noarch": "generic",
                "operatingsystem": null,
                "platform": null,
                "subdir": "noarch",
                "target-triplet": "None-any-None",
                "timestamp": 1563751646480
            },
            "basename": "noarch/bioconductor-fishalyser-1.18.0-r36_1.tar.bz2",
            "dependencies": {
                "depends": [
                    {
                        "name": "bioconductor-ebimage",
                        "specs": [
                            [
                                ">=",
                                "4.26.0,<4.27.0"
                            ]
                        ]
                    },
                    {
                        "name": "r-abind",
                        "specs": []
                    },
                    {
                        "name": "r-base",
                        "specs": [
                            [
                                ">=",
                                "3.6,<3.7.0a0"
                            ]
                        ]
                    }
                ]
            },
            "description": null,
            "distribution_type": "conda",
            "download_url": "//api.anaconda.org/download/bioconda/bioconductor-fishalyser/1.18.0/noarch/bioconductor-fishalyser-1.18.0-r36_1.tar.bz2",
            "full_name": "bioconda/bioconductor-fishalyser/1.18.0/noarch/bioconductor-fishalyser-1.18.0-r36_1.tar.bz2",
            "labels": [
                "main"
            ],
            "md5": "51f3dd3fdfa00f693288622b7449e736",
            "ndownloads": 35,
            "owner": "bioconda",
            "size": 765524,
            "type": "conda",
            "upload_time": "2019-07-21 23:31:29.550000+00:00",
            "version": "1.18.0"
        },
        {
            "attrs": {
                "arch": null,
                "build": "r36_0",
                "build_number": 0,
                "depends": [
                    "bioconductor-ebimage >=4.28.0,<4.29.0",
                    "r-abind",
                    "r-base >=3.6,<3.7.0a0"
                ],
                "has_prefix": false,
                "license": "Artistic-2.0",
                "machine": null,
                "noarch": "generic",
                "operatingsystem": null,
                "platform": null,
                "subdir": "noarch",
                "target-triplet": "None-any-None",
                "timestamp": 1572643871395
            },
            "basename": "noarch/bioconductor-fishalyser-1.20.0-r36_0.tar.bz2",
            "dependencies": {
                "depends": [
                    {
                        "name": "bioconductor-ebimage",
                        "specs": [
                            [
                                ">=",
                                "4.28.0,<4.29.0"
                            ]
                        ]
                    },
                    {
                        "name": "r-abind",
                        "specs": []
                    },
                    {
                        "name": "r-base",
                        "specs": [
                            [
                                ">=",
                                "3.6,<3.7.0a0"
                            ]
                        ]
                    }
                ]
            },
            "description": null,
            "distribution_type": "conda",
            "download_url": "//api.anaconda.org/download/bioconda/bioconductor-fishalyser/1.20.0/noarch/bioconductor-fishalyser-1.20.0-r36_0.tar.bz2",
            "full_name": "bioconda/bioconductor-fishalyser/1.20.0/noarch/bioconductor-fishalyser-1.20.0-r36_0.tar.bz2",
            "labels": [
                "main"
            ],
            "md5": "3524eb3475537a7809bd9583f15a51a1",
            "ndownloads": 22,
            "owner": "bioconda",
            "size": 766495,
            "type": "conda",
            "upload_time": "2019-11-01 21:35:18.067000+00:00",
            "version": "1.20.0"
        }
    ],
    "full_name": "bioconda/bioconductor-fishalyser",
    "home": "https://www.bioconductor.org/packages/release/bioc/html/FISHalyseR.html",
    "html_url": "http://anaconda.org/bioconda/bioconductor-fishalyser",
    "id": "5a08612fa9fe2a12036a4e70",
    "latest_version": "1.20.0",
    "license": "Artistic-2.0",
    "license_url": null,
    "modified_at": "2019-11-01 21:35:18.400000+00:00",
    "name": "bioconductor-fishalyser",
    "owner": {
        "company": "",
        "created_at": "2015-09-11 22:59:20.880000+00:00",
        "description": "Bioconda is a distribution of bioinformatics software realized as a channel for the versatile Conda package manager.",
        "location": "",
        "login": "bioconda",
        "name": "bioconda",
        "url": "",
        "user_type": "org"
    },
    "package_types": [
        "conda"
    ],
    "public": true,
    "releases": [
        {
            "distributions": [],
            "full_name": "bioconda/bioconductor-fishalyser/1.10.0",
            "version": "1.10.0"
        },
        {
            "distributions": [],
            "full_name": "bioconda/bioconductor-fishalyser/1.12.0",
            "version": "1.12.0"
        },
        {
            "distributions": [],
            "full_name": "bioconda/bioconductor-fishalyser/1.14.0",
            "version": "1.14.0"
        },
        {
            "distributions": [],
            "full_name": "bioconda/bioconductor-fishalyser/1.16.0",
            "version": "1.16.0"
        },
        {
            "distributions": [],
            "full_name": "bioconda/bioconductor-fishalyser/1.18.0",
            "version": "1.18.0"
        },
        {
            "distributions": [],
            "full_name": "bioconda/bioconductor-fishalyser/1.20.0",
            "version": "1.20.0"
        }
    ],
    "revision": 12,
    "source_git_tag": null,
    "source_git_url": null,
    "summary": "FISHalyseR a package for automated FISH quantification",
    "upvoted": 0,
    "url": "http://api.anaconda.org/packages/bioconda/bioconductor-fishalyser",
    "versions": [
        "1.10.0",
        "1.12.0",
        "1.14.0",
        "1.16.0",
        "1.18.0",
        "1.20.0"
    ],
    "watchers": 1
}