{
    "app_entry": {},
    "app_summary": {},
    "app_type": {},
    "builds": [
        "r351_0",
        "r351_1",
        "r36_1",
        "r36_0"
    ],
    "conda_platforms": [
        "noarch"
    ],
    "created_at": "2018-12-09 09:40:40.122000+00:00",
    "description": "A package that contains scala libraries to call GMQL from R used by RGMQL package. It contains a scalable data management engine written in Scala programming language.",
    "dev_url": null,
    "doc_url": null,
    "files": [
        {
            "attrs": {
                "arch": null,
                "build": "r351_0",
                "build_number": 0,
                "depends": [
                    "r-base >=3.5.1,<3.5.2.0a0",
                    "wget"
                ],
                "has_prefix": false,
                "license": "Artistic-2.0",
                "machine": null,
                "noarch": "generic",
                "operatingsystem": null,
                "platform": null,
                "subdir": "noarch",
                "target-triplet": "None-any-None",
                "timestamp": 1544348274016
            },
            "basename": "noarch/bioconductor-rgmqllib-1.2.0-r351_0.tar.bz2",
            "dependencies": {
                "depends": [
                    {
                        "name": "r-base",
                        "specs": [
                            [
                                ">=",
                                "3.5.1,<3.5.2.0a0"
                            ]
                        ]
                    },
                    {
                        "name": "wget",
                        "specs": []
                    }
                ]
            },
            "description": null,
            "distribution_type": "conda",
            "download_url": "//api.anaconda.org/download/bioconda/bioconductor-rgmqllib/1.2.0/noarch/bioconductor-rgmqllib-1.2.0-r351_0.tar.bz2",
            "full_name": "bioconda/bioconductor-rgmqllib/1.2.0/noarch/bioconductor-rgmqllib-1.2.0-r351_0.tar.bz2",
            "labels": [
                "gcc7",
                "main"
            ],
            "md5": "dd5bdb5e47a1f3b007ce70981f246389",
            "ndownloads": 96,
            "owner": "bioconda",
            "size": 5812,
            "type": "conda",
            "upload_time": "2018-12-09 09:40:40.903000+00:00",
            "version": "1.2.0"
        },
        {
            "attrs": {
                "arch": null,
                "build": "r351_1",
                "build_number": 1,
                "depends": [
                    "r-base >=3.5.1,<3.5.2.0a0",
                    "wget"
                ],
                "has_prefix": false,
                "license": "Artistic-2.0",
                "machine": null,
                "noarch": "generic",
                "operatingsystem": null,
                "platform": null,
                "subdir": "noarch",
                "target-triplet": "None-any-None",
                "timestamp": 1552177191677
            },
            "basename": "noarch/bioconductor-rgmqllib-1.2.0-r351_1.tar.bz2",
            "dependencies": {
                "depends": [
                    {
                        "name": "r-base",
                        "specs": [
                            [
                                ">=",
                                "3.5.1,<3.5.2.0a0"
                            ]
                        ]
                    },
                    {
                        "name": "wget",
                        "specs": []
                    }
                ]
            },
            "description": null,
            "distribution_type": "conda",
            "download_url": "//api.anaconda.org/download/bioconda/bioconductor-rgmqllib/1.2.0/noarch/bioconductor-rgmqllib-1.2.0-r351_1.tar.bz2",
            "full_name": "bioconda/bioconductor-rgmqllib/1.2.0/noarch/bioconductor-rgmqllib-1.2.0-r351_1.tar.bz2",
            "labels": [
                "main"
            ],
            "md5": "e322b6d871e90d2fba5d3a7e7dccefd5",
            "ndownloads": 63,
            "owner": "bioconda",
            "size": 6194,
            "type": "conda",
            "upload_time": "2019-03-10 00:22:44.334000+00:00",
            "version": "1.2.0"
        },
        {
            "attrs": {
                "arch": null,
                "build": "r351_0",
                "build_number": 0,
                "depends": [
                    "curl >=7.64.1,<8.0a0",
                    "r-base >=3.5.1,<3.5.2.0a0"
                ],
                "has_prefix": false,
                "license": "Artistic-2.0",
                "machine": null,
                "noarch": "generic",
                "operatingsystem": null,
                "platform": null,
                "subdir": "noarch",
                "target-triplet": "None-any-None",
                "timestamp": 1557316998646
            },
            "basename": "noarch/bioconductor-rgmqllib-1.4.0-r351_0.tar.bz2",
            "dependencies": {
                "depends": [
                    {
                        "name": "curl",
                        "specs": [
                            [
                                ">=",
                                "7.64.1,<8.0a0"
                            ]
                        ]
                    },
                    {
                        "name": "r-base",
                        "specs": [
                            [
                                ">=",
                                "3.5.1,<3.5.2.0a0"
                            ]
                        ]
                    }
                ]
            },
            "description": null,
            "distribution_type": "conda",
            "download_url": "//api.anaconda.org/download/bioconda/bioconductor-rgmqllib/1.4.0/noarch/bioconductor-rgmqllib-1.4.0-r351_0.tar.bz2",
            "full_name": "bioconda/bioconductor-rgmqllib/1.4.0/noarch/bioconductor-rgmqllib-1.4.0-r351_0.tar.bz2",
            "labels": [
                "main"
            ],
            "md5": "12fb51635739cf36b90bb627b9fbff8e",
            "ndownloads": 53,
            "owner": "bioconda",
            "size": 6156,
            "type": "conda",
            "upload_time": "2019-05-08 12:07:29.153000+00:00",
            "version": "1.4.0"
        },
        {
            "attrs": {
                "arch": null,
                "build": "r36_1",
                "build_number": 1,
                "depends": [
                    "curl >=7.65.3,<8.0a0",
                    "r-base >=3.6,<3.7.0a0"
                ],
                "has_prefix": false,
                "license": "Artistic-2.0",
                "machine": null,
                "noarch": "generic",
                "operatingsystem": null,
                "platform": null,
                "subdir": "noarch",
                "target-triplet": "None-any-None",
                "timestamp": 1563699147521
            },
            "basename": "noarch/bioconductor-rgmqllib-1.4.0-r36_1.tar.bz2",
            "dependencies": {
                "depends": [
                    {
                        "name": "curl",
                        "specs": [
                            [
                                ">=",
                                "7.65.3,<8.0a0"
                            ]
                        ]
                    },
                    {
                        "name": "r-base",
                        "specs": [
                            [
                                ">=",
                                "3.6,<3.7.0a0"
                            ]
                        ]
                    }
                ]
            },
            "description": null,
            "distribution_type": "conda",
            "download_url": "//api.anaconda.org/download/bioconda/bioconductor-rgmqllib/1.4.0/noarch/bioconductor-rgmqllib-1.4.0-r36_1.tar.bz2",
            "full_name": "bioconda/bioconductor-rgmqllib/1.4.0/noarch/bioconductor-rgmqllib-1.4.0-r36_1.tar.bz2",
            "labels": [
                "main"
            ],
            "md5": "44d4c932f76cbee49cda2879822fd6d6",
            "ndownloads": 28,
            "owner": "bioconda",
            "size": 6455,
            "type": "conda",
            "upload_time": "2019-07-21 08:56:31.096000+00:00",
            "version": "1.4.0"
        },
        {
            "attrs": {
                "arch": null,
                "build": "r36_0",
                "build_number": 0,
                "depends": [
                    "curl >=7.65.3,<8.0a0",
                    "r-base >=3.6,<3.7.0a0"
                ],
                "has_prefix": false,
                "license": "Artistic-2.0",
                "machine": null,
                "noarch": "generic",
                "operatingsystem": null,
                "platform": null,
                "subdir": "noarch",
                "target-triplet": "None-any-None",
                "timestamp": 1573073316875
            },
            "basename": "noarch/bioconductor-rgmqllib-1.6.0-r36_0.tar.bz2",
            "dependencies": {
                "depends": [
                    {
                        "name": "curl",
                        "specs": [
                            [
                                ">=",
                                "7.65.3,<8.0a0"
                            ]
                        ]
                    },
                    {
                        "name": "r-base",
                        "specs": [
                            [
                                ">=",
                                "3.6,<3.7.0a0"
                            ]
                        ]
                    }
                ]
            },
            "description": null,
            "distribution_type": "conda",
            "download_url": "//api.anaconda.org/download/bioconda/bioconductor-rgmqllib/1.6.0/noarch/bioconductor-rgmqllib-1.6.0-r36_0.tar.bz2",
            "full_name": "bioconda/bioconductor-rgmqllib/1.6.0/noarch/bioconductor-rgmqllib-1.6.0-r36_0.tar.bz2",
            "labels": [
                "main"
            ],
            "md5": "6f371eaa121dd59fb8214e46803d4f87",
            "ndownloads": 17,
            "owner": "bioconda",
            "size": 6609,
            "type": "conda",
            "upload_time": "2019-11-06 20:53:48.778000+00:00",
            "version": "1.6.0"
        }
    ],
    "full_name": "bioconda/bioconductor-rgmqllib",
    "home": "https://bioconductor.org/packages/3.8/data/experiment/html/RGMQLlib.html",
    "html_url": "http://anaconda.org/bioconda/bioconductor-rgmqllib",
    "id": "5c0ce318d9c2cf1353d1b842",
    "latest_version": "1.6.0",
    "license": "Artistic-2.0",
    "license_url": null,
    "modified_at": "2019-11-06 23:26:52.011000+00:00",
    "name": "bioconductor-rgmqllib",
    "owner": {
        "company": "",
        "created_at": "2015-09-11 22:59:20.880000+00:00",
        "description": "Bioconda is a distribution of bioinformatics software realized as a channel for the versatile Conda package manager.",
        "location": "",
        "login": "bioconda",
        "name": "bioconda",
        "url": "",
        "user_type": "org"
    },
    "package_types": [
        "conda"
    ],
    "public": true,
    "releases": [
        {
            "distributions": [],
            "full_name": "bioconda/bioconductor-rgmqllib/1.2.0",
            "version": "1.2.0"
        },
        {
            "distributions": [],
            "full_name": "bioconda/bioconductor-rgmqllib/1.4.0",
            "version": "1.4.0"
        },
        {
            "distributions": [],
            "full_name": "bioconda/bioconductor-rgmqllib/1.5.0",
            "version": "1.5.0"
        },
        {
            "distributions": [],
            "full_name": "bioconda/bioconductor-rgmqllib/1.6.0",
            "version": "1.6.0"
        }
    ],
    "revision": 8,
    "source_git_tag": null,
    "source_git_url": null,
    "summary": "RGMQLlib, java libraries to run GMQL scala API",
    "upvoted": 0,
    "url": "http://api.anaconda.org/packages/bioconda/bioconductor-rgmqllib",
    "versions": [
        "1.2.0",
        "1.4.0",
        "1.5.0",
        "1.6.0"
    ],
    "watchers": 1
}