{
    "app_entry": {},
    "app_summary": {},
    "app_type": {},
    "builds": [
        "h2dec4b4_4",
        "he513fc3_4",
        "he941832_2",
        "1",
        "0",
        "h5c9b4e4_3",
        "he860b03_3",
        "ha92aebf_2"
    ],
    "conda_platforms": [
        "linux-64",
        "osx-64"
    ],
    "created_at": "2018-01-08 11:51:27.027000+00:00",
    "description": "",
    "dev_url": null,
    "doc_url": null,
    "files": [
        {
            "attrs": {
                "arch": "x86_64",
                "build": "1",
                "build_number": 1,
                "depends": [
                    "zlib 1.2.11*"
                ],
                "has_prefix": true,
                "license": "GPLv3",
                "machine": "x86_64",
                "operatingsystem": "darwin",
                "platform": "osx",
                "subdir": "osx-64",
                "target-triplet": "x86_64-any-darwin"
            },
            "basename": "osx-64/biolite-tools-0.4.0-1.tar.bz2",
            "dependencies": {
                "depends": [
                    {
                        "name": "zlib",
                        "specs": [
                            [
                                "==",
                                "1.2.11"
                            ]
                        ]
                    }
                ]
            },
            "description": null,
            "distribution_type": "conda",
            "download_url": "//api.anaconda.org/download/bioconda/biolite-tools/0.4.0/osx-64/biolite-tools-0.4.0-1.tar.bz2",
            "full_name": "bioconda/biolite-tools/0.4.0/osx-64/biolite-tools-0.4.0-1.tar.bz2",
            "labels": [
                "main",
                "cf201901"
            ],
            "md5": "35726828a80b85694039518197c2fc1c",
            "ndownloads": 181,
            "owner": "bioconda",
            "size": 285522,
            "type": "conda",
            "upload_time": "2018-02-04 14:58:50.679000+00:00",
            "version": "0.4.0"
        },
        {
            "attrs": {
                "arch": "x86_64",
                "build": "1",
                "build_number": 1,
                "depends": [
                    "libgcc",
                    "zlib 1.2.11*"
                ],
                "has_prefix": true,
                "license": "GPLv3",
                "machine": "x86_64",
                "operatingsystem": "linux",
                "platform": "linux",
                "subdir": "linux-64",
                "target-triplet": "x86_64-any-linux"
            },
            "basename": "linux-64/biolite-tools-0.4.0-1.tar.bz2",
            "dependencies": {
                "depends": [
                    {
                        "name": "libgcc",
                        "specs": []
                    },
                    {
                        "name": "zlib",
                        "specs": [
                            [
                                "==",
                                "1.2.11"
                            ]
                        ]
                    }
                ]
            },
            "description": null,
            "distribution_type": "conda",
            "download_url": "//api.anaconda.org/download/bioconda/biolite-tools/0.4.0/linux-64/biolite-tools-0.4.0-1.tar.bz2",
            "full_name": "bioconda/biolite-tools/0.4.0/linux-64/biolite-tools-0.4.0-1.tar.bz2",
            "labels": [
                "main",
                "cf201901"
            ],
            "md5": "897eb669a95e66c24fe3246a32fbe109",
            "ndownloads": 270,
            "owner": "bioconda",
            "size": 142773,
            "type": "conda",
            "upload_time": "2018-02-13 15:58:46.274000+00:00",
            "version": "0.4.0"
        },
        {
            "attrs": {
                "arch": "x86_64",
                "build": "ha92aebf_2",
                "build_number": 2,
                "depends": [
                    "zlib >=1.2.11,<1.3.0a0"
                ],
                "has_prefix": true,
                "license": "GPLv3",
                "machine": "x86_64",
                "operatingsystem": "darwin",
                "platform": "osx",
                "subdir": "osx-64",
                "target-triplet": "x86_64-any-darwin",
                "timestamp": 1530462407808
            },
            "basename": "osx-64/biolite-tools-0.4.0-ha92aebf_2.tar.bz2",
            "dependencies": {
                "depends": [
                    {
                        "name": "zlib",
                        "specs": [
                            [
                                ">=",
                                "1.2.11,<1.3.0a0"
                            ]
                        ]
                    }
                ]
            },
            "description": null,
            "distribution_type": "conda",
            "download_url": "//api.anaconda.org/download/bioconda/biolite-tools/0.4.0/osx-64/biolite-tools-0.4.0-ha92aebf_2.tar.bz2",
            "full_name": "bioconda/biolite-tools/0.4.0/osx-64/biolite-tools-0.4.0-ha92aebf_2.tar.bz2",
            "labels": [
                "main",
                "cf201901"
            ],
            "md5": "bb24427c7c5e42501bd417e9250a8994",
            "ndownloads": 645,
            "owner": "bioconda",
            "size": 285659,
            "type": "conda",
            "upload_time": "2018-07-01 16:26:57.673000+00:00",
            "version": "0.4.0"
        },
        {
            "attrs": {
                "arch": "x86_64",
                "build": "0",
                "build_number": 0,
                "depends": [
                    "libgcc",
                    "zlib 1.2.8*"
                ],
                "has_prefix": true,
                "license": "GPLv3",
                "machine": "x86_64",
                "operatingsystem": "linux",
                "platform": "linux",
                "subdir": "linux-64",
                "target-triplet": "x86_64-any-linux"
            },
            "basename": "linux-64/biolite-tools-0.4.0-0.tar.bz2",
            "dependencies": {
                "depends": [
                    {
                        "name": "libgcc",
                        "specs": []
                    },
                    {
                        "name": "zlib",
                        "specs": [
                            [
                                "==",
                                "1.2.8"
                            ]
                        ]
                    }
                ]
            },
            "description": null,
            "distribution_type": "conda",
            "download_url": "//api.anaconda.org/download/bioconda/biolite-tools/0.4.0/linux-64/biolite-tools-0.4.0-0.tar.bz2",
            "full_name": "bioconda/biolite-tools/0.4.0/linux-64/biolite-tools-0.4.0-0.tar.bz2",
            "labels": [
                "main",
                "cf201901"
            ],
            "md5": "0d6ed744bde8edba1dbb9ea5bf331f4a",
            "ndownloads": 175,
            "owner": "bioconda",
            "size": 142313,
            "type": "conda",
            "upload_time": "2018-01-08 11:51:27.544000+00:00",
            "version": "0.4.0"
        },
        {
            "attrs": {
                "arch": "x86_64",
                "build": "0",
                "build_number": 0,
                "depends": [
                    "zlib 1.2.8*"
                ],
                "has_prefix": true,
                "license": "GPLv3",
                "machine": "x86_64",
                "operatingsystem": "darwin",
                "platform": "osx",
                "subdir": "osx-64",
                "target-triplet": "x86_64-any-darwin"
            },
            "basename": "osx-64/biolite-tools-0.4.0-0.tar.bz2",
            "dependencies": {
                "depends": [
                    {
                        "name": "zlib",
                        "specs": [
                            [
                                "==",
                                "1.2.8"
                            ]
                        ]
                    }
                ]
            },
            "description": null,
            "distribution_type": "conda",
            "download_url": "//api.anaconda.org/download/bioconda/biolite-tools/0.4.0/osx-64/biolite-tools-0.4.0-0.tar.bz2",
            "full_name": "bioconda/biolite-tools/0.4.0/osx-64/biolite-tools-0.4.0-0.tar.bz2",
            "labels": [
                "main",
                "cf201901"
            ],
            "md5": "cae16d8c1aa5be0800edfea9289fa150",
            "ndownloads": 27,
            "owner": "bioconda",
            "size": 240976,
            "type": "conda",
            "upload_time": "2018-01-08 12:04:59.061000+00:00",
            "version": "0.4.0"
        },
        {
            "attrs": {
                "arch": "x86_64",
                "build": "he941832_2",
                "build_number": 2,
                "depends": [
                    "libstdcxx-ng >=4.9",
                    "zlib >=1.2.11,<1.3.0a0"
                ],
                "has_prefix": true,
                "license": "GPLv3",
                "machine": "x86_64",
                "operatingsystem": "linux",
                "platform": "linux",
                "subdir": "linux-64",
                "target-triplet": "x86_64-any-linux",
                "timestamp": 1530623655395
            },
            "basename": "linux-64/biolite-tools-0.4.0-he941832_2.tar.bz2",
            "dependencies": {
                "depends": [
                    {
                        "name": "libstdcxx-ng",
                        "specs": [
                            [
                                ">=",
                                "4.9"
                            ]
                        ]
                    },
                    {
                        "name": "zlib",
                        "specs": [
                            [
                                ">=",
                                "1.2.11,<1.3.0a0"
                            ]
                        ]
                    }
                ]
            },
            "description": null,
            "distribution_type": "conda",
            "download_url": "//api.anaconda.org/download/bioconda/biolite-tools/0.4.0/linux-64/biolite-tools-0.4.0-he941832_2.tar.bz2",
            "full_name": "bioconda/biolite-tools/0.4.0/linux-64/biolite-tools-0.4.0-he941832_2.tar.bz2",
            "labels": [
                "main",
                "cf201901"
            ],
            "md5": "a58bbfdd16dcb6bf3085f3b6d3e073c1",
            "ndownloads": 127,
            "owner": "bioconda",
            "size": 141107,
            "type": "conda",
            "upload_time": "2018-07-03 13:15:30.585000+00:00",
            "version": "0.4.0"
        },
        {
            "attrs": {
                "arch": "x86_64",
                "build": "he860b03_3",
                "build_number": 3,
                "depends": [
                    "libgcc-ng >=7.3.0",
                    "libstdcxx-ng >=7.3.0",
                    "zlib >=1.2.11,<1.3.0a0"
                ],
                "has_prefix": true,
                "license": "GPLv3",
                "machine": "x86_64",
                "operatingsystem": "linux",
                "platform": "linux",
                "subdir": "linux-64",
                "target-triplet": "x86_64-any-linux",
                "timestamp": 1555976036095
            },
            "basename": "linux-64/biolite-tools-0.4.0-he860b03_3.tar.bz2",
            "dependencies": {
                "depends": [
                    {
                        "name": "libgcc-ng",
                        "specs": [
                            [
                                ">=",
                                "7.3.0"
                            ]
                        ]
                    },
                    {
                        "name": "libstdcxx-ng",
                        "specs": [
                            [
                                ">=",
                                "7.3.0"
                            ]
                        ]
                    },
                    {
                        "name": "zlib",
                        "specs": [
                            [
                                ">=",
                                "1.2.11,<1.3.0a0"
                            ]
                        ]
                    }
                ]
            },
            "description": null,
            "distribution_type": "conda",
            "download_url": "//api.anaconda.org/download/bioconda/biolite-tools/0.4.0/linux-64/biolite-tools-0.4.0-he860b03_3.tar.bz2",
            "full_name": "bioconda/biolite-tools/0.4.0/linux-64/biolite-tools-0.4.0-he860b03_3.tar.bz2",
            "labels": [
                "main"
            ],
            "md5": "83f21a085a50223fabb73013b7727d5f",
            "ndownloads": 83,
            "owner": "bioconda",
            "size": 113212,
            "type": "conda",
            "upload_time": "2019-04-22 23:35:43.573000+00:00",
            "version": "0.4.0"
        },
        {
            "attrs": {
                "arch": "x86_64",
                "build": "h5c9b4e4_3",
                "build_number": 3,
                "depends": [
                    "libcxx >=4.0.1",
                    "zlib >=1.2.11,<1.3.0a0"
                ],
                "has_prefix": true,
                "license": "GPLv3",
                "machine": "x86_64",
                "operatingsystem": "darwin",
                "platform": "osx",
                "subdir": "osx-64",
                "target-triplet": "x86_64-any-darwin",
                "timestamp": 1555976718747
            },
            "basename": "osx-64/biolite-tools-0.4.0-h5c9b4e4_3.tar.bz2",
            "dependencies": {
                "depends": [
                    {
                        "name": "libcxx",
                        "specs": [
                            [
                                ">=",
                                "4.0.1"
                            ]
                        ]
                    },
                    {
                        "name": "zlib",
                        "specs": [
                            [
                                ">=",
                                "1.2.11,<1.3.0a0"
                            ]
                        ]
                    }
                ]
            },
            "description": null,
            "distribution_type": "conda",
            "download_url": "//api.anaconda.org/download/bioconda/biolite-tools/0.4.0/osx-64/biolite-tools-0.4.0-h5c9b4e4_3.tar.bz2",
            "full_name": "bioconda/biolite-tools/0.4.0/osx-64/biolite-tools-0.4.0-h5c9b4e4_3.tar.bz2",
            "labels": [
                "main"
            ],
            "md5": "066baa2159d18bdf171aac3eabbb2ece",
            "ndownloads": 21,
            "owner": "bioconda",
            "size": 266233,
            "type": "conda",
            "upload_time": "2019-04-22 23:45:38.969000+00:00",
            "version": "0.4.0"
        },
        {
            "attrs": {
                "arch": "x86_64",
                "build": "he513fc3_4",
                "build_number": 4,
                "depends": [
                    "libgcc-ng >=7.3.0",
                    "libstdcxx-ng >=7.3.0",
                    "zlib >=1.2.11,<1.3.0a0"
                ],
                "has_prefix": true,
                "license": "GPLv3",
                "machine": "x86_64",
                "operatingsystem": "linux",
                "platform": "linux",
                "subdir": "linux-64",
                "target-triplet": "x86_64-any-linux",
                "timestamp": 1572092931793
            },
            "basename": "linux-64/biolite-tools-0.4.0-he513fc3_4.tar.bz2",
            "dependencies": {
                "depends": [
                    {
                        "name": "libgcc-ng",
                        "specs": [
                            [
                                ">=",
                                "7.3.0"
                            ]
                        ]
                    },
                    {
                        "name": "libstdcxx-ng",
                        "specs": [
                            [
                                ">=",
                                "7.3.0"
                            ]
                        ]
                    },
                    {
                        "name": "zlib",
                        "specs": [
                            [
                                ">=",
                                "1.2.11,<1.3.0a0"
                            ]
                        ]
                    }
                ]
            },
            "description": null,
            "distribution_type": "conda",
            "download_url": "//api.anaconda.org/download/bioconda/biolite-tools/0.4.0/linux-64/biolite-tools-0.4.0-he513fc3_4.tar.bz2",
            "full_name": "bioconda/biolite-tools/0.4.0/linux-64/biolite-tools-0.4.0-he513fc3_4.tar.bz2",
            "labels": [
                "main"
            ],
            "md5": "5af8c80ccd76f32affa9ea45f3ef6471",
            "ndownloads": 29,
            "owner": "bioconda",
            "size": 113529,
            "type": "conda",
            "upload_time": "2019-10-26 12:30:44.407000+00:00",
            "version": "0.4.0"
        },
        {
            "attrs": {
                "arch": "x86_64",
                "build": "h2dec4b4_4",
                "build_number": 4,
                "depends": [
                    "libcxx >=4.0.1",
                    "zlib >=1.2.11,<1.3.0a0"
                ],
                "has_prefix": true,
                "license": "GPLv3",
                "machine": "x86_64",
                "operatingsystem": "darwin",
                "platform": "osx",
                "subdir": "osx-64",
                "target-triplet": "x86_64-any-darwin",
                "timestamp": 1572341487666
            },
            "basename": "osx-64/biolite-tools-0.4.0-h2dec4b4_4.tar.bz2",
            "dependencies": {
                "depends": [
                    {
                        "name": "libcxx",
                        "specs": [
                            [
                                ">=",
                                "4.0.1"
                            ]
                        ]
                    },
                    {
                        "name": "zlib",
                        "specs": [
                            [
                                ">=",
                                "1.2.11,<1.3.0a0"
                            ]
                        ]
                    }
                ]
            },
            "description": null,
            "distribution_type": "conda",
            "download_url": "//api.anaconda.org/download/bioconda/biolite-tools/0.4.0/osx-64/biolite-tools-0.4.0-h2dec4b4_4.tar.bz2",
            "full_name": "bioconda/biolite-tools/0.4.0/osx-64/biolite-tools-0.4.0-h2dec4b4_4.tar.bz2",
            "labels": [
                "main"
            ],
            "md5": "b00fb64df028dc009422d5693d54441f",
            "ndownloads": 8,
            "owner": "bioconda",
            "size": 266658,
            "type": "conda",
            "upload_time": "2019-10-29 09:31:45.930000+00:00",
            "version": "0.4.0"
        }
    ],
    "full_name": "bioconda/biolite-tools",
    "home": "https://bitbucket.org/caseywdunn/biolite",
    "html_url": "http://anaconda.org/bioconda/biolite-tools",
    "id": "5a535b3fcbdbe911f293976f",
    "latest_version": "0.4.0",
    "license": "GPLv3",
    "license_url": null,
    "modified_at": "2019-10-29 09:31:46.343000+00:00",
    "name": "biolite-tools",
    "owner": {
        "company": "",
        "created_at": "2015-09-11 22:59:20.880000+00:00",
        "description": "Bioconda is a distribution of bioinformatics software realized as a channel for the versatile Conda package manager.",
        "location": "",
        "login": "bioconda",
        "name": "bioconda",
        "url": "",
        "user_type": "org"
    },
    "package_types": [
        "conda"
    ],
    "public": true,
    "releases": [
        {
            "distributions": [],
            "full_name": "bioconda/biolite-tools/0.4.0",
            "version": "0.4.0"
        }
    ],
    "revision": 2,
    "source_git_tag": null,
    "source_git_url": null,
    "summary": "C++ tools for biolite, a lightweight bioinformatics framework with automated tracking of diagnostics and provenance.",
    "upvoted": 0,
    "url": "http://api.anaconda.org/packages/bioconda/biolite-tools",
    "versions": [
        "0.4.0"
    ],
    "watchers": 1
}