{
    "app_entry": {},
    "app_summary": {},
    "app_type": {},
    "builds": [
        "0"
    ],
    "conda_platforms": [
        "noarch"
    ],
    "created_at": "2019-09-12 07:30:59.848000+00:00",
    "description": "",
    "dev_url": "https://github.com/ruggleslab/blackSheep",
    "doc_url": "https://blacksheep.readthedocs.io/en/master/",
    "files": [
        {
            "attrs": {
                "arch": null,
                "build": "0",
                "build_number": 0,
                "depends": [
                    "matplotlib >=3.1.0",
                    "numpy >=1.16.4",
                    "pandas >=0.24.2",
                    "scikit-learn >=0.21.2",
                    "scipy >=1.2.1",
                    "seaborn >=0.9.0",
                    "statsmodels >=0.10.0"
                ],
                "has_prefix": false,
                "license": "MIT",
                "license_family": "MIT",
                "machine": null,
                "noarch": "python",
                "operatingsystem": null,
                "platform": null,
                "subdir": "noarch",
                "target-triplet": "None-any-None",
                "timestamp": 1568234850748
            },
            "basename": "noarch/blksheep-0.0.2-0.tar.bz2",
            "dependencies": {
                "depends": [
                    {
                        "name": "matplotlib",
                        "specs": [
                            [
                                ">=",
                                "3.1.0"
                            ]
                        ]
                    },
                    {
                        "name": "numpy",
                        "specs": [
                            [
                                ">=",
                                "1.16.4"
                            ]
                        ]
                    },
                    {
                        "name": "pandas",
                        "specs": [
                            [
                                ">=",
                                "0.24.2"
                            ]
                        ]
                    },
                    {
                        "name": "scikit-learn",
                        "specs": [
                            [
                                ">=",
                                "0.21.2"
                            ]
                        ]
                    },
                    {
                        "name": "scipy",
                        "specs": [
                            [
                                ">=",
                                "1.2.1"
                            ]
                        ]
                    },
                    {
                        "name": "seaborn",
                        "specs": [
                            [
                                ">=",
                                "0.9.0"
                            ]
                        ]
                    },
                    {
                        "name": "statsmodels",
                        "specs": [
                            [
                                ">=",
                                "0.10.0"
                            ]
                        ]
                    }
                ]
            },
            "description": null,
            "distribution_type": "conda",
            "download_url": "//api.anaconda.org/download/bioconda/blksheep/0.0.2/noarch/blksheep-0.0.2-0.tar.bz2",
            "full_name": "bioconda/blksheep/0.0.2/noarch/blksheep-0.0.2-0.tar.bz2",
            "labels": [
                "main"
            ],
            "md5": "e2fe2d48ec607afc70de747b313bca55",
            "ndownloads": 27,
            "owner": "bioconda",
            "size": 27120,
            "type": "conda",
            "upload_time": "2019-09-12 07:31:00.673000+00:00",
            "version": "0.0.2"
        },
        {
            "attrs": {
                "arch": null,
                "build": "0",
                "build_number": 0,
                "depends": [
                    "matplotlib >=3.1.0",
                    "numpy >=1.16.4",
                    "pandas >=0.24.2",
                    "scikit-learn >=0.21.2",
                    "scipy >=1.2.1",
                    "seaborn >=0.9.0",
                    "statsmodels >=0.10.0"
                ],
                "has_prefix": false,
                "license": "MIT",
                "license_family": "MIT",
                "machine": null,
                "noarch": "python",
                "operatingsystem": null,
                "platform": null,
                "subdir": "noarch",
                "target-triplet": "None-any-None",
                "timestamp": 1568819911636
            },
            "basename": "noarch/blksheep-0.0.3-0.tar.bz2",
            "dependencies": {
                "depends": [
                    {
                        "name": "matplotlib",
                        "specs": [
                            [
                                ">=",
                                "3.1.0"
                            ]
                        ]
                    },
                    {
                        "name": "numpy",
                        "specs": [
                            [
                                ">=",
                                "1.16.4"
                            ]
                        ]
                    },
                    {
                        "name": "pandas",
                        "specs": [
                            [
                                ">=",
                                "0.24.2"
                            ]
                        ]
                    },
                    {
                        "name": "scikit-learn",
                        "specs": [
                            [
                                ">=",
                                "0.21.2"
                            ]
                        ]
                    },
                    {
                        "name": "scipy",
                        "specs": [
                            [
                                ">=",
                                "1.2.1"
                            ]
                        ]
                    },
                    {
                        "name": "seaborn",
                        "specs": [
                            [
                                ">=",
                                "0.9.0"
                            ]
                        ]
                    },
                    {
                        "name": "statsmodels",
                        "specs": [
                            [
                                ">=",
                                "0.10.0"
                            ]
                        ]
                    }
                ]
            },
            "description": null,
            "distribution_type": "conda",
            "download_url": "//api.anaconda.org/download/bioconda/blksheep/0.0.3/noarch/blksheep-0.0.3-0.tar.bz2",
            "full_name": "bioconda/blksheep/0.0.3/noarch/blksheep-0.0.3-0.tar.bz2",
            "labels": [
                "main"
            ],
            "md5": "8ab8d444e9db524dec7aeed22573b93d",
            "ndownloads": 20,
            "owner": "bioconda",
            "size": 27123,
            "type": "conda",
            "upload_time": "2019-09-18 17:04:27.834000+00:00",
            "version": "0.0.3"
        },
        {
            "attrs": {
                "arch": null,
                "build": "0",
                "build_number": 0,
                "depends": [
                    "matplotlib >=3.1.0",
                    "numpy >=1.16.4",
                    "pandas >=0.24.2",
                    "scikit-learn >=0.21.2",
                    "scipy >=1.2.1",
                    "seaborn >=0.9.0",
                    "statsmodels >=0.10.0"
                ],
                "has_prefix": false,
                "license": "MIT",
                "license_family": "MIT",
                "machine": null,
                "noarch": "python",
                "operatingsystem": null,
                "platform": null,
                "subdir": "noarch",
                "target-triplet": "None-any-None",
                "timestamp": 1571851072065
            },
            "basename": "noarch/blksheep-0.0.5-0.tar.bz2",
            "dependencies": {
                "depends": [
                    {
                        "name": "matplotlib",
                        "specs": [
                            [
                                ">=",
                                "3.1.0"
                            ]
                        ]
                    },
                    {
                        "name": "numpy",
                        "specs": [
                            [
                                ">=",
                                "1.16.4"
                            ]
                        ]
                    },
                    {
                        "name": "pandas",
                        "specs": [
                            [
                                ">=",
                                "0.24.2"
                            ]
                        ]
                    },
                    {
                        "name": "scikit-learn",
                        "specs": [
                            [
                                ">=",
                                "0.21.2"
                            ]
                        ]
                    },
                    {
                        "name": "scipy",
                        "specs": [
                            [
                                ">=",
                                "1.2.1"
                            ]
                        ]
                    },
                    {
                        "name": "seaborn",
                        "specs": [
                            [
                                ">=",
                                "0.9.0"
                            ]
                        ]
                    },
                    {
                        "name": "statsmodels",
                        "specs": [
                            [
                                ">=",
                                "0.10.0"
                            ]
                        ]
                    }
                ]
            },
            "description": null,
            "distribution_type": "conda",
            "download_url": "//api.anaconda.org/download/bioconda/blksheep/0.0.5/noarch/blksheep-0.0.5-0.tar.bz2",
            "full_name": "bioconda/blksheep/0.0.5/noarch/blksheep-0.0.5-0.tar.bz2",
            "labels": [
                "main"
            ],
            "md5": "e547bd46045a1a64d0462a7d82b8dc31",
            "ndownloads": 22,
            "owner": "bioconda",
            "size": 27934,
            "type": "conda",
            "upload_time": "2019-10-23 17:26:10.362000+00:00",
            "version": "0.0.5"
        },
        {
            "attrs": {
                "arch": null,
                "build": "0",
                "build_number": 0,
                "depends": [
                    "matplotlib >=3.1.0",
                    "numpy >=1.16.4",
                    "pandas >=0.24.2",
                    "scikit-learn >=0.21.2",
                    "scipy >=1.2.1",
                    "seaborn >=0.9.0",
                    "statsmodels >=0.10.0"
                ],
                "has_prefix": false,
                "license": "MIT",
                "license_family": "MIT",
                "machine": null,
                "noarch": "python",
                "operatingsystem": null,
                "platform": null,
                "subdir": "noarch",
                "target-triplet": "None-any-None",
                "timestamp": 1571967894377
            },
            "basename": "noarch/blksheep-0.0.6-0.tar.bz2",
            "dependencies": {
                "depends": [
                    {
                        "name": "matplotlib",
                        "specs": [
                            [
                                ">=",
                                "3.1.0"
                            ]
                        ]
                    },
                    {
                        "name": "numpy",
                        "specs": [
                            [
                                ">=",
                                "1.16.4"
                            ]
                        ]
                    },
                    {
                        "name": "pandas",
                        "specs": [
                            [
                                ">=",
                                "0.24.2"
                            ]
                        ]
                    },
                    {
                        "name": "scikit-learn",
                        "specs": [
                            [
                                ">=",
                                "0.21.2"
                            ]
                        ]
                    },
                    {
                        "name": "scipy",
                        "specs": [
                            [
                                ">=",
                                "1.2.1"
                            ]
                        ]
                    },
                    {
                        "name": "seaborn",
                        "specs": [
                            [
                                ">=",
                                "0.9.0"
                            ]
                        ]
                    },
                    {
                        "name": "statsmodels",
                        "specs": [
                            [
                                ">=",
                                "0.10.0"
                            ]
                        ]
                    }
                ]
            },
            "description": null,
            "distribution_type": "conda",
            "download_url": "//api.anaconda.org/download/bioconda/blksheep/0.0.6/noarch/blksheep-0.0.6-0.tar.bz2",
            "full_name": "bioconda/blksheep/0.0.6/noarch/blksheep-0.0.6-0.tar.bz2",
            "labels": [
                "main"
            ],
            "md5": "646406237f2dc5c7cb3569e501332314",
            "ndownloads": 20,
            "owner": "bioconda",
            "size": 28334,
            "type": "conda",
            "upload_time": "2019-10-25 01:52:40.105000+00:00",
            "version": "0.0.6"
        }
    ],
    "full_name": "bioconda/blksheep",
    "home": "https://github.com/ruggleslab/blackSheep/",
    "html_url": "http://anaconda.org/bioconda/blksheep",
    "id": "5d79f433fe6b2a65c4dc332c",
    "latest_version": "0.0.6",
    "license": "MIT",
    "license_url": null,
    "modified_at": "2019-10-25 01:52:40.430000+00:00",
    "name": "blksheep",
    "owner": {
        "company": "",
        "created_at": "2015-09-11 22:59:20.880000+00:00",
        "description": "Bioconda is a distribution of bioinformatics software realized as a channel for the versatile Conda package manager.",
        "location": "",
        "login": "bioconda",
        "name": "bioconda",
        "url": "",
        "user_type": "org"
    },
    "package_types": [
        "conda"
    ],
    "public": true,
    "releases": [
        {
            "distributions": [],
            "full_name": "bioconda/blksheep/0.0.2",
            "version": "0.0.2"
        },
        {
            "distributions": [],
            "full_name": "bioconda/blksheep/0.0.3",
            "version": "0.0.3"
        },
        {
            "distributions": [],
            "full_name": "bioconda/blksheep/0.0.5",
            "version": "0.0.5"
        },
        {
            "distributions": [],
            "full_name": "bioconda/blksheep/0.0.6",
            "version": "0.0.6"
        }
    ],
    "revision": 8,
    "source_git_tag": null,
    "source_git_url": null,
    "summary": "A package for differential extreme values analysis",
    "upvoted": 0,
    "url": "http://api.anaconda.org/packages/bioconda/blksheep",
    "versions": [
        "0.0.2",
        "0.0.3",
        "0.0.5",
        "0.0.6"
    ],
    "watchers": 1
}