{
    "app_entry": {},
    "app_summary": {},
    "app_type": {},
    "builds": [
        "h470a237_0"
    ],
    "conda_platforms": [
        "linux-64",
        "osx-64"
    ],
    "created_at": "2018-09-25 05:41:41.894000+00:00",
    "description": "",
    "dev_url": null,
    "doc_url": null,
    "files": [
        {
            "attrs": {
                "arch": "x86_64",
                "build": "h470a237_0",
                "build_number": 0,
                "depends": [
                    "bpp-seq"
                ],
                "has_prefix": true,
                "license": "CeCILL",
                "machine": "x86_64",
                "operatingsystem": "darwin",
                "platform": "osx",
                "subdir": "osx-64",
                "target-triplet": "x86_64-any-darwin",
                "timestamp": 1537854085926
            },
            "basename": "osx-64/bpp-popgen-2.4.1-h470a237_0.tar.bz2",
            "dependencies": {
                "depends": [
                    {
                        "name": "bpp-seq",
                        "specs": []
                    }
                ]
            },
            "description": null,
            "distribution_type": "conda",
            "download_url": "//api.anaconda.org/download/bioconda/bpp-popgen/2.4.1/osx-64/bpp-popgen-2.4.1-h470a237_0.tar.bz2",
            "full_name": "bioconda/bpp-popgen/2.4.1/osx-64/bpp-popgen-2.4.1-h470a237_0.tar.bz2",
            "labels": [
                "main",
                "cf201901"
            ],
            "md5": "3c65c59c18c135e96f8026812b7f27e2",
            "ndownloads": 736,
            "owner": "bioconda",
            "size": 4495130,
            "type": "conda",
            "upload_time": "2018-09-25 05:41:42.483000+00:00",
            "version": "2.4.1"
        },
        {
            "attrs": {
                "arch": "x86_64",
                "build": "h470a237_0",
                "build_number": 0,
                "depends": [
                    "bpp-seq",
                    "libgcc-ng >=4.9"
                ],
                "has_prefix": true,
                "license": "CeCILL",
                "machine": "x86_64",
                "operatingsystem": "linux",
                "platform": "linux",
                "subdir": "linux-64",
                "target-triplet": "x86_64-any-linux",
                "timestamp": 1537854305752
            },
            "basename": "linux-64/bpp-popgen-2.4.1-h470a237_0.tar.bz2",
            "dependencies": {
                "depends": [
                    {
                        "name": "bpp-seq",
                        "specs": []
                    },
                    {
                        "name": "libgcc-ng",
                        "specs": [
                            [
                                ">=",
                                "4.9"
                            ]
                        ]
                    }
                ]
            },
            "description": null,
            "distribution_type": "conda",
            "download_url": "//api.anaconda.org/download/bioconda/bpp-popgen/2.4.1/linux-64/bpp-popgen-2.4.1-h470a237_0.tar.bz2",
            "full_name": "bioconda/bpp-popgen/2.4.1/linux-64/bpp-popgen-2.4.1-h470a237_0.tar.bz2",
            "labels": [
                "main",
                "cf201901"
            ],
            "md5": "59dd25f87a50cd57c78515bbf6cd3337",
            "ndownloads": 268,
            "owner": "bioconda",
            "size": 10229468,
            "type": "conda",
            "upload_time": "2018-09-25 05:46:44.482000+00:00",
            "version": "2.4.1"
        }
    ],
    "full_name": "bioconda/bpp-popgen",
    "home": "https://github.com/BioPP/bpp-popgen",
    "html_url": "http://anaconda.org/bioconda/bpp-popgen",
    "id": "5ba9ca956f6a20137a2cd703",
    "latest_version": "2.4.1",
    "license": "CeCILL",
    "license_url": null,
    "modified_at": "2018-09-25 05:46:45.411000+00:00",
    "name": "bpp-popgen",
    "owner": {
        "company": "",
        "created_at": "2015-09-11 22:59:20.880000+00:00",
        "description": "Bioconda is a distribution of bioinformatics software realized as a channel for the versatile Conda package manager.",
        "location": "",
        "login": "bioconda",
        "name": "bioconda",
        "url": "",
        "user_type": "org"
    },
    "package_types": [
        "conda"
    ],
    "public": true,
    "releases": [
        {
            "distributions": [],
            "full_name": "bioconda/bpp-popgen/2.4.1",
            "version": "2.4.1"
        }
    ],
    "revision": 2,
    "source_git_tag": null,
    "source_git_url": null,
    "summary": "Bio++ is a set of C++ libraries for Bioinformatics.",
    "upvoted": 0,
    "url": "http://api.anaconda.org/packages/bioconda/bpp-popgen",
    "versions": [
        "2.4.1"
    ],
    "watchers": 1
}