{
    "app_entry": {},
    "app_summary": {},
    "app_type": {},
    "builds": [
        "1",
        "3",
        "2",
        "pl526_4"
    ],
    "conda_platforms": [
        "linux-64",
        "noarch"
    ],
    "created_at": "2016-07-01 20:33:50.354000+00:00",
    "description": "None",
    "dev_url": {},
    "doc_url": {},
    "files": [
        {
            "attrs": {
                "arch": "x86_64",
                "build": "1",
                "build_number": 1,
                "depends": [
                    "perl-app-cpanminus",
                    "perl-parallel-forkmanager",
                    "perl-pathtools",
                    "perl-scalar-util-numeric"
                ],
                "machine": "x86_64",
                "operatingsystem": "linux",
                "platform": "linux",
                "subdir": "linux-64",
                "target-triplet": "x86_64-any-linux"
            },
            "basename": "linux-64/braker-1.9-1.tar.bz2",
            "dependencies": {
                "depends": [
                    {
                        "name": "perl-app-cpanminus",
                        "specs": []
                    },
                    {
                        "name": "perl-parallel-forkmanager",
                        "specs": []
                    },
                    {
                        "name": "perl-pathtools",
                        "specs": []
                    },
                    {
                        "name": "perl-scalar-util-numeric",
                        "specs": []
                    }
                ]
            },
            "description": null,
            "distribution_type": "conda",
            "download_url": "//api.anaconda.org/download/bioconda/braker/1.9/linux-64/braker-1.9-1.tar.bz2",
            "full_name": "bioconda/braker/1.9/linux-64/braker-1.9-1.tar.bz2",
            "labels": [
                "main",
                "cf201901"
            ],
            "md5": "3ab425e7b4a58d3d7e6b873026a390ac",
            "ndownloads": 789,
            "owner": "bioconda",
            "size": 23277,
            "type": "conda",
            "upload_time": "2016-07-01 20:33:50.751000+00:00",
            "version": "1.9"
        },
        {
            "attrs": {
                "arch": "x86_64",
                "build": "2",
                "build_number": 2,
                "depends": [
                    "perl-app-cpanminus",
                    "perl-parallel-forkmanager",
                    "perl-pathtools",
                    "perl-scalar-util-numeric"
                ],
                "has_prefix": true,
                "license": " ",
                "machine": "x86_64",
                "operatingsystem": "linux",
                "platform": "linux",
                "subdir": "linux-64",
                "target-triplet": "x86_64-any-linux",
                "timestamp": 1530736052330
            },
            "basename": "linux-64/braker-1.9-2.tar.bz2",
            "dependencies": {
                "depends": [
                    {
                        "name": "perl-app-cpanminus",
                        "specs": []
                    },
                    {
                        "name": "perl-parallel-forkmanager",
                        "specs": []
                    },
                    {
                        "name": "perl-pathtools",
                        "specs": []
                    },
                    {
                        "name": "perl-scalar-util-numeric",
                        "specs": []
                    }
                ]
            },
            "description": null,
            "distribution_type": "conda",
            "download_url": "//api.anaconda.org/download/bioconda/braker/1.9/linux-64/braker-1.9-2.tar.bz2",
            "full_name": "bioconda/braker/1.9/linux-64/braker-1.9-2.tar.bz2",
            "labels": [
                "main",
                "cf201901"
            ],
            "md5": "fe01cd1bc5b29eb12f8e5246ef0cdfe2",
            "ndownloads": 976,
            "owner": "bioconda",
            "size": 26235,
            "type": "conda",
            "upload_time": "2018-07-04 20:28:49.776000+00:00",
            "version": "1.9"
        },
        {
            "attrs": {
                "arch": "x86_64",
                "build": "3",
                "build_number": 3,
                "depends": [
                    "perl-app-cpanminus",
                    "perl-parallel-forkmanager",
                    "perl-pathtools",
                    "perl-scalar-util-numeric"
                ],
                "has_prefix": true,
                "license": "Artistic license",
                "machine": "x86_64",
                "operatingsystem": "linux",
                "platform": "linux",
                "subdir": "linux-64",
                "target-triplet": "x86_64-any-linux",
                "timestamp": 1557779622822
            },
            "basename": "linux-64/braker-1.9-3.tar.bz2",
            "dependencies": {
                "depends": [
                    {
                        "name": "perl-app-cpanminus",
                        "specs": []
                    },
                    {
                        "name": "perl-parallel-forkmanager",
                        "specs": []
                    },
                    {
                        "name": "perl-pathtools",
                        "specs": []
                    },
                    {
                        "name": "perl-scalar-util-numeric",
                        "specs": []
                    }
                ]
            },
            "description": null,
            "distribution_type": "conda",
            "download_url": "//api.anaconda.org/download/bioconda/braker/1.9/linux-64/braker-1.9-3.tar.bz2",
            "full_name": "bioconda/braker/1.9/linux-64/braker-1.9-3.tar.bz2",
            "labels": [
                "main"
            ],
            "md5": "a1657fbf6715ec91771b45beb411662d",
            "ndownloads": 613,
            "owner": "bioconda",
            "size": 29250,
            "type": "conda",
            "upload_time": "2019-05-13 20:35:25.002000+00:00",
            "version": "1.9"
        },
        {
            "attrs": {
                "arch": null,
                "build": "3",
                "build_number": 3,
                "depends": [
                    "perl-app-cpanminus",
                    "perl-parallel-forkmanager",
                    "perl-pathtools",
                    "perl-scalar-util-numeric"
                ],
                "has_prefix": false,
                "license": "Artistic license",
                "machine": null,
                "noarch": "generic",
                "operatingsystem": null,
                "platform": null,
                "subdir": "noarch",
                "target-triplet": "None-any-None",
                "timestamp": 1571839016357
            },
            "basename": "noarch/braker-1.9-3.tar.bz2",
            "dependencies": {
                "depends": [
                    {
                        "name": "perl-app-cpanminus",
                        "specs": []
                    },
                    {
                        "name": "perl-parallel-forkmanager",
                        "specs": []
                    },
                    {
                        "name": "perl-pathtools",
                        "specs": []
                    },
                    {
                        "name": "perl-scalar-util-numeric",
                        "specs": []
                    }
                ]
            },
            "description": null,
            "distribution_type": "conda",
            "download_url": "//api.anaconda.org/download/bioconda/braker/1.9/noarch/braker-1.9-3.tar.bz2",
            "full_name": "bioconda/braker/1.9/noarch/braker-1.9-3.tar.bz2",
            "labels": [
                "main"
            ],
            "md5": "6d4682934c57c40d0f4af3cc67efd193",
            "ndownloads": 25,
            "owner": "bioconda",
            "size": 29679,
            "type": "conda",
            "upload_time": "2019-10-23 13:57:23.283000+00:00",
            "version": "1.9"
        },
        {
            "attrs": {
                "arch": null,
                "build": "pl526_4",
                "build_number": 4,
                "depends": [
                    "perl >=5.26.2,<5.26.3.0a0",
                    "perl-app-cpanminus",
                    "perl-parallel-forkmanager",
                    "perl-pathtools",
                    "perl-scalar-util-numeric"
                ],
                "has_prefix": false,
                "license": "Artistic license",
                "machine": null,
                "noarch": "generic",
                "operatingsystem": null,
                "platform": null,
                "subdir": "noarch",
                "target-triplet": "None-any-None",
                "timestamp": 1572111760794
            },
            "basename": "noarch/braker-1.9-pl526_4.tar.bz2",
            "dependencies": {
                "depends": [
                    {
                        "name": "perl",
                        "specs": [
                            [
                                ">=",
                                "5.26.2,<5.26.3.0a0"
                            ]
                        ]
                    },
                    {
                        "name": "perl-app-cpanminus",
                        "specs": []
                    },
                    {
                        "name": "perl-parallel-forkmanager",
                        "specs": []
                    },
                    {
                        "name": "perl-pathtools",
                        "specs": []
                    },
                    {
                        "name": "perl-scalar-util-numeric",
                        "specs": []
                    }
                ]
            },
            "description": null,
            "distribution_type": "conda",
            "download_url": "//api.anaconda.org/download/bioconda/braker/1.9/noarch/braker-1.9-pl526_4.tar.bz2",
            "full_name": "bioconda/braker/1.9/noarch/braker-1.9-pl526_4.tar.bz2",
            "labels": [
                "main"
            ],
            "md5": "a8bc5df808204fa196e2189cfd483d78",
            "ndownloads": 38,
            "owner": "bioconda",
            "size": 29697,
            "type": "conda",
            "upload_time": "2019-10-26 17:45:29.741000+00:00",
            "version": "1.9"
        }
    ],
    "full_name": "bioconda/braker",
    "home": "None",
    "html_url": "http://anaconda.org/bioconda/braker",
    "id": "5776d3ae8b572a7a97faebc3",
    "latest_version": "1.9",
    "license": {},
    "license_url": {},
    "modified_at": "2019-10-26 17:45:30.036000+00:00",
    "name": "braker",
    "owner": {
        "company": "",
        "created_at": "2015-09-11 22:59:20.880000+00:00",
        "description": "Bioconda is a distribution of bioinformatics software realized as a channel for the versatile Conda package manager.",
        "location": "",
        "login": "bioconda",
        "name": "bioconda",
        "url": "",
        "user_type": "org"
    },
    "package_types": [
        "conda"
    ],
    "public": true,
    "releases": [
        {
            "distributions": [
                "linux-64/braker-1.9-1.tar.bz2"
            ],
            "full_name": "bioconda/braker/1.9",
            "version": "1.9"
        }
    ],
    "revision": 2,
    "source_git_tag": {},
    "source_git_url": {},
    "summary": "BRAKER1: Unsupervised RNA-Seq-based genome annotation with GeneMark-ET and AUGUSTUS",
    "upvoted": 0,
    "url": "http://api.anaconda.org/packages/bioconda/braker",
    "versions": [
        "1.9"
    ],
    "watchers": 1
}