{
    "app_entry": {},
    "app_summary": {},
    "app_type": {},
    "builds": [
        "hba6966f_0",
        "h4d3b863_0"
    ],
    "conda_platforms": [
        "linux-64",
        "osx-64"
    ],
    "created_at": "2020-01-31 20:06:54.815000+00:00",
    "description": "",
    "dev_url": null,
    "doc_url": null,
    "files": [
        {
            "attrs": {
                "arch": "x86_64",
                "build": "h4d3b863_0",
                "build_number": 0,
                "depends": [
                    "boost-cpp >=1.70.0,<1.70.1.0a0",
                    "htslib >=1.9,<1.10.0a0",
                    "libgcc-ng >=7.3.0",
                    "libstdcxx-ng >=7.3.0"
                ],
                "has_prefix": false,
                "license": "BSD 3-Clause License",
                "machine": "x86_64",
                "operatingsystem": "linux",
                "platform": "linux",
                "subdir": "linux-64",
                "target-triplet": "x86_64-any-linux",
                "timestamp": 1580499970276
            },
            "basename": "linux-64/coral-1.0.0-h4d3b863_0.tar.bz2",
            "dependencies": {
                "depends": [
                    {
                        "name": "boost-cpp",
                        "specs": [
                            [
                                ">=",
                                "1.70.0,<1.70.1.0a0"
                            ]
                        ]
                    },
                    {
                        "name": "htslib",
                        "specs": [
                            [
                                ">=",
                                "1.9,<1.10.0a0"
                            ]
                        ]
                    },
                    {
                        "name": "libgcc-ng",
                        "specs": [
                            [
                                ">=",
                                "7.3.0"
                            ]
                        ]
                    },
                    {
                        "name": "libstdcxx-ng",
                        "specs": [
                            [
                                ">=",
                                "7.3.0"
                            ]
                        ]
                    }
                ]
            },
            "description": null,
            "distribution_type": "conda",
            "download_url": "//api.anaconda.org/download/bioconda/coral/1.0.0/linux-64/coral-1.0.0-h4d3b863_0.tar.bz2",
            "full_name": "bioconda/coral/1.0.0/linux-64/coral-1.0.0-h4d3b863_0.tar.bz2",
            "labels": [
                "main"
            ],
            "md5": "f313f3e4986dc2356f553e698118204e",
            "ndownloads": 9,
            "owner": "bioconda",
            "size": 129476,
            "type": "conda",
            "upload_time": "2020-01-31 20:06:55.477000+00:00",
            "version": "1.0.0"
        },
        {
            "attrs": {
                "arch": "x86_64",
                "build": "hba6966f_0",
                "build_number": 0,
                "depends": [
                    "boost-cpp >=1.70.0,<1.70.1.0a0",
                    "htslib >=1.9,<1.10.0a0",
                    "libcxx >=4.0.1"
                ],
                "has_prefix": true,
                "license": "BSD 3-Clause License",
                "machine": "x86_64",
                "operatingsystem": "darwin",
                "platform": "osx",
                "subdir": "osx-64",
                "target-triplet": "x86_64-any-darwin",
                "timestamp": 1580500635141
            },
            "basename": "osx-64/coral-1.0.0-hba6966f_0.tar.bz2",
            "dependencies": {
                "depends": [
                    {
                        "name": "boost-cpp",
                        "specs": [
                            [
                                ">=",
                                "1.70.0,<1.70.1.0a0"
                            ]
                        ]
                    },
                    {
                        "name": "htslib",
                        "specs": [
                            [
                                ">=",
                                "1.9,<1.10.0a0"
                            ]
                        ]
                    },
                    {
                        "name": "libcxx",
                        "specs": [
                            [
                                ">=",
                                "4.0.1"
                            ]
                        ]
                    }
                ]
            },
            "description": null,
            "distribution_type": "conda",
            "download_url": "//api.anaconda.org/download/bioconda/coral/1.0.0/osx-64/coral-1.0.0-hba6966f_0.tar.bz2",
            "full_name": "bioconda/coral/1.0.0/osx-64/coral-1.0.0-hba6966f_0.tar.bz2",
            "labels": [
                "main"
            ],
            "md5": "f638c3fddd9096101ac32151407baf9f",
            "ndownloads": 21,
            "owner": "bioconda",
            "size": 201599,
            "type": "conda",
            "upload_time": "2020-01-31 20:06:57.455000+00:00",
            "version": "1.0.0"
        }
    ],
    "full_name": "bioconda/coral",
    "home": "https://github.com/Shao-Group/coral",
    "html_url": "http://anaconda.org/bioconda/coral",
    "id": "5e3488de83b66372f94083ea",
    "latest_version": "1.0.0",
    "license": "BSD 3-Clause License",
    "license_url": null,
    "modified_at": "2020-01-31 20:06:57.820000+00:00",
    "name": "coral",
    "owner": {
        "company": "",
        "created_at": "2015-09-11 22:59:20.880000+00:00",
        "description": "Bioconda is a distribution of bioinformatics software realized as a channel for the versatile Conda package manager.",
        "location": "",
        "login": "bioconda",
        "name": "bioconda",
        "url": "",
        "user_type": "org"
    },
    "package_types": [
        "conda"
    ],
    "public": true,
    "releases": [
        {
            "distributions": [],
            "full_name": "bioconda/coral/1.0.0",
            "version": "1.0.0"
        }
    ],
    "revision": 2,
    "source_git_tag": null,
    "source_git_url": null,
    "summary": "Coral is an efficient tool to bridge paire-end RNA-seq reads.",
    "upvoted": 0,
    "url": "http://api.anaconda.org/packages/bioconda/coral",
    "versions": [
        "1.0.0"
    ],
    "watchers": 1
}