{
    "app_entry": {},
    "app_summary": {},
    "app_type": {},
    "builds": [
        "py_0"
    ],
    "conda_platforms": [
        "noarch"
    ],
    "created_at": "2019-10-10 06:19:09.813000+00:00",
    "description": "This program parses metadata JSON file generated from Cromwell and organizes its raw outputs",
    "dev_url": null,
    "doc_url": null,
    "files": [
        {
            "attrs": {
                "arch": null,
                "build": "py_0",
                "build_number": 0,
                "depends": [
                    "caper",
                    "python >=3"
                ],
                "has_prefix": false,
                "license": "MIT",
                "machine": null,
                "noarch": "python",
                "operatingsystem": null,
                "platform": null,
                "subdir": "noarch",
                "target-triplet": "None-any-None",
                "timestamp": 1570688173826
            },
            "basename": "noarch/croo-0.1.8-py_0.tar.bz2",
            "dependencies": {
                "depends": [
                    {
                        "name": "caper",
                        "specs": []
                    },
                    {
                        "name": "python",
                        "specs": [
                            [
                                ">=",
                                "3"
                            ]
                        ]
                    }
                ]
            },
            "description": null,
            "distribution_type": "conda",
            "download_url": "//api.anaconda.org/download/bioconda/croo/0.1.8/noarch/croo-0.1.8-py_0.tar.bz2",
            "full_name": "bioconda/croo/0.1.8/noarch/croo-0.1.8-py_0.tar.bz2",
            "labels": [
                "main"
            ],
            "md5": "684e3be1c1de39a7bd69bbf99b16519c",
            "ndownloads": 32,
            "owner": "bioconda",
            "size": 17921,
            "type": "conda",
            "upload_time": "2019-10-10 06:19:10.650000+00:00",
            "version": "0.1.8"
        },
        {
            "attrs": {
                "arch": null,
                "build": "py_0",
                "build_number": 0,
                "depends": [
                    "caper >=0.5.0",
                    "python >3.4.1"
                ],
                "has_prefix": false,
                "license": "MIT",
                "machine": null,
                "noarch": "python",
                "operatingsystem": null,
                "platform": null,
                "subdir": "noarch",
                "target-triplet": "None-any-None",
                "timestamp": 1572006454963
            },
            "basename": "noarch/croo-0.2.0-py_0.tar.bz2",
            "dependencies": {
                "depends": [
                    {
                        "name": "caper",
                        "specs": [
                            [
                                ">=",
                                "0.5.0"
                            ]
                        ]
                    },
                    {
                        "name": "python",
                        "specs": [
                            [
                                ">",
                                "3.4.1"
                            ]
                        ]
                    }
                ]
            },
            "description": null,
            "distribution_type": "conda",
            "download_url": "//api.anaconda.org/download/bioconda/croo/0.2.0/noarch/croo-0.2.0-py_0.tar.bz2",
            "full_name": "bioconda/croo/0.2.0/noarch/croo-0.2.0-py_0.tar.bz2",
            "labels": [
                "main"
            ],
            "md5": "250c1306f47d93033279f852b8f1fbda",
            "ndownloads": 25,
            "owner": "bioconda",
            "size": 16423,
            "type": "conda",
            "upload_time": "2019-10-25 12:30:27.333000+00:00",
            "version": "0.2.0"
        },
        {
            "attrs": {
                "arch": null,
                "build": "py_0",
                "build_number": 0,
                "depends": [
                    "caper >=0.5.0",
                    "python >3.4.1"
                ],
                "has_prefix": false,
                "license": "MIT",
                "machine": null,
                "noarch": "python",
                "operatingsystem": null,
                "platform": null,
                "subdir": "noarch",
                "target-triplet": "None-any-None",
                "timestamp": 1572467545965
            },
            "basename": "noarch/croo-0.2.1-py_0.tar.bz2",
            "dependencies": {
                "depends": [
                    {
                        "name": "caper",
                        "specs": [
                            [
                                ">=",
                                "0.5.0"
                            ]
                        ]
                    },
                    {
                        "name": "python",
                        "specs": [
                            [
                                ">",
                                "3.4.1"
                            ]
                        ]
                    }
                ]
            },
            "description": null,
            "distribution_type": "conda",
            "download_url": "//api.anaconda.org/download/bioconda/croo/0.2.1/noarch/croo-0.2.1-py_0.tar.bz2",
            "full_name": "bioconda/croo/0.2.1/noarch/croo-0.2.1-py_0.tar.bz2",
            "labels": [
                "main"
            ],
            "md5": "acf79461544570d53eb2dbd20b8f5e7d",
            "ndownloads": 38,
            "owner": "bioconda",
            "size": 16504,
            "type": "conda",
            "upload_time": "2019-10-30 20:35:19.357000+00:00",
            "version": "0.2.1"
        },
        {
            "attrs": {
                "arch": null,
                "build": "py_0",
                "build_number": 0,
                "depends": [
                    "caper >=0.5.0",
                    "python >3.4.1"
                ],
                "has_prefix": false,
                "license": "MIT",
                "machine": null,
                "noarch": "python",
                "operatingsystem": null,
                "platform": null,
                "subdir": "noarch",
                "target-triplet": "None-any-None",
                "timestamp": 1573904430283
            },
            "basename": "noarch/croo-0.3.1-py_0.tar.bz2",
            "dependencies": {
                "depends": [
                    {
                        "name": "caper",
                        "specs": [
                            [
                                ">=",
                                "0.5.0"
                            ]
                        ]
                    },
                    {
                        "name": "python",
                        "specs": [
                            [
                                ">",
                                "3.4.1"
                            ]
                        ]
                    }
                ]
            },
            "description": null,
            "distribution_type": "conda",
            "download_url": "//api.anaconda.org/download/bioconda/croo/0.3.1/noarch/croo-0.3.1-py_0.tar.bz2",
            "full_name": "bioconda/croo/0.3.1/noarch/croo-0.3.1-py_0.tar.bz2",
            "labels": [
                "main"
            ],
            "md5": "a439329b8decdb870895d792c98ee9f5",
            "ndownloads": 43,
            "owner": "bioconda",
            "size": 18963,
            "type": "conda",
            "upload_time": "2019-11-16 11:43:28.133000+00:00",
            "version": "0.3.1"
        },
        {
            "attrs": {
                "arch": null,
                "build": "py_0",
                "build_number": 0,
                "depends": [
                    "caper >=0.5.0",
                    "python >3.4.1"
                ],
                "has_prefix": false,
                "license": "MIT",
                "machine": null,
                "noarch": "python",
                "operatingsystem": null,
                "platform": null,
                "subdir": "noarch",
                "target-triplet": "None-any-None",
                "timestamp": 1575929996109
            },
            "basename": "noarch/croo-0.3.3-py_0.tar.bz2",
            "dependencies": {
                "depends": [
                    {
                        "name": "caper",
                        "specs": [
                            [
                                ">=",
                                "0.5.0"
                            ]
                        ]
                    },
                    {
                        "name": "python",
                        "specs": [
                            [
                                ">",
                                "3.4.1"
                            ]
                        ]
                    }
                ]
            },
            "description": null,
            "distribution_type": "conda",
            "download_url": "//api.anaconda.org/download/bioconda/croo/0.3.3/noarch/croo-0.3.3-py_0.tar.bz2",
            "full_name": "bioconda/croo/0.3.3/noarch/croo-0.3.3-py_0.tar.bz2",
            "labels": [
                "main"
            ],
            "md5": "cf3f377ac410e350d1d7dbf985974293",
            "ndownloads": 33,
            "owner": "bioconda",
            "size": 19097,
            "type": "conda",
            "upload_time": "2019-12-10 07:39:53.636000+00:00",
            "version": "0.3.3"
        },
        {
            "attrs": {
                "arch": null,
                "build": "py_0",
                "build_number": 0,
                "depends": [
                    "caper >=0.5.0",
                    "python >3.4.1"
                ],
                "has_prefix": false,
                "license": "MIT",
                "machine": null,
                "noarch": "python",
                "operatingsystem": null,
                "platform": null,
                "subdir": "noarch",
                "target-triplet": "None-any-None",
                "timestamp": 1578128954971
            },
            "basename": "noarch/croo-0.3.4-py_0.tar.bz2",
            "dependencies": {
                "depends": [
                    {
                        "name": "caper",
                        "specs": [
                            [
                                ">=",
                                "0.5.0"
                            ]
                        ]
                    },
                    {
                        "name": "python",
                        "specs": [
                            [
                                ">",
                                "3.4.1"
                            ]
                        ]
                    }
                ]
            },
            "description": null,
            "distribution_type": "conda",
            "download_url": "//api.anaconda.org/download/bioconda/croo/0.3.4/noarch/croo-0.3.4-py_0.tar.bz2",
            "full_name": "bioconda/croo/0.3.4/noarch/croo-0.3.4-py_0.tar.bz2",
            "labels": [
                "main"
            ],
            "md5": "8a0f2be0b822dc33eb628e7997c059d9",
            "ndownloads": 6,
            "owner": "bioconda",
            "size": 19047,
            "type": "conda",
            "upload_time": "2020-01-04 13:35:20.715000+00:00",
            "version": "0.3.4"
        }
    ],
    "full_name": "bioconda/croo",
    "home": "https://github.com/ENCODE-DCC/croo",
    "html_url": "http://anaconda.org/bioconda/croo",
    "id": "5d9ecd5d7870580c9648e616",
    "latest_version": "0.3.4",
    "license": "MIT",
    "license_url": null,
    "modified_at": "2020-01-04 13:35:20.999000+00:00",
    "name": "croo",
    "owner": {
        "company": "",
        "created_at": "2015-09-11 22:59:20.880000+00:00",
        "description": "Bioconda is a distribution of bioinformatics software realized as a channel for the versatile Conda package manager.",
        "location": "",
        "login": "bioconda",
        "name": "bioconda",
        "url": "",
        "user_type": "org"
    },
    "package_types": [
        "conda"
    ],
    "public": true,
    "releases": [
        {
            "distributions": [],
            "full_name": "bioconda/croo/0.1.8",
            "version": "0.1.8"
        },
        {
            "distributions": [],
            "full_name": "bioconda/croo/0.2.0",
            "version": "0.2.0"
        },
        {
            "distributions": [],
            "full_name": "bioconda/croo/0.2.1",
            "version": "0.2.1"
        },
        {
            "distributions": [],
            "full_name": "bioconda/croo/0.3.1",
            "version": "0.3.1"
        },
        {
            "distributions": [],
            "full_name": "bioconda/croo/0.3.3",
            "version": "0.3.3"
        },
        {
            "distributions": [],
            "full_name": "bioconda/croo/0.3.4",
            "version": "0.3.4"
        }
    ],
    "revision": 12,
    "source_git_tag": null,
    "source_git_url": null,
    "summary": "CRomwell Output Organizer",
    "upvoted": 0,
    "url": "http://api.anaconda.org/packages/bioconda/croo",
    "versions": [
        "0.1.8",
        "0.2.0",
        "0.2.1",
        "0.3.1",
        "0.3.3",
        "0.3.4"
    ],
    "watchers": 1
}