{
    "app_entry": {},
    "app_summary": {},
    "app_type": {},
    "builds": [
        "2",
        "py27_1",
        "py27_0"
    ],
    "conda_platforms": [
        "linux-64",
        "osx-64",
        "noarch"
    ],
    "created_at": "2018-04-29 16:57:13.612000+00:00",
    "description": "",
    "dev_url": null,
    "doc_url": null,
    "files": [
        {
            "attrs": {
                "arch": "x86_64",
                "build": "py27_1",
                "build_number": 1,
                "depends": [
                    "bedtools",
                    "lastz",
                    "python 2.7*",
                    "slncky",
                    "ucsc-liftover"
                ],
                "has_prefix": true,
                "license": "BSD-3-Clause",
                "machine": "x86_64",
                "operatingsystem": "linux",
                "platform": "linux",
                "subdir": "linux-64",
                "target-triplet": "x86_64-any-linux"
            },
            "basename": "linux-64/ctat-lncrna-1.0-py27_1.tar.bz2",
            "dependencies": {
                "depends": [
                    {
                        "name": "bedtools",
                        "specs": []
                    },
                    {
                        "name": "lastz",
                        "specs": []
                    },
                    {
                        "name": "python",
                        "specs": [
                            [
                                "==",
                                "2.7"
                            ]
                        ]
                    },
                    {
                        "name": "slncky",
                        "specs": []
                    },
                    {
                        "name": "ucsc-liftover",
                        "specs": []
                    }
                ]
            },
            "description": null,
            "distribution_type": "conda",
            "download_url": "//api.anaconda.org/download/bioconda/ctat-lncrna/1.0/linux-64/ctat-lncrna-1.0-py27_1.tar.bz2",
            "full_name": "bioconda/ctat-lncrna/1.0/linux-64/ctat-lncrna-1.0-py27_1.tar.bz2",
            "labels": [
                "main",
                "cf201901"
            ],
            "md5": "bfb6c4ee50f70ebbef722d0807fd86b1",
            "ndownloads": 259,
            "owner": "bioconda",
            "size": 259135,
            "type": "conda",
            "upload_time": "2018-04-29 17:00:31.365000+00:00",
            "version": "1.0"
        },
        {
            "attrs": {
                "arch": null,
                "build": "2",
                "build_number": 2,
                "depends": [
                    "slncky >=1.0.4 1"
                ],
                "has_prefix": false,
                "license": "BSD-3-Clause",
                "license_family": "BSD",
                "machine": null,
                "noarch": "generic",
                "operatingsystem": null,
                "platform": null,
                "subdir": "noarch",
                "target-triplet": "None-any-None",
                "timestamp": 1531256790458
            },
            "basename": "noarch/ctat-lncrna-1.0.1-2.tar.bz2",
            "dependencies": {
                "depends": [
                    {
                        "name": "slncky",
                        "specs": [
                            [
                                ">=",
                                "1.0.4 1"
                            ]
                        ]
                    }
                ]
            },
            "description": null,
            "distribution_type": "conda",
            "download_url": "//api.anaconda.org/download/bioconda/ctat-lncrna/1.0.1/noarch/ctat-lncrna-1.0.1-2.tar.bz2",
            "full_name": "bioconda/ctat-lncrna/1.0.1/noarch/ctat-lncrna-1.0.1-2.tar.bz2",
            "labels": [
                "main",
                "cf201901"
            ],
            "md5": "bcfc5b6ad2ef91f0883f6cf1a29bfd29",
            "ndownloads": 124,
            "owner": "bioconda",
            "size": 163214,
            "type": "conda",
            "upload_time": "2018-07-10 21:10:25.399000+00:00",
            "version": "1.0.1"
        },
        {
            "attrs": {
                "arch": "x86_64",
                "build": "py27_1",
                "build_number": 1,
                "depends": [
                    "bedtools",
                    "lastz",
                    "python 2.7*",
                    "slncky",
                    "ucsc-liftover"
                ],
                "has_prefix": true,
                "license": "BSD-3-Clause",
                "machine": "x86_64",
                "operatingsystem": "darwin",
                "platform": "osx",
                "subdir": "osx-64",
                "target-triplet": "x86_64-any-darwin"
            },
            "basename": "osx-64/ctat-lncrna-1.0-py27_1.tar.bz2",
            "dependencies": {
                "depends": [
                    {
                        "name": "bedtools",
                        "specs": []
                    },
                    {
                        "name": "lastz",
                        "specs": []
                    },
                    {
                        "name": "python",
                        "specs": [
                            [
                                "==",
                                "2.7"
                            ]
                        ]
                    },
                    {
                        "name": "slncky",
                        "specs": []
                    },
                    {
                        "name": "ucsc-liftover",
                        "specs": []
                    }
                ]
            },
            "description": null,
            "distribution_type": "conda",
            "download_url": "//api.anaconda.org/download/bioconda/ctat-lncrna/1.0/osx-64/ctat-lncrna-1.0-py27_1.tar.bz2",
            "full_name": "bioconda/ctat-lncrna/1.0/osx-64/ctat-lncrna-1.0-py27_1.tar.bz2",
            "labels": [
                "main",
                "cf201901"
            ],
            "md5": "426a942adbf703cc4d275fe7412d0ff6",
            "ndownloads": 767,
            "owner": "bioconda",
            "size": 259216,
            "type": "conda",
            "upload_time": "2018-04-29 16:57:14.175000+00:00",
            "version": "1.0"
        },
        {
            "attrs": {
                "arch": "x86_64",
                "build": "py27_0",
                "build_number": 0,
                "depends": [
                    "bedtools",
                    "lastz",
                    "python >=2.7,<2.8.0a0",
                    "slncky",
                    "ucsc-liftover"
                ],
                "has_prefix": true,
                "license": "BSD-3-Clause",
                "license_family": "BSD",
                "machine": "x86_64",
                "operatingsystem": "linux",
                "platform": "linux",
                "subdir": "linux-64",
                "target-triplet": "x86_64-any-linux",
                "timestamp": 1531033499771
            },
            "basename": "linux-64/ctat-lncrna-1.0.1-py27_0.tar.bz2",
            "dependencies": {
                "depends": [
                    {
                        "name": "bedtools",
                        "specs": []
                    },
                    {
                        "name": "lastz",
                        "specs": []
                    },
                    {
                        "name": "python",
                        "specs": [
                            [
                                ">=",
                                "2.7,<2.8.0a0"
                            ]
                        ]
                    },
                    {
                        "name": "slncky",
                        "specs": []
                    },
                    {
                        "name": "ucsc-liftover",
                        "specs": []
                    }
                ]
            },
            "description": null,
            "distribution_type": "conda",
            "download_url": "//api.anaconda.org/download/bioconda/ctat-lncrna/1.0.1/linux-64/ctat-lncrna-1.0.1-py27_0.tar.bz2",
            "full_name": "bioconda/ctat-lncrna/1.0.1/linux-64/ctat-lncrna-1.0.1-py27_0.tar.bz2",
            "labels": [
                "main",
                "cf201901"
            ],
            "md5": "0b3a91e3259b3d7875463968739cbc47",
            "ndownloads": 240,
            "owner": "bioconda",
            "size": 259583,
            "type": "conda",
            "upload_time": "2018-07-08 07:07:42.649000+00:00",
            "version": "1.0.1"
        },
        {
            "attrs": {
                "arch": "x86_64",
                "build": "py27_0",
                "build_number": 0,
                "depends": [
                    "bedtools",
                    "lastz",
                    "python >=2.7,<2.8.0a0",
                    "slncky",
                    "ucsc-liftover"
                ],
                "has_prefix": true,
                "license": "BSD-3-Clause",
                "license_family": "BSD",
                "machine": "x86_64",
                "operatingsystem": "darwin",
                "platform": "osx",
                "subdir": "osx-64",
                "target-triplet": "x86_64-any-darwin",
                "timestamp": 1531046658296
            },
            "basename": "osx-64/ctat-lncrna-1.0.1-py27_0.tar.bz2",
            "dependencies": {
                "depends": [
                    {
                        "name": "bedtools",
                        "specs": []
                    },
                    {
                        "name": "lastz",
                        "specs": []
                    },
                    {
                        "name": "python",
                        "specs": [
                            [
                                ">=",
                                "2.7,<2.8.0a0"
                            ]
                        ]
                    },
                    {
                        "name": "slncky",
                        "specs": []
                    },
                    {
                        "name": "ucsc-liftover",
                        "specs": []
                    }
                ]
            },
            "description": null,
            "distribution_type": "conda",
            "download_url": "//api.anaconda.org/download/bioconda/ctat-lncrna/1.0.1/osx-64/ctat-lncrna-1.0.1-py27_0.tar.bz2",
            "full_name": "bioconda/ctat-lncrna/1.0.1/osx-64/ctat-lncrna-1.0.1-py27_0.tar.bz2",
            "labels": [
                "main",
                "cf201901"
            ],
            "md5": "22c0cc7115007469761e8907d7a6b994",
            "ndownloads": 735,
            "owner": "bioconda",
            "size": 259890,
            "type": "conda",
            "upload_time": "2018-07-08 10:45:23.274000+00:00",
            "version": "1.0.1"
        }
    ],
    "full_name": "bioconda/ctat-lncrna",
    "home": "https://github.com/NCIP/ctat-lncrna",
    "html_url": "http://anaconda.org/bioconda/ctat-lncrna",
    "id": "5ae5f969f7d77b1210099eec",
    "latest_version": "1.0.1",
    "license": "BSD-3-Clause",
    "license_url": null,
    "modified_at": "2018-07-10 21:10:25.814000+00:00",
    "name": "ctat-lncrna",
    "owner": {
        "company": "",
        "created_at": "2015-09-11 22:59:20.880000+00:00",
        "description": "Bioconda is a distribution of bioinformatics software realized as a channel for the versatile Conda package manager.",
        "location": "",
        "login": "bioconda",
        "name": "bioconda",
        "url": "",
        "user_type": "org"
    },
    "package_types": [
        "conda"
    ],
    "public": true,
    "releases": [
        {
            "distributions": [],
            "full_name": "bioconda/ctat-lncrna/1.0",
            "version": "1.0"
        },
        {
            "distributions": [],
            "full_name": "bioconda/ctat-lncrna/1.0.1",
            "version": "1.0.1"
        }
    ],
    "revision": 4,
    "source_git_tag": null,
    "source_git_url": null,
    "summary": "ctat-lncrna uses slncky",
    "upvoted": 0,
    "url": "http://api.anaconda.org/packages/bioconda/ctat-lncrna",
    "versions": [
        "1.0",
        "1.0.1"
    ],
    "watchers": 1
}