{
    "app_entry": {},
    "app_summary": {},
    "app_type": {},
    "builds": [
        "py36_1",
        "py36_0",
        "py36_2",
        "py_1",
        "py35_2",
        "py35_0",
        "py35_1"
    ],
    "conda_platforms": [
        "linux-64",
        "noarch",
        "osx-64"
    ],
    "created_at": "2018-04-07 20:07:21.836000+00:00",
    "description": "",
    "dev_url": null,
    "doc_url": null,
    "files": [
        {
            "attrs": {
                "arch": "x86_64",
                "build": "py35_0",
                "build_number": 0,
                "depends": [
                    "biom-format",
                    "click",
                    "h5py",
                    "mafft 7.310",
                    "python >=3.5,<3.6.0a0",
                    "scikit-bio >=0.5.0",
                    "sortmerna 2.0",
                    "vsearch >=2.0.3"
                ],
                "has_prefix": true,
                "license": "BSD license",
                "machine": "x86_64",
                "operatingsystem": "linux",
                "platform": "linux",
                "subdir": "linux-64",
                "target-triplet": "x86_64-any-linux",
                "timestamp": 1540274701878
            },
            "basename": "linux-64/deblur-1.1.0-py35_0.tar.bz2",
            "dependencies": {
                "depends": [
                    {
                        "name": "biom-format",
                        "specs": []
                    },
                    {
                        "name": "click",
                        "specs": []
                    },
                    {
                        "name": "h5py",
                        "specs": []
                    },
                    {
                        "name": "mafft",
                        "specs": [
                            [
                                "==",
                                "7.310"
                            ]
                        ]
                    },
                    {
                        "name": "python",
                        "specs": [
                            [
                                ">=",
                                "3.5,<3.6.0a0"
                            ]
                        ]
                    },
                    {
                        "name": "scikit-bio",
                        "specs": [
                            [
                                ">=",
                                "0.5.0"
                            ]
                        ]
                    },
                    {
                        "name": "sortmerna",
                        "specs": [
                            [
                                "==",
                                "2.0"
                            ]
                        ]
                    },
                    {
                        "name": "vsearch",
                        "specs": [
                            [
                                ">=",
                                "2.0.3"
                            ]
                        ]
                    }
                ]
            },
            "description": null,
            "distribution_type": "conda",
            "download_url": "//api.anaconda.org/download/bioconda/deblur/1.1.0/linux-64/deblur-1.1.0-py35_0.tar.bz2",
            "full_name": "bioconda/deblur/1.1.0/linux-64/deblur-1.1.0-py35_0.tar.bz2",
            "labels": [
                "main",
                "cf201901"
            ],
            "md5": "6fc3753aebf7b165f48c79e06bbf2403",
            "ndownloads": 4793,
            "owner": "bioconda",
            "size": 2469709,
            "type": "conda",
            "upload_time": "2018-10-23 06:24:12.991000+00:00",
            "version": "1.1.0"
        },
        {
            "attrs": {
                "arch": "x86_64",
                "build": "py35_0",
                "build_number": 0,
                "depends": [
                    "biom-format",
                    "biom-format",
                    "click",
                    "h5py",
                    "mafft ==7.310",
                    "python 3.5*",
                    "scikit-bio >=0.5.0",
                    "sortmerna ==2.0",
                    "vsearch ==2.0.3"
                ],
                "has_prefix": true,
                "license": "BSD license",
                "machine": "x86_64",
                "operatingsystem": "darwin",
                "platform": "osx",
                "subdir": "osx-64",
                "target-triplet": "x86_64-any-darwin"
            },
            "basename": "osx-64/deblur-1.0.4-py35_0.tar.bz2",
            "dependencies": {
                "depends": [
                    {
                        "name": "biom-format",
                        "specs": []
                    },
                    {
                        "name": "biom-format",
                        "specs": []
                    },
                    {
                        "name": "click",
                        "specs": []
                    },
                    {
                        "name": "h5py",
                        "specs": []
                    },
                    {
                        "name": "mafft",
                        "specs": [
                            [
                                "==",
                                "7.310"
                            ]
                        ]
                    },
                    {
                        "name": "python",
                        "specs": [
                            [
                                "==",
                                "3.5"
                            ]
                        ]
                    },
                    {
                        "name": "scikit-bio",
                        "specs": [
                            [
                                ">=",
                                "0.5.0"
                            ]
                        ]
                    },
                    {
                        "name": "sortmerna",
                        "specs": [
                            [
                                "==",
                                "2.0"
                            ]
                        ]
                    },
                    {
                        "name": "vsearch",
                        "specs": [
                            [
                                "==",
                                "2.0.3"
                            ]
                        ]
                    }
                ]
            },
            "description": null,
            "distribution_type": "conda",
            "download_url": "//api.anaconda.org/download/bioconda/deblur/1.0.4/osx-64/deblur-1.0.4-py35_0.tar.bz2",
            "full_name": "bioconda/deblur/1.0.4/osx-64/deblur-1.0.4-py35_0.tar.bz2",
            "labels": [
                "main",
                "cf201901"
            ],
            "md5": "9fbb57970de90e0aae770f150362e789",
            "ndownloads": 27,
            "owner": "bioconda",
            "size": 2468971,
            "type": "conda",
            "upload_time": "2018-04-07 20:07:22.369000+00:00",
            "version": "1.0.4"
        },
        {
            "attrs": {
                "arch": "x86_64",
                "build": "py36_0",
                "build_number": 0,
                "depends": [
                    "biom-format",
                    "biom-format",
                    "click",
                    "h5py",
                    "mafft ==7.310",
                    "python 3.6*",
                    "scikit-bio >=0.5.0",
                    "sortmerna ==2.0",
                    "vsearch ==2.0.3"
                ],
                "has_prefix": true,
                "license": "BSD license",
                "machine": "x86_64",
                "operatingsystem": "darwin",
                "platform": "osx",
                "subdir": "osx-64",
                "target-triplet": "x86_64-any-darwin"
            },
            "basename": "osx-64/deblur-1.0.4-py36_0.tar.bz2",
            "dependencies": {
                "depends": [
                    {
                        "name": "biom-format",
                        "specs": []
                    },
                    {
                        "name": "biom-format",
                        "specs": []
                    },
                    {
                        "name": "click",
                        "specs": []
                    },
                    {
                        "name": "h5py",
                        "specs": []
                    },
                    {
                        "name": "mafft",
                        "specs": [
                            [
                                "==",
                                "7.310"
                            ]
                        ]
                    },
                    {
                        "name": "python",
                        "specs": [
                            [
                                "==",
                                "3.6"
                            ]
                        ]
                    },
                    {
                        "name": "scikit-bio",
                        "specs": [
                            [
                                ">=",
                                "0.5.0"
                            ]
                        ]
                    },
                    {
                        "name": "sortmerna",
                        "specs": [
                            [
                                "==",
                                "2.0"
                            ]
                        ]
                    },
                    {
                        "name": "vsearch",
                        "specs": [
                            [
                                "==",
                                "2.0.3"
                            ]
                        ]
                    }
                ]
            },
            "description": null,
            "distribution_type": "conda",
            "download_url": "//api.anaconda.org/download/bioconda/deblur/1.0.4/osx-64/deblur-1.0.4-py36_0.tar.bz2",
            "full_name": "bioconda/deblur/1.0.4/osx-64/deblur-1.0.4-py36_0.tar.bz2",
            "labels": [
                "main",
                "cf201901"
            ],
            "md5": "b8404c0e3c2e6edf2782ee7e0f9c4938",
            "ndownloads": 109,
            "owner": "bioconda",
            "size": 2468292,
            "type": "conda",
            "upload_time": "2018-04-07 20:10:27.183000+00:00",
            "version": "1.0.4"
        },
        {
            "attrs": {
                "arch": "x86_64",
                "build": "py36_0",
                "build_number": 0,
                "depends": [
                    "biom-format",
                    "biom-format",
                    "click",
                    "h5py",
                    "mafft ==7.310",
                    "python 3.6*",
                    "scikit-bio >=0.5.0",
                    "sortmerna ==2.0",
                    "vsearch ==2.0.3"
                ],
                "has_prefix": true,
                "license": "BSD license",
                "machine": "x86_64",
                "operatingsystem": "linux",
                "platform": "linux",
                "subdir": "linux-64",
                "target-triplet": "x86_64-any-linux"
            },
            "basename": "linux-64/deblur-1.0.4-py36_0.tar.bz2",
            "dependencies": {
                "depends": [
                    {
                        "name": "biom-format",
                        "specs": []
                    },
                    {
                        "name": "biom-format",
                        "specs": []
                    },
                    {
                        "name": "click",
                        "specs": []
                    },
                    {
                        "name": "h5py",
                        "specs": []
                    },
                    {
                        "name": "mafft",
                        "specs": [
                            [
                                "==",
                                "7.310"
                            ]
                        ]
                    },
                    {
                        "name": "python",
                        "specs": [
                            [
                                "==",
                                "3.6"
                            ]
                        ]
                    },
                    {
                        "name": "scikit-bio",
                        "specs": [
                            [
                                ">=",
                                "0.5.0"
                            ]
                        ]
                    },
                    {
                        "name": "sortmerna",
                        "specs": [
                            [
                                "==",
                                "2.0"
                            ]
                        ]
                    },
                    {
                        "name": "vsearch",
                        "specs": [
                            [
                                "==",
                                "2.0.3"
                            ]
                        ]
                    }
                ]
            },
            "description": null,
            "distribution_type": "conda",
            "download_url": "//api.anaconda.org/download/bioconda/deblur/1.0.4/linux-64/deblur-1.0.4-py36_0.tar.bz2",
            "full_name": "bioconda/deblur/1.0.4/linux-64/deblur-1.0.4-py36_0.tar.bz2",
            "labels": [
                "main",
                "cf201901"
            ],
            "md5": "e8deafb42ce78d2dafa5764ec308a6b6",
            "ndownloads": 268,
            "owner": "bioconda",
            "size": 2468865,
            "type": "conda",
            "upload_time": "2018-04-07 20:14:37.552000+00:00",
            "version": "1.0.4"
        },
        {
            "attrs": {
                "arch": "x86_64",
                "build": "py35_0",
                "build_number": 0,
                "depends": [
                    "biom-format",
                    "biom-format",
                    "click",
                    "h5py",
                    "mafft ==7.310",
                    "python 3.5*",
                    "scikit-bio >=0.5.0",
                    "sortmerna ==2.0",
                    "vsearch ==2.0.3"
                ],
                "has_prefix": true,
                "license": "BSD license",
                "machine": "x86_64",
                "operatingsystem": "linux",
                "platform": "linux",
                "subdir": "linux-64",
                "target-triplet": "x86_64-any-linux"
            },
            "basename": "linux-64/deblur-1.0.4-py35_0.tar.bz2",
            "dependencies": {
                "depends": [
                    {
                        "name": "biom-format",
                        "specs": []
                    },
                    {
                        "name": "biom-format",
                        "specs": []
                    },
                    {
                        "name": "click",
                        "specs": []
                    },
                    {
                        "name": "h5py",
                        "specs": []
                    },
                    {
                        "name": "mafft",
                        "specs": [
                            [
                                "==",
                                "7.310"
                            ]
                        ]
                    },
                    {
                        "name": "python",
                        "specs": [
                            [
                                "==",
                                "3.5"
                            ]
                        ]
                    },
                    {
                        "name": "scikit-bio",
                        "specs": [
                            [
                                ">=",
                                "0.5.0"
                            ]
                        ]
                    },
                    {
                        "name": "sortmerna",
                        "specs": [
                            [
                                "==",
                                "2.0"
                            ]
                        ]
                    },
                    {
                        "name": "vsearch",
                        "specs": [
                            [
                                "==",
                                "2.0.3"
                            ]
                        ]
                    }
                ]
            },
            "description": null,
            "distribution_type": "conda",
            "download_url": "//api.anaconda.org/download/bioconda/deblur/1.0.4/linux-64/deblur-1.0.4-py35_0.tar.bz2",
            "full_name": "bioconda/deblur/1.0.4/linux-64/deblur-1.0.4-py35_0.tar.bz2",
            "labels": [
                "main",
                "cf201901"
            ],
            "md5": "f5acc1aac55ea0260e546d3d1d09fc8e",
            "ndownloads": 105,
            "owner": "bioconda",
            "size": 2469253,
            "type": "conda",
            "upload_time": "2018-04-07 20:27:46.983000+00:00",
            "version": "1.0.4"
        },
        {
            "attrs": {
                "arch": "x86_64",
                "build": "py35_1",
                "build_number": 1,
                "depends": [
                    "biom-format",
                    "biom-format",
                    "click",
                    "h5py",
                    "mafft ==7.310",
                    "python 3.5*",
                    "scikit-bio >=0.5.0",
                    "sortmerna ==2.0",
                    "vsearch >=2.0.3"
                ],
                "has_prefix": true,
                "license": "BSD license",
                "machine": "x86_64",
                "operatingsystem": "darwin",
                "platform": "osx",
                "subdir": "osx-64",
                "target-triplet": "x86_64-any-darwin"
            },
            "basename": "osx-64/deblur-1.0.4-py35_1.tar.bz2",
            "dependencies": {
                "depends": [
                    {
                        "name": "biom-format",
                        "specs": []
                    },
                    {
                        "name": "biom-format",
                        "specs": []
                    },
                    {
                        "name": "click",
                        "specs": []
                    },
                    {
                        "name": "h5py",
                        "specs": []
                    },
                    {
                        "name": "mafft",
                        "specs": [
                            [
                                "==",
                                "7.310"
                            ]
                        ]
                    },
                    {
                        "name": "python",
                        "specs": [
                            [
                                "==",
                                "3.5"
                            ]
                        ]
                    },
                    {
                        "name": "scikit-bio",
                        "specs": [
                            [
                                ">=",
                                "0.5.0"
                            ]
                        ]
                    },
                    {
                        "name": "sortmerna",
                        "specs": [
                            [
                                "==",
                                "2.0"
                            ]
                        ]
                    },
                    {
                        "name": "vsearch",
                        "specs": [
                            [
                                ">=",
                                "2.0.3"
                            ]
                        ]
                    }
                ]
            },
            "description": null,
            "distribution_type": "conda",
            "download_url": "//api.anaconda.org/download/bioconda/deblur/1.0.4/osx-64/deblur-1.0.4-py35_1.tar.bz2",
            "full_name": "bioconda/deblur/1.0.4/osx-64/deblur-1.0.4-py35_1.tar.bz2",
            "labels": [
                "main",
                "cf201901"
            ],
            "md5": "746e132d3b59fd2ee5e53b266d146c77",
            "ndownloads": 1045,
            "owner": "bioconda",
            "size": 2469009,
            "type": "conda",
            "upload_time": "2018-04-08 20:24:09.894000+00:00",
            "version": "1.0.4"
        },
        {
            "attrs": {
                "arch": "x86_64",
                "build": "py36_1",
                "build_number": 1,
                "depends": [
                    "biom-format",
                    "biom-format",
                    "click",
                    "h5py",
                    "mafft ==7.310",
                    "python 3.6*",
                    "scikit-bio >=0.5.0",
                    "sortmerna ==2.0",
                    "vsearch >=2.0.3"
                ],
                "has_prefix": true,
                "license": "BSD license",
                "machine": "x86_64",
                "operatingsystem": "darwin",
                "platform": "osx",
                "subdir": "osx-64",
                "target-triplet": "x86_64-any-darwin"
            },
            "basename": "osx-64/deblur-1.0.4-py36_1.tar.bz2",
            "dependencies": {
                "depends": [
                    {
                        "name": "biom-format",
                        "specs": []
                    },
                    {
                        "name": "biom-format",
                        "specs": []
                    },
                    {
                        "name": "click",
                        "specs": []
                    },
                    {
                        "name": "h5py",
                        "specs": []
                    },
                    {
                        "name": "mafft",
                        "specs": [
                            [
                                "==",
                                "7.310"
                            ]
                        ]
                    },
                    {
                        "name": "python",
                        "specs": [
                            [
                                "==",
                                "3.6"
                            ]
                        ]
                    },
                    {
                        "name": "scikit-bio",
                        "specs": [
                            [
                                ">=",
                                "0.5.0"
                            ]
                        ]
                    },
                    {
                        "name": "sortmerna",
                        "specs": [
                            [
                                "==",
                                "2.0"
                            ]
                        ]
                    },
                    {
                        "name": "vsearch",
                        "specs": [
                            [
                                ">=",
                                "2.0.3"
                            ]
                        ]
                    }
                ]
            },
            "description": null,
            "distribution_type": "conda",
            "download_url": "//api.anaconda.org/download/bioconda/deblur/1.0.4/osx-64/deblur-1.0.4-py36_1.tar.bz2",
            "full_name": "bioconda/deblur/1.0.4/osx-64/deblur-1.0.4-py36_1.tar.bz2",
            "labels": [
                "main",
                "cf201901"
            ],
            "md5": "a454f3e6489f8d3e994a94fed4265d7a",
            "ndownloads": 28,
            "owner": "bioconda",
            "size": 2468468,
            "type": "conda",
            "upload_time": "2018-04-08 20:27:14.025000+00:00",
            "version": "1.0.4"
        },
        {
            "attrs": {
                "arch": "x86_64",
                "build": "py36_1",
                "build_number": 1,
                "depends": [
                    "biom-format",
                    "biom-format",
                    "click",
                    "h5py",
                    "mafft ==7.310",
                    "python 3.6*",
                    "scikit-bio >=0.5.0",
                    "sortmerna ==2.0",
                    "vsearch >=2.0.3"
                ],
                "has_prefix": true,
                "license": "BSD license",
                "machine": "x86_64",
                "operatingsystem": "linux",
                "platform": "linux",
                "subdir": "linux-64",
                "target-triplet": "x86_64-any-linux"
            },
            "basename": "linux-64/deblur-1.0.4-py36_1.tar.bz2",
            "dependencies": {
                "depends": [
                    {
                        "name": "biom-format",
                        "specs": []
                    },
                    {
                        "name": "biom-format",
                        "specs": []
                    },
                    {
                        "name": "click",
                        "specs": []
                    },
                    {
                        "name": "h5py",
                        "specs": []
                    },
                    {
                        "name": "mafft",
                        "specs": [
                            [
                                "==",
                                "7.310"
                            ]
                        ]
                    },
                    {
                        "name": "python",
                        "specs": [
                            [
                                "==",
                                "3.6"
                            ]
                        ]
                    },
                    {
                        "name": "scikit-bio",
                        "specs": [
                            [
                                ">=",
                                "0.5.0"
                            ]
                        ]
                    },
                    {
                        "name": "sortmerna",
                        "specs": [
                            [
                                "==",
                                "2.0"
                            ]
                        ]
                    },
                    {
                        "name": "vsearch",
                        "specs": [
                            [
                                ">=",
                                "2.0.3"
                            ]
                        ]
                    }
                ]
            },
            "description": null,
            "distribution_type": "conda",
            "download_url": "//api.anaconda.org/download/bioconda/deblur/1.0.4/linux-64/deblur-1.0.4-py36_1.tar.bz2",
            "full_name": "bioconda/deblur/1.0.4/linux-64/deblur-1.0.4-py36_1.tar.bz2",
            "labels": [
                "main",
                "cf201901"
            ],
            "md5": "54908d79c9c41519650861a1bfd60089",
            "ndownloads": 133,
            "owner": "bioconda",
            "size": 2468865,
            "type": "conda",
            "upload_time": "2018-04-08 20:32:48.093000+00:00",
            "version": "1.0.4"
        },
        {
            "attrs": {
                "arch": "x86_64",
                "build": "py35_1",
                "build_number": 1,
                "depends": [
                    "biom-format",
                    "biom-format",
                    "click",
                    "h5py",
                    "mafft ==7.310",
                    "python 3.5*",
                    "scikit-bio >=0.5.0",
                    "sortmerna ==2.0",
                    "vsearch >=2.0.3"
                ],
                "has_prefix": true,
                "license": "BSD license",
                "machine": "x86_64",
                "operatingsystem": "linux",
                "platform": "linux",
                "subdir": "linux-64",
                "target-triplet": "x86_64-any-linux"
            },
            "basename": "linux-64/deblur-1.0.4-py35_1.tar.bz2",
            "dependencies": {
                "depends": [
                    {
                        "name": "biom-format",
                        "specs": []
                    },
                    {
                        "name": "biom-format",
                        "specs": []
                    },
                    {
                        "name": "click",
                        "specs": []
                    },
                    {
                        "name": "h5py",
                        "specs": []
                    },
                    {
                        "name": "mafft",
                        "specs": [
                            [
                                "==",
                                "7.310"
                            ]
                        ]
                    },
                    {
                        "name": "python",
                        "specs": [
                            [
                                "==",
                                "3.5"
                            ]
                        ]
                    },
                    {
                        "name": "scikit-bio",
                        "specs": [
                            [
                                ">=",
                                "0.5.0"
                            ]
                        ]
                    },
                    {
                        "name": "sortmerna",
                        "specs": [
                            [
                                "==",
                                "2.0"
                            ]
                        ]
                    },
                    {
                        "name": "vsearch",
                        "specs": [
                            [
                                ">=",
                                "2.0.3"
                            ]
                        ]
                    }
                ]
            },
            "description": null,
            "distribution_type": "conda",
            "download_url": "//api.anaconda.org/download/bioconda/deblur/1.0.4/linux-64/deblur-1.0.4-py35_1.tar.bz2",
            "full_name": "bioconda/deblur/1.0.4/linux-64/deblur-1.0.4-py35_1.tar.bz2",
            "labels": [
                "main",
                "cf201901"
            ],
            "md5": "d77c6e396f40134167ac222328f21ad9",
            "ndownloads": 2806,
            "owner": "bioconda",
            "size": 2469288,
            "type": "conda",
            "upload_time": "2018-04-08 20:45:59.128000+00:00",
            "version": "1.0.4"
        },
        {
            "attrs": {
                "arch": "x86_64",
                "build": "py35_2",
                "build_number": 2,
                "depends": [
                    "biom-format",
                    "click",
                    "h5py",
                    "mafft 7.310",
                    "python >=3.5,<3.6.0a0",
                    "scikit-bio >=0.5.0",
                    "sortmerna 2.0",
                    "vsearch >=2.0.3"
                ],
                "has_prefix": true,
                "license": "BSD license",
                "machine": "x86_64",
                "operatingsystem": "darwin",
                "platform": "osx",
                "subdir": "osx-64",
                "target-triplet": "x86_64-any-darwin",
                "timestamp": 1529867510490
            },
            "basename": "osx-64/deblur-1.0.4-py35_2.tar.bz2",
            "dependencies": {
                "depends": [
                    {
                        "name": "biom-format",
                        "specs": []
                    },
                    {
                        "name": "click",
                        "specs": []
                    },
                    {
                        "name": "h5py",
                        "specs": []
                    },
                    {
                        "name": "mafft",
                        "specs": [
                            [
                                "==",
                                "7.310"
                            ]
                        ]
                    },
                    {
                        "name": "python",
                        "specs": [
                            [
                                ">=",
                                "3.5,<3.6.0a0"
                            ]
                        ]
                    },
                    {
                        "name": "scikit-bio",
                        "specs": [
                            [
                                ">=",
                                "0.5.0"
                            ]
                        ]
                    },
                    {
                        "name": "sortmerna",
                        "specs": [
                            [
                                "==",
                                "2.0"
                            ]
                        ]
                    },
                    {
                        "name": "vsearch",
                        "specs": [
                            [
                                ">=",
                                "2.0.3"
                            ]
                        ]
                    }
                ]
            },
            "description": null,
            "distribution_type": "conda",
            "download_url": "//api.anaconda.org/download/bioconda/deblur/1.0.4/osx-64/deblur-1.0.4-py35_2.tar.bz2",
            "full_name": "bioconda/deblur/1.0.4/osx-64/deblur-1.0.4-py35_2.tar.bz2",
            "labels": [
                "main",
                "cf201901"
            ],
            "md5": "fd4b4b4d47812ed31739ca6dcc4298b3",
            "ndownloads": 2359,
            "owner": "bioconda",
            "size": 2468927,
            "type": "conda",
            "upload_time": "2018-06-24 19:16:18.936000+00:00",
            "version": "1.0.4"
        },
        {
            "attrs": {
                "arch": "x86_64",
                "build": "py36_2",
                "build_number": 2,
                "depends": [
                    "biom-format",
                    "click",
                    "h5py",
                    "mafft 7.310",
                    "python >=3.6,<3.7.0a0",
                    "scikit-bio >=0.5.0",
                    "sortmerna 2.0",
                    "vsearch >=2.0.3"
                ],
                "has_prefix": true,
                "license": "BSD license",
                "machine": "x86_64",
                "operatingsystem": "darwin",
                "platform": "osx",
                "subdir": "osx-64",
                "target-triplet": "x86_64-any-darwin",
                "timestamp": 1529867691020
            },
            "basename": "osx-64/deblur-1.0.4-py36_2.tar.bz2",
            "dependencies": {
                "depends": [
                    {
                        "name": "biom-format",
                        "specs": []
                    },
                    {
                        "name": "click",
                        "specs": []
                    },
                    {
                        "name": "h5py",
                        "specs": []
                    },
                    {
                        "name": "mafft",
                        "specs": [
                            [
                                "==",
                                "7.310"
                            ]
                        ]
                    },
                    {
                        "name": "python",
                        "specs": [
                            [
                                ">=",
                                "3.6,<3.7.0a0"
                            ]
                        ]
                    },
                    {
                        "name": "scikit-bio",
                        "specs": [
                            [
                                ">=",
                                "0.5.0"
                            ]
                        ]
                    },
                    {
                        "name": "sortmerna",
                        "specs": [
                            [
                                "==",
                                "2.0"
                            ]
                        ]
                    },
                    {
                        "name": "vsearch",
                        "specs": [
                            [
                                ">=",
                                "2.0.3"
                            ]
                        ]
                    }
                ]
            },
            "description": null,
            "distribution_type": "conda",
            "download_url": "//api.anaconda.org/download/bioconda/deblur/1.0.4/osx-64/deblur-1.0.4-py36_2.tar.bz2",
            "full_name": "bioconda/deblur/1.0.4/osx-64/deblur-1.0.4-py36_2.tar.bz2",
            "labels": [
                "main",
                "cf201901"
            ],
            "md5": "3ec0e20826b3991f0bff1db9df8096f1",
            "ndownloads": 686,
            "owner": "bioconda",
            "size": 2468359,
            "type": "conda",
            "upload_time": "2018-06-24 19:16:23.096000+00:00",
            "version": "1.0.4"
        },
        {
            "attrs": {
                "arch": "x86_64",
                "build": "py36_2",
                "build_number": 2,
                "depends": [
                    "biom-format",
                    "click",
                    "h5py",
                    "mafft 7.310",
                    "python >=3.6,<3.7.0a0",
                    "scikit-bio >=0.5.0",
                    "sortmerna 2.0",
                    "vsearch >=2.0.3"
                ],
                "has_prefix": true,
                "license": "BSD license",
                "machine": "x86_64",
                "operatingsystem": "linux",
                "platform": "linux",
                "subdir": "linux-64",
                "target-triplet": "x86_64-any-linux",
                "timestamp": 1529900447128
            },
            "basename": "linux-64/deblur-1.0.4-py36_2.tar.bz2",
            "dependencies": {
                "depends": [
                    {
                        "name": "biom-format",
                        "specs": []
                    },
                    {
                        "name": "click",
                        "specs": []
                    },
                    {
                        "name": "h5py",
                        "specs": []
                    },
                    {
                        "name": "mafft",
                        "specs": [
                            [
                                "==",
                                "7.310"
                            ]
                        ]
                    },
                    {
                        "name": "python",
                        "specs": [
                            [
                                ">=",
                                "3.6,<3.7.0a0"
                            ]
                        ]
                    },
                    {
                        "name": "scikit-bio",
                        "specs": [
                            [
                                ">=",
                                "0.5.0"
                            ]
                        ]
                    },
                    {
                        "name": "sortmerna",
                        "specs": [
                            [
                                "==",
                                "2.0"
                            ]
                        ]
                    },
                    {
                        "name": "vsearch",
                        "specs": [
                            [
                                ">=",
                                "2.0.3"
                            ]
                        ]
                    }
                ]
            },
            "description": null,
            "distribution_type": "conda",
            "download_url": "//api.anaconda.org/download/bioconda/deblur/1.0.4/linux-64/deblur-1.0.4-py36_2.tar.bz2",
            "full_name": "bioconda/deblur/1.0.4/linux-64/deblur-1.0.4-py36_2.tar.bz2",
            "labels": [
                "main",
                "cf201901"
            ],
            "md5": "a99eb253a36a108e8010545cd04bf426",
            "ndownloads": 145,
            "owner": "bioconda",
            "size": 2468233,
            "type": "conda",
            "upload_time": "2018-06-25 04:31:33.596000+00:00",
            "version": "1.0.4"
        },
        {
            "attrs": {
                "arch": "x86_64",
                "build": "py35_2",
                "build_number": 2,
                "depends": [
                    "biom-format",
                    "click",
                    "h5py",
                    "mafft 7.310",
                    "python >=3.5,<3.6.0a0",
                    "scikit-bio >=0.5.0",
                    "sortmerna 2.0",
                    "vsearch >=2.0.3"
                ],
                "has_prefix": true,
                "license": "BSD license",
                "machine": "x86_64",
                "operatingsystem": "linux",
                "platform": "linux",
                "subdir": "linux-64",
                "target-triplet": "x86_64-any-linux",
                "timestamp": 1529900288972
            },
            "basename": "linux-64/deblur-1.0.4-py35_2.tar.bz2",
            "dependencies": {
                "depends": [
                    {
                        "name": "biom-format",
                        "specs": []
                    },
                    {
                        "name": "click",
                        "specs": []
                    },
                    {
                        "name": "h5py",
                        "specs": []
                    },
                    {
                        "name": "mafft",
                        "specs": [
                            [
                                "==",
                                "7.310"
                            ]
                        ]
                    },
                    {
                        "name": "python",
                        "specs": [
                            [
                                ">=",
                                "3.5,<3.6.0a0"
                            ]
                        ]
                    },
                    {
                        "name": "scikit-bio",
                        "specs": [
                            [
                                ">=",
                                "0.5.0"
                            ]
                        ]
                    },
                    {
                        "name": "sortmerna",
                        "specs": [
                            [
                                "==",
                                "2.0"
                            ]
                        ]
                    },
                    {
                        "name": "vsearch",
                        "specs": [
                            [
                                ">=",
                                "2.0.3"
                            ]
                        ]
                    }
                ]
            },
            "description": null,
            "distribution_type": "conda",
            "download_url": "//api.anaconda.org/download/bioconda/deblur/1.0.4/linux-64/deblur-1.0.4-py35_2.tar.bz2",
            "full_name": "bioconda/deblur/1.0.4/linux-64/deblur-1.0.4-py35_2.tar.bz2",
            "labels": [
                "main",
                "cf201901"
            ],
            "md5": "85bcf2c814a87a61bcac173f56d3d966",
            "ndownloads": 7174,
            "owner": "bioconda",
            "size": 2469019,
            "type": "conda",
            "upload_time": "2018-06-25 04:31:36.927000+00:00",
            "version": "1.0.4"
        },
        {
            "attrs": {
                "arch": "x86_64",
                "build": "py36_0",
                "build_number": 0,
                "depends": [
                    "biom-format",
                    "click",
                    "h5py",
                    "mafft 7.310",
                    "python >=3.6,<3.7.0a0",
                    "scikit-bio >=0.5.0",
                    "sortmerna 2.0",
                    "vsearch >=2.0.3"
                ],
                "has_prefix": true,
                "license": "BSD license",
                "machine": "x86_64",
                "operatingsystem": "linux",
                "platform": "linux",
                "subdir": "linux-64",
                "target-triplet": "x86_64-any-linux",
                "timestamp": 1540274947043
            },
            "basename": "linux-64/deblur-1.1.0-py36_0.tar.bz2",
            "dependencies": {
                "depends": [
                    {
                        "name": "biom-format",
                        "specs": []
                    },
                    {
                        "name": "click",
                        "specs": []
                    },
                    {
                        "name": "h5py",
                        "specs": []
                    },
                    {
                        "name": "mafft",
                        "specs": [
                            [
                                "==",
                                "7.310"
                            ]
                        ]
                    },
                    {
                        "name": "python",
                        "specs": [
                            [
                                ">=",
                                "3.6,<3.7.0a0"
                            ]
                        ]
                    },
                    {
                        "name": "scikit-bio",
                        "specs": [
                            [
                                ">=",
                                "0.5.0"
                            ]
                        ]
                    },
                    {
                        "name": "sortmerna",
                        "specs": [
                            [
                                "==",
                                "2.0"
                            ]
                        ]
                    },
                    {
                        "name": "vsearch",
                        "specs": [
                            [
                                ">=",
                                "2.0.3"
                            ]
                        ]
                    }
                ]
            },
            "description": null,
            "distribution_type": "conda",
            "download_url": "//api.anaconda.org/download/bioconda/deblur/1.1.0/linux-64/deblur-1.1.0-py36_0.tar.bz2",
            "full_name": "bioconda/deblur/1.1.0/linux-64/deblur-1.1.0-py36_0.tar.bz2",
            "labels": [
                "main",
                "cf201901"
            ],
            "md5": "2431b2f0c200cb9b1dc69c357678204f",
            "ndownloads": 13083,
            "owner": "bioconda",
            "size": 2469257,
            "type": "conda",
            "upload_time": "2018-10-23 06:24:16.049000+00:00",
            "version": "1.1.0"
        },
        {
            "attrs": {
                "arch": "x86_64",
                "build": "py35_0",
                "build_number": 0,
                "depends": [
                    "biom-format",
                    "click",
                    "h5py",
                    "mafft 7.310",
                    "python >=3.5,<3.6.0a0",
                    "scikit-bio >=0.5.0",
                    "sortmerna 2.0",
                    "vsearch >=2.0.3"
                ],
                "has_prefix": true,
                "license": "BSD license",
                "machine": "x86_64",
                "operatingsystem": "darwin",
                "platform": "osx",
                "subdir": "osx-64",
                "target-triplet": "x86_64-any-darwin",
                "timestamp": 1540275712713
            },
            "basename": "osx-64/deblur-1.1.0-py35_0.tar.bz2",
            "dependencies": {
                "depends": [
                    {
                        "name": "biom-format",
                        "specs": []
                    },
                    {
                        "name": "click",
                        "specs": []
                    },
                    {
                        "name": "h5py",
                        "specs": []
                    },
                    {
                        "name": "mafft",
                        "specs": [
                            [
                                "==",
                                "7.310"
                            ]
                        ]
                    },
                    {
                        "name": "python",
                        "specs": [
                            [
                                ">=",
                                "3.5,<3.6.0a0"
                            ]
                        ]
                    },
                    {
                        "name": "scikit-bio",
                        "specs": [
                            [
                                ">=",
                                "0.5.0"
                            ]
                        ]
                    },
                    {
                        "name": "sortmerna",
                        "specs": [
                            [
                                "==",
                                "2.0"
                            ]
                        ]
                    },
                    {
                        "name": "vsearch",
                        "specs": [
                            [
                                ">=",
                                "2.0.3"
                            ]
                        ]
                    }
                ]
            },
            "description": null,
            "distribution_type": "conda",
            "download_url": "//api.anaconda.org/download/bioconda/deblur/1.1.0/osx-64/deblur-1.1.0-py35_0.tar.bz2",
            "full_name": "bioconda/deblur/1.1.0/osx-64/deblur-1.1.0-py35_0.tar.bz2",
            "labels": [
                "main",
                "cf201901"
            ],
            "md5": "08bc53d56f4f368ccb0b16d26bb2fc61",
            "ndownloads": 1738,
            "owner": "bioconda",
            "size": 2469594,
            "type": "conda",
            "upload_time": "2018-10-23 06:27:36.366000+00:00",
            "version": "1.1.0"
        },
        {
            "attrs": {
                "arch": "x86_64",
                "build": "py36_0",
                "build_number": 0,
                "depends": [
                    "biom-format",
                    "click",
                    "h5py",
                    "mafft 7.310",
                    "python >=3.6,<3.7.0a0",
                    "scikit-bio >=0.5.0",
                    "sortmerna 2.0",
                    "vsearch >=2.0.3"
                ],
                "has_prefix": true,
                "license": "BSD license",
                "machine": "x86_64",
                "operatingsystem": "darwin",
                "platform": "osx",
                "subdir": "osx-64",
                "target-triplet": "x86_64-any-darwin",
                "timestamp": 1540275946658
            },
            "basename": "osx-64/deblur-1.1.0-py36_0.tar.bz2",
            "dependencies": {
                "depends": [
                    {
                        "name": "biom-format",
                        "specs": []
                    },
                    {
                        "name": "click",
                        "specs": []
                    },
                    {
                        "name": "h5py",
                        "specs": []
                    },
                    {
                        "name": "mafft",
                        "specs": [
                            [
                                "==",
                                "7.310"
                            ]
                        ]
                    },
                    {
                        "name": "python",
                        "specs": [
                            [
                                ">=",
                                "3.6,<3.7.0a0"
                            ]
                        ]
                    },
                    {
                        "name": "scikit-bio",
                        "specs": [
                            [
                                ">=",
                                "0.5.0"
                            ]
                        ]
                    },
                    {
                        "name": "sortmerna",
                        "specs": [
                            [
                                "==",
                                "2.0"
                            ]
                        ]
                    },
                    {
                        "name": "vsearch",
                        "specs": [
                            [
                                ">=",
                                "2.0.3"
                            ]
                        ]
                    }
                ]
            },
            "description": null,
            "distribution_type": "conda",
            "download_url": "//api.anaconda.org/download/bioconda/deblur/1.1.0/osx-64/deblur-1.1.0-py36_0.tar.bz2",
            "full_name": "bioconda/deblur/1.1.0/osx-64/deblur-1.1.0-py36_0.tar.bz2",
            "labels": [
                "main",
                "cf201901"
            ],
            "md5": "354332356dac1617729c2488606478a7",
            "ndownloads": 4792,
            "owner": "bioconda",
            "size": 2469333,
            "type": "conda",
            "upload_time": "2018-10-23 06:27:46.245000+00:00",
            "version": "1.1.0"
        },
        {
            "attrs": {
                "arch": null,
                "build": "py_1",
                "build_number": 1,
                "depends": [
                    "biom-format",
                    "click",
                    "h5py",
                    "mafft 7.310",
                    "python >=3",
                    "scikit-bio >=0.5.0",
                    "sortmerna 2.0",
                    "vsearch >=2.0.3"
                ],
                "has_prefix": false,
                "license": "BSD license",
                "machine": null,
                "noarch": "python",
                "operatingsystem": null,
                "platform": null,
                "subdir": "noarch",
                "target-triplet": "None-any-None",
                "timestamp": 1572191649456
            },
            "basename": "noarch/deblur-1.1.0-py_1.tar.bz2",
            "dependencies": {
                "depends": [
                    {
                        "name": "biom-format",
                        "specs": []
                    },
                    {
                        "name": "click",
                        "specs": []
                    },
                    {
                        "name": "h5py",
                        "specs": []
                    },
                    {
                        "name": "mafft",
                        "specs": [
                            [
                                "==",
                                "7.310"
                            ]
                        ]
                    },
                    {
                        "name": "python",
                        "specs": [
                            [
                                ">=",
                                "3"
                            ]
                        ]
                    },
                    {
                        "name": "scikit-bio",
                        "specs": [
                            [
                                ">=",
                                "0.5.0"
                            ]
                        ]
                    },
                    {
                        "name": "sortmerna",
                        "specs": [
                            [
                                "==",
                                "2.0"
                            ]
                        ]
                    },
                    {
                        "name": "vsearch",
                        "specs": [
                            [
                                ">=",
                                "2.0.3"
                            ]
                        ]
                    }
                ]
            },
            "description": null,
            "distribution_type": "conda",
            "download_url": "//api.anaconda.org/download/bioconda/deblur/1.1.0/noarch/deblur-1.1.0-py_1.tar.bz2",
            "full_name": "bioconda/deblur/1.1.0/noarch/deblur-1.1.0-py_1.tar.bz2",
            "labels": [
                "main"
            ],
            "md5": "8238f45f70ba6c8b1bc1d6db20cca3ce",
            "ndownloads": 1909,
            "owner": "bioconda",
            "size": 2441565,
            "type": "conda",
            "upload_time": "2019-10-27 16:05:27.201000+00:00",
            "version": "1.1.0"
        }
    ],
    "full_name": "bioconda/deblur",
    "home": "https://github.com/biocore/deblur",
    "html_url": "http://anaconda.org/bioconda/deblur",
    "id": "5ac924f9e586bb11ecf15e72",
    "latest_version": "1.1.0",
    "license": "BSD license",
    "license_url": null,
    "modified_at": "2019-10-27 16:05:27.531000+00:00",
    "name": "deblur",
    "owner": {
        "company": "",
        "created_at": "2015-09-11 22:59:20.880000+00:00",
        "description": "Bioconda is a distribution of bioinformatics software realized as a channel for the versatile Conda package manager.",
        "location": "",
        "login": "bioconda",
        "name": "bioconda",
        "url": "",
        "user_type": "org"
    },
    "package_types": [
        "conda"
    ],
    "public": true,
    "releases": [
        {
            "distributions": [],
            "full_name": "bioconda/deblur/1.0.4",
            "version": "1.0.4"
        },
        {
            "distributions": [],
            "full_name": "bioconda/deblur/1.1.0",
            "version": "1.1.0"
        }
    ],
    "revision": 4,
    "source_git_tag": null,
    "source_git_url": null,
    "summary": "Deblur is a greedy deconvolution algorithm based on known read error profiles.",
    "upvoted": 0,
    "url": "http://api.anaconda.org/packages/bioconda/deblur",
    "versions": [
        "1.0.4",
        "1.1.0"
    ],
    "watchers": 1
}