{
    "app_entry": {},
    "app_summary": {},
    "app_type": {},
    "builds": [
        "hdffb7b8_0",
        "hb7f436b_0",
        "h9d9f1b6_0",
        "h72c5cf5_0"
    ],
    "conda_platforms": [
        "linux-64"
    ],
    "created_at": "2019-01-14 10:31:23.335000+00:00",
    "description": "",
    "dev_url": null,
    "doc_url": null,
    "files": [
        {
            "attrs": {
                "arch": "x86_64",
                "build": "hdffb7b8_0",
                "build_number": 0,
                "depends": [
                    "libgcc-ng >=4.9",
                    "openssl >=1.0.2p,<1.0.3a"
                ],
                "has_prefix": false,
                "license": "MIT",
                "machine": "x86_64",
                "operatingsystem": "linux",
                "platform": "linux",
                "subdir": "linux-64",
                "target-triplet": "x86_64-any-linux",
                "timestamp": 1547461795871
            },
            "basename": "linux-64/digestiflow-cli-0.1.1-hdffb7b8_0.tar.bz2",
            "dependencies": {
                "depends": [
                    {
                        "name": "libgcc-ng",
                        "specs": [
                            [
                                ">=",
                                "4.9"
                            ]
                        ]
                    },
                    {
                        "name": "openssl",
                        "specs": [
                            [
                                ">=",
                                "1.0.2p,<1.0.3a"
                            ]
                        ]
                    }
                ]
            },
            "description": null,
            "distribution_type": "conda",
            "download_url": "//api.anaconda.org/download/bioconda/digestiflow-cli/0.1.1/linux-64/digestiflow-cli-0.1.1-hdffb7b8_0.tar.bz2",
            "full_name": "bioconda/digestiflow-cli/0.1.1/linux-64/digestiflow-cli-0.1.1-hdffb7b8_0.tar.bz2",
            "labels": [
                "main",
                "cf201901"
            ],
            "md5": "55aee40d6996ff0b1aa91ea069eacc02",
            "ndownloads": 849,
            "owner": "bioconda",
            "size": 3502977,
            "type": "conda",
            "upload_time": "2019-01-14 10:31:24.977000+00:00",
            "version": "0.1.1"
        },
        {
            "attrs": {
                "arch": "x86_64",
                "build": "hdffb7b8_0",
                "build_number": 0,
                "depends": [
                    "libgcc-ng >=4.9",
                    "openssl >=1.0.2p,<1.0.3a"
                ],
                "has_prefix": false,
                "license": "MIT",
                "machine": "x86_64",
                "operatingsystem": "linux",
                "platform": "linux",
                "subdir": "linux-64",
                "target-triplet": "x86_64-any-linux",
                "timestamp": 1548690992652
            },
            "basename": "linux-64/digestiflow-cli-0.4.0-hdffb7b8_0.tar.bz2",
            "dependencies": {
                "depends": [
                    {
                        "name": "libgcc-ng",
                        "specs": [
                            [
                                ">=",
                                "4.9"
                            ]
                        ]
                    },
                    {
                        "name": "openssl",
                        "specs": [
                            [
                                ">=",
                                "1.0.2p,<1.0.3a"
                            ]
                        ]
                    }
                ]
            },
            "description": null,
            "distribution_type": "conda",
            "download_url": "//api.anaconda.org/download/bioconda/digestiflow-cli/0.4.0/linux-64/digestiflow-cli-0.4.0-hdffb7b8_0.tar.bz2",
            "full_name": "bioconda/digestiflow-cli/0.4.0/linux-64/digestiflow-cli-0.4.0-hdffb7b8_0.tar.bz2",
            "labels": [
                "main"
            ],
            "md5": "72e6782bfbf408eee1ec06711df49f7d",
            "ndownloads": 805,
            "owner": "bioconda",
            "size": 3546061,
            "type": "conda",
            "upload_time": "2019-01-28 15:58:07.562000+00:00",
            "version": "0.4.0"
        },
        {
            "attrs": {
                "arch": "x86_64",
                "build": "hb7f436b_0",
                "build_number": 0,
                "depends": [
                    "libgcc-ng >=7.3.0",
                    "openssl >=1.0.2p,<1.0.3a"
                ],
                "has_prefix": false,
                "license": "MIT",
                "machine": "x86_64",
                "operatingsystem": "linux",
                "platform": "linux",
                "subdir": "linux-64",
                "target-triplet": "x86_64-any-linux",
                "timestamp": 1550242192611
            },
            "basename": "linux-64/digestiflow-cli-0.4.1-hb7f436b_0.tar.bz2",
            "dependencies": {
                "depends": [
                    {
                        "name": "libgcc-ng",
                        "specs": [
                            [
                                ">=",
                                "7.3.0"
                            ]
                        ]
                    },
                    {
                        "name": "openssl",
                        "specs": [
                            [
                                ">=",
                                "1.0.2p,<1.0.3a"
                            ]
                        ]
                    }
                ]
            },
            "description": null,
            "distribution_type": "conda",
            "download_url": "//api.anaconda.org/download/bioconda/digestiflow-cli/0.4.1/linux-64/digestiflow-cli-0.4.1-hb7f436b_0.tar.bz2",
            "full_name": "bioconda/digestiflow-cli/0.4.1/linux-64/digestiflow-cli-0.4.1-hb7f436b_0.tar.bz2",
            "labels": [
                "main"
            ],
            "md5": "d0d4f9b63cdc8cf21b9c9dd8c2d657e7",
            "ndownloads": 747,
            "owner": "bioconda",
            "size": 3014324,
            "type": "conda",
            "upload_time": "2019-02-15 14:51:21.662000+00:00",
            "version": "0.4.1"
        },
        {
            "attrs": {
                "arch": "x86_64",
                "build": "hdffb7b8_0",
                "build_number": 0,
                "depends": [
                    "libgcc-ng >=4.9",
                    "openssl >=1.0.2p,<1.0.3a"
                ],
                "has_prefix": false,
                "license": "MIT",
                "machine": "x86_64",
                "operatingsystem": "linux",
                "platform": "linux",
                "subdir": "linux-64",
                "target-triplet": "x86_64-any-linux",
                "timestamp": 1548365392937
            },
            "basename": "linux-64/digestiflow-cli-0.2.0-hdffb7b8_0.tar.bz2",
            "dependencies": {
                "depends": [
                    {
                        "name": "libgcc-ng",
                        "specs": [
                            [
                                ">=",
                                "4.9"
                            ]
                        ]
                    },
                    {
                        "name": "openssl",
                        "specs": [
                            [
                                ">=",
                                "1.0.2p,<1.0.3a"
                            ]
                        ]
                    }
                ]
            },
            "description": null,
            "distribution_type": "conda",
            "download_url": "//api.anaconda.org/download/bioconda/digestiflow-cli/0.2.0/linux-64/digestiflow-cli-0.2.0-hdffb7b8_0.tar.bz2",
            "full_name": "bioconda/digestiflow-cli/0.2.0/linux-64/digestiflow-cli-0.2.0-hdffb7b8_0.tar.bz2",
            "labels": [
                "main"
            ],
            "md5": "d85dd7b49376c26b7fe41ac50dc9cd2a",
            "ndownloads": 829,
            "owner": "bioconda",
            "size": 3504923,
            "type": "conda",
            "upload_time": "2019-01-24 21:31:25.873000+00:00",
            "version": "0.2.0"
        },
        {
            "attrs": {
                "arch": "x86_64",
                "build": "hdffb7b8_0",
                "build_number": 0,
                "depends": [
                    "libgcc-ng >=4.9",
                    "openssl >=1.0.2p,<1.0.3a"
                ],
                "has_prefix": false,
                "license": "MIT",
                "machine": "x86_64",
                "operatingsystem": "linux",
                "platform": "linux",
                "subdir": "linux-64",
                "target-triplet": "x86_64-any-linux",
                "timestamp": 1548424954123
            },
            "basename": "linux-64/digestiflow-cli-0.3.0-hdffb7b8_0.tar.bz2",
            "dependencies": {
                "depends": [
                    {
                        "name": "libgcc-ng",
                        "specs": [
                            [
                                ">=",
                                "4.9"
                            ]
                        ]
                    },
                    {
                        "name": "openssl",
                        "specs": [
                            [
                                ">=",
                                "1.0.2p,<1.0.3a"
                            ]
                        ]
                    }
                ]
            },
            "description": null,
            "distribution_type": "conda",
            "download_url": "//api.anaconda.org/download/bioconda/digestiflow-cli/0.3.0/linux-64/digestiflow-cli-0.3.0-hdffb7b8_0.tar.bz2",
            "full_name": "bioconda/digestiflow-cli/0.3.0/linux-64/digestiflow-cli-0.3.0-hdffb7b8_0.tar.bz2",
            "labels": [
                "main"
            ],
            "md5": "3a7a3580eacceeb66c5f4536e6375878",
            "ndownloads": 785,
            "owner": "bioconda",
            "size": 3541306,
            "type": "conda",
            "upload_time": "2019-01-25 14:04:08.352000+00:00",
            "version": "0.3.0"
        },
        {
            "attrs": {
                "arch": "x86_64",
                "build": "hb7f436b_0",
                "build_number": 0,
                "depends": [
                    "libgcc-ng >=7.3.0",
                    "openssl >=1.0.2p,<1.0.3a"
                ],
                "has_prefix": false,
                "license": "MIT",
                "machine": "x86_64",
                "operatingsystem": "linux",
                "platform": "linux",
                "subdir": "linux-64",
                "target-triplet": "x86_64-any-linux",
                "timestamp": 1550497352689
            },
            "basename": "linux-64/digestiflow-cli-0.5.0-hb7f436b_0.tar.bz2",
            "dependencies": {
                "depends": [
                    {
                        "name": "libgcc-ng",
                        "specs": [
                            [
                                ">=",
                                "7.3.0"
                            ]
                        ]
                    },
                    {
                        "name": "openssl",
                        "specs": [
                            [
                                ">=",
                                "1.0.2p,<1.0.3a"
                            ]
                        ]
                    }
                ]
            },
            "description": null,
            "distribution_type": "conda",
            "download_url": "//api.anaconda.org/download/bioconda/digestiflow-cli/0.5.0/linux-64/digestiflow-cli-0.5.0-hb7f436b_0.tar.bz2",
            "full_name": "bioconda/digestiflow-cli/0.5.0/linux-64/digestiflow-cli-0.5.0-hb7f436b_0.tar.bz2",
            "labels": [
                "main"
            ],
            "md5": "60d5e32c33d1c6c3681be27f19bc93b5",
            "ndownloads": 796,
            "owner": "bioconda",
            "size": 3390166,
            "type": "conda",
            "upload_time": "2019-02-18 13:44:04.968000+00:00",
            "version": "0.5.0"
        },
        {
            "attrs": {
                "arch": "x86_64",
                "build": "hb7f436b_0",
                "build_number": 0,
                "depends": [
                    "libgcc-ng >=7.3.0",
                    "openssl >=1.0.2r,<1.0.3a"
                ],
                "has_prefix": false,
                "license": "MIT",
                "machine": "x86_64",
                "operatingsystem": "linux",
                "platform": "linux",
                "subdir": "linux-64",
                "target-triplet": "x86_64-any-linux",
                "timestamp": 1551793291304
            },
            "basename": "linux-64/digestiflow-cli-0.5.1-hb7f436b_0.tar.bz2",
            "dependencies": {
                "depends": [
                    {
                        "name": "libgcc-ng",
                        "specs": [
                            [
                                ">=",
                                "7.3.0"
                            ]
                        ]
                    },
                    {
                        "name": "openssl",
                        "specs": [
                            [
                                ">=",
                                "1.0.2r,<1.0.3a"
                            ]
                        ]
                    }
                ]
            },
            "description": null,
            "distribution_type": "conda",
            "download_url": "//api.anaconda.org/download/bioconda/digestiflow-cli/0.5.1/linux-64/digestiflow-cli-0.5.1-hb7f436b_0.tar.bz2",
            "full_name": "bioconda/digestiflow-cli/0.5.1/linux-64/digestiflow-cli-0.5.1-hb7f436b_0.tar.bz2",
            "labels": [
                "main"
            ],
            "md5": "56190784e51da0d95b22508cb2af3cec",
            "ndownloads": 717,
            "owner": "bioconda",
            "size": 3396392,
            "type": "conda",
            "upload_time": "2019-03-05 13:43:10.537000+00:00",
            "version": "0.5.1"
        },
        {
            "attrs": {
                "arch": "x86_64",
                "build": "h9d9f1b6_0",
                "build_number": 0,
                "depends": [
                    "libgcc-ng >=7.3.0",
                    "openssl >=1.1.1a,<1.1.2a"
                ],
                "has_prefix": false,
                "license": "MIT",
                "machine": "x86_64",
                "operatingsystem": "linux",
                "platform": "linux",
                "subdir": "linux-64",
                "target-triplet": "x86_64-any-linux",
                "timestamp": 1553605381035
            },
            "basename": "linux-64/digestiflow-cli-0.5.2-h9d9f1b6_0.tar.bz2",
            "dependencies": {
                "depends": [
                    {
                        "name": "libgcc-ng",
                        "specs": [
                            [
                                ">=",
                                "7.3.0"
                            ]
                        ]
                    },
                    {
                        "name": "openssl",
                        "specs": [
                            [
                                ">=",
                                "1.1.1a,<1.1.2a"
                            ]
                        ]
                    }
                ]
            },
            "description": null,
            "distribution_type": "conda",
            "download_url": "//api.anaconda.org/download/bioconda/digestiflow-cli/0.5.2/linux-64/digestiflow-cli-0.5.2-h9d9f1b6_0.tar.bz2",
            "full_name": "bioconda/digestiflow-cli/0.5.2/linux-64/digestiflow-cli-0.5.2-h9d9f1b6_0.tar.bz2",
            "labels": [
                "main"
            ],
            "md5": "620d12febc424d49691ff43c5d1a0c97",
            "ndownloads": 671,
            "owner": "bioconda",
            "size": 3394200,
            "type": "conda",
            "upload_time": "2019-03-26 13:04:30.316000+00:00",
            "version": "0.5.2"
        },
        {
            "attrs": {
                "arch": "x86_64",
                "build": "h9d9f1b6_0",
                "build_number": 0,
                "depends": [
                    "libgcc-ng >=7.3.0",
                    "openssl >=1.1.1a,<1.1.2a"
                ],
                "has_prefix": false,
                "license": "MIT",
                "machine": "x86_64",
                "operatingsystem": "linux",
                "platform": "linux",
                "subdir": "linux-64",
                "target-triplet": "x86_64-any-linux",
                "timestamp": 1555596940408
            },
            "basename": "linux-64/digestiflow-cli-0.5.3-h9d9f1b6_0.tar.bz2",
            "dependencies": {
                "depends": [
                    {
                        "name": "libgcc-ng",
                        "specs": [
                            [
                                ">=",
                                "7.3.0"
                            ]
                        ]
                    },
                    {
                        "name": "openssl",
                        "specs": [
                            [
                                ">=",
                                "1.1.1a,<1.1.2a"
                            ]
                        ]
                    }
                ]
            },
            "description": null,
            "distribution_type": "conda",
            "download_url": "//api.anaconda.org/download/bioconda/digestiflow-cli/0.5.3/linux-64/digestiflow-cli-0.5.3-h9d9f1b6_0.tar.bz2",
            "full_name": "bioconda/digestiflow-cli/0.5.3/linux-64/digestiflow-cli-0.5.3-h9d9f1b6_0.tar.bz2",
            "labels": [
                "main"
            ],
            "md5": "b8969b57d34633eabb9323d6985edba4",
            "ndownloads": 620,
            "owner": "bioconda",
            "size": 3189669,
            "type": "conda",
            "upload_time": "2019-04-18 14:17:43.679000+00:00",
            "version": "0.5.3"
        },
        {
            "attrs": {
                "arch": "x86_64",
                "build": "h9d9f1b6_0",
                "build_number": 0,
                "depends": [
                    "libgcc-ng >=7.3.0",
                    "openssl >=1.1.1a,<1.1.2a"
                ],
                "has_prefix": false,
                "license": "MIT",
                "machine": "x86_64",
                "operatingsystem": "linux",
                "platform": "linux",
                "subdir": "linux-64",
                "target-triplet": "x86_64-any-linux",
                "timestamp": 1557247059319
            },
            "basename": "linux-64/digestiflow-cli-0.5.4-h9d9f1b6_0.tar.bz2",
            "dependencies": {
                "depends": [
                    {
                        "name": "libgcc-ng",
                        "specs": [
                            [
                                ">=",
                                "7.3.0"
                            ]
                        ]
                    },
                    {
                        "name": "openssl",
                        "specs": [
                            [
                                ">=",
                                "1.1.1a,<1.1.2a"
                            ]
                        ]
                    }
                ]
            },
            "description": null,
            "distribution_type": "conda",
            "download_url": "//api.anaconda.org/download/bioconda/digestiflow-cli/0.5.4/linux-64/digestiflow-cli-0.5.4-h9d9f1b6_0.tar.bz2",
            "full_name": "bioconda/digestiflow-cli/0.5.4/linux-64/digestiflow-cli-0.5.4-h9d9f1b6_0.tar.bz2",
            "labels": [
                "main"
            ],
            "md5": "d9513bb65054707f378995c14226679a",
            "ndownloads": 577,
            "owner": "bioconda",
            "size": 3190849,
            "type": "conda",
            "upload_time": "2019-05-07 16:39:42.293000+00:00",
            "version": "0.5.4"
        },
        {
            "attrs": {
                "arch": "x86_64",
                "build": "h72c5cf5_0",
                "build_number": 0,
                "depends": [
                    "libgcc-ng >=7.3.0",
                    "openssl >=1.1.1a,<1.1.2a"
                ],
                "has_prefix": false,
                "license": "MIT",
                "machine": "x86_64",
                "operatingsystem": "linux",
                "platform": "linux",
                "subdir": "linux-64",
                "target-triplet": "x86_64-any-linux",
                "timestamp": 1566810348606
            },
            "basename": "linux-64/digestiflow-cli-0.5.5-h72c5cf5_0.tar.bz2",
            "dependencies": {
                "depends": [
                    {
                        "name": "libgcc-ng",
                        "specs": [
                            [
                                ">=",
                                "7.3.0"
                            ]
                        ]
                    },
                    {
                        "name": "openssl",
                        "specs": [
                            [
                                ">=",
                                "1.1.1a,<1.1.2a"
                            ]
                        ]
                    }
                ]
            },
            "description": null,
            "distribution_type": "conda",
            "download_url": "//api.anaconda.org/download/bioconda/digestiflow-cli/0.5.5/linux-64/digestiflow-cli-0.5.5-h72c5cf5_0.tar.bz2",
            "full_name": "bioconda/digestiflow-cli/0.5.5/linux-64/digestiflow-cli-0.5.5-h72c5cf5_0.tar.bz2",
            "labels": [
                "main"
            ],
            "md5": "01826014be1bb351195d12964f3d734e",
            "ndownloads": 299,
            "owner": "bioconda",
            "size": 3470986,
            "type": "conda",
            "upload_time": "2019-08-26 09:08:25.290000+00:00",
            "version": "0.5.5"
        },
        {
            "attrs": {
                "arch": "x86_64",
                "build": "h72c5cf5_0",
                "build_number": 0,
                "depends": [
                    "libgcc-ng >=7.3.0",
                    "openssl >=1.1.1a,<1.1.2a"
                ],
                "has_prefix": false,
                "license": "MIT",
                "machine": "x86_64",
                "operatingsystem": "linux",
                "platform": "linux",
                "subdir": "linux-64",
                "target-triplet": "x86_64-any-linux",
                "timestamp": 1566827789488
            },
            "basename": "linux-64/digestiflow-cli-0.5.6-h72c5cf5_0.tar.bz2",
            "dependencies": {
                "depends": [
                    {
                        "name": "libgcc-ng",
                        "specs": [
                            [
                                ">=",
                                "7.3.0"
                            ]
                        ]
                    },
                    {
                        "name": "openssl",
                        "specs": [
                            [
                                ">=",
                                "1.1.1a,<1.1.2a"
                            ]
                        ]
                    }
                ]
            },
            "description": null,
            "distribution_type": "conda",
            "download_url": "//api.anaconda.org/download/bioconda/digestiflow-cli/0.5.6/linux-64/digestiflow-cli-0.5.6-h72c5cf5_0.tar.bz2",
            "full_name": "bioconda/digestiflow-cli/0.5.6/linux-64/digestiflow-cli-0.5.6-h72c5cf5_0.tar.bz2",
            "labels": [
                "main"
            ],
            "md5": "e7f5daba9b946448245f4f5a73ff3a8a",
            "ndownloads": 303,
            "owner": "bioconda",
            "size": 3469237,
            "type": "conda",
            "upload_time": "2019-08-26 13:59:03.702000+00:00",
            "version": "0.5.6"
        },
        {
            "attrs": {
                "arch": "x86_64",
                "build": "h72c5cf5_0",
                "build_number": 0,
                "depends": [
                    "libgcc-ng >=7.3.0",
                    "openssl >=1.1.1a,<1.1.2a"
                ],
                "has_prefix": false,
                "license": "MIT",
                "machine": "x86_64",
                "operatingsystem": "linux",
                "platform": "linux",
                "subdir": "linux-64",
                "target-triplet": "x86_64-any-linux",
                "timestamp": 1568275389253
            },
            "basename": "linux-64/digestiflow-cli-0.5.7-h72c5cf5_0.tar.bz2",
            "dependencies": {
                "depends": [
                    {
                        "name": "libgcc-ng",
                        "specs": [
                            [
                                ">=",
                                "7.3.0"
                            ]
                        ]
                    },
                    {
                        "name": "openssl",
                        "specs": [
                            [
                                ">=",
                                "1.1.1a,<1.1.2a"
                            ]
                        ]
                    }
                ]
            },
            "description": null,
            "distribution_type": "conda",
            "download_url": "//api.anaconda.org/download/bioconda/digestiflow-cli/0.5.7/linux-64/digestiflow-cli-0.5.7-h72c5cf5_0.tar.bz2",
            "full_name": "bioconda/digestiflow-cli/0.5.7/linux-64/digestiflow-cli-0.5.7-h72c5cf5_0.tar.bz2",
            "labels": [
                "main"
            ],
            "md5": "860c0f325559158086f3e95a1fb55783",
            "ndownloads": 276,
            "owner": "bioconda",
            "size": 3467445,
            "type": "conda",
            "upload_time": "2019-09-12 08:05:41.637000+00:00",
            "version": "0.5.7"
        },
        {
            "attrs": {
                "arch": "x86_64",
                "build": "h72c5cf5_0",
                "build_number": 0,
                "depends": [
                    "libgcc-ng >=7.3.0",
                    "openssl >=1.1.1a,<1.1.2a"
                ],
                "has_prefix": false,
                "license": "MIT",
                "machine": "x86_64",
                "operatingsystem": "linux",
                "platform": "linux",
                "subdir": "linux-64",
                "target-triplet": "x86_64-any-linux",
                "timestamp": 1569830221737
            },
            "basename": "linux-64/digestiflow-cli-0.5.8-h72c5cf5_0.tar.bz2",
            "dependencies": {
                "depends": [
                    {
                        "name": "libgcc-ng",
                        "specs": [
                            [
                                ">=",
                                "7.3.0"
                            ]
                        ]
                    },
                    {
                        "name": "openssl",
                        "specs": [
                            [
                                ">=",
                                "1.1.1a,<1.1.2a"
                            ]
                        ]
                    }
                ]
            },
            "description": null,
            "distribution_type": "conda",
            "download_url": "//api.anaconda.org/download/bioconda/digestiflow-cli/0.5.8/linux-64/digestiflow-cli-0.5.8-h72c5cf5_0.tar.bz2",
            "full_name": "bioconda/digestiflow-cli/0.5.8/linux-64/digestiflow-cli-0.5.8-h72c5cf5_0.tar.bz2",
            "labels": [
                "main"
            ],
            "md5": "b1e5eb05ba7adab788241af37f7600a0",
            "ndownloads": 238,
            "owner": "bioconda",
            "size": 3477046,
            "type": "conda",
            "upload_time": "2019-09-30 08:01:03.119000+00:00",
            "version": "0.5.8"
        }
    ],
    "full_name": "bioconda/digestiflow-cli",
    "home": "https://github.com/bihealth/digestiflow-cli",
    "html_url": "http://anaconda.org/bioconda/digestiflow-cli",
    "id": "5c3c64fbd9c2cf13559dc9f9",
    "latest_version": "0.5.8",
    "license": "MIT",
    "license_url": null,
    "modified_at": "2019-09-30 08:01:03.580000+00:00",
    "name": "digestiflow-cli",
    "owner": {
        "company": "",
        "created_at": "2015-09-11 22:59:20.880000+00:00",
        "description": "Bioconda is a distribution of bioinformatics software realized as a channel for the versatile Conda package manager.",
        "location": "",
        "login": "bioconda",
        "name": "bioconda",
        "url": "",
        "user_type": "org"
    },
    "package_types": [
        "conda"
    ],
    "public": true,
    "releases": [
        {
            "distributions": [],
            "full_name": "bioconda/digestiflow-cli/0.1.1",
            "version": "0.1.1"
        },
        {
            "distributions": [],
            "full_name": "bioconda/digestiflow-cli/0.2.0",
            "version": "0.2.0"
        },
        {
            "distributions": [],
            "full_name": "bioconda/digestiflow-cli/0.3.0",
            "version": "0.3.0"
        },
        {
            "distributions": [],
            "full_name": "bioconda/digestiflow-cli/0.4.0",
            "version": "0.4.0"
        },
        {
            "distributions": [],
            "full_name": "bioconda/digestiflow-cli/0.4.1",
            "version": "0.4.1"
        },
        {
            "distributions": [],
            "full_name": "bioconda/digestiflow-cli/0.5.0",
            "version": "0.5.0"
        },
        {
            "distributions": [],
            "full_name": "bioconda/digestiflow-cli/0.5.1",
            "version": "0.5.1"
        },
        {
            "distributions": [],
            "full_name": "bioconda/digestiflow-cli/0.5.2",
            "version": "0.5.2"
        },
        {
            "distributions": [],
            "full_name": "bioconda/digestiflow-cli/0.5.3",
            "version": "0.5.3"
        },
        {
            "distributions": [],
            "full_name": "bioconda/digestiflow-cli/0.5.4",
            "version": "0.5.4"
        },
        {
            "distributions": [],
            "full_name": "bioconda/digestiflow-cli/0.5.5",
            "version": "0.5.5"
        },
        {
            "distributions": [],
            "full_name": "bioconda/digestiflow-cli/0.5.6",
            "version": "0.5.6"
        },
        {
            "distributions": [],
            "full_name": "bioconda/digestiflow-cli/0.5.7",
            "version": "0.5.7"
        },
        {
            "distributions": [],
            "full_name": "bioconda/digestiflow-cli/0.5.8",
            "version": "0.5.8"
        }
    ],
    "revision": 28,
    "source_git_tag": null,
    "source_git_url": null,
    "summary": "Command line client for Digestiflow.\n",
    "upvoted": 0,
    "url": "http://api.anaconda.org/packages/bioconda/digestiflow-cli",
    "versions": [
        "0.1.1",
        "0.2.0",
        "0.3.0",
        "0.4.0",
        "0.4.1",
        "0.5.0",
        "0.5.1",
        "0.5.2",
        "0.5.3",
        "0.5.4",
        "0.5.5",
        "0.5.6",
        "0.5.7",
        "0.5.8"
    ],
    "watchers": 1
}