{
    "app_entry": {},
    "app_summary": {},
    "app_type": {},
    "builds": [
        "1",
        "0",
        "he941832_2",
        "ha92aebf_2"
    ],
    "conda_platforms": [
        "linux-64",
        "osx-64"
    ],
    "created_at": "2017-09-01 17:42:27.980000+00:00",
    "description": "",
    "dev_url": null,
    "doc_url": null,
    "files": [
        {
            "attrs": {
                "arch": "x86_64",
                "build": "he941832_2",
                "build_number": 2,
                "depends": [
                    "libstdcxx-ng >=4.9",
                    "zlib >=1.2.11,<1.3.0a0"
                ],
                "has_prefix": true,
                "license": "MIT",
                "machine": "x86_64",
                "operatingsystem": "linux",
                "platform": "linux",
                "subdir": "linux-64",
                "target-triplet": "x86_64-any-linux",
                "timestamp": 1531311860676
            },
            "basename": "linux-64/disty-0.1.0-he941832_2.tar.bz2",
            "dependencies": {
                "depends": [
                    {
                        "name": "libstdcxx-ng",
                        "specs": [
                            [
                                ">=",
                                "4.9"
                            ]
                        ]
                    },
                    {
                        "name": "zlib",
                        "specs": [
                            [
                                ">=",
                                "1.2.11,<1.3.0a0"
                            ]
                        ]
                    }
                ]
            },
            "description": null,
            "distribution_type": "conda",
            "download_url": "//api.anaconda.org/download/bioconda/disty/0.1.0/linux-64/disty-0.1.0-he941832_2.tar.bz2",
            "full_name": "bioconda/disty/0.1.0/linux-64/disty-0.1.0-he941832_2.tar.bz2",
            "labels": [
                "main",
                "cf201901"
            ],
            "md5": "fa7d7755d9fea883169b1d6e894e2296",
            "ndownloads": 269,
            "owner": "bioconda",
            "size": 83263,
            "type": "conda",
            "upload_time": "2018-07-11 12:25:34.630000+00:00",
            "version": "0.1.0"
        },
        {
            "attrs": {
                "arch": "x86_64",
                "build": "0",
                "build_number": 0,
                "depends": [
                    "libgcc",
                    "zlib ==1.2.8"
                ],
                "has_prefix": true,
                "license": "MIT",
                "machine": "x86_64",
                "operatingsystem": "linux",
                "platform": "linux",
                "subdir": "linux-64",
                "target-triplet": "x86_64-any-linux"
            },
            "basename": "linux-64/disty-0.1.0-0.tar.bz2",
            "dependencies": {
                "depends": [
                    {
                        "name": "libgcc",
                        "specs": []
                    },
                    {
                        "name": "zlib",
                        "specs": [
                            [
                                "==",
                                "1.2.8"
                            ]
                        ]
                    }
                ]
            },
            "description": null,
            "distribution_type": "conda",
            "download_url": "//api.anaconda.org/download/bioconda/disty/0.1.0/linux-64/disty-0.1.0-0.tar.bz2",
            "full_name": "bioconda/disty/0.1.0/linux-64/disty-0.1.0-0.tar.bz2",
            "labels": [
                "main",
                "cf201901"
            ],
            "md5": "cd2f5d166ece55bef5847c4d73659193",
            "ndownloads": 401,
            "owner": "bioconda",
            "size": 82146,
            "type": "conda",
            "upload_time": "2017-09-01 17:42:28.471000+00:00",
            "version": "0.1.0"
        },
        {
            "attrs": {
                "arch": "x86_64",
                "build": "0",
                "build_number": 0,
                "depends": [
                    "zlib ==1.2.8"
                ],
                "has_prefix": false,
                "license": "MIT",
                "machine": "x86_64",
                "operatingsystem": "darwin",
                "platform": "osx",
                "subdir": "osx-64",
                "target-triplet": "x86_64-any-darwin"
            },
            "basename": "osx-64/disty-0.1.0-0.tar.bz2",
            "dependencies": {
                "depends": [
                    {
                        "name": "zlib",
                        "specs": [
                            [
                                "==",
                                "1.2.8"
                            ]
                        ]
                    }
                ]
            },
            "description": null,
            "distribution_type": "conda",
            "download_url": "//api.anaconda.org/download/bioconda/disty/0.1.0/osx-64/disty-0.1.0-0.tar.bz2",
            "full_name": "bioconda/disty/0.1.0/osx-64/disty-0.1.0-0.tar.bz2",
            "labels": [
                "main",
                "cf201901"
            ],
            "md5": "3d7b2ba27b2eb43582b279568693b88f",
            "ndownloads": 204,
            "owner": "bioconda",
            "size": 17270,
            "type": "conda",
            "upload_time": "2017-09-01 20:03:23.708000+00:00",
            "version": "0.1.0"
        },
        {
            "attrs": {
                "arch": "x86_64",
                "build": "1",
                "build_number": 1,
                "depends": [
                    "libgcc",
                    "zlib 1.2.11*"
                ],
                "has_prefix": true,
                "license": "MIT",
                "machine": "x86_64",
                "operatingsystem": "linux",
                "platform": "linux",
                "subdir": "linux-64",
                "target-triplet": "x86_64-any-linux"
            },
            "basename": "linux-64/disty-0.1.0-1.tar.bz2",
            "dependencies": {
                "depends": [
                    {
                        "name": "libgcc",
                        "specs": []
                    },
                    {
                        "name": "zlib",
                        "specs": [
                            [
                                "==",
                                "1.2.11"
                            ]
                        ]
                    }
                ]
            },
            "description": null,
            "distribution_type": "conda",
            "download_url": "//api.anaconda.org/download/bioconda/disty/0.1.0/linux-64/disty-0.1.0-1.tar.bz2",
            "full_name": "bioconda/disty/0.1.0/linux-64/disty-0.1.0-1.tar.bz2",
            "labels": [
                "main",
                "cf201901"
            ],
            "md5": "0a3c5a0ec3c4a7bb5a8678410267a6bf",
            "ndownloads": 150,
            "owner": "bioconda",
            "size": 82615,
            "type": "conda",
            "upload_time": "2018-02-13 02:38:29.882000+00:00",
            "version": "0.1.0"
        },
        {
            "attrs": {
                "arch": "x86_64",
                "build": "ha92aebf_2",
                "build_number": 2,
                "depends": [
                    "zlib >=1.2.11,<1.3.0a0"
                ],
                "has_prefix": false,
                "license": "MIT",
                "machine": "x86_64",
                "operatingsystem": "darwin",
                "platform": "osx",
                "subdir": "osx-64",
                "target-triplet": "x86_64-any-darwin",
                "timestamp": 1530479447498
            },
            "basename": "osx-64/disty-0.1.0-ha92aebf_2.tar.bz2",
            "dependencies": {
                "depends": [
                    {
                        "name": "zlib",
                        "specs": [
                            [
                                ">=",
                                "1.2.11,<1.3.0a0"
                            ]
                        ]
                    }
                ]
            },
            "description": null,
            "distribution_type": "conda",
            "download_url": "//api.anaconda.org/download/bioconda/disty/0.1.0/osx-64/disty-0.1.0-ha92aebf_2.tar.bz2",
            "full_name": "bioconda/disty/0.1.0/osx-64/disty-0.1.0-ha92aebf_2.tar.bz2",
            "labels": [
                "main",
                "cf201901"
            ],
            "md5": "d92ba1f15b20d54441ae3d0ec938dfcf",
            "ndownloads": 598,
            "owner": "bioconda",
            "size": 19300,
            "type": "conda",
            "upload_time": "2018-07-01 21:10:55.935000+00:00",
            "version": "0.1.0"
        },
        {
            "attrs": {
                "arch": "x86_64",
                "build": "1",
                "build_number": 1,
                "depends": [
                    "zlib 1.2.11*"
                ],
                "has_prefix": false,
                "license": "MIT",
                "machine": "x86_64",
                "operatingsystem": "darwin",
                "platform": "osx",
                "subdir": "osx-64",
                "target-triplet": "x86_64-any-darwin"
            },
            "basename": "osx-64/disty-0.1.0-1.tar.bz2",
            "dependencies": {
                "depends": [
                    {
                        "name": "zlib",
                        "specs": [
                            [
                                "==",
                                "1.2.11"
                            ]
                        ]
                    }
                ]
            },
            "description": null,
            "distribution_type": "conda",
            "download_url": "//api.anaconda.org/download/bioconda/disty/0.1.0/osx-64/disty-0.1.0-1.tar.bz2",
            "full_name": "bioconda/disty/0.1.0/osx-64/disty-0.1.0-1.tar.bz2",
            "labels": [
                "main",
                "cf201901"
            ],
            "md5": "5f02d203209f5d692bea8609d779408b",
            "ndownloads": 35,
            "owner": "bioconda",
            "size": 18897,
            "type": "conda",
            "upload_time": "2018-02-04 14:04:18.021000+00:00",
            "version": "0.1.0"
        }
    ],
    "full_name": "bioconda/disty",
    "home": "https://github.com/c2-d2/disty",
    "html_url": "http://anaconda.org/bioconda/disty",
    "id": "59a99c0344cdf40abf8cf20c",
    "latest_version": "0.1.0",
    "license": "MIT",
    "license_url": null,
    "modified_at": "2018-07-11 12:25:35.270000+00:00",
    "name": "disty",
    "owner": {
        "company": "",
        "created_at": "2015-09-11 22:59:20.880000+00:00",
        "description": "Bioconda is a distribution of bioinformatics software realized as a channel for the versatile Conda package manager.",
        "location": "",
        "login": "bioconda",
        "name": "bioconda",
        "url": "",
        "user_type": "org"
    },
    "package_types": [
        "conda"
    ],
    "public": true,
    "releases": [
        {
            "distributions": [],
            "full_name": "bioconda/disty/0.1.0",
            "version": "0.1.0"
        }
    ],
    "revision": 2,
    "source_git_tag": null,
    "source_git_url": null,
    "summary": "Disty McMatrixface - compute a distance matrix from a core genome alignment file.",
    "upvoted": 0,
    "url": "http://api.anaconda.org/packages/bioconda/disty",
    "versions": [
        "0.1.0"
    ],
    "watchers": 1
}