{
    "app_entry": {},
    "app_summary": {},
    "app_type": {},
    "builds": [
        "hacce2fa_0",
        "h76f5088_0"
    ],
    "conda_platforms": [
        "linux-64",
        "osx-64"
    ],
    "created_at": "2018-10-08 00:52:50.459000+00:00",
    "description": "",
    "dev_url": null,
    "doc_url": null,
    "files": [
        {
            "attrs": {
                "arch": "x86_64",
                "build": "h76f5088_0",
                "build_number": 0,
                "depends": [
                    "bzip2 >=1.0.6,<2.0a0",
                    "libgcc-ng >=7.3.0",
                    "libstdcxx-ng >=7.3.0",
                    "zlib >=1.2.11,<1.3.0a0"
                ],
                "has_prefix": false,
                "license": "MIT",
                "machine": "x86_64",
                "operatingsystem": "linux",
                "platform": "linux",
                "subdir": "linux-64",
                "target-triplet": "x86_64-any-linux",
                "timestamp": 1538959876718
            },
            "basename": "linux-64/dnp-corrprofile-1.0-h76f5088_0.tar.bz2",
            "dependencies": {
                "depends": [
                    {
                        "name": "bzip2",
                        "specs": [
                            [
                                ">=",
                                "1.0.6,<2.0a0"
                            ]
                        ]
                    },
                    {
                        "name": "libgcc-ng",
                        "specs": [
                            [
                                ">=",
                                "7.3.0"
                            ]
                        ]
                    },
                    {
                        "name": "libstdcxx-ng",
                        "specs": [
                            [
                                ">=",
                                "7.3.0"
                            ]
                        ]
                    },
                    {
                        "name": "zlib",
                        "specs": [
                            [
                                ">=",
                                "1.2.11,<1.3.0a0"
                            ]
                        ]
                    }
                ]
            },
            "description": null,
            "distribution_type": "conda",
            "download_url": "//api.anaconda.org/download/bioconda/dnp-corrprofile/1.0/linux-64/dnp-corrprofile-1.0-h76f5088_0.tar.bz2",
            "full_name": "bioconda/dnp-corrprofile/1.0/linux-64/dnp-corrprofile-1.0-h76f5088_0.tar.bz2",
            "labels": [
                "main",
                "cf201901"
            ],
            "md5": "f85a512a47d326febb81b103ed005d2b",
            "ndownloads": 268,
            "owner": "bioconda",
            "size": 176840,
            "type": "conda",
            "upload_time": "2018-10-08 00:52:51.075000+00:00",
            "version": "1.0"
        },
        {
            "attrs": {
                "arch": "x86_64",
                "build": "hacce2fa_0",
                "build_number": 0,
                "depends": [
                    "bzip2 >=1.0.6,<2.0a0",
                    "libcxx >=4.0.1",
                    "zlib >=1.2.11,<1.3.0a0"
                ],
                "has_prefix": true,
                "license": "MIT",
                "machine": "x86_64",
                "operatingsystem": "darwin",
                "platform": "osx",
                "subdir": "osx-64",
                "target-triplet": "x86_64-any-darwin",
                "timestamp": 1538964757586
            },
            "basename": "osx-64/dnp-corrprofile-1.0-hacce2fa_0.tar.bz2",
            "dependencies": {
                "depends": [
                    {
                        "name": "bzip2",
                        "specs": [
                            [
                                ">=",
                                "1.0.6,<2.0a0"
                            ]
                        ]
                    },
                    {
                        "name": "libcxx",
                        "specs": [
                            [
                                ">=",
                                "4.0.1"
                            ]
                        ]
                    },
                    {
                        "name": "zlib",
                        "specs": [
                            [
                                ">=",
                                "1.2.11,<1.3.0a0"
                            ]
                        ]
                    }
                ]
            },
            "description": null,
            "distribution_type": "conda",
            "download_url": "//api.anaconda.org/download/bioconda/dnp-corrprofile/1.0/osx-64/dnp-corrprofile-1.0-hacce2fa_0.tar.bz2",
            "full_name": "bioconda/dnp-corrprofile/1.0/osx-64/dnp-corrprofile-1.0-hacce2fa_0.tar.bz2",
            "labels": [
                "main",
                "cf201901"
            ],
            "md5": "c6bd2e8a4513fb4bb264e9987d7bb134",
            "ndownloads": 753,
            "owner": "bioconda",
            "size": 169974,
            "type": "conda",
            "upload_time": "2018-10-08 02:13:05.523000+00:00",
            "version": "1.0"
        }
    ],
    "full_name": "bioconda/dnp-corrprofile",
    "home": "https://github.com/erinijapranckeviciene/dnpatterntools",
    "html_url": "http://anaconda.org/bioconda/dnp-corrprofile",
    "id": "5bbaaa62bb74d4133d873ea3",
    "latest_version": "1.0",
    "license": "MIT",
    "license_url": null,
    "modified_at": "2018-10-08 02:13:07.070000+00:00",
    "name": "dnp-corrprofile",
    "owner": {
        "company": "",
        "created_at": "2015-09-11 22:59:20.880000+00:00",
        "description": "Bioconda is a distribution of bioinformatics software realized as a channel for the versatile Conda package manager.",
        "location": "",
        "login": "bioconda",
        "name": "bioconda",
        "url": "",
        "user_type": "org"
    },
    "package_types": [
        "conda"
    ],
    "public": true,
    "releases": [
        {
            "distributions": [],
            "full_name": "bioconda/dnp-corrprofile/1.0",
            "version": "1.0"
        }
    ],
    "revision": 2,
    "source_git_tag": null,
    "source_git_url": null,
    "summary": "Profile of correlations between the patterns of dinucleotide frequency on forward and reverse strands",
    "upvoted": 0,
    "url": "http://api.anaconda.org/packages/bioconda/dnp-corrprofile",
    "versions": [
        "1.0"
    ],
    "watchers": 1
}