{
    "app_entry": {},
    "app_summary": {},
    "app_type": {},
    "builds": [
        "1",
        "0"
    ],
    "conda_platforms": [
        "noarch"
    ],
    "created_at": "2019-09-09 20:46:23.920000+00:00",
    "description": "",
    "dev_url": null,
    "doc_url": null,
    "files": [
        {
            "attrs": {
                "arch": null,
                "build": "0",
                "build_number": 0,
                "depends": [
                    "python >=3.6",
                    "request"
                ],
                "has_prefix": false,
                "license": "MIT",
                "machine": null,
                "noarch": "generic",
                "operatingsystem": null,
                "platform": null,
                "subdir": "noarch",
                "target-triplet": "None-any-None",
                "timestamp": 1568061814219
            },
            "basename": "noarch/ena-dl-1.0.0-0.tar.bz2",
            "dependencies": {
                "depends": [
                    {
                        "name": "python",
                        "specs": [
                            [
                                ">=",
                                "3.6"
                            ]
                        ]
                    },
                    {
                        "name": "request",
                        "specs": []
                    }
                ]
            },
            "description": null,
            "distribution_type": "conda",
            "download_url": "//api.anaconda.org/download/bioconda/ena-dl/1.0.0/noarch/ena-dl-1.0.0-0.tar.bz2",
            "full_name": "bioconda/ena-dl/1.0.0/noarch/ena-dl-1.0.0-0.tar.bz2",
            "labels": [
                "main"
            ],
            "md5": "e6d53f039a14758ebe3f8fa131d66217",
            "ndownloads": 22,
            "owner": "bioconda",
            "size": 9634,
            "type": "conda",
            "upload_time": "2019-09-09 20:46:24.840000+00:00",
            "version": "1.0.0"
        },
        {
            "attrs": {
                "arch": null,
                "build": "1",
                "build_number": 1,
                "depends": [
                    "python >=3.6",
                    "requests"
                ],
                "has_prefix": false,
                "license": "MIT",
                "machine": null,
                "noarch": "generic",
                "operatingsystem": null,
                "platform": null,
                "subdir": "noarch",
                "target-triplet": "None-any-None",
                "timestamp": 1568131184815
            },
            "basename": "noarch/ena-dl-1.0.0-1.tar.bz2",
            "dependencies": {
                "depends": [
                    {
                        "name": "python",
                        "specs": [
                            [
                                ">=",
                                "3.6"
                            ]
                        ]
                    },
                    {
                        "name": "requests",
                        "specs": []
                    }
                ]
            },
            "description": null,
            "distribution_type": "conda",
            "download_url": "//api.anaconda.org/download/bioconda/ena-dl/1.0.0/noarch/ena-dl-1.0.0-1.tar.bz2",
            "full_name": "bioconda/ena-dl/1.0.0/noarch/ena-dl-1.0.0-1.tar.bz2",
            "labels": [
                "main"
            ],
            "md5": "1bc64e14675cf4e99742597fae6859e8",
            "ndownloads": 40,
            "owner": "bioconda",
            "size": 9627,
            "type": "conda",
            "upload_time": "2019-09-10 17:02:06.694000+00:00",
            "version": "1.0.0"
        }
    ],
    "full_name": "bioconda/ena-dl",
    "home": "https://github.com/rpetit3/ena-dl",
    "html_url": "http://anaconda.org/bioconda/ena-dl",
    "id": "5d76ba1f778a870c84bef5b3",
    "latest_version": "1.0.0",
    "license": "MIT",
    "license_url": null,
    "modified_at": "2019-09-10 17:02:07.203000+00:00",
    "name": "ena-dl",
    "owner": {
        "company": "",
        "created_at": "2015-09-11 22:59:20.880000+00:00",
        "description": "Bioconda is a distribution of bioinformatics software realized as a channel for the versatile Conda package manager.",
        "location": "",
        "login": "bioconda",
        "name": "bioconda",
        "url": "",
        "user_type": "org"
    },
    "package_types": [
        "conda"
    ],
    "public": true,
    "releases": [
        {
            "distributions": [],
            "full_name": "bioconda/ena-dl/1.0.0",
            "version": "1.0.0"
        }
    ],
    "revision": 2,
    "source_git_tag": null,
    "source_git_url": null,
    "summary": "A tool to download FASTQs associated with Study, Experiment, or Run accessions.",
    "upvoted": 0,
    "url": "http://api.anaconda.org/packages/bioconda/ena-dl",
    "versions": [
        "1.0.0"
    ],
    "watchers": 1
}