{
    "app_entry": {},
    "app_summary": {},
    "app_type": {},
    "builds": [
        "py_1",
        "py27_1",
        "py27_0"
    ],
    "conda_platforms": [
        "linux-64",
        "noarch"
    ],
    "created_at": "2016-03-02 10:15:23.051000+00:00",
    "description": "None",
    "dev_url": {},
    "doc_url": {},
    "files": [
        {
            "attrs": {
                "arch": "x86_64",
                "build": "py27_0",
                "build_number": 0,
                "depends": [
                    "python 2.7*",
                    "setuptools"
                ],
                "license": "GNU Library or Lesser General Public License (LGPL)",
                "machine": "x86_64",
                "operatingsystem": "linux",
                "platform": "linux",
                "subdir": "linux-64",
                "target-triplet": "x86_64-any-linux"
            },
            "basename": "linux-64/esmre-0.3.1-py27_0.tar.bz2",
            "dependencies": {
                "depends": [
                    {
                        "name": "python",
                        "specs": [
                            [
                                "==",
                                "2.7"
                            ]
                        ]
                    },
                    {
                        "name": "setuptools",
                        "specs": []
                    }
                ]
            },
            "description": null,
            "distribution_type": "conda",
            "download_url": "//api.anaconda.org/download/bioconda/esmre/0.3.1/linux-64/esmre-0.3.1-py27_0.tar.bz2",
            "full_name": "bioconda/esmre/0.3.1/linux-64/esmre-0.3.1-py27_0.tar.bz2",
            "labels": [
                "main",
                "cf201901"
            ],
            "md5": "c40a4125c2423a1633deb5468f80437d",
            "ndownloads": 1790,
            "owner": "bioconda",
            "size": 30071,
            "type": "conda",
            "upload_time": "2016-03-02 10:15:23.336000+00:00",
            "version": "0.3.1"
        },
        {
            "attrs": {
                "arch": "x86_64",
                "build": "py27_1",
                "build_number": 1,
                "depends": [
                    "python >=2.7,<2.8.0a0"
                ],
                "has_prefix": true,
                "license": "GNU Library or Lesser General Public License (LGPL)",
                "machine": "x86_64",
                "operatingsystem": "linux",
                "platform": "linux",
                "subdir": "linux-64",
                "target-triplet": "x86_64-any-linux",
                "timestamp": 1529940355870
            },
            "basename": "linux-64/esmre-0.3.1-py27_1.tar.bz2",
            "dependencies": {
                "depends": [
                    {
                        "name": "python",
                        "specs": [
                            [
                                ">=",
                                "2.7,<2.8.0a0"
                            ]
                        ]
                    }
                ]
            },
            "description": null,
            "distribution_type": "conda",
            "download_url": "//api.anaconda.org/download/bioconda/esmre/0.3.1/linux-64/esmre-0.3.1-py27_1.tar.bz2",
            "full_name": "bioconda/esmre/0.3.1/linux-64/esmre-0.3.1-py27_1.tar.bz2",
            "labels": [
                "main",
                "cf201901"
            ],
            "md5": "0fc9da963f16c119c363ac5ad90000a7",
            "ndownloads": 929,
            "owner": "bioconda",
            "size": 29579,
            "type": "conda",
            "upload_time": "2018-06-25 15:27:20.158000+00:00",
            "version": "0.3.1"
        },
        {
            "attrs": {
                "arch": null,
                "build": "py_1",
                "build_number": 1,
                "depends": [
                    "python <3"
                ],
                "has_prefix": false,
                "license": "GNU Library or Lesser General Public License (LGPL)",
                "machine": null,
                "noarch": "python",
                "operatingsystem": null,
                "platform": null,
                "subdir": "noarch",
                "target-triplet": "None-any-None",
                "timestamp": 1571839416071
            },
            "basename": "noarch/esmre-0.3.1-py_1.tar.bz2",
            "dependencies": {
                "depends": [
                    {
                        "name": "python",
                        "specs": [
                            [
                                "<",
                                "3"
                            ]
                        ]
                    }
                ]
            },
            "description": null,
            "distribution_type": "conda",
            "download_url": "//api.anaconda.org/download/bioconda/esmre/0.3.1/noarch/esmre-0.3.1-py_1.tar.bz2",
            "full_name": "bioconda/esmre/0.3.1/noarch/esmre-0.3.1-py_1.tar.bz2",
            "labels": [
                "main"
            ],
            "md5": "edde29c2a0d09912f5819b99f426eeee",
            "ndownloads": 27,
            "owner": "bioconda",
            "size": 22551,
            "type": "conda",
            "upload_time": "2019-10-23 14:04:00.413000+00:00",
            "version": "0.3.1"
        }
    ],
    "full_name": "bioconda/esmre",
    "home": "None",
    "html_url": "http://anaconda.org/bioconda/esmre",
    "id": "56d6bd3b5b489203390edd1d",
    "latest_version": "0.3.1",
    "license": "GNU Library or Lesser General Public License (LGPL)",
    "license_url": {},
    "modified_at": "2019-10-23 14:04:00.766000+00:00",
    "name": "esmre",
    "owner": {
        "company": "",
        "created_at": "2015-09-11 22:59:20.880000+00:00",
        "description": "Bioconda is a distribution of bioinformatics software realized as a channel for the versatile Conda package manager.",
        "location": "",
        "login": "bioconda",
        "name": "bioconda",
        "url": "",
        "user_type": "org"
    },
    "package_types": [
        "conda"
    ],
    "public": true,
    "releases": [
        {
            "distributions": [
                "linux-64/esmre-0.3.1-py27_0.tar.bz2"
            ],
            "full_name": "bioconda/esmre/0.3.1",
            "version": "0.3.1"
        }
    ],
    "revision": 2,
    "source_git_tag": {},
    "source_git_url": {},
    "summary": "Regular expression accelerator",
    "upvoted": 0,
    "url": "http://api.anaconda.org/packages/bioconda/esmre",
    "versions": [
        "0.3.1"
    ],
    "watchers": 1
}