{
    "app_entry": {},
    "app_summary": {},
    "app_type": {},
    "builds": [
        "py27h24bf2e0_3",
        "py_4",
        "py27_2",
        "py27_1",
        "py27_0"
    ],
    "conda_platforms": [
        "linux-64",
        "noarch",
        "osx-64"
    ],
    "created_at": "2016-01-03 11:09:59.739000+00:00",
    "description": "None",
    "dev_url": {},
    "doc_url": {},
    "files": [
        {
            "attrs": {
                "arch": "x86_64",
                "build": "py27_2",
                "build_number": 2,
                "depends": [
                    "lxml",
                    "mysql-python",
                    "numpy",
                    "pyqt",
                    "python 2.7*",
                    "setuptools"
                ],
                "license": "GPLv3",
                "machine": "x86_64",
                "operatingsystem": "linux",
                "platform": "linux",
                "subdir": "linux-64",
                "target-triplet": "x86_64-any-linux"
            },
            "basename": "linux-64/ete2-2.2.1072-py27_2.tar.bz2",
            "dependencies": {
                "depends": [
                    {
                        "name": "lxml",
                        "specs": []
                    },
                    {
                        "name": "mysql-python",
                        "specs": []
                    },
                    {
                        "name": "numpy",
                        "specs": []
                    },
                    {
                        "name": "pyqt",
                        "specs": []
                    },
                    {
                        "name": "python",
                        "specs": [
                            [
                                "==",
                                "2.7"
                            ]
                        ]
                    },
                    {
                        "name": "setuptools",
                        "specs": []
                    }
                ]
            },
            "description": null,
            "distribution_type": "conda",
            "download_url": "//api.anaconda.org/download/bioconda/ete2/2.2.1072/linux-64/ete2-2.2.1072-py27_2.tar.bz2",
            "full_name": "bioconda/ete2/2.2.1072/linux-64/ete2-2.2.1072-py27_2.tar.bz2",
            "labels": [
                "main",
                "cf201901"
            ],
            "md5": "a8da912b292e76b59c4bb7c02e8cbb9f",
            "ndownloads": 1298,
            "owner": "bioconda",
            "size": 572416,
            "type": "conda",
            "upload_time": "2016-01-03 11:09:59.975000+00:00",
            "version": "2.2.1072"
        },
        {
            "attrs": {
                "arch": "x86_64",
                "build": "py27_0",
                "build_number": 0,
                "depends": [
                    "lxml",
                    "mysql-python",
                    "numpy",
                    "pyqt",
                    "python 2.7*",
                    "setuptools"
                ],
                "license": "GPLv3",
                "machine": "x86_64",
                "operatingsystem": "linux",
                "platform": "linux",
                "subdir": "linux-64",
                "target-triplet": "x86_64-any-linux"
            },
            "basename": "linux-64/ete2-2.3.10-py27_0.tar.bz2",
            "dependencies": {
                "depends": [
                    {
                        "name": "lxml",
                        "specs": []
                    },
                    {
                        "name": "mysql-python",
                        "specs": []
                    },
                    {
                        "name": "numpy",
                        "specs": []
                    },
                    {
                        "name": "pyqt",
                        "specs": []
                    },
                    {
                        "name": "python",
                        "specs": [
                            [
                                "==",
                                "2.7"
                            ]
                        ]
                    },
                    {
                        "name": "setuptools",
                        "specs": []
                    }
                ]
            },
            "description": null,
            "distribution_type": "conda",
            "download_url": "//api.anaconda.org/download/bioconda/ete2/2.3.10/linux-64/ete2-2.3.10-py27_0.tar.bz2",
            "full_name": "bioconda/ete2/2.3.10/linux-64/ete2-2.3.10-py27_0.tar.bz2",
            "labels": [
                "main",
                "cf201901"
            ],
            "md5": "48ebaffd6b297e2131d4db1af90c8b96",
            "ndownloads": 8095,
            "owner": "bioconda",
            "size": 879939,
            "type": "conda",
            "upload_time": "2016-01-07 18:20:43.542000+00:00",
            "version": "2.3.10"
        },
        {
            "attrs": {
                "arch": "x86_64",
                "build": "py27_1",
                "build_number": 1,
                "depends": [
                    "lxml",
                    "mysql-python",
                    "numpy",
                    "pyqt 4.*",
                    "python 2.7*"
                ],
                "has_prefix": true,
                "license": "GPLv3",
                "machine": "x86_64",
                "operatingsystem": "linux",
                "platform": "linux",
                "subdir": "linux-64",
                "target-triplet": "x86_64-any-linux"
            },
            "basename": "linux-64/ete2-2.3.10-py27_1.tar.bz2",
            "dependencies": {
                "depends": [
                    {
                        "name": "lxml",
                        "specs": []
                    },
                    {
                        "name": "mysql-python",
                        "specs": []
                    },
                    {
                        "name": "numpy",
                        "specs": []
                    },
                    {
                        "name": "pyqt",
                        "specs": [
                            [
                                "==",
                                "4."
                            ]
                        ]
                    },
                    {
                        "name": "python",
                        "specs": [
                            [
                                "==",
                                "2.7"
                            ]
                        ]
                    }
                ]
            },
            "description": null,
            "distribution_type": "conda",
            "download_url": "//api.anaconda.org/download/bioconda/ete2/2.3.10/linux-64/ete2-2.3.10-py27_1.tar.bz2",
            "full_name": "bioconda/ete2/2.3.10/linux-64/ete2-2.3.10-py27_1.tar.bz2",
            "labels": [
                "main",
                "cf201901"
            ],
            "md5": "362e62dc21ab1d846cb2f76b2580a190",
            "ndownloads": 421,
            "owner": "bioconda",
            "size": 904117,
            "type": "conda",
            "upload_time": "2017-01-06 21:43:24.271000+00:00",
            "version": "2.3.10"
        },
        {
            "attrs": {
                "arch": "x86_64",
                "build": "py27_2",
                "build_number": 2,
                "depends": [
                    "lxml",
                    "mysql-python",
                    "numpy",
                    "pyqt 4.*",
                    "python 2.7*"
                ],
                "has_prefix": true,
                "license": "GPLv3",
                "machine": "x86_64",
                "operatingsystem": "linux",
                "platform": "linux",
                "subdir": "linux-64",
                "target-triplet": "x86_64-any-linux"
            },
            "basename": "linux-64/ete2-2.3.10-py27_2.tar.bz2",
            "dependencies": {
                "depends": [
                    {
                        "name": "lxml",
                        "specs": []
                    },
                    {
                        "name": "mysql-python",
                        "specs": []
                    },
                    {
                        "name": "numpy",
                        "specs": []
                    },
                    {
                        "name": "pyqt",
                        "specs": [
                            [
                                "==",
                                "4."
                            ]
                        ]
                    },
                    {
                        "name": "python",
                        "specs": [
                            [
                                "==",
                                "2.7"
                            ]
                        ]
                    }
                ]
            },
            "description": null,
            "distribution_type": "conda",
            "download_url": "//api.anaconda.org/download/bioconda/ete2/2.3.10/linux-64/ete2-2.3.10-py27_2.tar.bz2",
            "full_name": "bioconda/ete2/2.3.10/linux-64/ete2-2.3.10-py27_2.tar.bz2",
            "labels": [
                "main",
                "cf201901"
            ],
            "md5": "2d2eaf8d90d5579c0633be28c2c03077",
            "ndownloads": 2161,
            "owner": "bioconda",
            "size": 904962,
            "type": "conda",
            "upload_time": "2017-01-07 11:06:19.009000+00:00",
            "version": "2.3.10"
        },
        {
            "attrs": {
                "arch": "x86_64",
                "build": "py27_2",
                "build_number": 2,
                "depends": [
                    "lxml",
                    "numpy",
                    "pyqt 4.*",
                    "python 2.7*"
                ],
                "has_prefix": true,
                "license": "GPLv3",
                "machine": "x86_64",
                "operatingsystem": "darwin",
                "platform": "osx",
                "subdir": "osx-64",
                "target-triplet": "x86_64-any-darwin"
            },
            "basename": "osx-64/ete2-2.3.10-py27_2.tar.bz2",
            "dependencies": {
                "depends": [
                    {
                        "name": "lxml",
                        "specs": []
                    },
                    {
                        "name": "numpy",
                        "specs": []
                    },
                    {
                        "name": "pyqt",
                        "specs": [
                            [
                                "==",
                                "4."
                            ]
                        ]
                    },
                    {
                        "name": "python",
                        "specs": [
                            [
                                "==",
                                "2.7"
                            ]
                        ]
                    }
                ]
            },
            "description": null,
            "distribution_type": "conda",
            "download_url": "//api.anaconda.org/download/bioconda/ete2/2.3.10/osx-64/ete2-2.3.10-py27_2.tar.bz2",
            "full_name": "bioconda/ete2/2.3.10/osx-64/ete2-2.3.10-py27_2.tar.bz2",
            "labels": [
                "main",
                "cf201901"
            ],
            "md5": "6c921e1bc9ecec8ac38ad7c31ec18f41",
            "ndownloads": 497,
            "owner": "bioconda",
            "size": 904716,
            "type": "conda",
            "upload_time": "2017-01-07 11:17:53.060000+00:00",
            "version": "2.3.10"
        },
        {
            "attrs": {
                "arch": "x86_64",
                "build": "py27h24bf2e0_3",
                "build_number": 3,
                "depends": [
                    "lxml",
                    "mysql-python",
                    "numpy",
                    "pyqt >=4.11.4,<4.12.0a0",
                    "python >=2.7,<2.8.0a0"
                ],
                "has_prefix": true,
                "license": "GPLv3",
                "machine": "x86_64",
                "operatingsystem": "linux",
                "platform": "linux",
                "subdir": "linux-64",
                "target-triplet": "x86_64-any-linux",
                "timestamp": 1530708751905
            },
            "basename": "linux-64/ete2-2.3.10-py27h24bf2e0_3.tar.bz2",
            "dependencies": {
                "depends": [
                    {
                        "name": "lxml",
                        "specs": []
                    },
                    {
                        "name": "mysql-python",
                        "specs": []
                    },
                    {
                        "name": "numpy",
                        "specs": []
                    },
                    {
                        "name": "pyqt",
                        "specs": [
                            [
                                ">=",
                                "4.11.4,<4.12.0a0"
                            ]
                        ]
                    },
                    {
                        "name": "python",
                        "specs": [
                            [
                                ">=",
                                "2.7,<2.8.0a0"
                            ]
                        ]
                    }
                ]
            },
            "description": null,
            "distribution_type": "conda",
            "download_url": "//api.anaconda.org/download/bioconda/ete2/2.3.10/linux-64/ete2-2.3.10-py27h24bf2e0_3.tar.bz2",
            "full_name": "bioconda/ete2/2.3.10/linux-64/ete2-2.3.10-py27h24bf2e0_3.tar.bz2",
            "labels": [
                "main",
                "cf201901"
            ],
            "md5": "387d3c5d57ca8057940395d1ee568013",
            "ndownloads": 479,
            "owner": "bioconda",
            "size": 924137,
            "type": "conda",
            "upload_time": "2018-07-04 12:56:13.423000+00:00",
            "version": "2.3.10"
        },
        {
            "attrs": {
                "arch": "x86_64",
                "build": "py27h24bf2e0_3",
                "build_number": 3,
                "depends": [
                    "lxml",
                    "numpy",
                    "pyqt >=4.11.4,<4.12.0a0",
                    "python >=2.7,<2.8.0a0"
                ],
                "has_prefix": true,
                "license": "GPLv3",
                "machine": "x86_64",
                "operatingsystem": "darwin",
                "platform": "osx",
                "subdir": "osx-64",
                "target-triplet": "x86_64-any-darwin",
                "timestamp": 1530466423360
            },
            "basename": "osx-64/ete2-2.3.10-py27h24bf2e0_3.tar.bz2",
            "dependencies": {
                "depends": [
                    {
                        "name": "lxml",
                        "specs": []
                    },
                    {
                        "name": "numpy",
                        "specs": []
                    },
                    {
                        "name": "pyqt",
                        "specs": [
                            [
                                ">=",
                                "4.11.4,<4.12.0a0"
                            ]
                        ]
                    },
                    {
                        "name": "python",
                        "specs": [
                            [
                                ">=",
                                "2.7,<2.8.0a0"
                            ]
                        ]
                    }
                ]
            },
            "description": null,
            "distribution_type": "conda",
            "download_url": "//api.anaconda.org/download/bioconda/ete2/2.3.10/osx-64/ete2-2.3.10-py27h24bf2e0_3.tar.bz2",
            "full_name": "bioconda/ete2/2.3.10/osx-64/ete2-2.3.10-py27h24bf2e0_3.tar.bz2",
            "labels": [
                "main",
                "cf201901"
            ],
            "md5": "1a5026cf575ee739202ca0dc5fac05b3",
            "ndownloads": 770,
            "owner": "bioconda",
            "size": 924505,
            "type": "conda",
            "upload_time": "2018-07-01 17:34:23.063000+00:00",
            "version": "2.3.10"
        },
        {
            "attrs": {
                "arch": null,
                "build": "py_4",
                "build_number": 4,
                "depends": [
                    "lxml",
                    "mysql-python",
                    "numpy",
                    "pyqt 4.*",
                    "python <3"
                ],
                "has_prefix": false,
                "license": "GPLv3",
                "machine": null,
                "noarch": "python",
                "operatingsystem": null,
                "platform": null,
                "subdir": "noarch",
                "target-triplet": "None-any-None",
                "timestamp": 1572096102571
            },
            "basename": "noarch/ete2-2.3.10-py_4.tar.bz2",
            "dependencies": {
                "depends": [
                    {
                        "name": "lxml",
                        "specs": []
                    },
                    {
                        "name": "mysql-python",
                        "specs": []
                    },
                    {
                        "name": "numpy",
                        "specs": []
                    },
                    {
                        "name": "pyqt",
                        "specs": [
                            [
                                "==",
                                "4."
                            ]
                        ]
                    },
                    {
                        "name": "python",
                        "specs": [
                            [
                                "<",
                                "3"
                            ]
                        ]
                    }
                ]
            },
            "description": null,
            "distribution_type": "conda",
            "download_url": "//api.anaconda.org/download/bioconda/ete2/2.3.10/noarch/ete2-2.3.10-py_4.tar.bz2",
            "full_name": "bioconda/ete2/2.3.10/noarch/ete2-2.3.10-py_4.tar.bz2",
            "labels": [
                "main"
            ],
            "md5": "ccea291ab672e25f95ba7a18249190bf",
            "ndownloads": 37,
            "owner": "bioconda",
            "size": 471930,
            "type": "conda",
            "upload_time": "2019-10-26 13:27:22.130000+00:00",
            "version": "2.3.10"
        }
    ],
    "full_name": "bioconda/ete2",
    "home": "None",
    "html_url": "http://anaconda.org/bioconda/ete2",
    "id": "56890187d45f8a63c61cd166",
    "latest_version": "2.3.10",
    "license": "GPLv3",
    "license_url": {},
    "modified_at": "2019-10-26 13:27:22.476000+00:00",
    "name": "ete2",
    "owner": {
        "company": "",
        "created_at": "2015-09-11 22:59:20.880000+00:00",
        "description": "Bioconda is a distribution of bioinformatics software realized as a channel for the versatile Conda package manager.",
        "location": "",
        "login": "bioconda",
        "name": "bioconda",
        "url": "",
        "user_type": "org"
    },
    "package_types": [
        "conda"
    ],
    "public": true,
    "releases": [
        {
            "distributions": [
                "linux-64/ete2-2.2.1072-py27_2.tar.bz2"
            ],
            "full_name": "bioconda/ete2/2.2.1072",
            "version": "2.2.1072"
        },
        {
            "distributions": [
                "linux-64/ete2-2.3.10-py27_0.tar.bz2"
            ],
            "full_name": "bioconda/ete2/2.3.10",
            "version": "2.3.10"
        }
    ],
    "revision": 4,
    "source_git_tag": {},
    "source_git_url": {},
    "summary": "Phylogenetic tree analyses and exploration",
    "upvoted": 0,
    "url": "http://api.anaconda.org/packages/bioconda/ete2",
    "versions": [
        "2.2.1072",
        "2.3.10"
    ],
    "watchers": 1
}