{
    "app_entry": {},
    "app_summary": {},
    "app_type": {},
    "builds": [
        "1",
        "0",
        "3",
        "2"
    ],
    "conda_platforms": [
        "linux-64",
        "noarch",
        "osx-64"
    ],
    "created_at": "2016-03-07 21:08:53.258000+00:00",
    "description": "",
    "dev_url": null,
    "doc_url": null,
    "files": [
        {
            "attrs": {
                "arch": "x86_64",
                "build": "0",
                "build_number": 0,
                "depends": [
                    "hdf5"
                ],
                "has_prefix": false,
                "license": "MIT",
                "machine": "x86_64",
                "operatingsystem": "linux",
                "platform": "linux",
                "subdir": "linux-64",
                "target-triplet": "x86_64-any-linux"
            },
            "basename": "linux-64/fast5-0.6.2.p1-0.tar.bz2",
            "dependencies": {
                "depends": [
                    {
                        "name": "hdf5",
                        "specs": []
                    }
                ]
            },
            "description": null,
            "distribution_type": "conda",
            "download_url": "//api.anaconda.org/download/bioconda/fast5/0.6.2.p1/linux-64/fast5-0.6.2.p1-0.tar.bz2",
            "full_name": "bioconda/fast5/0.6.2.p1/linux-64/fast5-0.6.2.p1-0.tar.bz2",
            "labels": [
                "main",
                "cf201901"
            ],
            "md5": "248b9d4c6f898c3f636121719dd3b324",
            "ndownloads": 391,
            "owner": "bioconda",
            "size": 25641,
            "type": "conda",
            "upload_time": "2017-03-19 20:43:23.798000+00:00",
            "version": "0.6.2.p1"
        },
        {
            "attrs": {
                "arch": "x86_64",
                "build": "0",
                "build_number": 0,
                "depends": [
                    "hdf5"
                ],
                "has_prefix": false,
                "license": "MIT",
                "machine": "x86_64",
                "operatingsystem": "darwin",
                "platform": "osx",
                "subdir": "osx-64",
                "target-triplet": "x86_64-any-darwin"
            },
            "basename": "osx-64/fast5-0.6.1-0.tar.bz2",
            "dependencies": {
                "depends": [
                    {
                        "name": "hdf5",
                        "specs": []
                    }
                ]
            },
            "description": null,
            "distribution_type": "conda",
            "download_url": "//api.anaconda.org/download/bioconda/fast5/0.6.1/osx-64/fast5-0.6.1-0.tar.bz2",
            "full_name": "bioconda/fast5/0.6.1/osx-64/fast5-0.6.1-0.tar.bz2",
            "labels": [
                "main",
                "cf201901"
            ],
            "md5": "0ebc5227987560cd65eb43c9b968ebf0",
            "ndownloads": 774,
            "owner": "bioconda",
            "size": 25049,
            "type": "conda",
            "upload_time": "2017-03-04 15:01:55.183000+00:00",
            "version": "0.6.1"
        },
        {
            "attrs": {
                "arch": "x86_64",
                "build": "0",
                "build_number": 0,
                "depends": [
                    "hdf5"
                ],
                "has_prefix": false,
                "license": "MIT",
                "machine": "x86_64",
                "operatingsystem": "linux",
                "platform": "linux",
                "subdir": "linux-64",
                "target-triplet": "x86_64-any-linux"
            },
            "basename": "linux-64/fast5-0.6.1-0.tar.bz2",
            "dependencies": {
                "depends": [
                    {
                        "name": "hdf5",
                        "specs": []
                    }
                ]
            },
            "description": null,
            "distribution_type": "conda",
            "download_url": "//api.anaconda.org/download/bioconda/fast5/0.6.1/linux-64/fast5-0.6.1-0.tar.bz2",
            "full_name": "bioconda/fast5/0.6.1/linux-64/fast5-0.6.1-0.tar.bz2",
            "labels": [
                "main",
                "cf201901"
            ],
            "md5": "bb53e68405a0095fa0b3eef880f208f3",
            "ndownloads": 563,
            "owner": "bioconda",
            "size": 25302,
            "type": "conda",
            "upload_time": "2017-03-04 15:03:31.495000+00:00",
            "version": "0.6.1"
        },
        {
            "attrs": {
                "arch": "x86_64",
                "build": "1",
                "build_number": 1,
                "depends": [
                    "hdf5"
                ],
                "has_prefix": false,
                "license": "MIT",
                "machine": "x86_64",
                "operatingsystem": "linux",
                "platform": "linux",
                "subdir": "linux-64",
                "target-triplet": "x86_64-any-linux",
                "timestamp": 1529942676243
            },
            "basename": "linux-64/fast5-0.6.5-1.tar.bz2",
            "dependencies": {
                "depends": [
                    {
                        "name": "hdf5",
                        "specs": []
                    }
                ]
            },
            "description": null,
            "distribution_type": "conda",
            "download_url": "//api.anaconda.org/download/bioconda/fast5/0.6.5/linux-64/fast5-0.6.5-1.tar.bz2",
            "full_name": "bioconda/fast5/0.6.5/linux-64/fast5-0.6.5-1.tar.bz2",
            "labels": [
                "main",
                "cf201901"
            ],
            "md5": "16a33ea85ebb6f040e9acd65b3631525",
            "ndownloads": 750,
            "owner": "bioconda",
            "size": 36522,
            "type": "conda",
            "upload_time": "2018-06-25 16:05:58.794000+00:00",
            "version": "0.6.5"
        },
        {
            "attrs": {
                "arch": "x86_64",
                "build": "0",
                "build_number": 0,
                "depends": [],
                "license": "MIT",
                "machine": "x86_64",
                "operatingsystem": "linux",
                "platform": "linux",
                "subdir": "linux-64",
                "target-triplet": "x86_64-any-linux"
            },
            "basename": "linux-64/fast5-0.2.0-0.tar.bz2",
            "dependencies": {
                "depends": []
            },
            "description": null,
            "distribution_type": "conda",
            "download_url": "//api.anaconda.org/download/bioconda/fast5/0.2.0/linux-64/fast5-0.2.0-0.tar.bz2",
            "full_name": "bioconda/fast5/0.2.0/linux-64/fast5-0.2.0-0.tar.bz2",
            "labels": [
                "main",
                "cf201901"
            ],
            "md5": "db07f718810149a8729c4a8b5cdb5fe9",
            "ndownloads": 1436,
            "owner": "bioconda",
            "size": 10736,
            "type": "conda",
            "upload_time": "2016-03-07 21:08:53.552000+00:00",
            "version": "0.2.0"
        },
        {
            "attrs": {
                "arch": "x86_64",
                "build": "0",
                "build_number": 0,
                "depends": [],
                "license": "MIT",
                "machine": "x86_64",
                "operatingsystem": "linux",
                "platform": "linux",
                "subdir": "linux-64",
                "target-triplet": "x86_64-any-linux"
            },
            "basename": "linux-64/fast5-0.5.6-0.tar.bz2",
            "dependencies": {
                "depends": []
            },
            "description": null,
            "distribution_type": "conda",
            "download_url": "//api.anaconda.org/download/bioconda/fast5/0.5.6/linux-64/fast5-0.5.6-0.tar.bz2",
            "full_name": "bioconda/fast5/0.5.6/linux-64/fast5-0.5.6-0.tar.bz2",
            "labels": [
                "main",
                "cf201901"
            ],
            "md5": "2cbe3a87a1d0cba08e51fb3bb85c10f2",
            "ndownloads": 979,
            "owner": "bioconda",
            "size": 15933,
            "type": "conda",
            "upload_time": "2016-08-17 10:19:45.810000+00:00",
            "version": "0.5.6"
        },
        {
            "attrs": {
                "arch": "x86_64",
                "build": "0",
                "build_number": 0,
                "depends": [],
                "license": "MIT",
                "machine": "x86_64",
                "operatingsystem": "darwin",
                "platform": "osx",
                "subdir": "osx-64",
                "target-triplet": "x86_64-any-darwin"
            },
            "basename": "osx-64/fast5-0.5.6-0.tar.bz2",
            "dependencies": {
                "depends": []
            },
            "description": null,
            "distribution_type": "conda",
            "download_url": "//api.anaconda.org/download/bioconda/fast5/0.5.6/osx-64/fast5-0.5.6-0.tar.bz2",
            "full_name": "bioconda/fast5/0.5.6/osx-64/fast5-0.5.6-0.tar.bz2",
            "labels": [
                "main",
                "cf201901"
            ],
            "md5": "ac70967e1163d4f07928b84d380e943c",
            "ndownloads": 782,
            "owner": "bioconda",
            "size": 15847,
            "type": "conda",
            "upload_time": "2016-08-17 10:22:20.753000+00:00",
            "version": "0.5.6"
        },
        {
            "attrs": {
                "arch": "x86_64",
                "build": "0",
                "build_number": 0,
                "depends": [
                    "hdf5"
                ],
                "has_prefix": false,
                "license": "MIT",
                "machine": "x86_64",
                "operatingsystem": "linux",
                "platform": "linux",
                "subdir": "linux-64",
                "target-triplet": "x86_64-any-linux"
            },
            "basename": "linux-64/fast5-0.5.8-0.tar.bz2",
            "dependencies": {
                "depends": [
                    {
                        "name": "hdf5",
                        "specs": []
                    }
                ]
            },
            "description": null,
            "distribution_type": "conda",
            "download_url": "//api.anaconda.org/download/bioconda/fast5/0.5.8/linux-64/fast5-0.5.8-0.tar.bz2",
            "full_name": "bioconda/fast5/0.5.8/linux-64/fast5-0.5.8-0.tar.bz2",
            "labels": [
                "main",
                "cf201901"
            ],
            "md5": "e6a322138db665759393b894351618d3",
            "ndownloads": 558,
            "owner": "bioconda",
            "size": 17092,
            "type": "conda",
            "upload_time": "2017-01-04 20:11:27.237000+00:00",
            "version": "0.5.8"
        },
        {
            "attrs": {
                "arch": "x86_64",
                "build": "0",
                "build_number": 0,
                "depends": [
                    "hdf5"
                ],
                "has_prefix": false,
                "license": "MIT",
                "machine": "x86_64",
                "operatingsystem": "linux",
                "platform": "linux",
                "subdir": "linux-64",
                "target-triplet": "x86_64-any-linux"
            },
            "basename": "linux-64/fast5-0.5.9-0.tar.bz2",
            "dependencies": {
                "depends": [
                    {
                        "name": "hdf5",
                        "specs": []
                    }
                ]
            },
            "description": null,
            "distribution_type": "conda",
            "download_url": "//api.anaconda.org/download/bioconda/fast5/0.5.9/linux-64/fast5-0.5.9-0.tar.bz2",
            "full_name": "bioconda/fast5/0.5.9/linux-64/fast5-0.5.9-0.tar.bz2",
            "labels": [
                "main",
                "cf201901"
            ],
            "md5": "80ce60e2393ff9a843b8ec6f644f038b",
            "ndownloads": 573,
            "owner": "bioconda",
            "size": 17724,
            "type": "conda",
            "upload_time": "2017-01-04 20:11:29.750000+00:00",
            "version": "0.5.9"
        },
        {
            "attrs": {
                "arch": "x86_64",
                "build": "0",
                "build_number": 0,
                "depends": [
                    "hdf5 1.8.17*"
                ],
                "has_prefix": false,
                "license": "MIT",
                "machine": "x86_64",
                "operatingsystem": "darwin",
                "platform": "osx",
                "subdir": "osx-64",
                "target-triplet": "x86_64-any-darwin"
            },
            "basename": "osx-64/fast5-0.6.5-0.tar.bz2",
            "dependencies": {
                "depends": [
                    {
                        "name": "hdf5",
                        "specs": [
                            [
                                "==",
                                "1.8.17"
                            ]
                        ]
                    }
                ]
            },
            "description": null,
            "distribution_type": "conda",
            "download_url": "//api.anaconda.org/download/bioconda/fast5/0.6.5/osx-64/fast5-0.6.5-0.tar.bz2",
            "full_name": "bioconda/fast5/0.6.5/osx-64/fast5-0.6.5-0.tar.bz2",
            "labels": [
                "main",
                "cf201901"
            ],
            "md5": "3453aecd53b2bad91cc533360f6fd283",
            "ndownloads": 41,
            "owner": "bioconda",
            "size": 36246,
            "type": "conda",
            "upload_time": "2018-03-04 01:43:31.109000+00:00",
            "version": "0.6.5"
        },
        {
            "attrs": {
                "arch": "x86_64",
                "build": "0",
                "build_number": 0,
                "depends": [
                    "hdf5 1.8.17*"
                ],
                "has_prefix": false,
                "license": "MIT",
                "machine": "x86_64",
                "operatingsystem": "linux",
                "platform": "linux",
                "subdir": "linux-64",
                "target-triplet": "x86_64-any-linux"
            },
            "basename": "linux-64/fast5-0.6.5-0.tar.bz2",
            "dependencies": {
                "depends": [
                    {
                        "name": "hdf5",
                        "specs": [
                            [
                                "==",
                                "1.8.17"
                            ]
                        ]
                    }
                ]
            },
            "description": null,
            "distribution_type": "conda",
            "download_url": "//api.anaconda.org/download/bioconda/fast5/0.6.5/linux-64/fast5-0.6.5-0.tar.bz2",
            "full_name": "bioconda/fast5/0.6.5/linux-64/fast5-0.6.5-0.tar.bz2",
            "labels": [
                "main",
                "cf201901"
            ],
            "md5": "795f4203a88b3275dfa16e3cee3a06b3",
            "ndownloads": 220,
            "owner": "bioconda",
            "size": 36482,
            "type": "conda",
            "upload_time": "2018-03-04 01:46:59.458000+00:00",
            "version": "0.6.5"
        },
        {
            "attrs": {
                "arch": "x86_64",
                "build": "1",
                "build_number": 1,
                "depends": [
                    "hdf5"
                ],
                "has_prefix": false,
                "license": "MIT",
                "machine": "x86_64",
                "operatingsystem": "darwin",
                "platform": "osx",
                "subdir": "osx-64",
                "target-triplet": "x86_64-any-darwin",
                "timestamp": 1529874642870
            },
            "basename": "osx-64/fast5-0.6.5-1.tar.bz2",
            "dependencies": {
                "depends": [
                    {
                        "name": "hdf5",
                        "specs": []
                    }
                ]
            },
            "description": null,
            "distribution_type": "conda",
            "download_url": "//api.anaconda.org/download/bioconda/fast5/0.6.5/osx-64/fast5-0.6.5-1.tar.bz2",
            "full_name": "bioconda/fast5/0.6.5/osx-64/fast5-0.6.5-1.tar.bz2",
            "labels": [
                "main",
                "cf201901"
            ],
            "md5": "c3165a4d8a7ba00fac6949d2831ea2aa",
            "ndownloads": 849,
            "owner": "bioconda",
            "size": 36713,
            "type": "conda",
            "upload_time": "2018-06-24 21:10:54.191000+00:00",
            "version": "0.6.5"
        },
        {
            "attrs": {
                "arch": "x86_64",
                "build": "0",
                "build_number": 0,
                "depends": [
                    "hdf5"
                ],
                "has_prefix": false,
                "license": "MIT",
                "machine": "x86_64",
                "operatingsystem": "darwin",
                "platform": "osx",
                "subdir": "osx-64",
                "target-triplet": "x86_64-any-darwin"
            },
            "basename": "osx-64/fast5-0.5.8-0.tar.bz2",
            "dependencies": {
                "depends": [
                    {
                        "name": "hdf5",
                        "specs": []
                    }
                ]
            },
            "description": null,
            "distribution_type": "conda",
            "download_url": "//api.anaconda.org/download/bioconda/fast5/0.5.8/osx-64/fast5-0.5.8-0.tar.bz2",
            "full_name": "bioconda/fast5/0.5.8/osx-64/fast5-0.5.8-0.tar.bz2",
            "labels": [
                "main",
                "cf201901"
            ],
            "md5": "e15c6d34e829ccfb130116c80c5ba3cd",
            "ndownloads": 774,
            "owner": "bioconda",
            "size": 16867,
            "type": "conda",
            "upload_time": "2017-01-04 20:58:31.319000+00:00",
            "version": "0.5.8"
        },
        {
            "attrs": {
                "arch": "x86_64",
                "build": "0",
                "build_number": 0,
                "depends": [
                    "hdf5"
                ],
                "has_prefix": false,
                "license": "MIT",
                "machine": "x86_64",
                "operatingsystem": "darwin",
                "platform": "osx",
                "subdir": "osx-64",
                "target-triplet": "x86_64-any-darwin"
            },
            "basename": "osx-64/fast5-0.5.9-0.tar.bz2",
            "dependencies": {
                "depends": [
                    {
                        "name": "hdf5",
                        "specs": []
                    }
                ]
            },
            "description": null,
            "distribution_type": "conda",
            "download_url": "//api.anaconda.org/download/bioconda/fast5/0.5.9/osx-64/fast5-0.5.9-0.tar.bz2",
            "full_name": "bioconda/fast5/0.5.9/osx-64/fast5-0.5.9-0.tar.bz2",
            "labels": [
                "main",
                "cf201901"
            ],
            "md5": "354f9007656bb806df4782d6f7b21059",
            "ndownloads": 779,
            "owner": "bioconda",
            "size": 17471,
            "type": "conda",
            "upload_time": "2017-01-04 20:58:33.408000+00:00",
            "version": "0.5.9"
        },
        {
            "attrs": {
                "arch": "x86_64",
                "build": "0",
                "build_number": 0,
                "depends": [
                    "hdf5"
                ],
                "has_prefix": false,
                "license": "MIT",
                "machine": "x86_64",
                "operatingsystem": "linux",
                "platform": "linux",
                "subdir": "linux-64",
                "target-triplet": "x86_64-any-linux"
            },
            "basename": "linux-64/fast5-0.5.10a-0.tar.bz2",
            "dependencies": {
                "depends": [
                    {
                        "name": "hdf5",
                        "specs": []
                    }
                ]
            },
            "description": null,
            "distribution_type": "conda",
            "download_url": "//api.anaconda.org/download/bioconda/fast5/0.5.10a/linux-64/fast5-0.5.10a-0.tar.bz2",
            "full_name": "bioconda/fast5/0.5.10a/linux-64/fast5-0.5.10a-0.tar.bz2",
            "labels": [
                "main",
                "cf201901"
            ],
            "md5": "e7e2369ded4452af5445c355791e9b51",
            "ndownloads": 591,
            "owner": "bioconda",
            "size": 18149,
            "type": "conda",
            "upload_time": "2017-02-07 06:34:18.202000+00:00",
            "version": "0.5.10a"
        },
        {
            "attrs": {
                "arch": "x86_64",
                "build": "0",
                "build_number": 0,
                "depends": [
                    "hdf5"
                ],
                "has_prefix": false,
                "license": "MIT",
                "machine": "x86_64",
                "operatingsystem": "darwin",
                "platform": "osx",
                "subdir": "osx-64",
                "target-triplet": "x86_64-any-darwin"
            },
            "basename": "osx-64/fast5-0.5.10a-0.tar.bz2",
            "dependencies": {
                "depends": [
                    {
                        "name": "hdf5",
                        "specs": []
                    }
                ]
            },
            "description": null,
            "distribution_type": "conda",
            "download_url": "//api.anaconda.org/download/bioconda/fast5/0.5.10a/osx-64/fast5-0.5.10a-0.tar.bz2",
            "full_name": "bioconda/fast5/0.5.10a/osx-64/fast5-0.5.10a-0.tar.bz2",
            "labels": [
                "main",
                "cf201901"
            ],
            "md5": "e5567edb4eb398fc3ed2bfc81c5fffef",
            "ndownloads": 750,
            "owner": "bioconda",
            "size": 17869,
            "type": "conda",
            "upload_time": "2017-02-07 06:53:26.742000+00:00",
            "version": "0.5.10a"
        },
        {
            "attrs": {
                "arch": "x86_64",
                "build": "0",
                "build_number": 0,
                "depends": [
                    "hdf5"
                ],
                "has_prefix": false,
                "license": "MIT",
                "machine": "x86_64",
                "operatingsystem": "darwin",
                "platform": "osx",
                "subdir": "osx-64",
                "target-triplet": "x86_64-any-darwin"
            },
            "basename": "osx-64/fast5-0.6.2.p1-0.tar.bz2",
            "dependencies": {
                "depends": [
                    {
                        "name": "hdf5",
                        "specs": []
                    }
                ]
            },
            "description": null,
            "distribution_type": "conda",
            "download_url": "//api.anaconda.org/download/bioconda/fast5/0.6.2.p1/osx-64/fast5-0.6.2.p1-0.tar.bz2",
            "full_name": "bioconda/fast5/0.6.2.p1/osx-64/fast5-0.6.2.p1-0.tar.bz2",
            "labels": [
                "main",
                "cf201901"
            ],
            "md5": "1c236f5813fc4224a09926781b5ac8a2",
            "ndownloads": 30,
            "owner": "bioconda",
            "size": 25336,
            "type": "conda",
            "upload_time": "2017-03-19 20:42:30.295000+00:00",
            "version": "0.6.2.p1"
        },
        {
            "attrs": {
                "arch": "x86_64",
                "build": "1",
                "build_number": 1,
                "depends": [
                    "hdf5"
                ],
                "has_prefix": false,
                "license": "MIT",
                "machine": "x86_64",
                "operatingsystem": "linux",
                "platform": "linux",
                "subdir": "linux-64",
                "target-triplet": "x86_64-any-linux"
            },
            "basename": "linux-64/fast5-0.6.2.p1-1.tar.bz2",
            "dependencies": {
                "depends": [
                    {
                        "name": "hdf5",
                        "specs": []
                    }
                ]
            },
            "description": null,
            "distribution_type": "conda",
            "download_url": "//api.anaconda.org/download/bioconda/fast5/0.6.2.p1/linux-64/fast5-0.6.2.p1-1.tar.bz2",
            "full_name": "bioconda/fast5/0.6.2.p1/linux-64/fast5-0.6.2.p1-1.tar.bz2",
            "labels": [
                "main",
                "cf201901"
            ],
            "md5": "cb273e42cde3a6137ba34a628d2a80fc",
            "ndownloads": 490,
            "owner": "bioconda",
            "size": 34622,
            "type": "conda",
            "upload_time": "2017-04-01 19:38:09.816000+00:00",
            "version": "0.6.2.p1"
        },
        {
            "attrs": {
                "arch": "x86_64",
                "build": "0",
                "build_number": 0,
                "depends": [
                    "hdf5"
                ],
                "has_prefix": false,
                "license": "MIT",
                "machine": "x86_64",
                "operatingsystem": "linux",
                "platform": "linux",
                "subdir": "linux-64",
                "target-triplet": "x86_64-any-linux"
            },
            "basename": "linux-64/fast5-0.6.2-0.tar.bz2",
            "dependencies": {
                "depends": [
                    {
                        "name": "hdf5",
                        "specs": []
                    }
                ]
            },
            "description": null,
            "distribution_type": "conda",
            "download_url": "//api.anaconda.org/download/bioconda/fast5/0.6.2/linux-64/fast5-0.6.2-0.tar.bz2",
            "full_name": "bioconda/fast5/0.6.2/linux-64/fast5-0.6.2-0.tar.bz2",
            "labels": [
                "main",
                "cf201901"
            ],
            "md5": "9dd63d02abf47d06b35c5ed5d75170c8",
            "ndownloads": 776,
            "owner": "bioconda",
            "size": 25589,
            "type": "conda",
            "upload_time": "2017-03-17 12:38:21.229000+00:00",
            "version": "0.6.2"
        },
        {
            "attrs": {
                "arch": "x86_64",
                "build": "0",
                "build_number": 0,
                "depends": [
                    "hdf5"
                ],
                "has_prefix": false,
                "license": "MIT",
                "machine": "x86_64",
                "operatingsystem": "darwin",
                "platform": "osx",
                "subdir": "osx-64",
                "target-triplet": "x86_64-any-darwin"
            },
            "basename": "osx-64/fast5-0.6.2-0.tar.bz2",
            "dependencies": {
                "depends": [
                    {
                        "name": "hdf5",
                        "specs": []
                    }
                ]
            },
            "description": null,
            "distribution_type": "conda",
            "download_url": "//api.anaconda.org/download/bioconda/fast5/0.6.2/osx-64/fast5-0.6.2-0.tar.bz2",
            "full_name": "bioconda/fast5/0.6.2/osx-64/fast5-0.6.2-0.tar.bz2",
            "labels": [
                "main",
                "cf201901"
            ],
            "md5": "2c03d39c8e67a48309a5353466833711",
            "ndownloads": 780,
            "owner": "bioconda",
            "size": 25272,
            "type": "conda",
            "upload_time": "2017-03-17 12:38:47.438000+00:00",
            "version": "0.6.2"
        },
        {
            "attrs": {
                "arch": "x86_64",
                "build": "1",
                "build_number": 1,
                "depends": [
                    "hdf5"
                ],
                "has_prefix": false,
                "license": "MIT",
                "machine": "x86_64",
                "operatingsystem": "darwin",
                "platform": "osx",
                "subdir": "osx-64",
                "target-triplet": "x86_64-any-darwin"
            },
            "basename": "osx-64/fast5-0.6.2.p1-1.tar.bz2",
            "dependencies": {
                "depends": [
                    {
                        "name": "hdf5",
                        "specs": []
                    }
                ]
            },
            "description": null,
            "distribution_type": "conda",
            "download_url": "//api.anaconda.org/download/bioconda/fast5/0.6.2.p1/osx-64/fast5-0.6.2.p1-1.tar.bz2",
            "full_name": "bioconda/fast5/0.6.2.p1/osx-64/fast5-0.6.2.p1-1.tar.bz2",
            "labels": [
                "main",
                "cf201901"
            ],
            "md5": "908afe8491f7c75de6f43a4ed3cb74c5",
            "ndownloads": 268,
            "owner": "bioconda",
            "size": 34357,
            "type": "conda",
            "upload_time": "2017-04-01 19:35:21.841000+00:00",
            "version": "0.6.2.p1"
        },
        {
            "attrs": {
                "arch": "x86_64",
                "build": "2",
                "build_number": 2,
                "depends": [
                    "hdf5"
                ],
                "has_prefix": false,
                "license": "MIT",
                "machine": "x86_64",
                "operatingsystem": "darwin",
                "platform": "osx",
                "subdir": "osx-64",
                "target-triplet": "x86_64-any-darwin"
            },
            "basename": "osx-64/fast5-0.6.2.p1-2.tar.bz2",
            "dependencies": {
                "depends": [
                    {
                        "name": "hdf5",
                        "specs": []
                    }
                ]
            },
            "description": null,
            "distribution_type": "conda",
            "download_url": "//api.anaconda.org/download/bioconda/fast5/0.6.2.p1/osx-64/fast5-0.6.2.p1-2.tar.bz2",
            "full_name": "bioconda/fast5/0.6.2.p1/osx-64/fast5-0.6.2.p1-2.tar.bz2",
            "labels": [
                "main",
                "cf201901"
            ],
            "md5": "46a6abb6430eb2a6dd9541801de7cfb2",
            "ndownloads": 36,
            "owner": "bioconda",
            "size": 35901,
            "type": "conda",
            "upload_time": "2017-04-01 20:34:37.157000+00:00",
            "version": "0.6.2.p1"
        },
        {
            "attrs": {
                "arch": "x86_64",
                "build": "2",
                "build_number": 2,
                "depends": [
                    "hdf5"
                ],
                "has_prefix": false,
                "license": "MIT",
                "machine": "x86_64",
                "operatingsystem": "linux",
                "platform": "linux",
                "subdir": "linux-64",
                "target-triplet": "x86_64-any-linux"
            },
            "basename": "linux-64/fast5-0.6.2.p1-2.tar.bz2",
            "dependencies": {
                "depends": [
                    {
                        "name": "hdf5",
                        "specs": []
                    }
                ]
            },
            "description": null,
            "distribution_type": "conda",
            "download_url": "//api.anaconda.org/download/bioconda/fast5/0.6.2.p1/linux-64/fast5-0.6.2.p1-2.tar.bz2",
            "full_name": "bioconda/fast5/0.6.2.p1/linux-64/fast5-0.6.2.p1-2.tar.bz2",
            "labels": [
                "main",
                "cf201901"
            ],
            "md5": "87e7d2f89bcd24ceb411113facec9187",
            "ndownloads": 463,
            "owner": "bioconda",
            "size": 36069,
            "type": "conda",
            "upload_time": "2017-04-01 20:36:22.660000+00:00",
            "version": "0.6.2.p1"
        },
        {
            "attrs": {
                "arch": "x86_64",
                "build": "3",
                "build_number": 3,
                "depends": [
                    "hdf5"
                ],
                "has_prefix": false,
                "license": "MIT",
                "machine": "x86_64",
                "operatingsystem": "darwin",
                "platform": "osx",
                "subdir": "osx-64",
                "target-triplet": "x86_64-any-darwin"
            },
            "basename": "osx-64/fast5-0.6.2.p1-3.tar.bz2",
            "dependencies": {
                "depends": [
                    {
                        "name": "hdf5",
                        "specs": []
                    }
                ]
            },
            "description": null,
            "distribution_type": "conda",
            "download_url": "//api.anaconda.org/download/bioconda/fast5/0.6.2.p1/osx-64/fast5-0.6.2.p1-3.tar.bz2",
            "full_name": "bioconda/fast5/0.6.2.p1/osx-64/fast5-0.6.2.p1-3.tar.bz2",
            "labels": [
                "main",
                "cf201901"
            ],
            "md5": "1a7529276c8ad6bfa0bdebf568179551",
            "ndownloads": 567,
            "owner": "bioconda",
            "size": 39828,
            "type": "conda",
            "upload_time": "2017-07-01 14:02:00.367000+00:00",
            "version": "0.6.2.p1"
        },
        {
            "attrs": {
                "arch": "x86_64",
                "build": "3",
                "build_number": 3,
                "depends": [
                    "hdf5"
                ],
                "has_prefix": false,
                "license": "MIT",
                "machine": "x86_64",
                "operatingsystem": "linux",
                "platform": "linux",
                "subdir": "linux-64",
                "target-triplet": "x86_64-any-linux"
            },
            "basename": "linux-64/fast5-0.6.2.p1-3.tar.bz2",
            "dependencies": {
                "depends": [
                    {
                        "name": "hdf5",
                        "specs": []
                    }
                ]
            },
            "description": null,
            "distribution_type": "conda",
            "download_url": "//api.anaconda.org/download/bioconda/fast5/0.6.2.p1/linux-64/fast5-0.6.2.p1-3.tar.bz2",
            "full_name": "bioconda/fast5/0.6.2.p1/linux-64/fast5-0.6.2.p1-3.tar.bz2",
            "labels": [
                "main",
                "cf201901"
            ],
            "md5": "8b2c54b13e66dec7df7ebaa8b08d0706",
            "ndownloads": 418,
            "owner": "bioconda",
            "size": 40333,
            "type": "conda",
            "upload_time": "2017-07-01 14:04:07.390000+00:00",
            "version": "0.6.2.p1"
        },
        {
            "attrs": {
                "arch": "x86_64",
                "build": "0",
                "build_number": 0,
                "depends": [
                    "hdf5 1.8.17*"
                ],
                "has_prefix": false,
                "license": "MIT",
                "machine": "x86_64",
                "operatingsystem": "darwin",
                "platform": "osx",
                "subdir": "osx-64",
                "target-triplet": "x86_64-any-darwin"
            },
            "basename": "osx-64/fast5-0.6.3.p1-0.tar.bz2",
            "dependencies": {
                "depends": [
                    {
                        "name": "hdf5",
                        "specs": [
                            [
                                "==",
                                "1.8.17"
                            ]
                        ]
                    }
                ]
            },
            "description": null,
            "distribution_type": "conda",
            "download_url": "//api.anaconda.org/download/bioconda/fast5/0.6.3.p1/osx-64/fast5-0.6.3.p1-0.tar.bz2",
            "full_name": "bioconda/fast5/0.6.3.p1/osx-64/fast5-0.6.3.p1-0.tar.bz2",
            "labels": [
                "main",
                "cf201901"
            ],
            "md5": "8ffa119045cfd69df1ade1087cd50a9a",
            "ndownloads": 764,
            "owner": "bioconda",
            "size": 36624,
            "type": "conda",
            "upload_time": "2017-11-04 08:30:01.403000+00:00",
            "version": "0.6.3.p1"
        },
        {
            "attrs": {
                "arch": "x86_64",
                "build": "0",
                "build_number": 0,
                "depends": [
                    "hdf5 1.8.17*"
                ],
                "has_prefix": false,
                "license": "MIT",
                "machine": "x86_64",
                "operatingsystem": "linux",
                "platform": "linux",
                "subdir": "linux-64",
                "target-triplet": "x86_64-any-linux"
            },
            "basename": "linux-64/fast5-0.6.3.p1-0.tar.bz2",
            "dependencies": {
                "depends": [
                    {
                        "name": "hdf5",
                        "specs": [
                            [
                                "==",
                                "1.8.17"
                            ]
                        ]
                    }
                ]
            },
            "description": null,
            "distribution_type": "conda",
            "download_url": "//api.anaconda.org/download/bioconda/fast5/0.6.3.p1/linux-64/fast5-0.6.3.p1-0.tar.bz2",
            "full_name": "bioconda/fast5/0.6.3.p1/linux-64/fast5-0.6.3.p1-0.tar.bz2",
            "labels": [
                "main",
                "cf201901"
            ],
            "md5": "30d2f70b9a966aed96fd494d2a68b739",
            "ndownloads": 550,
            "owner": "bioconda",
            "size": 36958,
            "type": "conda",
            "upload_time": "2017-11-04 08:33:27.698000+00:00",
            "version": "0.6.3.p1"
        },
        {
            "attrs": {
                "arch": "x86_64",
                "build": "0",
                "build_number": 0,
                "depends": [
                    "hdf5 1.8.17*"
                ],
                "has_prefix": false,
                "license": "MIT",
                "machine": "x86_64",
                "operatingsystem": "linux",
                "platform": "linux",
                "subdir": "linux-64",
                "target-triplet": "x86_64-any-linux"
            },
            "basename": "linux-64/fast5-0.6.4-0.tar.bz2",
            "dependencies": {
                "depends": [
                    {
                        "name": "hdf5",
                        "specs": [
                            [
                                "==",
                                "1.8.17"
                            ]
                        ]
                    }
                ]
            },
            "description": null,
            "distribution_type": "conda",
            "download_url": "//api.anaconda.org/download/bioconda/fast5/0.6.4/linux-64/fast5-0.6.4-0.tar.bz2",
            "full_name": "bioconda/fast5/0.6.4/linux-64/fast5-0.6.4-0.tar.bz2",
            "labels": [
                "main",
                "cf201901"
            ],
            "md5": "68f158d6b0122e537b428a2097e77c7d",
            "ndownloads": 552,
            "owner": "bioconda",
            "size": 36881,
            "type": "conda",
            "upload_time": "2017-12-15 17:41:48.182000+00:00",
            "version": "0.6.4"
        },
        {
            "attrs": {
                "arch": "x86_64",
                "build": "0",
                "build_number": 0,
                "depends": [
                    "hdf5 1.8.17*"
                ],
                "has_prefix": false,
                "license": "MIT",
                "machine": "x86_64",
                "operatingsystem": "darwin",
                "platform": "osx",
                "subdir": "osx-64",
                "target-triplet": "x86_64-any-darwin"
            },
            "basename": "osx-64/fast5-0.6.4-0.tar.bz2",
            "dependencies": {
                "depends": [
                    {
                        "name": "hdf5",
                        "specs": [
                            [
                                "==",
                                "1.8.17"
                            ]
                        ]
                    }
                ]
            },
            "description": null,
            "distribution_type": "conda",
            "download_url": "//api.anaconda.org/download/bioconda/fast5/0.6.4/osx-64/fast5-0.6.4-0.tar.bz2",
            "full_name": "bioconda/fast5/0.6.4/osx-64/fast5-0.6.4-0.tar.bz2",
            "labels": [
                "main",
                "cf201901"
            ],
            "md5": "1fd277e0b30e7d8ba04fec183570e0b9",
            "ndownloads": 775,
            "owner": "bioconda",
            "size": 36639,
            "type": "conda",
            "upload_time": "2017-12-15 18:18:37.543000+00:00",
            "version": "0.6.4"
        },
        {
            "attrs": {
                "arch": null,
                "build": "2",
                "build_number": 2,
                "depends": [
                    "hdf5"
                ],
                "has_prefix": false,
                "license": "MIT",
                "machine": null,
                "noarch": "generic",
                "operatingsystem": null,
                "platform": null,
                "subdir": "noarch",
                "target-triplet": "None-any-None",
                "timestamp": 1572190503787
            },
            "basename": "noarch/fast5-0.6.5-2.tar.bz2",
            "dependencies": {
                "depends": [
                    {
                        "name": "hdf5",
                        "specs": []
                    }
                ]
            },
            "description": null,
            "distribution_type": "conda",
            "download_url": "//api.anaconda.org/download/bioconda/fast5/0.6.5/noarch/fast5-0.6.5-2.tar.bz2",
            "full_name": "bioconda/fast5/0.6.5/noarch/fast5-0.6.5-2.tar.bz2",
            "labels": [
                "main"
            ],
            "md5": "f0909ed584a4258025a5f56dcdeadf77",
            "ndownloads": 44,
            "owner": "bioconda",
            "size": 37832,
            "type": "conda",
            "upload_time": "2019-10-27 15:36:41.945000+00:00",
            "version": "0.6.5"
        }
    ],
    "full_name": "bioconda/fast5",
    "home": "None",
    "html_url": "http://anaconda.org/bioconda/fast5",
    "id": "56ddede55b48921862dd03f4",
    "latest_version": "0.6.5",
    "license": "MIT",
    "license_url": null,
    "modified_at": "2019-10-27 15:36:42.212000+00:00",
    "name": "fast5",
    "owner": {
        "company": "",
        "created_at": "2015-09-11 22:59:20.880000+00:00",
        "description": "Bioconda is a distribution of bioinformatics software realized as a channel for the versatile Conda package manager.",
        "location": "",
        "login": "bioconda",
        "name": "bioconda",
        "url": "",
        "user_type": "org"
    },
    "package_types": [
        "conda"
    ],
    "public": true,
    "releases": [
        {
            "distributions": [
                "linux-64/fast5-0.2.0-0.tar.bz2"
            ],
            "full_name": "bioconda/fast5/0.2.0",
            "version": "0.2.0"
        },
        {
            "distributions": [],
            "full_name": "bioconda/fast5/0.5.6",
            "version": "0.5.6"
        },
        {
            "distributions": [],
            "full_name": "bioconda/fast5/0.5.8",
            "version": "0.5.8"
        },
        {
            "distributions": [],
            "full_name": "bioconda/fast5/0.5.9",
            "version": "0.5.9"
        },
        {
            "distributions": [],
            "full_name": "bioconda/fast5/0.5.10a",
            "version": "0.5.10a"
        },
        {
            "distributions": [],
            "full_name": "bioconda/fast5/0.6.1",
            "version": "0.6.1"
        },
        {
            "distributions": [],
            "full_name": "bioconda/fast5/0.6.2",
            "version": "0.6.2"
        },
        {
            "distributions": [],
            "full_name": "bioconda/fast5/0.6.2.p1",
            "version": "0.6.2.p1"
        },
        {
            "distributions": [],
            "full_name": "bioconda/fast5/0.6.3.p1",
            "version": "0.6.3.p1"
        },
        {
            "distributions": [],
            "full_name": "bioconda/fast5/0.6.4",
            "version": "0.6.4"
        },
        {
            "distributions": [],
            "full_name": "bioconda/fast5/0.6.5",
            "version": "0.6.5"
        }
    ],
    "revision": 15,
    "source_git_tag": null,
    "source_git_url": null,
    "summary": "A C++ header-only library for reading Oxford Nanopore Fast5 files.",
    "upvoted": 0,
    "url": "http://api.anaconda.org/packages/bioconda/fast5",
    "versions": [
        "0.2.0",
        "0.5.6",
        "0.5.8",
        "0.5.9",
        "0.5.10a",
        "0.6.1",
        "0.6.2",
        "0.6.2.p1",
        "0.6.3.p1",
        "0.6.4",
        "0.6.5"
    ],
    "watchers": 1
}