{
    "app_entry": {},
    "app_summary": {},
    "app_type": {},
    "builds": [
        "py36_0",
        "py_1",
        "py27_0",
        "py35_0",
        "py34_0"
    ],
    "conda_platforms": [
        "linux-64",
        "osx-64",
        "noarch"
    ],
    "created_at": "2016-02-11 10:11:03.850000+00:00",
    "description": "None",
    "dev_url": {},
    "doc_url": {},
    "files": [
        {
            "attrs": {
                "arch": "x86_64",
                "build": "py34_0",
                "build_number": 0,
                "depends": [
                    "python 3.4*",
                    "six"
                ],
                "license": "MIT License",
                "machine": "x86_64",
                "operatingsystem": "linux",
                "platform": "linux",
                "subdir": "linux-64",
                "target-triplet": "x86_64-any-linux"
            },
            "basename": "linux-64/fastdtw-0.2.0-py34_0.tar.bz2",
            "dependencies": {
                "depends": [
                    {
                        "name": "python",
                        "specs": [
                            [
                                "==",
                                "3.4"
                            ]
                        ]
                    },
                    {
                        "name": "six",
                        "specs": []
                    }
                ]
            },
            "description": null,
            "distribution_type": "conda",
            "download_url": "//api.anaconda.org/download/bioconda/fastdtw/0.2.0/linux-64/fastdtw-0.2.0-py34_0.tar.bz2",
            "full_name": "bioconda/fastdtw/0.2.0/linux-64/fastdtw-0.2.0-py34_0.tar.bz2",
            "labels": [
                "main",
                "cf201901"
            ],
            "md5": "f9bdfdaab3c6d512cc6ac18ddc318dc2",
            "ndownloads": 399,
            "owner": "bioconda",
            "size": 5610,
            "type": "conda",
            "upload_time": "2016-02-11 10:11:04.134000+00:00",
            "version": "0.2.0"
        },
        {
            "attrs": {
                "arch": "x86_64",
                "build": "py35_0",
                "build_number": 0,
                "depends": [
                    "python 3.5*",
                    "six"
                ],
                "license": "MIT License",
                "machine": "x86_64",
                "operatingsystem": "linux",
                "platform": "linux",
                "subdir": "linux-64",
                "target-triplet": "x86_64-any-linux"
            },
            "basename": "linux-64/fastdtw-0.2.0-py35_0.tar.bz2",
            "dependencies": {
                "depends": [
                    {
                        "name": "python",
                        "specs": [
                            [
                                "==",
                                "3.5"
                            ]
                        ]
                    },
                    {
                        "name": "six",
                        "specs": []
                    }
                ]
            },
            "description": null,
            "distribution_type": "conda",
            "download_url": "//api.anaconda.org/download/bioconda/fastdtw/0.2.0/linux-64/fastdtw-0.2.0-py35_0.tar.bz2",
            "full_name": "bioconda/fastdtw/0.2.0/linux-64/fastdtw-0.2.0-py35_0.tar.bz2",
            "labels": [
                "main",
                "cf201901"
            ],
            "md5": "3c4912ad4dfa5d612d37bf9c4a55e1b6",
            "ndownloads": 590,
            "owner": "bioconda",
            "size": 5621,
            "type": "conda",
            "upload_time": "2016-02-11 10:11:05.400000+00:00",
            "version": "0.2.0"
        },
        {
            "attrs": {
                "arch": "x86_64",
                "build": "py27_0",
                "build_number": 0,
                "depends": [
                    "python 2.7*",
                    "six"
                ],
                "license": "MIT License",
                "machine": "x86_64",
                "operatingsystem": "linux",
                "platform": "linux",
                "subdir": "linux-64",
                "target-triplet": "x86_64-any-linux"
            },
            "basename": "linux-64/fastdtw-0.2.0-py27_0.tar.bz2",
            "dependencies": {
                "depends": [
                    {
                        "name": "python",
                        "specs": [
                            [
                                "==",
                                "2.7"
                            ]
                        ]
                    },
                    {
                        "name": "six",
                        "specs": []
                    }
                ]
            },
            "description": null,
            "distribution_type": "conda",
            "download_url": "//api.anaconda.org/download/bioconda/fastdtw/0.2.0/linux-64/fastdtw-0.2.0-py27_0.tar.bz2",
            "full_name": "bioconda/fastdtw/0.2.0/linux-64/fastdtw-0.2.0-py27_0.tar.bz2",
            "labels": [
                "main",
                "cf201901"
            ],
            "md5": "6abe80b9f0b01baf19e64ccab10b5665",
            "ndownloads": 520,
            "owner": "bioconda",
            "size": 5494,
            "type": "conda",
            "upload_time": "2016-02-11 10:11:06.660000+00:00",
            "version": "0.2.0"
        },
        {
            "attrs": {
                "arch": null,
                "build": "py_1",
                "build_number": 1,
                "depends": [
                    "python",
                    "six"
                ],
                "has_prefix": false,
                "license": "MIT License",
                "machine": null,
                "noarch": "python",
                "operatingsystem": null,
                "platform": null,
                "subdir": "noarch",
                "target-triplet": "None-any-None",
                "timestamp": 1531281605748
            },
            "basename": "noarch/fastdtw-0.2.0-py_1.tar.bz2",
            "dependencies": {
                "depends": [
                    {
                        "name": "python",
                        "specs": []
                    },
                    {
                        "name": "six",
                        "specs": []
                    }
                ]
            },
            "description": null,
            "distribution_type": "conda",
            "download_url": "//api.anaconda.org/download/bioconda/fastdtw/0.2.0/noarch/fastdtw-0.2.0-py_1.tar.bz2",
            "full_name": "bioconda/fastdtw/0.2.0/noarch/fastdtw-0.2.0-py_1.tar.bz2",
            "labels": [
                "main",
                "cf201901"
            ],
            "md5": "2a6fe88f42e4b927f768da34de1ba7bf",
            "ndownloads": 2571,
            "owner": "bioconda",
            "size": 5158,
            "type": "conda",
            "upload_time": "2018-07-11 04:01:34.453000+00:00",
            "version": "0.2.0"
        },
        {
            "attrs": {
                "arch": "x86_64",
                "build": "py36_0",
                "build_number": 0,
                "depends": [
                    "python 3.6*",
                    "six"
                ],
                "has_prefix": false,
                "license": "MIT License",
                "machine": "x86_64",
                "operatingsystem": "linux",
                "platform": "linux",
                "subdir": "linux-64",
                "target-triplet": "x86_64-any-linux"
            },
            "basename": "linux-64/fastdtw-0.2.0-py36_0.tar.bz2",
            "dependencies": {
                "depends": [
                    {
                        "name": "python",
                        "specs": [
                            [
                                "==",
                                "3.6"
                            ]
                        ]
                    },
                    {
                        "name": "six",
                        "specs": []
                    }
                ]
            },
            "description": null,
            "distribution_type": "conda",
            "download_url": "//api.anaconda.org/download/bioconda/fastdtw/0.2.0/linux-64/fastdtw-0.2.0-py36_0.tar.bz2",
            "full_name": "bioconda/fastdtw/0.2.0/linux-64/fastdtw-0.2.0-py36_0.tar.bz2",
            "labels": [
                "main",
                "cf201901"
            ],
            "md5": "a627344d639ed47389846949d220c3d1",
            "ndownloads": 911,
            "owner": "bioconda",
            "size": 6556,
            "type": "conda",
            "upload_time": "2017-05-05 21:12:37.202000+00:00",
            "version": "0.2.0"
        },
        {
            "attrs": {
                "arch": "x86_64",
                "build": "py35_0",
                "build_number": 0,
                "depends": [
                    "python 3.5*",
                    "six"
                ],
                "has_prefix": false,
                "license": "MIT License",
                "machine": "x86_64",
                "operatingsystem": "darwin",
                "platform": "osx",
                "subdir": "osx-64",
                "target-triplet": "x86_64-any-darwin"
            },
            "basename": "osx-64/fastdtw-0.2.0-py35_0.tar.bz2",
            "dependencies": {
                "depends": [
                    {
                        "name": "python",
                        "specs": [
                            [
                                "==",
                                "3.5"
                            ]
                        ]
                    },
                    {
                        "name": "six",
                        "specs": []
                    }
                ]
            },
            "description": null,
            "distribution_type": "conda",
            "download_url": "//api.anaconda.org/download/bioconda/fastdtw/0.2.0/osx-64/fastdtw-0.2.0-py35_0.tar.bz2",
            "full_name": "bioconda/fastdtw/0.2.0/osx-64/fastdtw-0.2.0-py35_0.tar.bz2",
            "labels": [
                "main",
                "cf201901"
            ],
            "md5": "134655965b4cc8b63de9feadae658151",
            "ndownloads": 187,
            "owner": "bioconda",
            "size": 6397,
            "type": "conda",
            "upload_time": "2017-10-26 09:25:34.526000+00:00",
            "version": "0.2.0"
        },
        {
            "attrs": {
                "arch": "x86_64",
                "build": "py36_0",
                "build_number": 0,
                "depends": [
                    "python 3.6*",
                    "six"
                ],
                "has_prefix": false,
                "license": "MIT License",
                "machine": "x86_64",
                "operatingsystem": "darwin",
                "platform": "osx",
                "subdir": "osx-64",
                "target-triplet": "x86_64-any-darwin"
            },
            "basename": "osx-64/fastdtw-0.2.0-py36_0.tar.bz2",
            "dependencies": {
                "depends": [
                    {
                        "name": "python",
                        "specs": [
                            [
                                "==",
                                "3.6"
                            ]
                        ]
                    },
                    {
                        "name": "six",
                        "specs": []
                    }
                ]
            },
            "description": null,
            "distribution_type": "conda",
            "download_url": "//api.anaconda.org/download/bioconda/fastdtw/0.2.0/osx-64/fastdtw-0.2.0-py36_0.tar.bz2",
            "full_name": "bioconda/fastdtw/0.2.0/osx-64/fastdtw-0.2.0-py36_0.tar.bz2",
            "labels": [
                "main",
                "cf201901"
            ],
            "md5": "476b60f11d4063d77f03e64858f1bbd0",
            "ndownloads": 648,
            "owner": "bioconda",
            "size": 6350,
            "type": "conda",
            "upload_time": "2017-10-26 09:27:40.340000+00:00",
            "version": "0.2.0"
        },
        {
            "attrs": {
                "arch": "x86_64",
                "build": "py27_0",
                "build_number": 0,
                "depends": [
                    "python 2.7*",
                    "six"
                ],
                "has_prefix": false,
                "license": "MIT License",
                "machine": "x86_64",
                "operatingsystem": "darwin",
                "platform": "osx",
                "subdir": "osx-64",
                "target-triplet": "x86_64-any-darwin"
            },
            "basename": "osx-64/fastdtw-0.2.0-py27_0.tar.bz2",
            "dependencies": {
                "depends": [
                    {
                        "name": "python",
                        "specs": [
                            [
                                "==",
                                "2.7"
                            ]
                        ]
                    },
                    {
                        "name": "six",
                        "specs": []
                    }
                ]
            },
            "description": null,
            "distribution_type": "conda",
            "download_url": "//api.anaconda.org/download/bioconda/fastdtw/0.2.0/osx-64/fastdtw-0.2.0-py27_0.tar.bz2",
            "full_name": "bioconda/fastdtw/0.2.0/osx-64/fastdtw-0.2.0-py27_0.tar.bz2",
            "labels": [
                "main",
                "cf201901"
            ],
            "md5": "30dcec52b42f13fbdd63df1a2907abf2",
            "ndownloads": 58,
            "owner": "bioconda",
            "size": 6220,
            "type": "conda",
            "upload_time": "2017-10-26 09:29:50.463000+00:00",
            "version": "0.2.0"
        }
    ],
    "full_name": "bioconda/fastdtw",
    "home": "None",
    "html_url": "http://anaconda.org/bioconda/fastdtw",
    "id": "56bc5e37266fe4581f570bc9",
    "latest_version": "0.2.0",
    "license": "MIT License",
    "license_url": {},
    "modified_at": "2018-07-11 04:01:34.942000+00:00",
    "name": "fastdtw",
    "owner": {
        "company": "",
        "created_at": "2015-09-11 22:59:20.880000+00:00",
        "description": "Bioconda is a distribution of bioinformatics software realized as a channel for the versatile Conda package manager.",
        "location": "",
        "login": "bioconda",
        "name": "bioconda",
        "url": "",
        "user_type": "org"
    },
    "package_types": [
        "conda"
    ],
    "public": true,
    "releases": [
        {
            "distributions": [
                "linux-64/fastdtw-0.2.0-py34_0.tar.bz2",
                "linux-64/fastdtw-0.2.0-py35_0.tar.bz2",
                "linux-64/fastdtw-0.2.0-py27_0.tar.bz2"
            ],
            "full_name": "bioconda/fastdtw/0.2.0",
            "version": "0.2.0"
        }
    ],
    "revision": 4,
    "source_git_tag": {},
    "source_git_url": {},
    "summary": "Dynamic Time Warping (DTW) algorithm with an O(N) time and memory complexity",
    "upvoted": 0,
    "url": "http://api.anaconda.org/packages/bioconda/fastdtw",
    "versions": [
        "0.2.0"
    ],
    "watchers": 1
}