{
    "app_entry": {},
    "app_summary": {},
    "app_type": {},
    "builds": [
        "0"
    ],
    "conda_platforms": [
        "noarch"
    ],
    "created_at": "2019-09-16 15:11:22.882000+00:00",
    "description": "",
    "dev_url": null,
    "doc_url": null,
    "files": [
        {
            "attrs": {
                "arch": null,
                "build": "0",
                "build_number": 0,
                "depends": [
                    "bedtools",
                    "bioconductor-deseq2",
                    "bioconductor-drimseq",
                    "bioconductor-stager",
                    "intervaltree",
                    "matplotlib",
                    "minimap2",
                    "ncls",
                    "numpy",
                    "pandas",
                    "pybedtools",
                    "pysam",
                    "python >=3.6",
                    "r-ggplot2 2.2.1.*",
                    "r-qqman",
                    "rpy2",
                    "samtools",
                    "seaborn",
                    "tqdm"
                ],
                "has_prefix": false,
                "license": "unknown",
                "machine": null,
                "noarch": "generic",
                "operatingsystem": null,
                "platform": null,
                "subdir": "noarch",
                "target-triplet": "None-any-None",
                "timestamp": 1568646035171
            },
            "basename": "noarch/flair-1.4-0.tar.bz2",
            "dependencies": {
                "depends": [
                    {
                        "name": "bedtools",
                        "specs": []
                    },
                    {
                        "name": "bioconductor-deseq2",
                        "specs": []
                    },
                    {
                        "name": "bioconductor-drimseq",
                        "specs": []
                    },
                    {
                        "name": "bioconductor-stager",
                        "specs": []
                    },
                    {
                        "name": "intervaltree",
                        "specs": []
                    },
                    {
                        "name": "matplotlib",
                        "specs": []
                    },
                    {
                        "name": "minimap2",
                        "specs": []
                    },
                    {
                        "name": "ncls",
                        "specs": []
                    },
                    {
                        "name": "numpy",
                        "specs": []
                    },
                    {
                        "name": "pandas",
                        "specs": []
                    },
                    {
                        "name": "pybedtools",
                        "specs": []
                    },
                    {
                        "name": "pysam",
                        "specs": []
                    },
                    {
                        "name": "python",
                        "specs": [
                            [
                                ">=",
                                "3.6"
                            ]
                        ]
                    },
                    {
                        "name": "r-ggplot2",
                        "specs": [
                            [
                                "==",
                                "2.2.1."
                            ]
                        ]
                    },
                    {
                        "name": "r-qqman",
                        "specs": []
                    },
                    {
                        "name": "rpy2",
                        "specs": []
                    },
                    {
                        "name": "samtools",
                        "specs": []
                    },
                    {
                        "name": "seaborn",
                        "specs": []
                    },
                    {
                        "name": "tqdm",
                        "specs": []
                    }
                ]
            },
            "description": null,
            "distribution_type": "conda",
            "download_url": "//api.anaconda.org/download/bioconda/flair/1.4/noarch/flair-1.4-0.tar.bz2",
            "full_name": "bioconda/flair/1.4/noarch/flair-1.4-0.tar.bz2",
            "labels": [
                "main"
            ],
            "md5": "a751a231ef6b12ae9212a2366f952acc",
            "ndownloads": 50,
            "owner": "bioconda",
            "size": 57544,
            "type": "conda",
            "upload_time": "2019-09-16 15:11:23.875000+00:00",
            "version": "1.4"
        }
    ],
    "full_name": "bioconda/flair",
    "home": "https://github.com/BrooksLabUCSC/flair",
    "html_url": "http://anaconda.org/bioconda/flair",
    "id": "5d7fa61a778a870c8406b9a2",
    "latest_version": "1.4",
    "license": "unknown",
    "license_url": null,
    "modified_at": "2019-09-16 15:11:24.129000+00:00",
    "name": "flair",
    "owner": {
        "company": "",
        "created_at": "2015-09-11 22:59:20.880000+00:00",
        "description": "Bioconda is a distribution of bioinformatics software realized as a channel for the versatile Conda package manager.",
        "location": "",
        "login": "bioconda",
        "name": "bioconda",
        "url": "",
        "user_type": "org"
    },
    "package_types": [
        "conda"
    ],
    "public": true,
    "releases": [
        {
            "distributions": [],
            "full_name": "bioconda/flair/1.4",
            "version": "1.4"
        }
    ],
    "revision": 2,
    "source_git_tag": null,
    "source_git_url": null,
    "summary": "Correction, isoform definition, and alternative splicing analysis of noisy reads (ONT and PacBio).",
    "upvoted": 0,
    "url": "http://api.anaconda.org/packages/bioconda/flair",
    "versions": [
        "1.4"
    ],
    "watchers": 1
}