{
    "app_entry": {},
    "app_summary": {},
    "app_type": {},
    "builds": [
        "pl5.22.0r3.3.1_0",
        "pl5.22.0r3.4.1_2",
        "pl5.22.0r3.3.2_2",
        "pl5.22.0r3.3.2_0",
        "pl5.22.0r3.3.2_1"
    ],
    "conda_platforms": [
        "linux-64"
    ],
    "created_at": "2017-04-19 14:44:33.503000+00:00",
    "description": "",
    "dev_url": {},
    "doc_url": {},
    "files": [
        {
            "attrs": {
                "arch": "x86_64",
                "build": "pl5.22.0r3.3.1_0",
                "build_number": 0,
                "depends": [
                    "bedtools ==2.17.0",
                    "bioconductor-genomicranges",
                    "perl 5.22.0*",
                    "r-base 3.3.1*",
                    "r-gtools",
                    "r-mixtools",
                    "r-segmented",
                    "samtools ==1.1"
                ],
                "has_prefix": true,
                "license": "GPL (>= 2)",
                "machine": "x86_64",
                "operatingsystem": "linux",
                "platform": "linux",
                "subdir": "linux-64",
                "target-triplet": "x86_64-any-linux"
            },
            "basename": "linux-64/footprint-1.0.0-pl5.22.0r3.3.1_0.tar.bz2",
            "dependencies": {
                "depends": [
                    {
                        "name": "bedtools",
                        "specs": [
                            [
                                "==",
                                "2.17.0"
                            ]
                        ]
                    },
                    {
                        "name": "bioconductor-genomicranges",
                        "specs": []
                    },
                    {
                        "name": "perl",
                        "specs": [
                            [
                                "==",
                                "5.22.0"
                            ]
                        ]
                    },
                    {
                        "name": "r-base",
                        "specs": [
                            [
                                "==",
                                "3.3.1"
                            ]
                        ]
                    },
                    {
                        "name": "r-gtools",
                        "specs": []
                    },
                    {
                        "name": "r-mixtools",
                        "specs": []
                    },
                    {
                        "name": "r-segmented",
                        "specs": []
                    },
                    {
                        "name": "samtools",
                        "specs": [
                            [
                                "==",
                                "1.1"
                            ]
                        ]
                    }
                ]
            },
            "description": null,
            "distribution_type": "conda",
            "download_url": "//api.anaconda.org/download/bioconda/footprint/1.0.0/linux-64/footprint-1.0.0-pl5.22.0r3.3.1_0.tar.bz2",
            "full_name": "bioconda/footprint/1.0.0/linux-64/footprint-1.0.0-pl5.22.0r3.3.1_0.tar.bz2",
            "labels": [
                "main",
                "cf201901"
            ],
            "md5": "229a26e56552b80134d360ee672f47f3",
            "ndownloads": 402,
            "owner": "bioconda",
            "size": 9988,
            "type": "conda",
            "upload_time": "2017-04-19 14:44:33.979000+00:00",
            "version": "1.0.0"
        },
        {
            "attrs": {
                "arch": "x86_64",
                "build": "pl5.22.0r3.3.2_0",
                "build_number": 0,
                "depends": [
                    "bedtools ==2.17.0",
                    "bioconductor-genomicranges",
                    "perl 5.22.0*",
                    "r-base 3.3.2*",
                    "r-gtools",
                    "r-mixtools",
                    "r-segmented",
                    "samtools ==1.1"
                ],
                "has_prefix": true,
                "license": "GPL (>= 2)",
                "machine": "x86_64",
                "operatingsystem": "linux",
                "platform": "linux",
                "subdir": "linux-64",
                "target-triplet": "x86_64-any-linux"
            },
            "basename": "linux-64/footprint-1.0.0-pl5.22.0r3.3.2_0.tar.bz2",
            "dependencies": {
                "depends": [
                    {
                        "name": "bedtools",
                        "specs": [
                            [
                                "==",
                                "2.17.0"
                            ]
                        ]
                    },
                    {
                        "name": "bioconductor-genomicranges",
                        "specs": []
                    },
                    {
                        "name": "perl",
                        "specs": [
                            [
                                "==",
                                "5.22.0"
                            ]
                        ]
                    },
                    {
                        "name": "r-base",
                        "specs": [
                            [
                                "==",
                                "3.3.2"
                            ]
                        ]
                    },
                    {
                        "name": "r-gtools",
                        "specs": []
                    },
                    {
                        "name": "r-mixtools",
                        "specs": []
                    },
                    {
                        "name": "r-segmented",
                        "specs": []
                    },
                    {
                        "name": "samtools",
                        "specs": [
                            [
                                "==",
                                "1.1"
                            ]
                        ]
                    }
                ]
            },
            "description": null,
            "distribution_type": "conda",
            "download_url": "//api.anaconda.org/download/bioconda/footprint/1.0.0/linux-64/footprint-1.0.0-pl5.22.0r3.3.2_0.tar.bz2",
            "full_name": "bioconda/footprint/1.0.0/linux-64/footprint-1.0.0-pl5.22.0r3.3.2_0.tar.bz2",
            "labels": [
                "main",
                "cf201901"
            ],
            "md5": "f6cb460a041a5f9e43863aa1413db5da",
            "ndownloads": 393,
            "owner": "bioconda",
            "size": 10982,
            "type": "conda",
            "upload_time": "2017-06-06 12:35:29.795000+00:00",
            "version": "1.0.0"
        },
        {
            "attrs": {
                "arch": "x86_64",
                "build": "pl5.22.0r3.3.2_1",
                "build_number": 1,
                "depends": [
                    "bedtools ==2.17.0",
                    "bioconductor-genomicranges",
                    "perl 5.22.0*",
                    "r-base 3.3.2*",
                    "r-gtools",
                    "r-mixtools",
                    "r-segmented",
                    "samtools ==1.1"
                ],
                "has_prefix": true,
                "license": "GPL (>= 2)",
                "machine": "x86_64",
                "operatingsystem": "linux",
                "platform": "linux",
                "subdir": "linux-64",
                "target-triplet": "x86_64-any-linux"
            },
            "basename": "linux-64/footprint-1.0.0-pl5.22.0r3.3.2_1.tar.bz2",
            "dependencies": {
                "depends": [
                    {
                        "name": "bedtools",
                        "specs": [
                            [
                                "==",
                                "2.17.0"
                            ]
                        ]
                    },
                    {
                        "name": "bioconductor-genomicranges",
                        "specs": []
                    },
                    {
                        "name": "perl",
                        "specs": [
                            [
                                "==",
                                "5.22.0"
                            ]
                        ]
                    },
                    {
                        "name": "r-base",
                        "specs": [
                            [
                                "==",
                                "3.3.2"
                            ]
                        ]
                    },
                    {
                        "name": "r-gtools",
                        "specs": []
                    },
                    {
                        "name": "r-mixtools",
                        "specs": []
                    },
                    {
                        "name": "r-segmented",
                        "specs": []
                    },
                    {
                        "name": "samtools",
                        "specs": [
                            [
                                "==",
                                "1.1"
                            ]
                        ]
                    }
                ]
            },
            "description": null,
            "distribution_type": "conda",
            "download_url": "//api.anaconda.org/download/bioconda/footprint/1.0.0/linux-64/footprint-1.0.0-pl5.22.0r3.3.2_1.tar.bz2",
            "full_name": "bioconda/footprint/1.0.0/linux-64/footprint-1.0.0-pl5.22.0r3.3.2_1.tar.bz2",
            "labels": [
                "main",
                "cf201901"
            ],
            "md5": "d45d8b7ac10c1efae95fa64d48269885",
            "ndownloads": 378,
            "owner": "bioconda",
            "size": 12133,
            "type": "conda",
            "upload_time": "2017-07-19 14:40:56.197000+00:00",
            "version": "1.0.0"
        },
        {
            "attrs": {
                "arch": "x86_64",
                "build": "pl5.22.0r3.3.2_2",
                "build_number": 2,
                "depends": [
                    "bedtools ==2.17.0",
                    "bioconductor-genomicranges",
                    "perl 5.22.0*",
                    "r-base 3.3.2*",
                    "r-gtools",
                    "r-mixtools",
                    "r-segmented",
                    "samtools ==1.1"
                ],
                "has_prefix": true,
                "license": "GPL (>= 2)",
                "machine": "x86_64",
                "operatingsystem": "linux",
                "platform": "linux",
                "subdir": "linux-64",
                "target-triplet": "x86_64-any-linux"
            },
            "basename": "linux-64/footprint-1.0.0-pl5.22.0r3.3.2_2.tar.bz2",
            "dependencies": {
                "depends": [
                    {
                        "name": "bedtools",
                        "specs": [
                            [
                                "==",
                                "2.17.0"
                            ]
                        ]
                    },
                    {
                        "name": "bioconductor-genomicranges",
                        "specs": []
                    },
                    {
                        "name": "perl",
                        "specs": [
                            [
                                "==",
                                "5.22.0"
                            ]
                        ]
                    },
                    {
                        "name": "r-base",
                        "specs": [
                            [
                                "==",
                                "3.3.2"
                            ]
                        ]
                    },
                    {
                        "name": "r-gtools",
                        "specs": []
                    },
                    {
                        "name": "r-mixtools",
                        "specs": []
                    },
                    {
                        "name": "r-segmented",
                        "specs": []
                    },
                    {
                        "name": "samtools",
                        "specs": [
                            [
                                "==",
                                "1.1"
                            ]
                        ]
                    }
                ]
            },
            "description": null,
            "distribution_type": "conda",
            "download_url": "//api.anaconda.org/download/bioconda/footprint/1.0.0/linux-64/footprint-1.0.0-pl5.22.0r3.3.2_2.tar.bz2",
            "full_name": "bioconda/footprint/1.0.0/linux-64/footprint-1.0.0-pl5.22.0r3.3.2_2.tar.bz2",
            "labels": [
                "main",
                "cf201901"
            ],
            "md5": "adda90d161c5f25ef454d5e7bedf6db8",
            "ndownloads": 398,
            "owner": "bioconda",
            "size": 12143,
            "type": "conda",
            "upload_time": "2017-07-25 14:22:35.532000+00:00",
            "version": "1.0.0"
        },
        {
            "attrs": {
                "arch": "x86_64",
                "build": "pl5.22.0r3.4.1_2",
                "build_number": 2,
                "depends": [
                    "bedtools ==2.17.0",
                    "bioconductor-genomicranges",
                    "perl 5.22.0*",
                    "r-base 3.4.1*",
                    "r-gtools",
                    "r-mixtools",
                    "r-segmented",
                    "samtools ==1.1"
                ],
                "has_prefix": true,
                "license": "GPL (>= 2)",
                "machine": "x86_64",
                "operatingsystem": "linux",
                "platform": "linux",
                "subdir": "linux-64",
                "target-triplet": "x86_64-any-linux"
            },
            "basename": "linux-64/footprint-1.0.0-pl5.22.0r3.4.1_2.tar.bz2",
            "dependencies": {
                "depends": [
                    {
                        "name": "bedtools",
                        "specs": [
                            [
                                "==",
                                "2.17.0"
                            ]
                        ]
                    },
                    {
                        "name": "bioconductor-genomicranges",
                        "specs": []
                    },
                    {
                        "name": "perl",
                        "specs": [
                            [
                                "==",
                                "5.22.0"
                            ]
                        ]
                    },
                    {
                        "name": "r-base",
                        "specs": [
                            [
                                "==",
                                "3.4.1"
                            ]
                        ]
                    },
                    {
                        "name": "r-gtools",
                        "specs": []
                    },
                    {
                        "name": "r-mixtools",
                        "specs": []
                    },
                    {
                        "name": "r-segmented",
                        "specs": []
                    },
                    {
                        "name": "samtools",
                        "specs": [
                            [
                                "==",
                                "1.1"
                            ]
                        ]
                    }
                ]
            },
            "description": null,
            "distribution_type": "conda",
            "download_url": "//api.anaconda.org/download/bioconda/footprint/1.0.0/linux-64/footprint-1.0.0-pl5.22.0r3.4.1_2.tar.bz2",
            "full_name": "bioconda/footprint/1.0.0/linux-64/footprint-1.0.0-pl5.22.0r3.4.1_2.tar.bz2",
            "labels": [
                "main",
                "cf201901"
            ],
            "md5": "addb1d95bda574edfc523e1faa6def5b",
            "ndownloads": 1285,
            "owner": "bioconda",
            "size": 11978,
            "type": "conda",
            "upload_time": "2017-09-20 09:52:01.350000+00:00",
            "version": "1.0.0"
        }
    ],
    "full_name": "bioconda/footprint",
    "home": "None",
    "html_url": "http://anaconda.org/bioconda/footprint",
    "id": "58f777d1fe2ee046e52f19a5",
    "latest_version": "1.0.0",
    "license": {},
    "license_url": {},
    "modified_at": "2017-09-20 09:52:01.871000+00:00",
    "name": "footprint",
    "owner": {
        "company": "",
        "created_at": "2015-09-11 22:59:20.880000+00:00",
        "description": "Bioconda is a distribution of bioinformatics software realized as a channel for the versatile Conda package manager.",
        "location": "",
        "login": "bioconda",
        "name": "bioconda",
        "url": "",
        "user_type": "org"
    },
    "package_types": [
        "conda"
    ],
    "public": true,
    "releases": [
        {
            "distributions": [],
            "full_name": "bioconda/footprint/1.0.0",
            "version": "1.0.0"
        }
    ],
    "revision": 2,
    "source_git_tag": {},
    "source_git_url": {},
    "summary": "",
    "upvoted": 0,
    "url": "http://api.anaconda.org/packages/bioconda/footprint",
    "versions": [
        "1.0.0"
    ],
    "watchers": 1
}