{
    "app_entry": {},
    "app_summary": {},
    "app_type": {},
    "builds": [
        "py27_0",
        "py36_0",
        "py_0",
        "py_1",
        "py_2",
        "py35_0"
    ],
    "conda_platforms": [
        "linux-64",
        "osx-64",
        "noarch"
    ],
    "created_at": "2018-04-20 21:39:04.927000+00:00",
    "description": "",
    "dev_url": null,
    "doc_url": null,
    "files": [
        {
            "attrs": {
                "arch": "x86_64",
                "build": "py27_0",
                "build_number": 0,
                "depends": [
                    "appdirs ==1.4",
                    "beautifulsoup4 >=4.6",
                    "biopython >=1.70",
                    "ddt",
                    "future",
                    "logging_exceptions >=0.1.6",
                    "matplotlib ==2",
                    "networkx ==2",
                    "numpy >=1.10.0",
                    "pandas >=0.20",
                    "python 2.7*",
                    "scipy >=0.19.1"
                ],
                "has_prefix": true,
                "license": "GNU Affero GPL 3.0",
                "machine": "x86_64",
                "operatingsystem": "linux",
                "platform": "linux",
                "subdir": "linux-64",
                "target-triplet": "x86_64-any-linux"
            },
            "basename": "linux-64/forgi-1.1-py27_0.tar.bz2",
            "dependencies": {
                "depends": [
                    {
                        "name": "appdirs",
                        "specs": [
                            [
                                "==",
                                "1.4"
                            ]
                        ]
                    },
                    {
                        "name": "beautifulsoup4",
                        "specs": [
                            [
                                ">=",
                                "4.6"
                            ]
                        ]
                    },
                    {
                        "name": "biopython",
                        "specs": [
                            [
                                ">=",
                                "1.70"
                            ]
                        ]
                    },
                    {
                        "name": "ddt",
                        "specs": []
                    },
                    {
                        "name": "future",
                        "specs": []
                    },
                    {
                        "name": "logging_exceptions",
                        "specs": [
                            [
                                ">=",
                                "0.1.6"
                            ]
                        ]
                    },
                    {
                        "name": "matplotlib",
                        "specs": [
                            [
                                "==",
                                "2"
                            ]
                        ]
                    },
                    {
                        "name": "networkx",
                        "specs": [
                            [
                                "==",
                                "2"
                            ]
                        ]
                    },
                    {
                        "name": "numpy",
                        "specs": [
                            [
                                ">=",
                                "1.10.0"
                            ]
                        ]
                    },
                    {
                        "name": "pandas",
                        "specs": [
                            [
                                ">=",
                                "0.20"
                            ]
                        ]
                    },
                    {
                        "name": "python",
                        "specs": [
                            [
                                "==",
                                "2.7"
                            ]
                        ]
                    },
                    {
                        "name": "scipy",
                        "specs": [
                            [
                                ">=",
                                "0.19.1"
                            ]
                        ]
                    }
                ]
            },
            "description": null,
            "distribution_type": "conda",
            "download_url": "//api.anaconda.org/download/bioconda/forgi/1.1/linux-64/forgi-1.1-py27_0.tar.bz2",
            "full_name": "bioconda/forgi/1.1/linux-64/forgi-1.1-py27_0.tar.bz2",
            "labels": [
                "main",
                "cf201901"
            ],
            "md5": "c2a242220092a28002bf737666cfa546",
            "ndownloads": 187,
            "owner": "bioconda",
            "size": 14797397,
            "type": "conda",
            "upload_time": "2018-04-20 22:15:09.737000+00:00",
            "version": "1.1"
        },
        {
            "attrs": {
                "arch": null,
                "build": "py_1",
                "build_number": 1,
                "depends": [
                    "appdirs 1.4.3",
                    "beautifulsoup4 >=4.6",
                    "biopython >=1.70",
                    "ddt",
                    "future",
                    "logging_exceptions >=0.1.6",
                    "matplotlib 2.0.0",
                    "networkx 2.0",
                    "numpy >=1.10.0",
                    "pandas >=0.20",
                    "python",
                    "scipy >=0.19.1"
                ],
                "has_prefix": false,
                "license": "GNU Affero GPL 3.0",
                "machine": null,
                "noarch": "python",
                "operatingsystem": null,
                "platform": null,
                "subdir": "noarch",
                "target-triplet": "None-any-None",
                "timestamp": 1530703858823
            },
            "basename": "noarch/forgi-1.1-py_1.tar.bz2",
            "dependencies": {
                "depends": [
                    {
                        "name": "appdirs",
                        "specs": [
                            [
                                "==",
                                "1.4.3"
                            ]
                        ]
                    },
                    {
                        "name": "beautifulsoup4",
                        "specs": [
                            [
                                ">=",
                                "4.6"
                            ]
                        ]
                    },
                    {
                        "name": "biopython",
                        "specs": [
                            [
                                ">=",
                                "1.70"
                            ]
                        ]
                    },
                    {
                        "name": "ddt",
                        "specs": []
                    },
                    {
                        "name": "future",
                        "specs": []
                    },
                    {
                        "name": "logging_exceptions",
                        "specs": [
                            [
                                ">=",
                                "0.1.6"
                            ]
                        ]
                    },
                    {
                        "name": "matplotlib",
                        "specs": [
                            [
                                "==",
                                "2.0.0"
                            ]
                        ]
                    },
                    {
                        "name": "networkx",
                        "specs": [
                            [
                                "==",
                                "2.0"
                            ]
                        ]
                    },
                    {
                        "name": "numpy",
                        "specs": [
                            [
                                ">=",
                                "1.10.0"
                            ]
                        ]
                    },
                    {
                        "name": "pandas",
                        "specs": [
                            [
                                ">=",
                                "0.20"
                            ]
                        ]
                    },
                    {
                        "name": "python",
                        "specs": []
                    },
                    {
                        "name": "scipy",
                        "specs": [
                            [
                                ">=",
                                "0.19.1"
                            ]
                        ]
                    }
                ]
            },
            "description": null,
            "distribution_type": "conda",
            "download_url": "//api.anaconda.org/download/bioconda/forgi/1.1/noarch/forgi-1.1-py_1.tar.bz2",
            "full_name": "bioconda/forgi/1.1/noarch/forgi-1.1-py_1.tar.bz2",
            "labels": [
                "main",
                "cf201901"
            ],
            "md5": "ae0941c363233347fe4eb4c81da8b4b3",
            "ndownloads": 134,
            "owner": "bioconda",
            "size": 14586481,
            "type": "conda",
            "upload_time": "2018-07-04 11:40:02.592000+00:00",
            "version": "1.1"
        },
        {
            "attrs": {
                "arch": null,
                "build": "py_2",
                "build_number": 2,
                "depends": [
                    "appdirs >=1.4.3",
                    "beautifulsoup4 >=4.6",
                    "biopython >=1.70",
                    "ddt",
                    "future",
                    "logging_exceptions >=0.1.6",
                    "matplotlib >=2",
                    "networkx >=2.0",
                    "numpy >=1.10.0",
                    "pandas >=0.20",
                    "python",
                    "scipy >=0.19.1"
                ],
                "has_prefix": false,
                "license": "GNU Affero GPL 3.0",
                "machine": null,
                "noarch": "python",
                "operatingsystem": null,
                "platform": null,
                "subdir": "noarch",
                "target-triplet": "None-any-None",
                "timestamp": 1533064177648
            },
            "basename": "noarch/forgi-1.1-py_2.tar.bz2",
            "dependencies": {
                "depends": [
                    {
                        "name": "appdirs",
                        "specs": [
                            [
                                ">=",
                                "1.4.3"
                            ]
                        ]
                    },
                    {
                        "name": "beautifulsoup4",
                        "specs": [
                            [
                                ">=",
                                "4.6"
                            ]
                        ]
                    },
                    {
                        "name": "biopython",
                        "specs": [
                            [
                                ">=",
                                "1.70"
                            ]
                        ]
                    },
                    {
                        "name": "ddt",
                        "specs": []
                    },
                    {
                        "name": "future",
                        "specs": []
                    },
                    {
                        "name": "logging_exceptions",
                        "specs": [
                            [
                                ">=",
                                "0.1.6"
                            ]
                        ]
                    },
                    {
                        "name": "matplotlib",
                        "specs": [
                            [
                                ">=",
                                "2"
                            ]
                        ]
                    },
                    {
                        "name": "networkx",
                        "specs": [
                            [
                                ">=",
                                "2.0"
                            ]
                        ]
                    },
                    {
                        "name": "numpy",
                        "specs": [
                            [
                                ">=",
                                "1.10.0"
                            ]
                        ]
                    },
                    {
                        "name": "pandas",
                        "specs": [
                            [
                                ">=",
                                "0.20"
                            ]
                        ]
                    },
                    {
                        "name": "python",
                        "specs": []
                    },
                    {
                        "name": "scipy",
                        "specs": [
                            [
                                ">=",
                                "0.19.1"
                            ]
                        ]
                    }
                ]
            },
            "description": null,
            "distribution_type": "conda",
            "download_url": "//api.anaconda.org/download/bioconda/forgi/1.1/noarch/forgi-1.1-py_2.tar.bz2",
            "full_name": "bioconda/forgi/1.1/noarch/forgi-1.1-py_2.tar.bz2",
            "labels": [
                "main",
                "cf201901"
            ],
            "md5": "4fb598c6b362325f9d723dd49f7784ec",
            "ndownloads": 146,
            "owner": "bioconda",
            "size": 14591186,
            "type": "conda",
            "upload_time": "2018-07-31 19:18:42.543000+00:00",
            "version": "1.1"
        },
        {
            "attrs": {
                "arch": "x86_64",
                "build": "py36_0",
                "build_number": 0,
                "depends": [
                    "appdirs ==1.4",
                    "beautifulsoup4 >=4.6",
                    "biopython >=1.70",
                    "ddt",
                    "future",
                    "logging_exceptions >=0.1.6",
                    "matplotlib ==2",
                    "networkx ==2",
                    "numpy >=1.10.0",
                    "pandas >=0.20",
                    "python 3.6*",
                    "scipy >=0.19.1"
                ],
                "has_prefix": true,
                "license": "GNU Affero GPL 3.0",
                "machine": "x86_64",
                "operatingsystem": "darwin",
                "platform": "osx",
                "subdir": "osx-64",
                "target-triplet": "x86_64-any-darwin"
            },
            "basename": "osx-64/forgi-1.1-py36_0.tar.bz2",
            "dependencies": {
                "depends": [
                    {
                        "name": "appdirs",
                        "specs": [
                            [
                                "==",
                                "1.4"
                            ]
                        ]
                    },
                    {
                        "name": "beautifulsoup4",
                        "specs": [
                            [
                                ">=",
                                "4.6"
                            ]
                        ]
                    },
                    {
                        "name": "biopython",
                        "specs": [
                            [
                                ">=",
                                "1.70"
                            ]
                        ]
                    },
                    {
                        "name": "ddt",
                        "specs": []
                    },
                    {
                        "name": "future",
                        "specs": []
                    },
                    {
                        "name": "logging_exceptions",
                        "specs": [
                            [
                                ">=",
                                "0.1.6"
                            ]
                        ]
                    },
                    {
                        "name": "matplotlib",
                        "specs": [
                            [
                                "==",
                                "2"
                            ]
                        ]
                    },
                    {
                        "name": "networkx",
                        "specs": [
                            [
                                "==",
                                "2"
                            ]
                        ]
                    },
                    {
                        "name": "numpy",
                        "specs": [
                            [
                                ">=",
                                "1.10.0"
                            ]
                        ]
                    },
                    {
                        "name": "pandas",
                        "specs": [
                            [
                                ">=",
                                "0.20"
                            ]
                        ]
                    },
                    {
                        "name": "python",
                        "specs": [
                            [
                                "==",
                                "3.6"
                            ]
                        ]
                    },
                    {
                        "name": "scipy",
                        "specs": [
                            [
                                ">=",
                                "0.19.1"
                            ]
                        ]
                    }
                ]
            },
            "description": null,
            "distribution_type": "conda",
            "download_url": "//api.anaconda.org/download/bioconda/forgi/1.1/osx-64/forgi-1.1-py36_0.tar.bz2",
            "full_name": "bioconda/forgi/1.1/osx-64/forgi-1.1-py36_0.tar.bz2",
            "labels": [
                "main",
                "cf201901"
            ],
            "md5": "a888c81b8339d66b0e4f42a7f62a1baa",
            "ndownloads": 501,
            "owner": "bioconda",
            "size": 14808682,
            "type": "conda",
            "upload_time": "2018-04-20 21:39:05.467000+00:00",
            "version": "1.1"
        },
        {
            "attrs": {
                "arch": "x86_64",
                "build": "py36_0",
                "build_number": 0,
                "depends": [
                    "appdirs ==1.4",
                    "beautifulsoup4 >=4.6",
                    "biopython >=1.70",
                    "ddt",
                    "future",
                    "logging_exceptions >=0.1.6",
                    "matplotlib ==2",
                    "networkx ==2",
                    "numpy >=1.10.0",
                    "pandas >=0.20",
                    "python 3.6*",
                    "scipy >=0.19.1"
                ],
                "has_prefix": true,
                "license": "GNU Affero GPL 3.0",
                "machine": "x86_64",
                "operatingsystem": "linux",
                "platform": "linux",
                "subdir": "linux-64",
                "target-triplet": "x86_64-any-linux"
            },
            "basename": "linux-64/forgi-1.1-py36_0.tar.bz2",
            "dependencies": {
                "depends": [
                    {
                        "name": "appdirs",
                        "specs": [
                            [
                                "==",
                                "1.4"
                            ]
                        ]
                    },
                    {
                        "name": "beautifulsoup4",
                        "specs": [
                            [
                                ">=",
                                "4.6"
                            ]
                        ]
                    },
                    {
                        "name": "biopython",
                        "specs": [
                            [
                                ">=",
                                "1.70"
                            ]
                        ]
                    },
                    {
                        "name": "ddt",
                        "specs": []
                    },
                    {
                        "name": "future",
                        "specs": []
                    },
                    {
                        "name": "logging_exceptions",
                        "specs": [
                            [
                                ">=",
                                "0.1.6"
                            ]
                        ]
                    },
                    {
                        "name": "matplotlib",
                        "specs": [
                            [
                                "==",
                                "2"
                            ]
                        ]
                    },
                    {
                        "name": "networkx",
                        "specs": [
                            [
                                "==",
                                "2"
                            ]
                        ]
                    },
                    {
                        "name": "numpy",
                        "specs": [
                            [
                                ">=",
                                "1.10.0"
                            ]
                        ]
                    },
                    {
                        "name": "pandas",
                        "specs": [
                            [
                                ">=",
                                "0.20"
                            ]
                        ]
                    },
                    {
                        "name": "python",
                        "specs": [
                            [
                                "==",
                                "3.6"
                            ]
                        ]
                    },
                    {
                        "name": "scipy",
                        "specs": [
                            [
                                ">=",
                                "0.19.1"
                            ]
                        ]
                    }
                ]
            },
            "description": null,
            "distribution_type": "conda",
            "download_url": "//api.anaconda.org/download/bioconda/forgi/1.1/linux-64/forgi-1.1-py36_0.tar.bz2",
            "full_name": "bioconda/forgi/1.1/linux-64/forgi-1.1-py36_0.tar.bz2",
            "labels": [
                "main",
                "cf201901"
            ],
            "md5": "824266124b6513048017ba78b45bde5a",
            "ndownloads": 309,
            "owner": "bioconda",
            "size": 14808497,
            "type": "conda",
            "upload_time": "2018-04-20 21:48:42.322000+00:00",
            "version": "1.1"
        },
        {
            "attrs": {
                "arch": "x86_64",
                "build": "py35_0",
                "build_number": 0,
                "depends": [
                    "appdirs ==1.4",
                    "beautifulsoup4 >=4.6",
                    "biopython >=1.70",
                    "ddt",
                    "future",
                    "logging_exceptions >=0.1.6",
                    "matplotlib ==2",
                    "networkx ==2",
                    "numpy >=1.10.0",
                    "pandas >=0.20",
                    "python 3.5*",
                    "scipy >=0.19.1"
                ],
                "has_prefix": true,
                "license": "GNU Affero GPL 3.0",
                "machine": "x86_64",
                "operatingsystem": "linux",
                "platform": "linux",
                "subdir": "linux-64",
                "target-triplet": "x86_64-any-linux"
            },
            "basename": "linux-64/forgi-1.1-py35_0.tar.bz2",
            "dependencies": {
                "depends": [
                    {
                        "name": "appdirs",
                        "specs": [
                            [
                                "==",
                                "1.4"
                            ]
                        ]
                    },
                    {
                        "name": "beautifulsoup4",
                        "specs": [
                            [
                                ">=",
                                "4.6"
                            ]
                        ]
                    },
                    {
                        "name": "biopython",
                        "specs": [
                            [
                                ">=",
                                "1.70"
                            ]
                        ]
                    },
                    {
                        "name": "ddt",
                        "specs": []
                    },
                    {
                        "name": "future",
                        "specs": []
                    },
                    {
                        "name": "logging_exceptions",
                        "specs": [
                            [
                                ">=",
                                "0.1.6"
                            ]
                        ]
                    },
                    {
                        "name": "matplotlib",
                        "specs": [
                            [
                                "==",
                                "2"
                            ]
                        ]
                    },
                    {
                        "name": "networkx",
                        "specs": [
                            [
                                "==",
                                "2"
                            ]
                        ]
                    },
                    {
                        "name": "numpy",
                        "specs": [
                            [
                                ">=",
                                "1.10.0"
                            ]
                        ]
                    },
                    {
                        "name": "pandas",
                        "specs": [
                            [
                                ">=",
                                "0.20"
                            ]
                        ]
                    },
                    {
                        "name": "python",
                        "specs": [
                            [
                                "==",
                                "3.5"
                            ]
                        ]
                    },
                    {
                        "name": "scipy",
                        "specs": [
                            [
                                ">=",
                                "0.19.1"
                            ]
                        ]
                    }
                ]
            },
            "description": null,
            "distribution_type": "conda",
            "download_url": "//api.anaconda.org/download/bioconda/forgi/1.1/linux-64/forgi-1.1-py35_0.tar.bz2",
            "full_name": "bioconda/forgi/1.1/linux-64/forgi-1.1-py35_0.tar.bz2",
            "labels": [
                "main",
                "cf201901"
            ],
            "md5": "498a1639ab98a55e000bde0309ffdd83",
            "ndownloads": 281,
            "owner": "bioconda",
            "size": 14812759,
            "type": "conda",
            "upload_time": "2018-04-20 22:01:56.542000+00:00",
            "version": "1.1"
        },
        {
            "attrs": {
                "arch": "x86_64",
                "build": "py27_0",
                "build_number": 0,
                "depends": [
                    "appdirs ==1.4",
                    "beautifulsoup4 >=4.6",
                    "biopython >=1.70",
                    "ddt",
                    "future",
                    "logging_exceptions >=0.1.6",
                    "matplotlib ==2",
                    "networkx ==2",
                    "numpy >=1.10.0",
                    "pandas >=0.20",
                    "python 2.7*",
                    "scipy >=0.19.1"
                ],
                "has_prefix": true,
                "license": "GNU Affero GPL 3.0",
                "machine": "x86_64",
                "operatingsystem": "darwin",
                "platform": "osx",
                "subdir": "osx-64",
                "target-triplet": "x86_64-any-darwin"
            },
            "basename": "osx-64/forgi-1.1-py27_0.tar.bz2",
            "dependencies": {
                "depends": [
                    {
                        "name": "appdirs",
                        "specs": [
                            [
                                "==",
                                "1.4"
                            ]
                        ]
                    },
                    {
                        "name": "beautifulsoup4",
                        "specs": [
                            [
                                ">=",
                                "4.6"
                            ]
                        ]
                    },
                    {
                        "name": "biopython",
                        "specs": [
                            [
                                ">=",
                                "1.70"
                            ]
                        ]
                    },
                    {
                        "name": "ddt",
                        "specs": []
                    },
                    {
                        "name": "future",
                        "specs": []
                    },
                    {
                        "name": "logging_exceptions",
                        "specs": [
                            [
                                ">=",
                                "0.1.6"
                            ]
                        ]
                    },
                    {
                        "name": "matplotlib",
                        "specs": [
                            [
                                "==",
                                "2"
                            ]
                        ]
                    },
                    {
                        "name": "networkx",
                        "specs": [
                            [
                                "==",
                                "2"
                            ]
                        ]
                    },
                    {
                        "name": "numpy",
                        "specs": [
                            [
                                ">=",
                                "1.10.0"
                            ]
                        ]
                    },
                    {
                        "name": "pandas",
                        "specs": [
                            [
                                ">=",
                                "0.20"
                            ]
                        ]
                    },
                    {
                        "name": "python",
                        "specs": [
                            [
                                "==",
                                "2.7"
                            ]
                        ]
                    },
                    {
                        "name": "scipy",
                        "specs": [
                            [
                                ">=",
                                "0.19.1"
                            ]
                        ]
                    }
                ]
            },
            "description": null,
            "distribution_type": "conda",
            "download_url": "//api.anaconda.org/download/bioconda/forgi/1.1/osx-64/forgi-1.1-py27_0.tar.bz2",
            "full_name": "bioconda/forgi/1.1/osx-64/forgi-1.1-py27_0.tar.bz2",
            "labels": [
                "main",
                "cf201901"
            ],
            "md5": "25a7107991a5bccf593e706ff8bf7daa",
            "ndownloads": 75,
            "owner": "bioconda",
            "size": 14801982,
            "type": "conda",
            "upload_time": "2018-04-24 00:26:49.340000+00:00",
            "version": "1.1"
        },
        {
            "attrs": {
                "arch": "x86_64",
                "build": "py35_0",
                "build_number": 0,
                "depends": [
                    "appdirs ==1.4",
                    "beautifulsoup4 >=4.6",
                    "biopython >=1.70",
                    "ddt",
                    "future",
                    "logging_exceptions >=0.1.6",
                    "matplotlib ==2",
                    "networkx ==2",
                    "numpy >=1.10.0",
                    "pandas >=0.20",
                    "python 3.5*",
                    "scipy >=0.19.1"
                ],
                "has_prefix": true,
                "license": "GNU Affero GPL 3.0",
                "machine": "x86_64",
                "operatingsystem": "darwin",
                "platform": "osx",
                "subdir": "osx-64",
                "target-triplet": "x86_64-any-darwin"
            },
            "basename": "osx-64/forgi-1.1-py35_0.tar.bz2",
            "dependencies": {
                "depends": [
                    {
                        "name": "appdirs",
                        "specs": [
                            [
                                "==",
                                "1.4"
                            ]
                        ]
                    },
                    {
                        "name": "beautifulsoup4",
                        "specs": [
                            [
                                ">=",
                                "4.6"
                            ]
                        ]
                    },
                    {
                        "name": "biopython",
                        "specs": [
                            [
                                ">=",
                                "1.70"
                            ]
                        ]
                    },
                    {
                        "name": "ddt",
                        "specs": []
                    },
                    {
                        "name": "future",
                        "specs": []
                    },
                    {
                        "name": "logging_exceptions",
                        "specs": [
                            [
                                ">=",
                                "0.1.6"
                            ]
                        ]
                    },
                    {
                        "name": "matplotlib",
                        "specs": [
                            [
                                "==",
                                "2"
                            ]
                        ]
                    },
                    {
                        "name": "networkx",
                        "specs": [
                            [
                                "==",
                                "2"
                            ]
                        ]
                    },
                    {
                        "name": "numpy",
                        "specs": [
                            [
                                ">=",
                                "1.10.0"
                            ]
                        ]
                    },
                    {
                        "name": "pandas",
                        "specs": [
                            [
                                ">=",
                                "0.20"
                            ]
                        ]
                    },
                    {
                        "name": "python",
                        "specs": [
                            [
                                "==",
                                "3.5"
                            ]
                        ]
                    },
                    {
                        "name": "scipy",
                        "specs": [
                            [
                                ">=",
                                "0.19.1"
                            ]
                        ]
                    }
                ]
            },
            "description": null,
            "distribution_type": "conda",
            "download_url": "//api.anaconda.org/download/bioconda/forgi/1.1/osx-64/forgi-1.1-py35_0.tar.bz2",
            "full_name": "bioconda/forgi/1.1/osx-64/forgi-1.1-py35_0.tar.bz2",
            "labels": [
                "main",
                "cf201901"
            ],
            "md5": "fa852a60a3b0f2c87ac787812f88e115",
            "ndownloads": 239,
            "owner": "bioconda",
            "size": 14812212,
            "type": "conda",
            "upload_time": "2018-04-24 00:28:54.064000+00:00",
            "version": "1.1"
        },
        {
            "attrs": {
                "arch": null,
                "build": "py_2",
                "build_number": 2,
                "depends": [
                    "appdirs >=1.4.3",
                    "beautifulsoup4 >=4.6",
                    "biopython >=1.70",
                    "future",
                    "logging_exceptions >=0.1.6",
                    "matplotlib >=2",
                    "networkx >=2.0",
                    "numpy >=1.10.0",
                    "pandas >=0.20",
                    "python",
                    "scipy >=0.19.1"
                ],
                "has_prefix": false,
                "license": "GNU GPL 3.0",
                "machine": null,
                "noarch": "python",
                "operatingsystem": null,
                "platform": null,
                "subdir": "noarch",
                "target-triplet": "None-any-None",
                "timestamp": 1551275702598
            },
            "basename": "noarch/forgi-2.0-py_2.tar.bz2",
            "dependencies": {
                "depends": [
                    {
                        "name": "appdirs",
                        "specs": [
                            [
                                ">=",
                                "1.4.3"
                            ]
                        ]
                    },
                    {
                        "name": "beautifulsoup4",
                        "specs": [
                            [
                                ">=",
                                "4.6"
                            ]
                        ]
                    },
                    {
                        "name": "biopython",
                        "specs": [
                            [
                                ">=",
                                "1.70"
                            ]
                        ]
                    },
                    {
                        "name": "future",
                        "specs": []
                    },
                    {
                        "name": "logging_exceptions",
                        "specs": [
                            [
                                ">=",
                                "0.1.6"
                            ]
                        ]
                    },
                    {
                        "name": "matplotlib",
                        "specs": [
                            [
                                ">=",
                                "2"
                            ]
                        ]
                    },
                    {
                        "name": "networkx",
                        "specs": [
                            [
                                ">=",
                                "2.0"
                            ]
                        ]
                    },
                    {
                        "name": "numpy",
                        "specs": [
                            [
                                ">=",
                                "1.10.0"
                            ]
                        ]
                    },
                    {
                        "name": "pandas",
                        "specs": [
                            [
                                ">=",
                                "0.20"
                            ]
                        ]
                    },
                    {
                        "name": "python",
                        "specs": []
                    },
                    {
                        "name": "scipy",
                        "specs": [
                            [
                                ">=",
                                "0.19.1"
                            ]
                        ]
                    }
                ]
            },
            "description": null,
            "distribution_type": "conda",
            "download_url": "//api.anaconda.org/download/bioconda/forgi/2.0/noarch/forgi-2.0-py_2.tar.bz2",
            "full_name": "bioconda/forgi/2.0/noarch/forgi-2.0-py_2.tar.bz2",
            "labels": [
                "main"
            ],
            "md5": "fcfd6be362a649a0fceabd27f28e156e",
            "ndownloads": 114,
            "owner": "bioconda",
            "size": 19733655,
            "type": "conda",
            "upload_time": "2019-02-27 14:04:19.448000+00:00",
            "version": "2.0"
        },
        {
            "attrs": {
                "arch": null,
                "build": "py_0",
                "build_number": 0,
                "depends": [
                    "appdirs >=1.4.3",
                    "beautifulsoup4 >=4.6",
                    "biopython >=1.70",
                    "future",
                    "logging_exceptions >=0.1.6",
                    "matplotlib >=2",
                    "networkx >=2.0",
                    "numpy >=1.10.0",
                    "pandas >=0.20",
                    "python",
                    "scipy >=0.19.1"
                ],
                "has_prefix": false,
                "license": "GPL 3.0",
                "machine": null,
                "noarch": "python",
                "operatingsystem": null,
                "platform": null,
                "subdir": "noarch",
                "target-triplet": "None-any-None",
                "timestamp": 1567940237008
            },
            "basename": "noarch/forgi-2.0.3-py_0.tar.bz2",
            "dependencies": {
                "depends": [
                    {
                        "name": "appdirs",
                        "specs": [
                            [
                                ">=",
                                "1.4.3"
                            ]
                        ]
                    },
                    {
                        "name": "beautifulsoup4",
                        "specs": [
                            [
                                ">=",
                                "4.6"
                            ]
                        ]
                    },
                    {
                        "name": "biopython",
                        "specs": [
                            [
                                ">=",
                                "1.70"
                            ]
                        ]
                    },
                    {
                        "name": "future",
                        "specs": []
                    },
                    {
                        "name": "logging_exceptions",
                        "specs": [
                            [
                                ">=",
                                "0.1.6"
                            ]
                        ]
                    },
                    {
                        "name": "matplotlib",
                        "specs": [
                            [
                                ">=",
                                "2"
                            ]
                        ]
                    },
                    {
                        "name": "networkx",
                        "specs": [
                            [
                                ">=",
                                "2.0"
                            ]
                        ]
                    },
                    {
                        "name": "numpy",
                        "specs": [
                            [
                                ">=",
                                "1.10.0"
                            ]
                        ]
                    },
                    {
                        "name": "pandas",
                        "specs": [
                            [
                                ">=",
                                "0.20"
                            ]
                        ]
                    },
                    {
                        "name": "python",
                        "specs": []
                    },
                    {
                        "name": "scipy",
                        "specs": [
                            [
                                ">=",
                                "0.19.1"
                            ]
                        ]
                    }
                ]
            },
            "description": null,
            "distribution_type": "conda",
            "download_url": "//api.anaconda.org/download/bioconda/forgi/2.0.3/noarch/forgi-2.0.3-py_0.tar.bz2",
            "full_name": "bioconda/forgi/2.0.3/noarch/forgi-2.0.3-py_0.tar.bz2",
            "labels": [
                "main"
            ],
            "md5": "2742b81aeb45dd0241e2eba22b98a059",
            "ndownloads": 49,
            "owner": "bioconda",
            "size": 19716653,
            "type": "conda",
            "upload_time": "2019-09-08 11:04:41.214000+00:00",
            "version": "2.0.3"
        }
    ],
    "full_name": "bioconda/forgi",
    "home": "http://www.tbi.univie.ac.at/~pkerp/forgi/",
    "html_url": "http://anaconda.org/bioconda/forgi",
    "id": "5ada5df81c318511e6557e8d",
    "latest_version": "2.0.3",
    "license": "GPL 3.0",
    "license_url": null,
    "modified_at": "2019-09-08 11:04:41.990000+00:00",
    "name": "forgi",
    "owner": {
        "company": "",
        "created_at": "2015-09-11 22:59:20.880000+00:00",
        "description": "Bioconda is a distribution of bioinformatics software realized as a channel for the versatile Conda package manager.",
        "location": "",
        "login": "bioconda",
        "name": "bioconda",
        "url": "",
        "user_type": "org"
    },
    "package_types": [
        "conda"
    ],
    "public": true,
    "releases": [
        {
            "distributions": [],
            "full_name": "bioconda/forgi/1.1",
            "version": "1.1"
        },
        {
            "distributions": [],
            "full_name": "bioconda/forgi/2.0",
            "version": "2.0"
        },
        {
            "distributions": [],
            "full_name": "bioconda/forgi/2.0.3",
            "version": "2.0.3"
        }
    ],
    "revision": 6,
    "source_git_tag": null,
    "source_git_url": null,
    "summary": "RNA Graph Library",
    "upvoted": 0,
    "url": "http://api.anaconda.org/packages/bioconda/forgi",
    "versions": [
        "1.1",
        "2.0",
        "2.0.3"
    ],
    "watchers": 1
}