{
    "app_entry": {},
    "app_summary": {},
    "app_type": {},
    "builds": [
        "1",
        "0"
    ],
    "conda_platforms": [
        "noarch"
    ],
    "created_at": "2019-05-05 21:28:36.793000+00:00",
    "description": "",
    "dev_url": "https://github.com/broadinstitute/gatk",
    "doc_url": null,
    "files": [
        {
            "attrs": {
                "arch": null,
                "build": "1",
                "build_number": 1,
                "depends": [
                    "gatk4 4.1.2.0 1",
                    "openjdk >=8,<9",
                    "python"
                ],
                "has_prefix": false,
                "license": "BSD-3-Clause",
                "license_family": "BSD",
                "machine": null,
                "noarch": "generic",
                "operatingsystem": null,
                "platform": null,
                "subdir": "noarch",
                "target-triplet": "None-any-None",
                "timestamp": 1557089735970
            },
            "basename": "noarch/gatk4-spark-4.1.2.0-1.tar.bz2",
            "dependencies": {
                "depends": [
                    {
                        "name": "gatk4",
                        "specs": [
                            [
                                "==",
                                "4.1.2.0 1"
                            ]
                        ]
                    },
                    {
                        "name": "openjdk",
                        "specs": [
                            [
                                ">=",
                                "8,<9"
                            ]
                        ]
                    },
                    {
                        "name": "python",
                        "specs": []
                    }
                ]
            },
            "description": null,
            "distribution_type": "conda",
            "download_url": "//api.anaconda.org/download/bioconda/gatk4-spark/4.1.2.0/noarch/gatk4-spark-4.1.2.0-1.tar.bz2",
            "full_name": "bioconda/gatk4-spark/4.1.2.0/noarch/gatk4-spark-4.1.2.0-1.tar.bz2",
            "labels": [
                "main"
            ],
            "md5": "668f0012b78e3271f08e4e37d1bdfabf",
            "ndownloads": 80,
            "owner": "bioconda",
            "size": 130008782,
            "type": "conda",
            "upload_time": "2019-05-05 21:28:37.382000+00:00",
            "version": "4.1.2.0"
        },
        {
            "attrs": {
                "arch": null,
                "build": "0",
                "build_number": 0,
                "depends": [
                    "gatk4 4.1.3.0 0",
                    "openjdk >=8,<9",
                    "python"
                ],
                "has_prefix": false,
                "license": "BSD-3-Clause",
                "license_family": "BSD",
                "machine": null,
                "noarch": "generic",
                "operatingsystem": null,
                "platform": null,
                "subdir": "noarch",
                "target-triplet": "None-any-None",
                "timestamp": 1565383212325
            },
            "basename": "noarch/gatk4-spark-4.1.3.0-0.tar.bz2",
            "dependencies": {
                "depends": [
                    {
                        "name": "gatk4",
                        "specs": [
                            [
                                "==",
                                "4.1.3.0 0"
                            ]
                        ]
                    },
                    {
                        "name": "openjdk",
                        "specs": [
                            [
                                ">=",
                                "8,<9"
                            ]
                        ]
                    },
                    {
                        "name": "python",
                        "specs": []
                    }
                ]
            },
            "description": null,
            "distribution_type": "conda",
            "download_url": "//api.anaconda.org/download/bioconda/gatk4-spark/4.1.3.0/noarch/gatk4-spark-4.1.3.0-0.tar.bz2",
            "full_name": "bioconda/gatk4-spark/4.1.3.0/noarch/gatk4-spark-4.1.3.0-0.tar.bz2",
            "labels": [
                "main"
            ],
            "md5": "29d8c14149ea69aabcb92887b51daa69",
            "ndownloads": 54,
            "owner": "bioconda",
            "size": 132074701,
            "type": "conda",
            "upload_time": "2019-08-09 20:51:54.815000+00:00",
            "version": "4.1.3.0"
        },
        {
            "attrs": {
                "arch": null,
                "build": "0",
                "build_number": 0,
                "depends": [
                    "gatk4 4.1.4.0 0",
                    "openjdk >=8,<9",
                    "python"
                ],
                "has_prefix": false,
                "license": "BSD-3-Clause",
                "license_family": "BSD",
                "machine": null,
                "noarch": "generic",
                "operatingsystem": null,
                "platform": null,
                "subdir": "noarch",
                "target-triplet": "None-any-None",
                "timestamp": 1570567292106
            },
            "basename": "noarch/gatk4-spark-4.1.4.0-0.tar.bz2",
            "dependencies": {
                "depends": [
                    {
                        "name": "gatk4",
                        "specs": [
                            [
                                "==",
                                "4.1.4.0 0"
                            ]
                        ]
                    },
                    {
                        "name": "openjdk",
                        "specs": [
                            [
                                ">=",
                                "8,<9"
                            ]
                        ]
                    },
                    {
                        "name": "python",
                        "specs": []
                    }
                ]
            },
            "description": null,
            "distribution_type": "conda",
            "download_url": "//api.anaconda.org/download/bioconda/gatk4-spark/4.1.4.0/noarch/gatk4-spark-4.1.4.0-0.tar.bz2",
            "full_name": "bioconda/gatk4-spark/4.1.4.0/noarch/gatk4-spark-4.1.4.0-0.tar.bz2",
            "labels": [
                "main"
            ],
            "md5": "cae1b2dfb06ae5cdbc5a2068441b6e54",
            "ndownloads": 34,
            "owner": "bioconda",
            "size": 132902500,
            "type": "conda",
            "upload_time": "2019-10-08 20:54:45.679000+00:00",
            "version": "4.1.4.0"
        },
        {
            "attrs": {
                "arch": null,
                "build": "1",
                "build_number": 1,
                "depends": [
                    "gatk4 4.1.4.0 1",
                    "openjdk >=8,<9",
                    "python"
                ],
                "has_prefix": false,
                "license": "BSD-3-Clause",
                "license_family": "BSD",
                "machine": null,
                "noarch": "generic",
                "operatingsystem": null,
                "platform": null,
                "subdir": "noarch",
                "target-triplet": "None-any-None",
                "timestamp": 1572099249010
            },
            "basename": "noarch/gatk4-spark-4.1.4.0-1.tar.bz2",
            "dependencies": {
                "depends": [
                    {
                        "name": "gatk4",
                        "specs": [
                            [
                                "==",
                                "4.1.4.0 1"
                            ]
                        ]
                    },
                    {
                        "name": "openjdk",
                        "specs": [
                            [
                                ">=",
                                "8,<9"
                            ]
                        ]
                    },
                    {
                        "name": "python",
                        "specs": []
                    }
                ]
            },
            "description": null,
            "distribution_type": "conda",
            "download_url": "//api.anaconda.org/download/bioconda/gatk4-spark/4.1.4.0/noarch/gatk4-spark-4.1.4.0-1.tar.bz2",
            "full_name": "bioconda/gatk4-spark/4.1.4.0/noarch/gatk4-spark-4.1.4.0-1.tar.bz2",
            "labels": [
                "main"
            ],
            "md5": "13829146f9b133cfe98c44542422a2c9",
            "ndownloads": 30,
            "owner": "bioconda",
            "size": 132903338,
            "type": "conda",
            "upload_time": "2019-10-26 14:30:09.804000+00:00",
            "version": "4.1.4.0"
        },
        {
            "attrs": {
                "arch": null,
                "build": "0",
                "build_number": 0,
                "depends": [
                    "gatk4 4.1.4.1 0",
                    "openjdk >=8,<9",
                    "python"
                ],
                "has_prefix": false,
                "license": "BSD-3-Clause",
                "license_family": "BSD",
                "machine": null,
                "noarch": "generic",
                "operatingsystem": null,
                "platform": null,
                "subdir": "noarch",
                "target-triplet": "None-any-None",
                "timestamp": 1574885370838
            },
            "basename": "noarch/gatk4-spark-4.1.4.1-0.tar.bz2",
            "dependencies": {
                "depends": [
                    {
                        "name": "gatk4",
                        "specs": [
                            [
                                "==",
                                "4.1.4.1 0"
                            ]
                        ]
                    },
                    {
                        "name": "openjdk",
                        "specs": [
                            [
                                ">=",
                                "8,<9"
                            ]
                        ]
                    },
                    {
                        "name": "python",
                        "specs": []
                    }
                ]
            },
            "description": null,
            "distribution_type": "conda",
            "download_url": "//api.anaconda.org/download/bioconda/gatk4-spark/4.1.4.1/noarch/gatk4-spark-4.1.4.1-0.tar.bz2",
            "full_name": "bioconda/gatk4-spark/4.1.4.1/noarch/gatk4-spark-4.1.4.1-0.tar.bz2",
            "labels": [
                "main"
            ],
            "md5": "e509ab279c27cca170eda957675b6e8b",
            "ndownloads": 29,
            "owner": "bioconda",
            "size": 135511561,
            "type": "conda",
            "upload_time": "2019-11-27 21:34:40.805000+00:00",
            "version": "4.1.4.1"
        },
        {
            "attrs": {
                "arch": null,
                "build": "1",
                "build_number": 1,
                "depends": [
                    "gatk4 4.1.4.1 1",
                    "openjdk >=8,<9",
                    "python"
                ],
                "has_prefix": false,
                "license": "BSD-3-Clause",
                "license_family": "BSD",
                "machine": null,
                "noarch": "generic",
                "operatingsystem": null,
                "platform": null,
                "subdir": "noarch",
                "target-triplet": "None-any-None",
                "timestamp": 1577131897979
            },
            "basename": "noarch/gatk4-spark-4.1.4.1-1.tar.bz2",
            "dependencies": {
                "depends": [
                    {
                        "name": "gatk4",
                        "specs": [
                            [
                                "==",
                                "4.1.4.1 1"
                            ]
                        ]
                    },
                    {
                        "name": "openjdk",
                        "specs": [
                            [
                                ">=",
                                "8,<9"
                            ]
                        ]
                    },
                    {
                        "name": "python",
                        "specs": []
                    }
                ]
            },
            "description": null,
            "distribution_type": "conda",
            "download_url": "//api.anaconda.org/download/bioconda/gatk4-spark/4.1.4.1/noarch/gatk4-spark-4.1.4.1-1.tar.bz2",
            "full_name": "bioconda/gatk4-spark/4.1.4.1/noarch/gatk4-spark-4.1.4.1-1.tar.bz2",
            "labels": [
                "main"
            ],
            "md5": "b289f324ff21eae25632937f845a4674",
            "ndownloads": 16,
            "owner": "bioconda",
            "size": 135511997,
            "type": "conda",
            "upload_time": "2019-12-24 08:58:13.274000+00:00",
            "version": "4.1.4.1"
        }
    ],
    "full_name": "bioconda/gatk4-spark",
    "home": "https://www.broadinstitute.org/gatk/",
    "html_url": "http://anaconda.org/bioconda/gatk4-spark",
    "id": "5ccf5584a14fd5146b82993f",
    "latest_version": "4.1.4.1",
    "license": "BSD-3-Clause",
    "license_url": null,
    "modified_at": "2019-12-24 08:58:16.526000+00:00",
    "name": "gatk4-spark",
    "owner": {
        "company": "",
        "created_at": "2015-09-11 22:59:20.880000+00:00",
        "description": "Bioconda is a distribution of bioinformatics software realized as a channel for the versatile Conda package manager.",
        "location": "",
        "login": "bioconda",
        "name": "bioconda",
        "url": "",
        "user_type": "org"
    },
    "package_types": [
        "conda"
    ],
    "public": true,
    "releases": [
        {
            "distributions": [],
            "full_name": "bioconda/gatk4-spark/4.1.2.0",
            "version": "4.1.2.0"
        },
        {
            "distributions": [],
            "full_name": "bioconda/gatk4-spark/4.1.3.0",
            "version": "4.1.3.0"
        },
        {
            "distributions": [],
            "full_name": "bioconda/gatk4-spark/4.1.4.0",
            "version": "4.1.4.0"
        },
        {
            "distributions": [],
            "full_name": "bioconda/gatk4-spark/4.1.4.1",
            "version": "4.1.4.1"
        }
    ],
    "revision": 8,
    "source_git_tag": null,
    "source_git_url": null,
    "summary": "Genome Analysis Toolkit (GATK4)",
    "upvoted": 0,
    "url": "http://api.anaconda.org/packages/bioconda/gatk4-spark",
    "versions": [
        "4.1.2.0",
        "4.1.3.0",
        "4.1.4.0",
        "4.1.4.1"
    ],
    "watchers": 1
}