{
    "app_entry": {},
    "app_summary": {},
    "app_type": {},
    "builds": [
        "hb5738dd_0",
        "habdee47_0",
        "h9dd4a16_0"
    ],
    "conda_platforms": [
        "linux-64",
        "osx-64"
    ],
    "created_at": "2018-10-10 00:11:38.393000+00:00",
    "description": "",
    "dev_url": null,
    "doc_url": null,
    "files": [
        {
            "attrs": {
                "arch": "x86_64",
                "build": "h9dd4a16_0",
                "build_number": 0,
                "depends": [
                    "gsl >=2.2.1,<2.3.0a0",
                    "libstdcxx-ng >=4.9",
                    "openblas >=0.2.20,<0.2.21.0a0",
                    "zlib >=1.2.11,<1.3.0a0"
                ],
                "has_prefix": true,
                "license": "GPLv3",
                "machine": "x86_64",
                "operatingsystem": "linux",
                "platform": "linux",
                "subdir": "linux-64",
                "target-triplet": "x86_64-any-linux",
                "timestamp": 1539130208894
            },
            "basename": "linux-64/gemma-0.98-h9dd4a16_0.tar.bz2",
            "dependencies": {
                "depends": [
                    {
                        "name": "gsl",
                        "specs": [
                            [
                                ">=",
                                "2.2.1,<2.3.0a0"
                            ]
                        ]
                    },
                    {
                        "name": "libstdcxx-ng",
                        "specs": [
                            [
                                ">=",
                                "4.9"
                            ]
                        ]
                    },
                    {
                        "name": "openblas",
                        "specs": [
                            [
                                ">=",
                                "0.2.20,<0.2.21.0a0"
                            ]
                        ]
                    },
                    {
                        "name": "zlib",
                        "specs": [
                            [
                                ">=",
                                "1.2.11,<1.3.0a0"
                            ]
                        ]
                    }
                ]
            },
            "description": null,
            "distribution_type": "conda",
            "download_url": "//api.anaconda.org/download/bioconda/gemma/0.98/linux-64/gemma-0.98-h9dd4a16_0.tar.bz2",
            "full_name": "bioconda/gemma/0.98/linux-64/gemma-0.98-h9dd4a16_0.tar.bz2",
            "labels": [
                "main",
                "cf201901"
            ],
            "md5": "fdc7a5cf1b8d0fc315a99364e9c381e7",
            "ndownloads": 501,
            "owner": "bioconda",
            "size": 4869552,
            "type": "conda",
            "upload_time": "2018-10-10 00:11:39.100000+00:00",
            "version": "0.98"
        },
        {
            "attrs": {
                "arch": "x86_64",
                "build": "h9dd4a16_0",
                "build_number": 0,
                "depends": [
                    "gsl >=2.2.1,<2.3.0a0",
                    "openblas >=0.2.20,<0.2.21.0a0",
                    "zlib >=1.2.11,<1.3.0a0"
                ],
                "has_prefix": true,
                "license": "GPLv3",
                "machine": "x86_64",
                "operatingsystem": "darwin",
                "platform": "osx",
                "subdir": "osx-64",
                "target-triplet": "x86_64-any-darwin",
                "timestamp": 1539149725761
            },
            "basename": "osx-64/gemma-0.98-h9dd4a16_0.tar.bz2",
            "dependencies": {
                "depends": [
                    {
                        "name": "gsl",
                        "specs": [
                            [
                                ">=",
                                "2.2.1,<2.3.0a0"
                            ]
                        ]
                    },
                    {
                        "name": "openblas",
                        "specs": [
                            [
                                ">=",
                                "0.2.20,<0.2.21.0a0"
                            ]
                        ]
                    },
                    {
                        "name": "zlib",
                        "specs": [
                            [
                                ">=",
                                "1.2.11,<1.3.0a0"
                            ]
                        ]
                    }
                ]
            },
            "description": null,
            "distribution_type": "conda",
            "download_url": "//api.anaconda.org/download/bioconda/gemma/0.98/osx-64/gemma-0.98-h9dd4a16_0.tar.bz2",
            "full_name": "bioconda/gemma/0.98/osx-64/gemma-0.98-h9dd4a16_0.tar.bz2",
            "labels": [
                "main",
                "cf201901"
            ],
            "md5": "bb396ac965b098091db0dafd9183b40f",
            "ndownloads": 835,
            "owner": "bioconda",
            "size": 1052686,
            "type": "conda",
            "upload_time": "2018-10-10 05:35:38.626000+00:00",
            "version": "0.98"
        },
        {
            "attrs": {
                "arch": "x86_64",
                "build": "hb5738dd_0",
                "build_number": 0,
                "depends": [
                    "libgcc-ng >=7.3.0",
                    "libstdcxx-ng >=7.3.0",
                    "openblas >=0.3.6,<0.3.7.0a0",
                    "zlib >=1.2.11,<1.3.0a0"
                ],
                "has_prefix": false,
                "license": "GPLv3",
                "machine": "x86_64",
                "operatingsystem": "linux",
                "platform": "linux",
                "subdir": "linux-64",
                "target-triplet": "x86_64-any-linux",
                "timestamp": 1575293900047
            },
            "basename": "linux-64/gemma-0.98.1-hb5738dd_0.tar.bz2",
            "dependencies": {
                "depends": [
                    {
                        "name": "libgcc-ng",
                        "specs": [
                            [
                                ">=",
                                "7.3.0"
                            ]
                        ]
                    },
                    {
                        "name": "libstdcxx-ng",
                        "specs": [
                            [
                                ">=",
                                "7.3.0"
                            ]
                        ]
                    },
                    {
                        "name": "openblas",
                        "specs": [
                            [
                                ">=",
                                "0.3.6,<0.3.7.0a0"
                            ]
                        ]
                    },
                    {
                        "name": "zlib",
                        "specs": [
                            [
                                ">=",
                                "1.2.11,<1.3.0a0"
                            ]
                        ]
                    }
                ]
            },
            "description": null,
            "distribution_type": "conda",
            "download_url": "//api.anaconda.org/download/bioconda/gemma/0.98.1/linux-64/gemma-0.98.1-hb5738dd_0.tar.bz2",
            "full_name": "bioconda/gemma/0.98.1/linux-64/gemma-0.98.1-hb5738dd_0.tar.bz2",
            "labels": [
                "main"
            ],
            "md5": "00da0e000213e8c9aae494e1830038b6",
            "ndownloads": 33,
            "owner": "bioconda",
            "size": 4858023,
            "type": "conda",
            "upload_time": "2019-12-02 21:57:38.334000+00:00",
            "version": "0.98.1"
        },
        {
            "attrs": {
                "arch": "x86_64",
                "build": "habdee47_0",
                "build_number": 0,
                "depends": [
                    "libcxx >=4.0.1",
                    "openblas >=0.3.6,<0.3.7.0a0",
                    "zlib >=1.2.11,<1.3.0a0"
                ],
                "has_prefix": false,
                "license": "GPLv3",
                "machine": "x86_64",
                "operatingsystem": "darwin",
                "platform": "osx",
                "subdir": "osx-64",
                "target-triplet": "x86_64-any-darwin",
                "timestamp": 1575294443224
            },
            "basename": "osx-64/gemma-0.98.1-habdee47_0.tar.bz2",
            "dependencies": {
                "depends": [
                    {
                        "name": "libcxx",
                        "specs": [
                            [
                                ">=",
                                "4.0.1"
                            ]
                        ]
                    },
                    {
                        "name": "openblas",
                        "specs": [
                            [
                                ">=",
                                "0.3.6,<0.3.7.0a0"
                            ]
                        ]
                    },
                    {
                        "name": "zlib",
                        "specs": [
                            [
                                ">=",
                                "1.2.11,<1.3.0a0"
                            ]
                        ]
                    }
                ]
            },
            "description": null,
            "distribution_type": "conda",
            "download_url": "//api.anaconda.org/download/bioconda/gemma/0.98.1/osx-64/gemma-0.98.1-habdee47_0.tar.bz2",
            "full_name": "bioconda/gemma/0.98.1/osx-64/gemma-0.98.1-habdee47_0.tar.bz2",
            "labels": [
                "main"
            ],
            "md5": "990f276427981ae2c907a61f982f90ed",
            "ndownloads": 99,
            "owner": "bioconda",
            "size": 5640183,
            "type": "conda",
            "upload_time": "2019-12-02 21:57:40.543000+00:00",
            "version": "0.98.1"
        }
    ],
    "full_name": "bioconda/gemma",
    "home": "https://github.com/genetics-statistics/GEMMA",
    "html_url": "http://anaconda.org/bioconda/gemma",
    "id": "5bbd43babb74d413416b41d3",
    "latest_version": "0.98.1",
    "license": "GPLv3",
    "license_url": null,
    "modified_at": "2019-12-02 21:57:40.997000+00:00",
    "name": "gemma",
    "owner": {
        "company": "",
        "created_at": "2015-09-11 22:59:20.880000+00:00",
        "description": "Bioconda is a distribution of bioinformatics software realized as a channel for the versatile Conda package manager.",
        "location": "",
        "login": "bioconda",
        "name": "bioconda",
        "url": "",
        "user_type": "org"
    },
    "package_types": [
        "conda"
    ],
    "public": true,
    "releases": [
        {
            "distributions": [],
            "full_name": "bioconda/gemma/0.98",
            "version": "0.98"
        },
        {
            "distributions": [],
            "full_name": "bioconda/gemma/0.98.1",
            "version": "0.98.1"
        }
    ],
    "revision": 4,
    "source_git_tag": null,
    "source_git_url": null,
    "summary": "Linear mixed models (LMMs) for genome-wide association (GWA)",
    "upvoted": 0,
    "url": "http://api.anaconda.org/packages/bioconda/gemma",
    "versions": [
        "0.98",
        "0.98.1"
    ],
    "watchers": 1
}