{
    "app_entry": {},
    "app_summary": {},
    "app_type": {},
    "builds": [
        "0"
    ],
    "conda_platforms": [
        "linux-64",
        "osx-64"
    ],
    "created_at": "2016-07-12 09:04:54.810000+00:00",
    "description": "None",
    "dev_url": {},
    "doc_url": {},
    "files": [
        {
            "attrs": {
                "arch": "x86_64",
                "build": "0",
                "build_number": 0,
                "depends": [
                    "blast"
                ],
                "license": "GNU",
                "machine": "x86_64",
                "operatingsystem": "linux",
                "platform": "linux",
                "subdir": "linux-64",
                "target-triplet": "x86_64-any-linux"
            },
            "basename": "linux-64/genblasta-1.0.4-0.tar.bz2",
            "dependencies": {
                "depends": [
                    {
                        "name": "blast",
                        "specs": []
                    }
                ]
            },
            "description": null,
            "distribution_type": "conda",
            "download_url": "//api.anaconda.org/download/bioconda/genblasta/1.0.4/linux-64/genblasta-1.0.4-0.tar.bz2",
            "full_name": "bioconda/genblasta/1.0.4/linux-64/genblasta-1.0.4-0.tar.bz2",
            "labels": [
                "main",
                "cf201901"
            ],
            "md5": "28950e24b3aad78aabbc9c16eb21e7af",
            "ndownloads": 999,
            "owner": "bioconda",
            "size": 812245,
            "type": "conda",
            "upload_time": "2016-07-12 09:04:55.196000+00:00",
            "version": "1.0.4"
        },
        {
            "attrs": {
                "arch": "x86_64",
                "build": "0",
                "build_number": 0,
                "depends": [
                    "blast"
                ],
                "license": "GNU",
                "machine": "x86_64",
                "operatingsystem": "darwin",
                "platform": "osx",
                "subdir": "osx-64",
                "target-triplet": "x86_64-any-darwin"
            },
            "basename": "osx-64/genblasta-1.0.4-0.tar.bz2",
            "dependencies": {
                "depends": [
                    {
                        "name": "blast",
                        "specs": []
                    }
                ]
            },
            "description": null,
            "distribution_type": "conda",
            "download_url": "//api.anaconda.org/download/bioconda/genblasta/1.0.4/osx-64/genblasta-1.0.4-0.tar.bz2",
            "full_name": "bioconda/genblasta/1.0.4/osx-64/genblasta-1.0.4-0.tar.bz2",
            "labels": [
                "main",
                "cf201901"
            ],
            "md5": "900ff427a55b2def1d3baa82059f5960",
            "ndownloads": 1463,
            "owner": "bioconda",
            "size": 376184,
            "type": "conda",
            "upload_time": "2016-07-12 09:14:05.563000+00:00",
            "version": "1.0.4"
        }
    ],
    "full_name": "bioconda/genblasta",
    "home": "None",
    "html_url": "http://anaconda.org/bioconda/genblasta",
    "id": "5784b2b6fe3f5a5d67d618f2",
    "latest_version": "1.0.4",
    "license": "GNU",
    "license_url": {},
    "modified_at": "2016-12-01 01:08:56.261000+00:00",
    "name": "genblasta",
    "owner": {
        "company": "",
        "created_at": "2015-09-11 22:59:20.880000+00:00",
        "description": "Bioconda is a distribution of bioinformatics software realized as a channel for the versatile Conda package manager.",
        "location": "",
        "login": "bioconda",
        "name": "bioconda",
        "url": "",
        "user_type": "org"
    },
    "package_types": [
        "conda"
    ],
    "public": true,
    "releases": [
        {
            "distributions": [],
            "full_name": "bioconda/genblasta/1.0.4",
            "version": "1.0.4"
        }
    ],
    "revision": 1,
    "source_git_tag": {},
    "source_git_url": {},
    "summary": "genBlast is a program suite, consisting of two programs: genBlastA and genBlastG. genBlastA parses local alignments, or high-scoring segment pairs (HSPs) produced by local sequence alignment programs such as BLAST and WU-BLAST and identify groups of HSPs.",
    "upvoted": 0,
    "url": "http://api.anaconda.org/packages/bioconda/genblasta",
    "versions": [
        "1.0.4"
    ],
    "watchers": 1
}