{
    "app_entry": {},
    "app_summary": {},
    "app_type": {},
    "builds": [
        "py36_0",
        "py_1",
        "py34_0",
        "py35_0",
        "py27_0"
    ],
    "conda_platforms": [
        "linux-64",
        "noarch",
        "osx-64"
    ],
    "created_at": "2016-05-23 11:08:37.015000+00:00",
    "description": "None",
    "dev_url": {},
    "doc_url": {},
    "files": [
        {
            "attrs": {
                "arch": "x86_64",
                "build": "py27_0",
                "build_number": 0,
                "depends": [
                    "python 2.7*"
                ],
                "license": "GPLv3",
                "machine": "x86_64",
                "operatingsystem": "linux",
                "platform": "linux",
                "subdir": "linux-64",
                "target-triplet": "x86_64-any-linux"
            },
            "basename": "linux-64/gvcf-regions-2016.05.20-py27_0.tar.bz2",
            "dependencies": {
                "depends": [
                    {
                        "name": "python",
                        "specs": [
                            [
                                "==",
                                "2.7"
                            ]
                        ]
                    }
                ]
            },
            "description": null,
            "distribution_type": "conda",
            "download_url": "//api.anaconda.org/download/bioconda/gvcf-regions/2016.05.20/linux-64/gvcf-regions-2016.05.20-py27_0.tar.bz2",
            "full_name": "bioconda/gvcf-regions/2016.05.20/linux-64/gvcf-regions-2016.05.20-py27_0.tar.bz2",
            "labels": [
                "main",
                "cf201901"
            ],
            "md5": "62a93ba3a83290a5ab2d2f07fb8e39ca",
            "ndownloads": 761,
            "owner": "bioconda",
            "size": 3316,
            "type": "conda",
            "upload_time": "2016-05-23 11:08:37.355000+00:00",
            "version": "2016.05.20"
        },
        {
            "attrs": {
                "arch": "x86_64",
                "build": "py35_0",
                "build_number": 0,
                "depends": [
                    "python 3.5*"
                ],
                "license": "GPLv3",
                "machine": "x86_64",
                "operatingsystem": "linux",
                "platform": "linux",
                "subdir": "linux-64",
                "target-triplet": "x86_64-any-linux"
            },
            "basename": "linux-64/gvcf-regions-2016.05.20-py35_0.tar.bz2",
            "dependencies": {
                "depends": [
                    {
                        "name": "python",
                        "specs": [
                            [
                                "==",
                                "3.5"
                            ]
                        ]
                    }
                ]
            },
            "description": null,
            "distribution_type": "conda",
            "download_url": "//api.anaconda.org/download/bioconda/gvcf-regions/2016.05.20/linux-64/gvcf-regions-2016.05.20-py35_0.tar.bz2",
            "full_name": "bioconda/gvcf-regions/2016.05.20/linux-64/gvcf-regions-2016.05.20-py35_0.tar.bz2",
            "labels": [
                "main",
                "cf201901"
            ],
            "md5": "a697a591bf331ded4de4e4fddfbe8a92",
            "ndownloads": 886,
            "owner": "bioconda",
            "size": 3310,
            "type": "conda",
            "upload_time": "2016-05-23 11:08:39.583000+00:00",
            "version": "2016.05.20"
        },
        {
            "attrs": {
                "arch": "x86_64",
                "build": "py27_0",
                "build_number": 0,
                "depends": [
                    "python 2.7*"
                ],
                "license": "GPLv3",
                "machine": "x86_64",
                "operatingsystem": "linux",
                "platform": "linux",
                "subdir": "linux-64",
                "target-triplet": "x86_64-any-linux"
            },
            "basename": "linux-64/gvcf-regions-2016.05.24-py27_0.tar.bz2",
            "dependencies": {
                "depends": [
                    {
                        "name": "python",
                        "specs": [
                            [
                                "==",
                                "2.7"
                            ]
                        ]
                    }
                ]
            },
            "description": null,
            "distribution_type": "conda",
            "download_url": "//api.anaconda.org/download/bioconda/gvcf-regions/2016.05.24/linux-64/gvcf-regions-2016.05.24-py27_0.tar.bz2",
            "full_name": "bioconda/gvcf-regions/2016.05.24/linux-64/gvcf-regions-2016.05.24-py27_0.tar.bz2",
            "labels": [
                "main",
                "cf201901"
            ],
            "md5": "e5ae933c7f91b37bdddb0392af2f32c3",
            "ndownloads": 754,
            "owner": "bioconda",
            "size": 3320,
            "type": "conda",
            "upload_time": "2016-05-25 19:06:44.566000+00:00",
            "version": "2016.05.24"
        },
        {
            "attrs": {
                "arch": "x86_64",
                "build": "py35_0",
                "build_number": 0,
                "depends": [
                    "python 3.5*"
                ],
                "license": "GPLv3",
                "machine": "x86_64",
                "operatingsystem": "linux",
                "platform": "linux",
                "subdir": "linux-64",
                "target-triplet": "x86_64-any-linux"
            },
            "basename": "linux-64/gvcf-regions-2016.05.24-py35_0.tar.bz2",
            "dependencies": {
                "depends": [
                    {
                        "name": "python",
                        "specs": [
                            [
                                "==",
                                "3.5"
                            ]
                        ]
                    }
                ]
            },
            "description": null,
            "distribution_type": "conda",
            "download_url": "//api.anaconda.org/download/bioconda/gvcf-regions/2016.05.24/linux-64/gvcf-regions-2016.05.24-py35_0.tar.bz2",
            "full_name": "bioconda/gvcf-regions/2016.05.24/linux-64/gvcf-regions-2016.05.24-py35_0.tar.bz2",
            "labels": [
                "main",
                "cf201901"
            ],
            "md5": "0600fb58afe782586155111e84562843",
            "ndownloads": 369,
            "owner": "bioconda",
            "size": 3307,
            "type": "conda",
            "upload_time": "2016-05-25 19:06:46.453000+00:00",
            "version": "2016.05.24"
        },
        {
            "attrs": {
                "arch": "x86_64",
                "build": "py35_0",
                "build_number": 0,
                "depends": [
                    "python 3.5*"
                ],
                "license": "GPLv3",
                "machine": "x86_64",
                "operatingsystem": "darwin",
                "platform": "osx",
                "subdir": "osx-64",
                "target-triplet": "x86_64-any-darwin"
            },
            "basename": "osx-64/gvcf-regions-2016.05.24-py35_0.tar.bz2",
            "dependencies": {
                "depends": [
                    {
                        "name": "python",
                        "specs": [
                            [
                                "==",
                                "3.5"
                            ]
                        ]
                    }
                ]
            },
            "description": null,
            "distribution_type": "conda",
            "download_url": "//api.anaconda.org/download/bioconda/gvcf-regions/2016.05.24/osx-64/gvcf-regions-2016.05.24-py35_0.tar.bz2",
            "full_name": "bioconda/gvcf-regions/2016.05.24/osx-64/gvcf-regions-2016.05.24-py35_0.tar.bz2",
            "labels": [
                "main",
                "cf201901"
            ],
            "md5": "aaf553769b97a3d42097ee5ab076c39d",
            "ndownloads": 550,
            "owner": "bioconda",
            "size": 3337,
            "type": "conda",
            "upload_time": "2016-05-25 19:11:13.374000+00:00",
            "version": "2016.05.24"
        },
        {
            "attrs": {
                "arch": "x86_64",
                "build": "py27_0",
                "build_number": 0,
                "depends": [
                    "python 2.7*"
                ],
                "license": "GPLv3",
                "machine": "x86_64",
                "operatingsystem": "darwin",
                "platform": "osx",
                "subdir": "osx-64",
                "target-triplet": "x86_64-any-darwin"
            },
            "basename": "osx-64/gvcf-regions-2016.05.24-py27_0.tar.bz2",
            "dependencies": {
                "depends": [
                    {
                        "name": "python",
                        "specs": [
                            [
                                "==",
                                "2.7"
                            ]
                        ]
                    }
                ]
            },
            "description": null,
            "distribution_type": "conda",
            "download_url": "//api.anaconda.org/download/bioconda/gvcf-regions/2016.05.24/osx-64/gvcf-regions-2016.05.24-py27_0.tar.bz2",
            "full_name": "bioconda/gvcf-regions/2016.05.24/osx-64/gvcf-regions-2016.05.24-py27_0.tar.bz2",
            "labels": [
                "main",
                "cf201901"
            ],
            "md5": "1b81dc1f1438b15316e6f96b517b35cc",
            "ndownloads": 288,
            "owner": "bioconda",
            "size": 3319,
            "type": "conda",
            "upload_time": "2016-05-25 19:11:16.796000+00:00",
            "version": "2016.05.24"
        },
        {
            "attrs": {
                "arch": "x86_64",
                "build": "py34_0",
                "build_number": 0,
                "depends": [
                    "python 3.4*"
                ],
                "license": "GPLv3",
                "machine": "x86_64",
                "operatingsystem": "linux",
                "platform": "linux",
                "subdir": "linux-64",
                "target-triplet": "x86_64-any-linux"
            },
            "basename": "linux-64/gvcf-regions-2016.05.24-py34_0.tar.bz2",
            "dependencies": {
                "depends": [
                    {
                        "name": "python",
                        "specs": [
                            [
                                "==",
                                "3.4"
                            ]
                        ]
                    }
                ]
            },
            "description": null,
            "distribution_type": "conda",
            "download_url": "//api.anaconda.org/download/bioconda/gvcf-regions/2016.05.24/linux-64/gvcf-regions-2016.05.24-py34_0.tar.bz2",
            "full_name": "bioconda/gvcf-regions/2016.05.24/linux-64/gvcf-regions-2016.05.24-py34_0.tar.bz2",
            "labels": [
                "main",
                "cf201901"
            ],
            "md5": "79e80239b302955859063facb89eeb51",
            "ndownloads": 374,
            "owner": "bioconda",
            "size": 3314,
            "type": "conda",
            "upload_time": "2016-06-02 12:35:12.196000+00:00",
            "version": "2016.05.24"
        },
        {
            "attrs": {
                "arch": "x86_64",
                "build": "py34_0",
                "build_number": 0,
                "depends": [
                    "python 3.4*"
                ],
                "license": "GPLv3",
                "machine": "x86_64",
                "operatingsystem": "darwin",
                "platform": "osx",
                "subdir": "osx-64",
                "target-triplet": "x86_64-any-darwin"
            },
            "basename": "osx-64/gvcf-regions-2016.05.24-py34_0.tar.bz2",
            "dependencies": {
                "depends": [
                    {
                        "name": "python",
                        "specs": [
                            [
                                "==",
                                "3.4"
                            ]
                        ]
                    }
                ]
            },
            "description": null,
            "distribution_type": "conda",
            "download_url": "//api.anaconda.org/download/bioconda/gvcf-regions/2016.05.24/osx-64/gvcf-regions-2016.05.24-py34_0.tar.bz2",
            "full_name": "bioconda/gvcf-regions/2016.05.24/osx-64/gvcf-regions-2016.05.24-py34_0.tar.bz2",
            "labels": [
                "main",
                "cf201901"
            ],
            "md5": "bd706ff0e4e9fa64eefd2286b231608d",
            "ndownloads": 49,
            "owner": "bioconda",
            "size": 3326,
            "type": "conda",
            "upload_time": "2016-06-02 15:49:04.588000+00:00",
            "version": "2016.05.24"
        },
        {
            "attrs": {
                "arch": "x86_64",
                "build": "py34_0",
                "build_number": 0,
                "depends": [
                    "python 3.4*"
                ],
                "license": "GPLv3",
                "machine": "x86_64",
                "operatingsystem": "linux",
                "platform": "linux",
                "subdir": "linux-64",
                "target-triplet": "x86_64-any-linux"
            },
            "basename": "linux-64/gvcf-regions-2016.06.21-py34_0.tar.bz2",
            "dependencies": {
                "depends": [
                    {
                        "name": "python",
                        "specs": [
                            [
                                "==",
                                "3.4"
                            ]
                        ]
                    }
                ]
            },
            "description": null,
            "distribution_type": "conda",
            "download_url": "//api.anaconda.org/download/bioconda/gvcf-regions/2016.06.21/linux-64/gvcf-regions-2016.06.21-py34_0.tar.bz2",
            "full_name": "bioconda/gvcf-regions/2016.06.21/linux-64/gvcf-regions-2016.06.21-py34_0.tar.bz2",
            "labels": [
                "main",
                "cf201901"
            ],
            "md5": "b15d97cdf68abcf2ba9ae0115c821df6",
            "ndownloads": 571,
            "owner": "bioconda",
            "size": 3504,
            "type": "conda",
            "upload_time": "2016-06-23 08:11:30.801000+00:00",
            "version": "2016.06.21"
        },
        {
            "attrs": {
                "arch": "x86_64",
                "build": "py35_0",
                "build_number": 0,
                "depends": [
                    "python 3.5*"
                ],
                "license": "GPLv3",
                "machine": "x86_64",
                "operatingsystem": "linux",
                "platform": "linux",
                "subdir": "linux-64",
                "target-triplet": "x86_64-any-linux"
            },
            "basename": "linux-64/gvcf-regions-2016.06.21-py35_0.tar.bz2",
            "dependencies": {
                "depends": [
                    {
                        "name": "python",
                        "specs": [
                            [
                                "==",
                                "3.5"
                            ]
                        ]
                    }
                ]
            },
            "description": null,
            "distribution_type": "conda",
            "download_url": "//api.anaconda.org/download/bioconda/gvcf-regions/2016.06.21/linux-64/gvcf-regions-2016.06.21-py35_0.tar.bz2",
            "full_name": "bioconda/gvcf-regions/2016.06.21/linux-64/gvcf-regions-2016.06.21-py35_0.tar.bz2",
            "labels": [
                "main",
                "cf201901"
            ],
            "md5": "926d764554e4c9a8fbba1a63b1ff0baa",
            "ndownloads": 515,
            "owner": "bioconda",
            "size": 3504,
            "type": "conda",
            "upload_time": "2016-06-23 08:11:32.562000+00:00",
            "version": "2016.06.21"
        },
        {
            "attrs": {
                "arch": "x86_64",
                "build": "py27_0",
                "build_number": 0,
                "depends": [
                    "python 2.7*"
                ],
                "license": "GPLv3",
                "machine": "x86_64",
                "operatingsystem": "linux",
                "platform": "linux",
                "subdir": "linux-64",
                "target-triplet": "x86_64-any-linux"
            },
            "basename": "linux-64/gvcf-regions-2016.06.21-py27_0.tar.bz2",
            "dependencies": {
                "depends": [
                    {
                        "name": "python",
                        "specs": [
                            [
                                "==",
                                "2.7"
                            ]
                        ]
                    }
                ]
            },
            "description": null,
            "distribution_type": "conda",
            "download_url": "//api.anaconda.org/download/bioconda/gvcf-regions/2016.06.21/linux-64/gvcf-regions-2016.06.21-py27_0.tar.bz2",
            "full_name": "bioconda/gvcf-regions/2016.06.21/linux-64/gvcf-regions-2016.06.21-py27_0.tar.bz2",
            "labels": [
                "main",
                "cf201901"
            ],
            "md5": "3fcd3efe89d66b8e1db3338a45d6ed9d",
            "ndownloads": 491,
            "owner": "bioconda",
            "size": 3504,
            "type": "conda",
            "upload_time": "2016-06-23 08:11:34.400000+00:00",
            "version": "2016.06.21"
        },
        {
            "attrs": {
                "arch": "x86_64",
                "build": "py27_0",
                "build_number": 0,
                "depends": [
                    "python 2.7*"
                ],
                "license": "GPLv3",
                "machine": "x86_64",
                "operatingsystem": "darwin",
                "platform": "osx",
                "subdir": "osx-64",
                "target-triplet": "x86_64-any-darwin"
            },
            "basename": "osx-64/gvcf-regions-2016.06.21-py27_0.tar.bz2",
            "dependencies": {
                "depends": [
                    {
                        "name": "python",
                        "specs": [
                            [
                                "==",
                                "2.7"
                            ]
                        ]
                    }
                ]
            },
            "description": null,
            "distribution_type": "conda",
            "download_url": "//api.anaconda.org/download/bioconda/gvcf-regions/2016.06.21/osx-64/gvcf-regions-2016.06.21-py27_0.tar.bz2",
            "full_name": "bioconda/gvcf-regions/2016.06.21/osx-64/gvcf-regions-2016.06.21-py27_0.tar.bz2",
            "labels": [
                "main",
                "cf201901"
            ],
            "md5": "d63a67784c9d9077cfe7cf7d2fa2f43b",
            "ndownloads": 30,
            "owner": "bioconda",
            "size": 3530,
            "type": "conda",
            "upload_time": "2016-06-23 08:18:23.281000+00:00",
            "version": "2016.06.21"
        },
        {
            "attrs": {
                "arch": "x86_64",
                "build": "py35_0",
                "build_number": 0,
                "depends": [
                    "python 3.5*"
                ],
                "license": "GPLv3",
                "machine": "x86_64",
                "operatingsystem": "darwin",
                "platform": "osx",
                "subdir": "osx-64",
                "target-triplet": "x86_64-any-darwin"
            },
            "basename": "osx-64/gvcf-regions-2016.06.21-py35_0.tar.bz2",
            "dependencies": {
                "depends": [
                    {
                        "name": "python",
                        "specs": [
                            [
                                "==",
                                "3.5"
                            ]
                        ]
                    }
                ]
            },
            "description": null,
            "distribution_type": "conda",
            "download_url": "//api.anaconda.org/download/bioconda/gvcf-regions/2016.06.21/osx-64/gvcf-regions-2016.06.21-py35_0.tar.bz2",
            "full_name": "bioconda/gvcf-regions/2016.06.21/osx-64/gvcf-regions-2016.06.21-py35_0.tar.bz2",
            "labels": [
                "main",
                "cf201901"
            ],
            "md5": "713d0696c4352c4548cecc8794679521",
            "ndownloads": 1509,
            "owner": "bioconda",
            "size": 3544,
            "type": "conda",
            "upload_time": "2016-06-23 08:18:25.351000+00:00",
            "version": "2016.06.21"
        },
        {
            "attrs": {
                "arch": "x86_64",
                "build": "py34_0",
                "build_number": 0,
                "depends": [
                    "python 3.4*"
                ],
                "license": "GPLv3",
                "machine": "x86_64",
                "operatingsystem": "darwin",
                "platform": "osx",
                "subdir": "osx-64",
                "target-triplet": "x86_64-any-darwin"
            },
            "basename": "osx-64/gvcf-regions-2016.06.21-py34_0.tar.bz2",
            "dependencies": {
                "depends": [
                    {
                        "name": "python",
                        "specs": [
                            [
                                "==",
                                "3.4"
                            ]
                        ]
                    }
                ]
            },
            "description": null,
            "distribution_type": "conda",
            "download_url": "//api.anaconda.org/download/bioconda/gvcf-regions/2016.06.21/osx-64/gvcf-regions-2016.06.21-py34_0.tar.bz2",
            "full_name": "bioconda/gvcf-regions/2016.06.21/osx-64/gvcf-regions-2016.06.21-py34_0.tar.bz2",
            "labels": [
                "main",
                "cf201901"
            ],
            "md5": "af548709b4a30d2d78201b80b672f2bd",
            "ndownloads": 31,
            "owner": "bioconda",
            "size": 3536,
            "type": "conda",
            "upload_time": "2016-06-23 08:18:26.803000+00:00",
            "version": "2016.06.21"
        },
        {
            "attrs": {
                "arch": "x86_64",
                "build": "py27_0",
                "build_number": 0,
                "depends": [
                    "python 2.7*"
                ],
                "license": "GPLv3",
                "machine": "x86_64",
                "operatingsystem": "linux",
                "platform": "linux",
                "subdir": "linux-64",
                "target-triplet": "x86_64-any-linux"
            },
            "basename": "linux-64/gvcf-regions-2016.06.23-py27_0.tar.bz2",
            "dependencies": {
                "depends": [
                    {
                        "name": "python",
                        "specs": [
                            [
                                "==",
                                "2.7"
                            ]
                        ]
                    }
                ]
            },
            "description": null,
            "distribution_type": "conda",
            "download_url": "//api.anaconda.org/download/bioconda/gvcf-regions/2016.06.23/linux-64/gvcf-regions-2016.06.23-py27_0.tar.bz2",
            "full_name": "bioconda/gvcf-regions/2016.06.23/linux-64/gvcf-regions-2016.06.23-py27_0.tar.bz2",
            "labels": [
                "main",
                "cf201901"
            ],
            "md5": "ba02849d9a3141cd9140a9bbb71ebe16",
            "ndownloads": 4704,
            "owner": "bioconda",
            "size": 3588,
            "type": "conda",
            "upload_time": "2016-06-23 16:10:18.290000+00:00",
            "version": "2016.06.23"
        },
        {
            "attrs": {
                "arch": "x86_64",
                "build": "py35_0",
                "build_number": 0,
                "depends": [
                    "python 3.5*"
                ],
                "license": "GPLv3",
                "machine": "x86_64",
                "operatingsystem": "linux",
                "platform": "linux",
                "subdir": "linux-64",
                "target-triplet": "x86_64-any-linux"
            },
            "basename": "linux-64/gvcf-regions-2016.06.23-py35_0.tar.bz2",
            "dependencies": {
                "depends": [
                    {
                        "name": "python",
                        "specs": [
                            [
                                "==",
                                "3.5"
                            ]
                        ]
                    }
                ]
            },
            "description": null,
            "distribution_type": "conda",
            "download_url": "//api.anaconda.org/download/bioconda/gvcf-regions/2016.06.23/linux-64/gvcf-regions-2016.06.23-py35_0.tar.bz2",
            "full_name": "bioconda/gvcf-regions/2016.06.23/linux-64/gvcf-regions-2016.06.23-py35_0.tar.bz2",
            "labels": [
                "main",
                "cf201901"
            ],
            "md5": "30e0c99de3836fe822ccced978825e00",
            "ndownloads": 380,
            "owner": "bioconda",
            "size": 3577,
            "type": "conda",
            "upload_time": "2016-06-23 16:10:20.027000+00:00",
            "version": "2016.06.23"
        },
        {
            "attrs": {
                "arch": "x86_64",
                "build": "py34_0",
                "build_number": 0,
                "depends": [
                    "python 3.4*"
                ],
                "license": "GPLv3",
                "machine": "x86_64",
                "operatingsystem": "linux",
                "platform": "linux",
                "subdir": "linux-64",
                "target-triplet": "x86_64-any-linux"
            },
            "basename": "linux-64/gvcf-regions-2016.06.23-py34_0.tar.bz2",
            "dependencies": {
                "depends": [
                    {
                        "name": "python",
                        "specs": [
                            [
                                "==",
                                "3.4"
                            ]
                        ]
                    }
                ]
            },
            "description": null,
            "distribution_type": "conda",
            "download_url": "//api.anaconda.org/download/bioconda/gvcf-regions/2016.06.23/linux-64/gvcf-regions-2016.06.23-py34_0.tar.bz2",
            "full_name": "bioconda/gvcf-regions/2016.06.23/linux-64/gvcf-regions-2016.06.23-py34_0.tar.bz2",
            "labels": [
                "main",
                "cf201901"
            ],
            "md5": "5654dcca8e09a0cab6c70a7771f7ac5f",
            "ndownloads": 376,
            "owner": "bioconda",
            "size": 3594,
            "type": "conda",
            "upload_time": "2016-06-23 16:10:22.384000+00:00",
            "version": "2016.06.23"
        },
        {
            "attrs": {
                "arch": "x86_64",
                "build": "py35_0",
                "build_number": 0,
                "depends": [
                    "python 3.5*"
                ],
                "license": "GPLv3",
                "machine": "x86_64",
                "operatingsystem": "darwin",
                "platform": "osx",
                "subdir": "osx-64",
                "target-triplet": "x86_64-any-darwin"
            },
            "basename": "osx-64/gvcf-regions-2016.06.23-py35_0.tar.bz2",
            "dependencies": {
                "depends": [
                    {
                        "name": "python",
                        "specs": [
                            [
                                "==",
                                "3.5"
                            ]
                        ]
                    }
                ]
            },
            "description": null,
            "distribution_type": "conda",
            "download_url": "//api.anaconda.org/download/bioconda/gvcf-regions/2016.06.23/osx-64/gvcf-regions-2016.06.23-py35_0.tar.bz2",
            "full_name": "bioconda/gvcf-regions/2016.06.23/osx-64/gvcf-regions-2016.06.23-py35_0.tar.bz2",
            "labels": [
                "main",
                "cf201901"
            ],
            "md5": "74024749b744608c51e0755de1d0dfd2",
            "ndownloads": 41,
            "owner": "bioconda",
            "size": 3611,
            "type": "conda",
            "upload_time": "2016-06-23 16:16:27.889000+00:00",
            "version": "2016.06.23"
        },
        {
            "attrs": {
                "arch": "x86_64",
                "build": "py34_0",
                "build_number": 0,
                "depends": [
                    "python 3.4*"
                ],
                "license": "GPLv3",
                "machine": "x86_64",
                "operatingsystem": "darwin",
                "platform": "osx",
                "subdir": "osx-64",
                "target-triplet": "x86_64-any-darwin"
            },
            "basename": "osx-64/gvcf-regions-2016.06.23-py34_0.tar.bz2",
            "dependencies": {
                "depends": [
                    {
                        "name": "python",
                        "specs": [
                            [
                                "==",
                                "3.4"
                            ]
                        ]
                    }
                ]
            },
            "description": null,
            "distribution_type": "conda",
            "download_url": "//api.anaconda.org/download/bioconda/gvcf-regions/2016.06.23/osx-64/gvcf-regions-2016.06.23-py34_0.tar.bz2",
            "full_name": "bioconda/gvcf-regions/2016.06.23/osx-64/gvcf-regions-2016.06.23-py34_0.tar.bz2",
            "labels": [
                "main",
                "cf201901"
            ],
            "md5": "8c0970b7536f7fca4da5a1d23b006549",
            "ndownloads": 41,
            "owner": "bioconda",
            "size": 3620,
            "type": "conda",
            "upload_time": "2016-06-23 16:16:30.449000+00:00",
            "version": "2016.06.23"
        },
        {
            "attrs": {
                "arch": "x86_64",
                "build": "py27_0",
                "build_number": 0,
                "depends": [
                    "python 2.7*"
                ],
                "license": "GPLv3",
                "machine": "x86_64",
                "operatingsystem": "darwin",
                "platform": "osx",
                "subdir": "osx-64",
                "target-triplet": "x86_64-any-darwin"
            },
            "basename": "osx-64/gvcf-regions-2016.06.23-py27_0.tar.bz2",
            "dependencies": {
                "depends": [
                    {
                        "name": "python",
                        "specs": [
                            [
                                "==",
                                "2.7"
                            ]
                        ]
                    }
                ]
            },
            "description": null,
            "distribution_type": "conda",
            "download_url": "//api.anaconda.org/download/bioconda/gvcf-regions/2016.06.23/osx-64/gvcf-regions-2016.06.23-py27_0.tar.bz2",
            "full_name": "bioconda/gvcf-regions/2016.06.23/osx-64/gvcf-regions-2016.06.23-py27_0.tar.bz2",
            "labels": [
                "main",
                "cf201901"
            ],
            "md5": "71cbee89573c39162a97bbfd123ccbbf",
            "ndownloads": 513,
            "owner": "bioconda",
            "size": 3627,
            "type": "conda",
            "upload_time": "2016-06-23 16:16:32.089000+00:00",
            "version": "2016.06.23"
        },
        {
            "attrs": {
                "arch": null,
                "build": "py_1",
                "build_number": 1,
                "depends": [
                    "python"
                ],
                "has_prefix": false,
                "license": "GPLv3",
                "machine": null,
                "noarch": "python",
                "operatingsystem": null,
                "platform": null,
                "subdir": "noarch",
                "target-triplet": "None-any-None",
                "timestamp": 1531353904834
            },
            "basename": "noarch/gvcf-regions-2016.06.23-py_1.tar.bz2",
            "dependencies": {
                "depends": [
                    {
                        "name": "python",
                        "specs": []
                    }
                ]
            },
            "description": null,
            "distribution_type": "conda",
            "download_url": "//api.anaconda.org/download/bioconda/gvcf-regions/2016.06.23/noarch/gvcf-regions-2016.06.23-py_1.tar.bz2",
            "full_name": "bioconda/gvcf-regions/2016.06.23/noarch/gvcf-regions-2016.06.23-py_1.tar.bz2",
            "labels": [
                "main",
                "cf201901"
            ],
            "md5": "2214fabab77a31b73bf62541f86b6e85",
            "ndownloads": 1877,
            "owner": "bioconda",
            "size": 6134,
            "type": "conda",
            "upload_time": "2018-07-12 00:06:34.982000+00:00",
            "version": "2016.06.23"
        },
        {
            "attrs": {
                "arch": "x86_64",
                "build": "py36_0",
                "build_number": 0,
                "depends": [
                    "python 3.6*"
                ],
                "has_prefix": true,
                "license": "GPLv3",
                "machine": "x86_64",
                "operatingsystem": "linux",
                "platform": "linux",
                "subdir": "linux-64",
                "target-triplet": "x86_64-any-linux"
            },
            "basename": "linux-64/gvcf-regions-2016.06.23-py36_0.tar.bz2",
            "dependencies": {
                "depends": [
                    {
                        "name": "python",
                        "specs": [
                            [
                                "==",
                                "3.6"
                            ]
                        ]
                    }
                ]
            },
            "description": null,
            "distribution_type": "conda",
            "download_url": "//api.anaconda.org/download/bioconda/gvcf-regions/2016.06.23/linux-64/gvcf-regions-2016.06.23-py36_0.tar.bz2",
            "full_name": "bioconda/gvcf-regions/2016.06.23/linux-64/gvcf-regions-2016.06.23-py36_0.tar.bz2",
            "labels": [
                "main",
                "cf201901"
            ],
            "md5": "edc932f8729d0f9f8f0b3867ac088aa9",
            "ndownloads": 381,
            "owner": "bioconda",
            "size": 4493,
            "type": "conda",
            "upload_time": "2017-05-06 10:51:20.273000+00:00",
            "version": "2016.06.23"
        },
        {
            "attrs": {
                "arch": "x86_64",
                "build": "py36_0",
                "build_number": 0,
                "depends": [
                    "python 3.6*"
                ],
                "has_prefix": true,
                "license": "GPLv3",
                "machine": "x86_64",
                "operatingsystem": "darwin",
                "platform": "osx",
                "subdir": "osx-64",
                "target-triplet": "x86_64-any-darwin"
            },
            "basename": "osx-64/gvcf-regions-2016.06.23-py36_0.tar.bz2",
            "dependencies": {
                "depends": [
                    {
                        "name": "python",
                        "specs": [
                            [
                                "==",
                                "3.6"
                            ]
                        ]
                    }
                ]
            },
            "description": null,
            "distribution_type": "conda",
            "download_url": "//api.anaconda.org/download/bioconda/gvcf-regions/2016.06.23/osx-64/gvcf-regions-2016.06.23-py36_0.tar.bz2",
            "full_name": "bioconda/gvcf-regions/2016.06.23/osx-64/gvcf-regions-2016.06.23-py36_0.tar.bz2",
            "labels": [
                "main",
                "cf201901"
            ],
            "md5": "4708050f04a6ca98828b5e55bfbb2ea9",
            "ndownloads": 529,
            "owner": "bioconda",
            "size": 4213,
            "type": "conda",
            "upload_time": "2017-05-04 10:43:26.216000+00:00",
            "version": "2016.06.23"
        }
    ],
    "full_name": "bioconda/gvcf-regions",
    "home": "None",
    "html_url": "http://anaconda.org/bioconda/gvcf-regions",
    "id": "5742e4b57860ba5e4d29182e",
    "latest_version": "2016.06.23",
    "license": "GPLv3",
    "license_url": {},
    "modified_at": "2018-07-12 00:06:35.375000+00:00",
    "name": "gvcf-regions",
    "owner": {
        "company": "",
        "created_at": "2015-09-11 22:59:20.880000+00:00",
        "description": "Bioconda is a distribution of bioinformatics software realized as a channel for the versatile Conda package manager.",
        "location": "",
        "login": "bioconda",
        "name": "bioconda",
        "url": "",
        "user_type": "org"
    },
    "package_types": [
        "conda"
    ],
    "public": true,
    "releases": [
        {
            "distributions": [
                "linux-64/gvcf-regions-2016.05.20-py27_0.tar.bz2",
                "linux-64/gvcf-regions-2016.05.20-py35_0.tar.bz2"
            ],
            "full_name": "bioconda/gvcf-regions/2016.05.20",
            "version": "2016.05.20"
        },
        {
            "distributions": [
                "linux-64/gvcf-regions-2016.05.24-py27_0.tar.bz2",
                "linux-64/gvcf-regions-2016.05.24-py35_0.tar.bz2",
                "osx-64/gvcf-regions-2016.05.24-py35_0.tar.bz2",
                "osx-64/gvcf-regions-2016.05.24-py27_0.tar.bz2",
                "linux-64/gvcf-regions-2016.05.24-py34_0.tar.bz2",
                "osx-64/gvcf-regions-2016.05.24-py34_0.tar.bz2"
            ],
            "full_name": "bioconda/gvcf-regions/2016.05.24",
            "version": "2016.05.24"
        },
        {
            "distributions": [
                "linux-64/gvcf-regions-2016.06.21-py34_0.tar.bz2",
                "linux-64/gvcf-regions-2016.06.21-py35_0.tar.bz2",
                "linux-64/gvcf-regions-2016.06.21-py27_0.tar.bz2",
                "osx-64/gvcf-regions-2016.06.21-py27_0.tar.bz2",
                "osx-64/gvcf-regions-2016.06.21-py35_0.tar.bz2",
                "osx-64/gvcf-regions-2016.06.21-py34_0.tar.bz2"
            ],
            "full_name": "bioconda/gvcf-regions/2016.06.21",
            "version": "2016.06.21"
        },
        {
            "distributions": [
                "linux-64/gvcf-regions-2016.06.23-py27_0.tar.bz2",
                "linux-64/gvcf-regions-2016.06.23-py35_0.tar.bz2",
                "linux-64/gvcf-regions-2016.06.23-py34_0.tar.bz2",
                "osx-64/gvcf-regions-2016.06.23-py35_0.tar.bz2",
                "osx-64/gvcf-regions-2016.06.23-py34_0.tar.bz2",
                "osx-64/gvcf-regions-2016.06.23-py27_0.tar.bz2"
            ],
            "full_name": "bioconda/gvcf-regions/2016.06.23",
            "version": "2016.06.23"
        }
    ],
    "revision": 24,
    "source_git_tag": {},
    "source_git_url": {},
    "summary": "Convert a gVCF file in multiple formats into a BED file of callable regions",
    "upvoted": 0,
    "url": "http://api.anaconda.org/packages/bioconda/gvcf-regions",
    "versions": [
        "2016.05.20",
        "2016.05.24",
        "2016.06.21",
        "2016.06.23"
    ],
    "watchers": 1
}