{
    "app_entry": {},
    "app_summary": {},
    "app_type": {},
    "builds": [
        "py_0"
    ],
    "conda_platforms": [
        "noarch"
    ],
    "created_at": "2019-05-03 19:09:26.641000+00:00",
    "description": "",
    "dev_url": "https://github.com/bioforensics/happer/",
    "doc_url": null,
    "files": [
        {
            "attrs": {
                "arch": null,
                "build": "py_0",
                "build_number": 0,
                "depends": [
                    "python >=3"
                ],
                "has_prefix": false,
                "license": "BSD License",
                "license_family": "BSD",
                "machine": null,
                "noarch": "python",
                "operatingsystem": null,
                "platform": null,
                "subdir": "noarch",
                "target-triplet": "None-any-None",
                "timestamp": 1556910389342
            },
            "basename": "noarch/happer-0.1.1-py_0.tar.bz2",
            "dependencies": {
                "depends": [
                    {
                        "name": "python",
                        "specs": [
                            [
                                ">=",
                                "3"
                            ]
                        ]
                    }
                ]
            },
            "description": null,
            "distribution_type": "conda",
            "download_url": "//api.anaconda.org/download/bioconda/happer/0.1.1/noarch/happer-0.1.1-py_0.tar.bz2",
            "full_name": "bioconda/happer/0.1.1/noarch/happer-0.1.1-py_0.tar.bz2",
            "labels": [
                "main"
            ],
            "md5": "d2b20bc30884de3c239fe933e03a5a4d",
            "ndownloads": 104,
            "owner": "bioconda",
            "size": 14902,
            "type": "conda",
            "upload_time": "2019-05-03 19:09:27.276000+00:00",
            "version": "0.1.1"
        }
    ],
    "full_name": "bioconda/happer",
    "home": "https://github.com/bioforensics/happer/",
    "html_url": "http://anaconda.org/bioconda/happer",
    "id": "5ccc91e6a14fd55562202c46",
    "latest_version": "0.1.1",
    "license": "BSD License",
    "license_url": null,
    "modified_at": "2019-05-03 19:09:27.572000+00:00",
    "name": "happer",
    "owner": {
        "company": "",
        "created_at": "2015-09-11 22:59:20.880000+00:00",
        "description": "Bioconda is a distribution of bioinformatics software realized as a channel for the versatile Conda package manager.",
        "location": "",
        "login": "bioconda",
        "name": "bioconda",
        "url": "",
        "user_type": "org"
    },
    "package_types": [
        "conda"
    ],
    "public": true,
    "releases": [
        {
            "distributions": [],
            "full_name": "bioconda/happer/0.1.1",
            "version": "0.1.1"
        }
    ],
    "revision": 2,
    "source_git_tag": null,
    "source_git_url": null,
    "summary": "Minimal Python library for generating haplotype sequences.",
    "upvoted": 0,
    "url": "http://api.anaconda.org/packages/bioconda/happer",
    "versions": [
        "0.1.1"
    ],
    "watchers": 1
}