{
    "app_entry": {},
    "app_summary": {},
    "app_type": {},
    "builds": [
        "1",
        "0"
    ],
    "conda_platforms": [
        "linux-64"
    ],
    "created_at": "2018-06-13 11:53:56.873000+00:00",
    "description": "",
    "dev_url": null,
    "doc_url": null,
    "files": [
        {
            "attrs": {
                "arch": "x86_64",
                "build": "0",
                "build_number": 0,
                "depends": [
                    "libgcc"
                ],
                "has_prefix": true,
                "license": "MIT",
                "machine": "x86_64",
                "operatingsystem": "linux",
                "platform": "linux",
                "subdir": "linux-64",
                "target-triplet": "x86_64-any-linux"
            },
            "basename": "linux-64/heinz-2.0-0.tar.bz2",
            "dependencies": {
                "depends": [
                    {
                        "name": "libgcc",
                        "specs": []
                    }
                ]
            },
            "description": null,
            "distribution_type": "conda",
            "download_url": "//api.anaconda.org/download/bioconda/heinz/2.0/linux-64/heinz-2.0-0.tar.bz2",
            "full_name": "bioconda/heinz/2.0/linux-64/heinz-2.0-0.tar.bz2",
            "labels": [
                "main",
                "cf201901"
            ],
            "md5": "6539620b65044cce945f62933d47b1e5",
            "ndownloads": 159,
            "owner": "bioconda",
            "size": 23283999,
            "type": "conda",
            "upload_time": "2018-06-13 11:53:57.457000+00:00",
            "version": "2.0"
        },
        {
            "attrs": {
                "arch": "x86_64",
                "build": "1",
                "build_number": 1,
                "depends": [
                    "libgcc"
                ],
                "has_prefix": true,
                "license": "MIT",
                "machine": "x86_64",
                "operatingsystem": "linux",
                "platform": "linux",
                "subdir": "linux-64",
                "target-triplet": "x86_64-any-linux",
                "timestamp": 1531417551612
            },
            "basename": "linux-64/heinz-2.0-1.tar.bz2",
            "dependencies": {
                "depends": [
                    {
                        "name": "libgcc",
                        "specs": []
                    }
                ]
            },
            "description": null,
            "distribution_type": "conda",
            "download_url": "//api.anaconda.org/download/bioconda/heinz/2.0/linux-64/heinz-2.0-1.tar.bz2",
            "full_name": "bioconda/heinz/2.0/linux-64/heinz-2.0-1.tar.bz2",
            "labels": [
                "main",
                "cf201901"
            ],
            "md5": "2ae2d5c9d4234d0c93c311652fd9ce1e",
            "ndownloads": 1058,
            "owner": "bioconda",
            "size": 23287949,
            "type": "conda",
            "upload_time": "2018-07-12 17:47:52.569000+00:00",
            "version": "2.0"
        }
    ],
    "full_name": "bioconda/heinz",
    "home": "https://github.com/ls-cwi/heinz",
    "html_url": "http://anaconda.org/bioconda/heinz",
    "id": "5b2105d4e8fa921218db46b7",
    "latest_version": "2.0",
    "license": "MIT",
    "license_url": null,
    "modified_at": "2018-07-12 17:47:53.756000+00:00",
    "name": "heinz",
    "owner": {
        "company": "",
        "created_at": "2015-09-11 22:59:20.880000+00:00",
        "description": "Bioconda is a distribution of bioinformatics software realized as a channel for the versatile Conda package manager.",
        "location": "",
        "login": "bioconda",
        "name": "bioconda",
        "url": "",
        "user_type": "org"
    },
    "package_types": [
        "conda"
    ],
    "public": true,
    "releases": [
        {
            "distributions": [],
            "full_name": "bioconda/heinz/2.0",
            "version": "2.0"
        }
    ],
    "revision": 2,
    "source_git_tag": null,
    "source_git_url": null,
    "summary": "The algorithm for identification of the optimal scoring subnetwork.",
    "upvoted": 0,
    "url": "http://api.anaconda.org/packages/bioconda/heinz",
    "versions": [
        "2.0"
    ],
    "watchers": 1
}