{
    "app_entry": {},
    "app_summary": {},
    "app_type": {},
    "builds": [
        "py36_0",
        "py34_0",
        "py35_0",
        "py27_0"
    ],
    "conda_platforms": [
        "linux-64",
        "osx-64"
    ],
    "created_at": "2017-05-05 14:11:30.587000+00:00",
    "description": "",
    "dev_url": {},
    "doc_url": {},
    "files": [
        {
            "attrs": {
                "arch": "x86_64",
                "build": "py27_0",
                "build_number": 0,
                "depends": [
                    "bowtie",
                    "future",
                    "htseq >=0.7.2",
                    "htslib <1.4",
                    "intervaltree",
                    "intervaltree",
                    "matplotlib",
                    "numexpr",
                    "pandas",
                    "pathlib2",
                    "pyfaidx >=0.4.8.1",
                    "pysam >=0.9.1",
                    "python 2.7*",
                    "scipy",
                    "seaborn",
                    "seaborn",
                    "star",
                    "stringtie",
                    "subread",
                    "toolz",
                    "tophat >=2.1.0",
                    "typing"
                ],
                "has_prefix": true,
                "license": "MIT",
                "machine": "x86_64",
                "operatingsystem": "darwin",
                "platform": "osx",
                "subdir": "osx-64",
                "target-triplet": "x86_64-any-darwin"
            },
            "basename": "osx-64/imfusion-0.3.0-py27_0.tar.bz2",
            "dependencies": {
                "depends": [
                    {
                        "name": "bowtie",
                        "specs": []
                    },
                    {
                        "name": "future",
                        "specs": []
                    },
                    {
                        "name": "htseq",
                        "specs": [
                            [
                                ">=",
                                "0.7.2"
                            ]
                        ]
                    },
                    {
                        "name": "htslib",
                        "specs": [
                            [
                                "<",
                                "1.4"
                            ]
                        ]
                    },
                    {
                        "name": "intervaltree",
                        "specs": []
                    },
                    {
                        "name": "intervaltree",
                        "specs": []
                    },
                    {
                        "name": "matplotlib",
                        "specs": []
                    },
                    {
                        "name": "numexpr",
                        "specs": []
                    },
                    {
                        "name": "pandas",
                        "specs": []
                    },
                    {
                        "name": "pathlib2",
                        "specs": []
                    },
                    {
                        "name": "pyfaidx",
                        "specs": [
                            [
                                ">=",
                                "0.4.8.1"
                            ]
                        ]
                    },
                    {
                        "name": "pysam",
                        "specs": [
                            [
                                ">=",
                                "0.9.1"
                            ]
                        ]
                    },
                    {
                        "name": "python",
                        "specs": [
                            [
                                "==",
                                "2.7"
                            ]
                        ]
                    },
                    {
                        "name": "scipy",
                        "specs": []
                    },
                    {
                        "name": "seaborn",
                        "specs": []
                    },
                    {
                        "name": "seaborn",
                        "specs": []
                    },
                    {
                        "name": "star",
                        "specs": []
                    },
                    {
                        "name": "stringtie",
                        "specs": []
                    },
                    {
                        "name": "subread",
                        "specs": []
                    },
                    {
                        "name": "toolz",
                        "specs": []
                    },
                    {
                        "name": "tophat",
                        "specs": [
                            [
                                ">=",
                                "2.1.0"
                            ]
                        ]
                    },
                    {
                        "name": "typing",
                        "specs": []
                    }
                ]
            },
            "description": null,
            "distribution_type": "conda",
            "download_url": "//api.anaconda.org/download/bioconda/imfusion/0.3.0/osx-64/imfusion-0.3.0-py27_0.tar.bz2",
            "full_name": "bioconda/imfusion/0.3.0/osx-64/imfusion-0.3.0-py27_0.tar.bz2",
            "labels": [
                "main",
                "cf201901"
            ],
            "md5": "6db8cf6b34a05c742fdb6661b644b9ff",
            "ndownloads": 262,
            "owner": "bioconda",
            "size": 85370,
            "type": "conda",
            "upload_time": "2017-05-05 14:11:46.199000+00:00",
            "version": "0.3.0"
        },
        {
            "attrs": {
                "arch": "x86_64",
                "build": "py35_0",
                "build_number": 0,
                "depends": [
                    "future",
                    "htseq >=0.7.2",
                    "htslib <1.4",
                    "intervaltree",
                    "intervaltree",
                    "matplotlib",
                    "numexpr",
                    "pandas",
                    "pathlib2",
                    "pyfaidx >=0.4.8.1",
                    "pysam >=0.9.1",
                    "python 3.5*",
                    "scipy",
                    "seaborn",
                    "seaborn",
                    "star",
                    "stringtie",
                    "subread",
                    "toolz"
                ],
                "has_prefix": true,
                "license": "MIT",
                "machine": "x86_64",
                "operatingsystem": "darwin",
                "platform": "osx",
                "subdir": "osx-64",
                "target-triplet": "x86_64-any-darwin"
            },
            "basename": "osx-64/imfusion-0.3.0-py35_0.tar.bz2",
            "dependencies": {
                "depends": [
                    {
                        "name": "future",
                        "specs": []
                    },
                    {
                        "name": "htseq",
                        "specs": [
                            [
                                ">=",
                                "0.7.2"
                            ]
                        ]
                    },
                    {
                        "name": "htslib",
                        "specs": [
                            [
                                "<",
                                "1.4"
                            ]
                        ]
                    },
                    {
                        "name": "intervaltree",
                        "specs": []
                    },
                    {
                        "name": "intervaltree",
                        "specs": []
                    },
                    {
                        "name": "matplotlib",
                        "specs": []
                    },
                    {
                        "name": "numexpr",
                        "specs": []
                    },
                    {
                        "name": "pandas",
                        "specs": []
                    },
                    {
                        "name": "pathlib2",
                        "specs": []
                    },
                    {
                        "name": "pyfaidx",
                        "specs": [
                            [
                                ">=",
                                "0.4.8.1"
                            ]
                        ]
                    },
                    {
                        "name": "pysam",
                        "specs": [
                            [
                                ">=",
                                "0.9.1"
                            ]
                        ]
                    },
                    {
                        "name": "python",
                        "specs": [
                            [
                                "==",
                                "3.5"
                            ]
                        ]
                    },
                    {
                        "name": "scipy",
                        "specs": []
                    },
                    {
                        "name": "seaborn",
                        "specs": []
                    },
                    {
                        "name": "seaborn",
                        "specs": []
                    },
                    {
                        "name": "star",
                        "specs": []
                    },
                    {
                        "name": "stringtie",
                        "specs": []
                    },
                    {
                        "name": "subread",
                        "specs": []
                    },
                    {
                        "name": "toolz",
                        "specs": []
                    }
                ]
            },
            "description": null,
            "distribution_type": "conda",
            "download_url": "//api.anaconda.org/download/bioconda/imfusion/0.3.0/osx-64/imfusion-0.3.0-py35_0.tar.bz2",
            "full_name": "bioconda/imfusion/0.3.0/osx-64/imfusion-0.3.0-py35_0.tar.bz2",
            "labels": [
                "main",
                "cf201901"
            ],
            "md5": "13824565c531e5ca5edc7404c002e81f",
            "ndownloads": 27,
            "owner": "bioconda",
            "size": 87447,
            "type": "conda",
            "upload_time": "2017-05-05 14:17:58.881000+00:00",
            "version": "0.3.0"
        },
        {
            "attrs": {
                "arch": "x86_64",
                "build": "py35_0",
                "build_number": 0,
                "depends": [
                    "future",
                    "htseq >=0.7.2",
                    "htslib <1.4",
                    "intervaltree",
                    "intervaltree",
                    "matplotlib",
                    "numexpr",
                    "pandas",
                    "pathlib2",
                    "pyfaidx >=0.4.8.1",
                    "pysam >=0.9.1",
                    "python 3.5*",
                    "scipy",
                    "seaborn",
                    "seaborn",
                    "star",
                    "stringtie",
                    "subread",
                    "toolz"
                ],
                "has_prefix": true,
                "license": "MIT",
                "machine": "x86_64",
                "operatingsystem": "linux",
                "platform": "linux",
                "subdir": "linux-64",
                "target-triplet": "x86_64-any-linux"
            },
            "basename": "linux-64/imfusion-0.3.0-py35_0.tar.bz2",
            "dependencies": {
                "depends": [
                    {
                        "name": "future",
                        "specs": []
                    },
                    {
                        "name": "htseq",
                        "specs": [
                            [
                                ">=",
                                "0.7.2"
                            ]
                        ]
                    },
                    {
                        "name": "htslib",
                        "specs": [
                            [
                                "<",
                                "1.4"
                            ]
                        ]
                    },
                    {
                        "name": "intervaltree",
                        "specs": []
                    },
                    {
                        "name": "intervaltree",
                        "specs": []
                    },
                    {
                        "name": "matplotlib",
                        "specs": []
                    },
                    {
                        "name": "numexpr",
                        "specs": []
                    },
                    {
                        "name": "pandas",
                        "specs": []
                    },
                    {
                        "name": "pathlib2",
                        "specs": []
                    },
                    {
                        "name": "pyfaidx",
                        "specs": [
                            [
                                ">=",
                                "0.4.8.1"
                            ]
                        ]
                    },
                    {
                        "name": "pysam",
                        "specs": [
                            [
                                ">=",
                                "0.9.1"
                            ]
                        ]
                    },
                    {
                        "name": "python",
                        "specs": [
                            [
                                "==",
                                "3.5"
                            ]
                        ]
                    },
                    {
                        "name": "scipy",
                        "specs": []
                    },
                    {
                        "name": "seaborn",
                        "specs": []
                    },
                    {
                        "name": "seaborn",
                        "specs": []
                    },
                    {
                        "name": "star",
                        "specs": []
                    },
                    {
                        "name": "stringtie",
                        "specs": []
                    },
                    {
                        "name": "subread",
                        "specs": []
                    },
                    {
                        "name": "toolz",
                        "specs": []
                    }
                ]
            },
            "description": null,
            "distribution_type": "conda",
            "download_url": "//api.anaconda.org/download/bioconda/imfusion/0.3.0/linux-64/imfusion-0.3.0-py35_0.tar.bz2",
            "full_name": "bioconda/imfusion/0.3.0/linux-64/imfusion-0.3.0-py35_0.tar.bz2",
            "labels": [
                "main",
                "cf201901"
            ],
            "md5": "76466ff0e2e464111526902d85040d6a",
            "ndownloads": 359,
            "owner": "bioconda",
            "size": 87739,
            "type": "conda",
            "upload_time": "2017-05-05 14:22:44.752000+00:00",
            "version": "0.3.0"
        },
        {
            "attrs": {
                "arch": "x86_64",
                "build": "py27_0",
                "build_number": 0,
                "depends": [
                    "bowtie",
                    "future",
                    "htseq >=0.7.2",
                    "htslib <1.4",
                    "intervaltree",
                    "intervaltree",
                    "matplotlib",
                    "numexpr",
                    "pandas",
                    "pathlib2",
                    "pyfaidx >=0.4.8.1",
                    "pysam >=0.9.1",
                    "python 2.7*",
                    "scipy",
                    "seaborn",
                    "seaborn",
                    "star",
                    "stringtie",
                    "subread",
                    "toolz",
                    "tophat >=2.1.0",
                    "typing"
                ],
                "has_prefix": true,
                "license": "MIT",
                "machine": "x86_64",
                "operatingsystem": "linux",
                "platform": "linux",
                "subdir": "linux-64",
                "target-triplet": "x86_64-any-linux"
            },
            "basename": "linux-64/imfusion-0.3.0-py27_0.tar.bz2",
            "dependencies": {
                "depends": [
                    {
                        "name": "bowtie",
                        "specs": []
                    },
                    {
                        "name": "future",
                        "specs": []
                    },
                    {
                        "name": "htseq",
                        "specs": [
                            [
                                ">=",
                                "0.7.2"
                            ]
                        ]
                    },
                    {
                        "name": "htslib",
                        "specs": [
                            [
                                "<",
                                "1.4"
                            ]
                        ]
                    },
                    {
                        "name": "intervaltree",
                        "specs": []
                    },
                    {
                        "name": "intervaltree",
                        "specs": []
                    },
                    {
                        "name": "matplotlib",
                        "specs": []
                    },
                    {
                        "name": "numexpr",
                        "specs": []
                    },
                    {
                        "name": "pandas",
                        "specs": []
                    },
                    {
                        "name": "pathlib2",
                        "specs": []
                    },
                    {
                        "name": "pyfaidx",
                        "specs": [
                            [
                                ">=",
                                "0.4.8.1"
                            ]
                        ]
                    },
                    {
                        "name": "pysam",
                        "specs": [
                            [
                                ">=",
                                "0.9.1"
                            ]
                        ]
                    },
                    {
                        "name": "python",
                        "specs": [
                            [
                                "==",
                                "2.7"
                            ]
                        ]
                    },
                    {
                        "name": "scipy",
                        "specs": []
                    },
                    {
                        "name": "seaborn",
                        "specs": []
                    },
                    {
                        "name": "seaborn",
                        "specs": []
                    },
                    {
                        "name": "star",
                        "specs": []
                    },
                    {
                        "name": "stringtie",
                        "specs": []
                    },
                    {
                        "name": "subread",
                        "specs": []
                    },
                    {
                        "name": "toolz",
                        "specs": []
                    },
                    {
                        "name": "tophat",
                        "specs": [
                            [
                                ">=",
                                "2.1.0"
                            ]
                        ]
                    },
                    {
                        "name": "typing",
                        "specs": []
                    }
                ]
            },
            "description": null,
            "distribution_type": "conda",
            "download_url": "//api.anaconda.org/download/bioconda/imfusion/0.3.0/linux-64/imfusion-0.3.0-py27_0.tar.bz2",
            "full_name": "bioconda/imfusion/0.3.0/linux-64/imfusion-0.3.0-py27_0.tar.bz2",
            "labels": [
                "main",
                "cf201901"
            ],
            "md5": "b20bf009ef03f9459f1ee1e76d53af41",
            "ndownloads": 536,
            "owner": "bioconda",
            "size": 85745,
            "type": "conda",
            "upload_time": "2017-05-05 14:34:46.382000+00:00",
            "version": "0.3.0"
        },
        {
            "attrs": {
                "arch": "x86_64",
                "build": "py34_0",
                "build_number": 0,
                "depends": [
                    "future",
                    "htseq >=0.7.2",
                    "htslib <1.4",
                    "intervaltree",
                    "intervaltree",
                    "matplotlib",
                    "numexpr",
                    "pandas",
                    "pathlib2",
                    "pyfaidx >=0.4.8.1",
                    "pysam >=0.9.1",
                    "python 3.4*",
                    "scipy",
                    "seaborn",
                    "seaborn",
                    "star",
                    "stringtie",
                    "subread",
                    "toolz",
                    "typing"
                ],
                "has_prefix": true,
                "license": "MIT",
                "machine": "x86_64",
                "operatingsystem": "darwin",
                "platform": "osx",
                "subdir": "osx-64",
                "target-triplet": "x86_64-any-darwin"
            },
            "basename": "osx-64/imfusion-0.3.0-py34_0.tar.bz2",
            "dependencies": {
                "depends": [
                    {
                        "name": "future",
                        "specs": []
                    },
                    {
                        "name": "htseq",
                        "specs": [
                            [
                                ">=",
                                "0.7.2"
                            ]
                        ]
                    },
                    {
                        "name": "htslib",
                        "specs": [
                            [
                                "<",
                                "1.4"
                            ]
                        ]
                    },
                    {
                        "name": "intervaltree",
                        "specs": []
                    },
                    {
                        "name": "intervaltree",
                        "specs": []
                    },
                    {
                        "name": "matplotlib",
                        "specs": []
                    },
                    {
                        "name": "numexpr",
                        "specs": []
                    },
                    {
                        "name": "pandas",
                        "specs": []
                    },
                    {
                        "name": "pathlib2",
                        "specs": []
                    },
                    {
                        "name": "pyfaidx",
                        "specs": [
                            [
                                ">=",
                                "0.4.8.1"
                            ]
                        ]
                    },
                    {
                        "name": "pysam",
                        "specs": [
                            [
                                ">=",
                                "0.9.1"
                            ]
                        ]
                    },
                    {
                        "name": "python",
                        "specs": [
                            [
                                "==",
                                "3.4"
                            ]
                        ]
                    },
                    {
                        "name": "scipy",
                        "specs": []
                    },
                    {
                        "name": "seaborn",
                        "specs": []
                    },
                    {
                        "name": "seaborn",
                        "specs": []
                    },
                    {
                        "name": "star",
                        "specs": []
                    },
                    {
                        "name": "stringtie",
                        "specs": []
                    },
                    {
                        "name": "subread",
                        "specs": []
                    },
                    {
                        "name": "toolz",
                        "specs": []
                    },
                    {
                        "name": "typing",
                        "specs": []
                    }
                ]
            },
            "description": null,
            "distribution_type": "conda",
            "download_url": "//api.anaconda.org/download/bioconda/imfusion/0.3.0/osx-64/imfusion-0.3.0-py34_0.tar.bz2",
            "full_name": "bioconda/imfusion/0.3.0/osx-64/imfusion-0.3.0-py34_0.tar.bz2",
            "labels": [
                "main",
                "cf201901"
            ],
            "md5": "b54faf38daa421ad5391b11a064414c0",
            "ndownloads": 24,
            "owner": "bioconda",
            "size": 87632,
            "type": "conda",
            "upload_time": "2017-05-05 14:14:51.585000+00:00",
            "version": "0.3.0"
        },
        {
            "attrs": {
                "arch": "x86_64",
                "build": "py36_0",
                "build_number": 0,
                "depends": [
                    "future",
                    "htseq >=0.7.2",
                    "htslib <1.4",
                    "intervaltree",
                    "intervaltree",
                    "matplotlib",
                    "numexpr",
                    "pandas",
                    "pathlib2",
                    "pyfaidx >=0.4.8.1",
                    "pysam >=0.9.1",
                    "python 3.6*",
                    "scipy",
                    "seaborn",
                    "seaborn",
                    "star",
                    "stringtie",
                    "subread",
                    "toolz"
                ],
                "has_prefix": true,
                "license": "MIT",
                "machine": "x86_64",
                "operatingsystem": "darwin",
                "platform": "osx",
                "subdir": "osx-64",
                "target-triplet": "x86_64-any-darwin"
            },
            "basename": "osx-64/imfusion-0.3.0-py36_0.tar.bz2",
            "dependencies": {
                "depends": [
                    {
                        "name": "future",
                        "specs": []
                    },
                    {
                        "name": "htseq",
                        "specs": [
                            [
                                ">=",
                                "0.7.2"
                            ]
                        ]
                    },
                    {
                        "name": "htslib",
                        "specs": [
                            [
                                "<",
                                "1.4"
                            ]
                        ]
                    },
                    {
                        "name": "intervaltree",
                        "specs": []
                    },
                    {
                        "name": "intervaltree",
                        "specs": []
                    },
                    {
                        "name": "matplotlib",
                        "specs": []
                    },
                    {
                        "name": "numexpr",
                        "specs": []
                    },
                    {
                        "name": "pandas",
                        "specs": []
                    },
                    {
                        "name": "pathlib2",
                        "specs": []
                    },
                    {
                        "name": "pyfaidx",
                        "specs": [
                            [
                                ">=",
                                "0.4.8.1"
                            ]
                        ]
                    },
                    {
                        "name": "pysam",
                        "specs": [
                            [
                                ">=",
                                "0.9.1"
                            ]
                        ]
                    },
                    {
                        "name": "python",
                        "specs": [
                            [
                                "==",
                                "3.6"
                            ]
                        ]
                    },
                    {
                        "name": "scipy",
                        "specs": []
                    },
                    {
                        "name": "seaborn",
                        "specs": []
                    },
                    {
                        "name": "seaborn",
                        "specs": []
                    },
                    {
                        "name": "star",
                        "specs": []
                    },
                    {
                        "name": "stringtie",
                        "specs": []
                    },
                    {
                        "name": "subread",
                        "specs": []
                    },
                    {
                        "name": "toolz",
                        "specs": []
                    }
                ]
            },
            "description": null,
            "distribution_type": "conda",
            "download_url": "//api.anaconda.org/download/bioconda/imfusion/0.3.0/osx-64/imfusion-0.3.0-py36_0.tar.bz2",
            "full_name": "bioconda/imfusion/0.3.0/osx-64/imfusion-0.3.0-py36_0.tar.bz2",
            "labels": [
                "main",
                "cf201901"
            ],
            "md5": "128eef8f20052b90f6339425cef76b57",
            "ndownloads": 501,
            "owner": "bioconda",
            "size": 87002,
            "type": "conda",
            "upload_time": "2017-05-12 10:48:26.550000+00:00",
            "version": "0.3.0"
        },
        {
            "attrs": {
                "arch": "x86_64",
                "build": "py35_0",
                "build_number": 0,
                "depends": [
                    "future",
                    "htseq >=0.7.2",
                    "htslib <1.4",
                    "intervaltree",
                    "intervaltree",
                    "matplotlib",
                    "numexpr",
                    "pandas",
                    "pathlib2",
                    "pyfaidx >=0.4.8.1",
                    "pysam >=0.9.1",
                    "python 3.5*",
                    "scipy",
                    "seaborn",
                    "seaborn",
                    "star",
                    "stringtie",
                    "subread",
                    "toolz"
                ],
                "has_prefix": true,
                "license": "MIT",
                "machine": "x86_64",
                "operatingsystem": "darwin",
                "platform": "osx",
                "subdir": "osx-64",
                "target-triplet": "x86_64-any-darwin"
            },
            "basename": "osx-64/imfusion-0.3.2-py35_0.tar.bz2",
            "dependencies": {
                "depends": [
                    {
                        "name": "future",
                        "specs": []
                    },
                    {
                        "name": "htseq",
                        "specs": [
                            [
                                ">=",
                                "0.7.2"
                            ]
                        ]
                    },
                    {
                        "name": "htslib",
                        "specs": [
                            [
                                "<",
                                "1.4"
                            ]
                        ]
                    },
                    {
                        "name": "intervaltree",
                        "specs": []
                    },
                    {
                        "name": "intervaltree",
                        "specs": []
                    },
                    {
                        "name": "matplotlib",
                        "specs": []
                    },
                    {
                        "name": "numexpr",
                        "specs": []
                    },
                    {
                        "name": "pandas",
                        "specs": []
                    },
                    {
                        "name": "pathlib2",
                        "specs": []
                    },
                    {
                        "name": "pyfaidx",
                        "specs": [
                            [
                                ">=",
                                "0.4.8.1"
                            ]
                        ]
                    },
                    {
                        "name": "pysam",
                        "specs": [
                            [
                                ">=",
                                "0.9.1"
                            ]
                        ]
                    },
                    {
                        "name": "python",
                        "specs": [
                            [
                                "==",
                                "3.5"
                            ]
                        ]
                    },
                    {
                        "name": "scipy",
                        "specs": []
                    },
                    {
                        "name": "seaborn",
                        "specs": []
                    },
                    {
                        "name": "seaborn",
                        "specs": []
                    },
                    {
                        "name": "star",
                        "specs": []
                    },
                    {
                        "name": "stringtie",
                        "specs": []
                    },
                    {
                        "name": "subread",
                        "specs": []
                    },
                    {
                        "name": "toolz",
                        "specs": []
                    }
                ]
            },
            "description": null,
            "distribution_type": "conda",
            "download_url": "//api.anaconda.org/download/bioconda/imfusion/0.3.2/osx-64/imfusion-0.3.2-py35_0.tar.bz2",
            "full_name": "bioconda/imfusion/0.3.2/osx-64/imfusion-0.3.2-py35_0.tar.bz2",
            "labels": [
                "main",
                "cf201901"
            ],
            "md5": "48b082bf930201f316a1cfad377a389d",
            "ndownloads": 30,
            "owner": "bioconda",
            "size": 89080,
            "type": "conda",
            "upload_time": "2017-05-12 10:51:34.877000+00:00",
            "version": "0.3.2"
        },
        {
            "attrs": {
                "arch": "x86_64",
                "build": "py36_0",
                "build_number": 0,
                "depends": [
                    "future",
                    "htseq >=0.7.2",
                    "htslib <1.4",
                    "intervaltree",
                    "intervaltree",
                    "matplotlib",
                    "numexpr",
                    "pandas",
                    "pathlib2",
                    "pyfaidx >=0.4.8.1",
                    "pysam >=0.9.1",
                    "python 3.6*",
                    "scipy",
                    "seaborn",
                    "seaborn",
                    "star",
                    "stringtie",
                    "subread",
                    "toolz"
                ],
                "has_prefix": true,
                "license": "MIT",
                "machine": "x86_64",
                "operatingsystem": "darwin",
                "platform": "osx",
                "subdir": "osx-64",
                "target-triplet": "x86_64-any-darwin"
            },
            "basename": "osx-64/imfusion-0.3.2-py36_0.tar.bz2",
            "dependencies": {
                "depends": [
                    {
                        "name": "future",
                        "specs": []
                    },
                    {
                        "name": "htseq",
                        "specs": [
                            [
                                ">=",
                                "0.7.2"
                            ]
                        ]
                    },
                    {
                        "name": "htslib",
                        "specs": [
                            [
                                "<",
                                "1.4"
                            ]
                        ]
                    },
                    {
                        "name": "intervaltree",
                        "specs": []
                    },
                    {
                        "name": "intervaltree",
                        "specs": []
                    },
                    {
                        "name": "matplotlib",
                        "specs": []
                    },
                    {
                        "name": "numexpr",
                        "specs": []
                    },
                    {
                        "name": "pandas",
                        "specs": []
                    },
                    {
                        "name": "pathlib2",
                        "specs": []
                    },
                    {
                        "name": "pyfaidx",
                        "specs": [
                            [
                                ">=",
                                "0.4.8.1"
                            ]
                        ]
                    },
                    {
                        "name": "pysam",
                        "specs": [
                            [
                                ">=",
                                "0.9.1"
                            ]
                        ]
                    },
                    {
                        "name": "python",
                        "specs": [
                            [
                                "==",
                                "3.6"
                            ]
                        ]
                    },
                    {
                        "name": "scipy",
                        "specs": []
                    },
                    {
                        "name": "seaborn",
                        "specs": []
                    },
                    {
                        "name": "seaborn",
                        "specs": []
                    },
                    {
                        "name": "star",
                        "specs": []
                    },
                    {
                        "name": "stringtie",
                        "specs": []
                    },
                    {
                        "name": "subread",
                        "specs": []
                    },
                    {
                        "name": "toolz",
                        "specs": []
                    }
                ]
            },
            "description": null,
            "distribution_type": "conda",
            "download_url": "//api.anaconda.org/download/bioconda/imfusion/0.3.2/osx-64/imfusion-0.3.2-py36_0.tar.bz2",
            "full_name": "bioconda/imfusion/0.3.2/osx-64/imfusion-0.3.2-py36_0.tar.bz2",
            "labels": [
                "main",
                "cf201901"
            ],
            "md5": "2b8fbb2baa327f94a3473040ce3a8ab2",
            "ndownloads": 662,
            "owner": "bioconda",
            "size": 88605,
            "type": "conda",
            "upload_time": "2017-05-12 10:53:45.286000+00:00",
            "version": "0.3.2"
        },
        {
            "attrs": {
                "arch": "x86_64",
                "build": "py36_0",
                "build_number": 0,
                "depends": [
                    "future",
                    "htseq >=0.7.2",
                    "htslib <1.4",
                    "intervaltree",
                    "intervaltree",
                    "matplotlib",
                    "numexpr",
                    "pandas",
                    "pathlib2",
                    "pyfaidx >=0.4.8.1",
                    "pysam >=0.9.1",
                    "python 3.6*",
                    "scipy",
                    "seaborn",
                    "seaborn",
                    "star",
                    "stringtie",
                    "subread",
                    "toolz"
                ],
                "has_prefix": true,
                "license": "MIT",
                "machine": "x86_64",
                "operatingsystem": "linux",
                "platform": "linux",
                "subdir": "linux-64",
                "target-triplet": "x86_64-any-linux"
            },
            "basename": "linux-64/imfusion-0.3.2-py36_0.tar.bz2",
            "dependencies": {
                "depends": [
                    {
                        "name": "future",
                        "specs": []
                    },
                    {
                        "name": "htseq",
                        "specs": [
                            [
                                ">=",
                                "0.7.2"
                            ]
                        ]
                    },
                    {
                        "name": "htslib",
                        "specs": [
                            [
                                "<",
                                "1.4"
                            ]
                        ]
                    },
                    {
                        "name": "intervaltree",
                        "specs": []
                    },
                    {
                        "name": "intervaltree",
                        "specs": []
                    },
                    {
                        "name": "matplotlib",
                        "specs": []
                    },
                    {
                        "name": "numexpr",
                        "specs": []
                    },
                    {
                        "name": "pandas",
                        "specs": []
                    },
                    {
                        "name": "pathlib2",
                        "specs": []
                    },
                    {
                        "name": "pyfaidx",
                        "specs": [
                            [
                                ">=",
                                "0.4.8.1"
                            ]
                        ]
                    },
                    {
                        "name": "pysam",
                        "specs": [
                            [
                                ">=",
                                "0.9.1"
                            ]
                        ]
                    },
                    {
                        "name": "python",
                        "specs": [
                            [
                                "==",
                                "3.6"
                            ]
                        ]
                    },
                    {
                        "name": "scipy",
                        "specs": []
                    },
                    {
                        "name": "seaborn",
                        "specs": []
                    },
                    {
                        "name": "seaborn",
                        "specs": []
                    },
                    {
                        "name": "star",
                        "specs": []
                    },
                    {
                        "name": "stringtie",
                        "specs": []
                    },
                    {
                        "name": "subread",
                        "specs": []
                    },
                    {
                        "name": "toolz",
                        "specs": []
                    }
                ]
            },
            "description": null,
            "distribution_type": "conda",
            "download_url": "//api.anaconda.org/download/bioconda/imfusion/0.3.2/linux-64/imfusion-0.3.2-py36_0.tar.bz2",
            "full_name": "bioconda/imfusion/0.3.2/linux-64/imfusion-0.3.2-py36_0.tar.bz2",
            "labels": [
                "main",
                "cf201901"
            ],
            "md5": "85e6e41e969ad09da3a807fc3c2bf214",
            "ndownloads": 378,
            "owner": "bioconda",
            "size": 89195,
            "type": "conda",
            "upload_time": "2017-05-12 10:55:14.773000+00:00",
            "version": "0.3.2"
        },
        {
            "attrs": {
                "arch": "x86_64",
                "build": "py27_0",
                "build_number": 0,
                "depends": [
                    "bowtie",
                    "future",
                    "htseq >=0.7.2",
                    "htslib <1.4",
                    "intervaltree",
                    "intervaltree",
                    "matplotlib",
                    "numexpr",
                    "pandas",
                    "pathlib2",
                    "pyfaidx >=0.4.8.1",
                    "pysam >=0.9.1",
                    "python 2.7*",
                    "scipy",
                    "seaborn",
                    "seaborn",
                    "star",
                    "stringtie",
                    "subread",
                    "toolz",
                    "tophat >=2.1.0",
                    "typing"
                ],
                "has_prefix": true,
                "license": "MIT",
                "machine": "x86_64",
                "operatingsystem": "darwin",
                "platform": "osx",
                "subdir": "osx-64",
                "target-triplet": "x86_64-any-darwin"
            },
            "basename": "osx-64/imfusion-0.3.2-py27_0.tar.bz2",
            "dependencies": {
                "depends": [
                    {
                        "name": "bowtie",
                        "specs": []
                    },
                    {
                        "name": "future",
                        "specs": []
                    },
                    {
                        "name": "htseq",
                        "specs": [
                            [
                                ">=",
                                "0.7.2"
                            ]
                        ]
                    },
                    {
                        "name": "htslib",
                        "specs": [
                            [
                                "<",
                                "1.4"
                            ]
                        ]
                    },
                    {
                        "name": "intervaltree",
                        "specs": []
                    },
                    {
                        "name": "intervaltree",
                        "specs": []
                    },
                    {
                        "name": "matplotlib",
                        "specs": []
                    },
                    {
                        "name": "numexpr",
                        "specs": []
                    },
                    {
                        "name": "pandas",
                        "specs": []
                    },
                    {
                        "name": "pathlib2",
                        "specs": []
                    },
                    {
                        "name": "pyfaidx",
                        "specs": [
                            [
                                ">=",
                                "0.4.8.1"
                            ]
                        ]
                    },
                    {
                        "name": "pysam",
                        "specs": [
                            [
                                ">=",
                                "0.9.1"
                            ]
                        ]
                    },
                    {
                        "name": "python",
                        "specs": [
                            [
                                "==",
                                "2.7"
                            ]
                        ]
                    },
                    {
                        "name": "scipy",
                        "specs": []
                    },
                    {
                        "name": "seaborn",
                        "specs": []
                    },
                    {
                        "name": "seaborn",
                        "specs": []
                    },
                    {
                        "name": "star",
                        "specs": []
                    },
                    {
                        "name": "stringtie",
                        "specs": []
                    },
                    {
                        "name": "subread",
                        "specs": []
                    },
                    {
                        "name": "toolz",
                        "specs": []
                    },
                    {
                        "name": "tophat",
                        "specs": [
                            [
                                ">=",
                                "2.1.0"
                            ]
                        ]
                    },
                    {
                        "name": "typing",
                        "specs": []
                    }
                ]
            },
            "description": null,
            "distribution_type": "conda",
            "download_url": "//api.anaconda.org/download/bioconda/imfusion/0.3.2/osx-64/imfusion-0.3.2-py27_0.tar.bz2",
            "full_name": "bioconda/imfusion/0.3.2/osx-64/imfusion-0.3.2-py27_0.tar.bz2",
            "labels": [
                "main",
                "cf201901"
            ],
            "md5": "60af70563cb1956cb0f67691faee2d46",
            "ndownloads": 104,
            "owner": "bioconda",
            "size": 87019,
            "type": "conda",
            "upload_time": "2017-05-12 10:56:53.547000+00:00",
            "version": "0.3.2"
        },
        {
            "attrs": {
                "arch": "x86_64",
                "build": "py35_0",
                "build_number": 0,
                "depends": [
                    "future",
                    "htseq >=0.7.2",
                    "htslib <1.4",
                    "intervaltree",
                    "intervaltree",
                    "matplotlib",
                    "numexpr",
                    "pandas",
                    "pathlib2",
                    "pyfaidx >=0.4.8.1",
                    "pysam >=0.9.1",
                    "python 3.5*",
                    "scipy",
                    "seaborn",
                    "seaborn",
                    "star",
                    "stringtie",
                    "subread",
                    "toolz"
                ],
                "has_prefix": true,
                "license": "MIT",
                "machine": "x86_64",
                "operatingsystem": "linux",
                "platform": "linux",
                "subdir": "linux-64",
                "target-triplet": "x86_64-any-linux"
            },
            "basename": "linux-64/imfusion-0.3.2-py35_0.tar.bz2",
            "dependencies": {
                "depends": [
                    {
                        "name": "future",
                        "specs": []
                    },
                    {
                        "name": "htseq",
                        "specs": [
                            [
                                ">=",
                                "0.7.2"
                            ]
                        ]
                    },
                    {
                        "name": "htslib",
                        "specs": [
                            [
                                "<",
                                "1.4"
                            ]
                        ]
                    },
                    {
                        "name": "intervaltree",
                        "specs": []
                    },
                    {
                        "name": "intervaltree",
                        "specs": []
                    },
                    {
                        "name": "matplotlib",
                        "specs": []
                    },
                    {
                        "name": "numexpr",
                        "specs": []
                    },
                    {
                        "name": "pandas",
                        "specs": []
                    },
                    {
                        "name": "pathlib2",
                        "specs": []
                    },
                    {
                        "name": "pyfaidx",
                        "specs": [
                            [
                                ">=",
                                "0.4.8.1"
                            ]
                        ]
                    },
                    {
                        "name": "pysam",
                        "specs": [
                            [
                                ">=",
                                "0.9.1"
                            ]
                        ]
                    },
                    {
                        "name": "python",
                        "specs": [
                            [
                                "==",
                                "3.5"
                            ]
                        ]
                    },
                    {
                        "name": "scipy",
                        "specs": []
                    },
                    {
                        "name": "seaborn",
                        "specs": []
                    },
                    {
                        "name": "seaborn",
                        "specs": []
                    },
                    {
                        "name": "star",
                        "specs": []
                    },
                    {
                        "name": "stringtie",
                        "specs": []
                    },
                    {
                        "name": "subread",
                        "specs": []
                    },
                    {
                        "name": "toolz",
                        "specs": []
                    }
                ]
            },
            "description": null,
            "distribution_type": "conda",
            "download_url": "//api.anaconda.org/download/bioconda/imfusion/0.3.2/linux-64/imfusion-0.3.2-py35_0.tar.bz2",
            "full_name": "bioconda/imfusion/0.3.2/linux-64/imfusion-0.3.2-py35_0.tar.bz2",
            "labels": [
                "main",
                "cf201901"
            ],
            "md5": "9f1e0b920876bb28f80d22a7606fee15",
            "ndownloads": 484,
            "owner": "bioconda",
            "size": 89704,
            "type": "conda",
            "upload_time": "2017-05-12 11:07:19.032000+00:00",
            "version": "0.3.2"
        },
        {
            "attrs": {
                "arch": "x86_64",
                "build": "py27_0",
                "build_number": 0,
                "depends": [
                    "bowtie",
                    "future",
                    "htseq >=0.7.2",
                    "htslib <1.4",
                    "intervaltree",
                    "intervaltree",
                    "matplotlib",
                    "numexpr",
                    "pandas",
                    "pathlib2",
                    "pyfaidx >=0.4.8.1",
                    "pysam >=0.9.1",
                    "python 2.7*",
                    "scipy",
                    "seaborn",
                    "seaborn",
                    "star",
                    "stringtie",
                    "subread",
                    "toolz",
                    "tophat >=2.1.0",
                    "typing"
                ],
                "has_prefix": true,
                "license": "MIT",
                "machine": "x86_64",
                "operatingsystem": "linux",
                "platform": "linux",
                "subdir": "linux-64",
                "target-triplet": "x86_64-any-linux"
            },
            "basename": "linux-64/imfusion-0.3.2-py27_0.tar.bz2",
            "dependencies": {
                "depends": [
                    {
                        "name": "bowtie",
                        "specs": []
                    },
                    {
                        "name": "future",
                        "specs": []
                    },
                    {
                        "name": "htseq",
                        "specs": [
                            [
                                ">=",
                                "0.7.2"
                            ]
                        ]
                    },
                    {
                        "name": "htslib",
                        "specs": [
                            [
                                "<",
                                "1.4"
                            ]
                        ]
                    },
                    {
                        "name": "intervaltree",
                        "specs": []
                    },
                    {
                        "name": "intervaltree",
                        "specs": []
                    },
                    {
                        "name": "matplotlib",
                        "specs": []
                    },
                    {
                        "name": "numexpr",
                        "specs": []
                    },
                    {
                        "name": "pandas",
                        "specs": []
                    },
                    {
                        "name": "pathlib2",
                        "specs": []
                    },
                    {
                        "name": "pyfaidx",
                        "specs": [
                            [
                                ">=",
                                "0.4.8.1"
                            ]
                        ]
                    },
                    {
                        "name": "pysam",
                        "specs": [
                            [
                                ">=",
                                "0.9.1"
                            ]
                        ]
                    },
                    {
                        "name": "python",
                        "specs": [
                            [
                                "==",
                                "2.7"
                            ]
                        ]
                    },
                    {
                        "name": "scipy",
                        "specs": []
                    },
                    {
                        "name": "seaborn",
                        "specs": []
                    },
                    {
                        "name": "seaborn",
                        "specs": []
                    },
                    {
                        "name": "star",
                        "specs": []
                    },
                    {
                        "name": "stringtie",
                        "specs": []
                    },
                    {
                        "name": "subread",
                        "specs": []
                    },
                    {
                        "name": "toolz",
                        "specs": []
                    },
                    {
                        "name": "tophat",
                        "specs": [
                            [
                                ">=",
                                "2.1.0"
                            ]
                        ]
                    },
                    {
                        "name": "typing",
                        "specs": []
                    }
                ]
            },
            "description": null,
            "distribution_type": "conda",
            "download_url": "//api.anaconda.org/download/bioconda/imfusion/0.3.2/linux-64/imfusion-0.3.2-py27_0.tar.bz2",
            "full_name": "bioconda/imfusion/0.3.2/linux-64/imfusion-0.3.2-py27_0.tar.bz2",
            "labels": [
                "main",
                "cf201901"
            ],
            "md5": "c59e385576f6d013ad33a93f68477fce",
            "ndownloads": 409,
            "owner": "bioconda",
            "size": 87721,
            "type": "conda",
            "upload_time": "2017-05-12 11:21:14.043000+00:00",
            "version": "0.3.2"
        },
        {
            "attrs": {
                "arch": "x86_64",
                "build": "py36_0",
                "build_number": 0,
                "depends": [
                    "future",
                    "htseq >=0.7.2",
                    "htslib <1.4",
                    "intervaltree",
                    "intervaltree",
                    "matplotlib",
                    "numexpr",
                    "pandas",
                    "pathlib2",
                    "pyfaidx >=0.4.8.1",
                    "pysam >=0.9.1",
                    "python 3.6*",
                    "scipy",
                    "seaborn",
                    "seaborn",
                    "star",
                    "stringtie",
                    "subread",
                    "toolz"
                ],
                "has_prefix": true,
                "license": "MIT",
                "machine": "x86_64",
                "operatingsystem": "linux",
                "platform": "linux",
                "subdir": "linux-64",
                "target-triplet": "x86_64-any-linux"
            },
            "basename": "linux-64/imfusion-0.3.0-py36_0.tar.bz2",
            "dependencies": {
                "depends": [
                    {
                        "name": "future",
                        "specs": []
                    },
                    {
                        "name": "htseq",
                        "specs": [
                            [
                                ">=",
                                "0.7.2"
                            ]
                        ]
                    },
                    {
                        "name": "htslib",
                        "specs": [
                            [
                                "<",
                                "1.4"
                            ]
                        ]
                    },
                    {
                        "name": "intervaltree",
                        "specs": []
                    },
                    {
                        "name": "intervaltree",
                        "specs": []
                    },
                    {
                        "name": "matplotlib",
                        "specs": []
                    },
                    {
                        "name": "numexpr",
                        "specs": []
                    },
                    {
                        "name": "pandas",
                        "specs": []
                    },
                    {
                        "name": "pathlib2",
                        "specs": []
                    },
                    {
                        "name": "pyfaidx",
                        "specs": [
                            [
                                ">=",
                                "0.4.8.1"
                            ]
                        ]
                    },
                    {
                        "name": "pysam",
                        "specs": [
                            [
                                ">=",
                                "0.9.1"
                            ]
                        ]
                    },
                    {
                        "name": "python",
                        "specs": [
                            [
                                "==",
                                "3.6"
                            ]
                        ]
                    },
                    {
                        "name": "scipy",
                        "specs": []
                    },
                    {
                        "name": "seaborn",
                        "specs": []
                    },
                    {
                        "name": "seaborn",
                        "specs": []
                    },
                    {
                        "name": "star",
                        "specs": []
                    },
                    {
                        "name": "stringtie",
                        "specs": []
                    },
                    {
                        "name": "subread",
                        "specs": []
                    },
                    {
                        "name": "toolz",
                        "specs": []
                    }
                ]
            },
            "description": null,
            "distribution_type": "conda",
            "download_url": "//api.anaconda.org/download/bioconda/imfusion/0.3.0/linux-64/imfusion-0.3.0-py36_0.tar.bz2",
            "full_name": "bioconda/imfusion/0.3.0/linux-64/imfusion-0.3.0-py36_0.tar.bz2",
            "labels": [
                "main",
                "cf201901"
            ],
            "md5": "5c9ee76433bb862c2d7ea70db784ea74",
            "ndownloads": 364,
            "owner": "bioconda",
            "size": 87592,
            "type": "conda",
            "upload_time": "2017-05-12 12:39:39.984000+00:00",
            "version": "0.3.0"
        },
        {
            "attrs": {
                "arch": "x86_64",
                "build": "py34_0",
                "build_number": 0,
                "depends": [
                    "future",
                    "htseq >=0.7.2",
                    "htslib <1.4",
                    "intervaltree",
                    "intervaltree",
                    "matplotlib",
                    "numexpr",
                    "pandas",
                    "pathlib2",
                    "pyfaidx >=0.4.8.1",
                    "pysam >=0.9.1",
                    "python 3.4*",
                    "scipy",
                    "seaborn",
                    "seaborn",
                    "star",
                    "stringtie",
                    "subread",
                    "toolz",
                    "typing"
                ],
                "has_prefix": true,
                "license": "MIT",
                "machine": "x86_64",
                "operatingsystem": "linux",
                "platform": "linux",
                "subdir": "linux-64",
                "target-triplet": "x86_64-any-linux"
            },
            "basename": "linux-64/imfusion-0.3.0-py34_0.tar.bz2",
            "dependencies": {
                "depends": [
                    {
                        "name": "future",
                        "specs": []
                    },
                    {
                        "name": "htseq",
                        "specs": [
                            [
                                ">=",
                                "0.7.2"
                            ]
                        ]
                    },
                    {
                        "name": "htslib",
                        "specs": [
                            [
                                "<",
                                "1.4"
                            ]
                        ]
                    },
                    {
                        "name": "intervaltree",
                        "specs": []
                    },
                    {
                        "name": "intervaltree",
                        "specs": []
                    },
                    {
                        "name": "matplotlib",
                        "specs": []
                    },
                    {
                        "name": "numexpr",
                        "specs": []
                    },
                    {
                        "name": "pandas",
                        "specs": []
                    },
                    {
                        "name": "pathlib2",
                        "specs": []
                    },
                    {
                        "name": "pyfaidx",
                        "specs": [
                            [
                                ">=",
                                "0.4.8.1"
                            ]
                        ]
                    },
                    {
                        "name": "pysam",
                        "specs": [
                            [
                                ">=",
                                "0.9.1"
                            ]
                        ]
                    },
                    {
                        "name": "python",
                        "specs": [
                            [
                                "==",
                                "3.4"
                            ]
                        ]
                    },
                    {
                        "name": "scipy",
                        "specs": []
                    },
                    {
                        "name": "seaborn",
                        "specs": []
                    },
                    {
                        "name": "seaborn",
                        "specs": []
                    },
                    {
                        "name": "star",
                        "specs": []
                    },
                    {
                        "name": "stringtie",
                        "specs": []
                    },
                    {
                        "name": "subread",
                        "specs": []
                    },
                    {
                        "name": "toolz",
                        "specs": []
                    },
                    {
                        "name": "typing",
                        "specs": []
                    }
                ]
            },
            "description": null,
            "distribution_type": "conda",
            "download_url": "//api.anaconda.org/download/bioconda/imfusion/0.3.0/linux-64/imfusion-0.3.0-py34_0.tar.bz2",
            "full_name": "bioconda/imfusion/0.3.0/linux-64/imfusion-0.3.0-py34_0.tar.bz2",
            "labels": [
                "main",
                "cf201901"
            ],
            "md5": "277a22dd8f2dc333a98d4969e6b02246",
            "ndownloads": 350,
            "owner": "bioconda",
            "size": 88039,
            "type": "conda",
            "upload_time": "2017-05-05 14:11:31.188000+00:00",
            "version": "0.3.0"
        }
    ],
    "full_name": "bioconda/imfusion",
    "home": "None",
    "html_url": "http://anaconda.org/bioconda/imfusion",
    "id": "590c88124f2a1f1216c4beee",
    "latest_version": "0.3.2",
    "license": {},
    "license_url": {},
    "modified_at": "2017-05-12 12:39:40.567000+00:00",
    "name": "imfusion",
    "owner": {
        "company": "",
        "created_at": "2015-09-11 22:59:20.880000+00:00",
        "description": "Bioconda is a distribution of bioinformatics software realized as a channel for the versatile Conda package manager.",
        "location": "",
        "login": "bioconda",
        "name": "bioconda",
        "url": "",
        "user_type": "org"
    },
    "package_types": [
        "conda"
    ],
    "public": true,
    "releases": [
        {
            "distributions": [],
            "full_name": "bioconda/imfusion/0.3.0",
            "version": "0.3.0"
        },
        {
            "distributions": [],
            "full_name": "bioconda/imfusion/0.3.2",
            "version": "0.3.2"
        }
    ],
    "revision": 4,
    "source_git_tag": {},
    "source_git_url": {},
    "summary": "",
    "upvoted": 0,
    "url": "http://api.anaconda.org/packages/bioconda/imfusion",
    "versions": [
        "0.3.0",
        "0.3.2"
    ],
    "watchers": 1
}