{
    "app_entry": {},
    "app_summary": {},
    "app_type": {},
    "builds": [
        "0"
    ],
    "conda_platforms": [
        "linux-64",
        "osx-64"
    ],
    "created_at": "2015-12-08 19:46:09.281000+00:00",
    "description": "None",
    "dev_url": {},
    "doc_url": {},
    "files": [
        {
            "attrs": {
                "arch": "x86_64",
                "build": "0",
                "build_number": 0,
                "depends": [],
                "license": "unknown",
                "machine": "x86_64",
                "operatingsystem": "linux",
                "platform": "linux",
                "subdir": "linux-64",
                "target-triplet": "x86_64-any-linux"
            },
            "basename": "linux-64/intervalstats-1.01-0.tar.bz2",
            "dependencies": {
                "depends": []
            },
            "description": null,
            "distribution_type": "conda",
            "download_url": "//api.anaconda.org/download/bioconda/intervalstats/1.01/linux-64/intervalstats-1.01-0.tar.bz2",
            "full_name": "bioconda/intervalstats/1.01/linux-64/intervalstats-1.01-0.tar.bz2",
            "labels": [
                "main",
                "cf201901"
            ],
            "md5": "f97c4e23d199e325b35ec868882da0ae",
            "ndownloads": 1282,
            "owner": "bioconda",
            "size": 56224,
            "type": "conda",
            "upload_time": "2015-12-08 19:46:09.541000+00:00",
            "version": "1.01"
        },
        {
            "attrs": {
                "arch": "x86_64",
                "build": "0",
                "build_number": 0,
                "depends": [],
                "license": "unknown",
                "machine": "x86_64",
                "operatingsystem": "darwin",
                "platform": "osx",
                "subdir": "osx-64",
                "target-triplet": "x86_64-any-darwin"
            },
            "basename": "osx-64/intervalstats-1.01-0.tar.bz2",
            "dependencies": {
                "depends": []
            },
            "description": null,
            "distribution_type": "conda",
            "download_url": "//api.anaconda.org/download/bioconda/intervalstats/1.01/osx-64/intervalstats-1.01-0.tar.bz2",
            "full_name": "bioconda/intervalstats/1.01/osx-64/intervalstats-1.01-0.tar.bz2",
            "labels": [
                "main",
                "cf201901"
            ],
            "md5": "220788c94f7d0c543ee639b59851cac3",
            "ndownloads": 911,
            "owner": "bioconda",
            "size": 47184,
            "type": "conda",
            "upload_time": "2016-04-12 17:20:14.529000+00:00",
            "version": "1.01"
        }
    ],
    "full_name": "bioconda/intervalstats",
    "home": "None",
    "html_url": "http://anaconda.org/bioconda/intervalstats",
    "id": "56673381ea546b0bbf9ccaa1",
    "latest_version": "1.01",
    "license": "unknown",
    "license_url": {},
    "modified_at": "2016-12-01 01:30:47.399000+00:00",
    "name": "intervalstats",
    "owner": {
        "company": "",
        "created_at": "2015-09-11 22:59:20.880000+00:00",
        "description": "Bioconda is a distribution of bioinformatics software realized as a channel for the versatile Conda package manager.",
        "location": "",
        "login": "bioconda",
        "name": "bioconda",
        "url": "",
        "user_type": "org"
    },
    "package_types": [
        "conda"
    ],
    "public": true,
    "releases": [
        {
            "distributions": [
                "linux-64/intervalstats-1.01-0.tar.bz2",
                "osx-64/intervalstats-1.01-0.tar.bz2"
            ],
            "full_name": "bioconda/intervalstats/1.01",
            "version": "1.01"
        }
    ],
    "revision": 3,
    "source_git_tag": {},
    "source_git_url": {},
    "summary": "Tool for assessing similarity between sets of intervals",
    "upvoted": 0,
    "url": "http://api.anaconda.org/packages/bioconda/intervalstats",
    "versions": [
        "1.01"
    ],
    "watchers": 1
}