{
    "app_entry": {},
    "app_summary": {},
    "app_type": {},
    "builds": [
        "py27h8b12597_3",
        "py27h8b12597_0",
        "py27ha92aebf_2",
        "py27_1",
        "py27_0"
    ],
    "conda_platforms": [
        "linux-64",
        "osx-64"
    ],
    "created_at": "2017-09-28 07:24:04.270000+00:00",
    "description": "",
    "dev_url": null,
    "doc_url": null,
    "files": [
        {
            "attrs": {
                "arch": "x86_64",
                "build": "py27_1",
                "build_number": 1,
                "depends": [
                    "python 2.7*",
                    "zlib 1.2.11*"
                ],
                "has_prefix": true,
                "license": "CeCILL license",
                "machine": "x86_64",
                "operatingsystem": "darwin",
                "platform": "osx",
                "subdir": "osx-64",
                "target-triplet": "x86_64-any-darwin"
            },
            "basename": "osx-64/kissplice-2.4.0p1-py27_1.tar.bz2",
            "dependencies": {
                "depends": [
                    {
                        "name": "python",
                        "specs": [
                            [
                                "==",
                                "2.7"
                            ]
                        ]
                    },
                    {
                        "name": "zlib",
                        "specs": [
                            [
                                "==",
                                "1.2.11"
                            ]
                        ]
                    }
                ]
            },
            "description": null,
            "distribution_type": "conda",
            "download_url": "//api.anaconda.org/download/bioconda/kissplice/2.4.0p1/osx-64/kissplice-2.4.0p1-py27_1.tar.bz2",
            "full_name": "bioconda/kissplice/2.4.0p1/osx-64/kissplice-2.4.0p1-py27_1.tar.bz2",
            "labels": [
                "main",
                "cf201901"
            ],
            "md5": "3a89f2ea08501b4da02f3d422aa1fbb5",
            "ndownloads": 27,
            "owner": "bioconda",
            "size": 852592,
            "type": "conda",
            "upload_time": "2018-02-04 10:51:37.841000+00:00",
            "version": "2.4.0p1"
        },
        {
            "attrs": {
                "arch": "x86_64",
                "build": "py27_0",
                "build_number": 0,
                "depends": [
                    "python 2.7*",
                    "zlib 1.2.8*"
                ],
                "has_prefix": true,
                "license": "CeCILL license",
                "machine": "x86_64",
                "operatingsystem": "darwin",
                "platform": "osx",
                "subdir": "osx-64",
                "target-triplet": "x86_64-any-darwin"
            },
            "basename": "osx-64/kissplice-2.4.0p1-py27_0.tar.bz2",
            "dependencies": {
                "depends": [
                    {
                        "name": "python",
                        "specs": [
                            [
                                "==",
                                "2.7"
                            ]
                        ]
                    },
                    {
                        "name": "zlib",
                        "specs": [
                            [
                                "==",
                                "1.2.8"
                            ]
                        ]
                    }
                ]
            },
            "description": null,
            "distribution_type": "conda",
            "download_url": "//api.anaconda.org/download/bioconda/kissplice/2.4.0p1/osx-64/kissplice-2.4.0p1-py27_0.tar.bz2",
            "full_name": "bioconda/kissplice/2.4.0p1/osx-64/kissplice-2.4.0p1-py27_0.tar.bz2",
            "labels": [
                "main",
                "cf201901"
            ],
            "md5": "dfe1023465ef95f05a6e43ffcaa22229",
            "ndownloads": 261,
            "owner": "bioconda",
            "size": 856557,
            "type": "conda",
            "upload_time": "2017-09-28 07:24:04.845000+00:00",
            "version": "2.4.0p1"
        },
        {
            "attrs": {
                "arch": "x86_64",
                "build": "py27ha92aebf_2",
                "build_number": 2,
                "depends": [
                    "python >=2.7,<2.8.0a0",
                    "zlib >=1.2.11,<1.3.0a0"
                ],
                "has_prefix": true,
                "license": "CeCILL license",
                "machine": "x86_64",
                "operatingsystem": "darwin",
                "platform": "osx",
                "subdir": "osx-64",
                "target-triplet": "x86_64-any-darwin",
                "timestamp": 1530575056866
            },
            "basename": "osx-64/kissplice-2.4.0p1-py27ha92aebf_2.tar.bz2",
            "dependencies": {
                "depends": [
                    {
                        "name": "python",
                        "specs": [
                            [
                                ">=",
                                "2.7,<2.8.0a0"
                            ]
                        ]
                    },
                    {
                        "name": "zlib",
                        "specs": [
                            [
                                ">=",
                                "1.2.11,<1.3.0a0"
                            ]
                        ]
                    }
                ]
            },
            "description": null,
            "distribution_type": "conda",
            "download_url": "//api.anaconda.org/download/bioconda/kissplice/2.4.0p1/osx-64/kissplice-2.4.0p1-py27ha92aebf_2.tar.bz2",
            "full_name": "bioconda/kissplice/2.4.0p1/osx-64/kissplice-2.4.0p1-py27ha92aebf_2.tar.bz2",
            "labels": [
                "main",
                "cf201901"
            ],
            "md5": "ad5b2494791b194f66bd09a9ef8fe7c6",
            "ndownloads": 619,
            "owner": "bioconda",
            "size": 853628,
            "type": "conda",
            "upload_time": "2018-07-02 23:44:45.032000+00:00",
            "version": "2.4.0p1"
        },
        {
            "attrs": {
                "arch": "x86_64",
                "build": "py27ha92aebf_2",
                "build_number": 2,
                "depends": [
                    "libgcc-ng >=4.9",
                    "python >=2.7,<2.8.0a0",
                    "zlib >=1.2.11,<1.3.0a0"
                ],
                "has_prefix": false,
                "license": "CeCILL license",
                "machine": "x86_64",
                "operatingsystem": "linux",
                "platform": "linux",
                "subdir": "linux-64",
                "target-triplet": "x86_64-any-linux",
                "timestamp": 1531443981106
            },
            "basename": "linux-64/kissplice-2.4.0p1-py27ha92aebf_2.tar.bz2",
            "dependencies": {
                "depends": [
                    {
                        "name": "libgcc-ng",
                        "specs": [
                            [
                                ">=",
                                "4.9"
                            ]
                        ]
                    },
                    {
                        "name": "python",
                        "specs": [
                            [
                                ">=",
                                "2.7,<2.8.0a0"
                            ]
                        ]
                    },
                    {
                        "name": "zlib",
                        "specs": [
                            [
                                ">=",
                                "1.2.11,<1.3.0a0"
                            ]
                        ]
                    }
                ]
            },
            "description": null,
            "distribution_type": "conda",
            "download_url": "//api.anaconda.org/download/bioconda/kissplice/2.4.0p1/linux-64/kissplice-2.4.0p1-py27ha92aebf_2.tar.bz2",
            "full_name": "bioconda/kissplice/2.4.0p1/linux-64/kissplice-2.4.0p1-py27ha92aebf_2.tar.bz2",
            "labels": [
                "main",
                "cf201901"
            ],
            "md5": "a176b69891b98e2becac3dbdb922fca3",
            "ndownloads": 191,
            "owner": "bioconda",
            "size": 873631,
            "type": "conda",
            "upload_time": "2018-07-13 01:07:57.350000+00:00",
            "version": "2.4.0p1"
        },
        {
            "attrs": {
                "arch": "x86_64",
                "build": "py27_1",
                "build_number": 1,
                "depends": [
                    "libgcc",
                    "python 2.7*",
                    "zlib 1.2.11*"
                ],
                "has_prefix": true,
                "license": "CeCILL license",
                "machine": "x86_64",
                "operatingsystem": "linux",
                "platform": "linux",
                "subdir": "linux-64",
                "target-triplet": "x86_64-any-linux"
            },
            "basename": "linux-64/kissplice-2.4.0p1-py27_1.tar.bz2",
            "dependencies": {
                "depends": [
                    {
                        "name": "libgcc",
                        "specs": []
                    },
                    {
                        "name": "python",
                        "specs": [
                            [
                                "==",
                                "2.7"
                            ]
                        ]
                    },
                    {
                        "name": "zlib",
                        "specs": [
                            [
                                "==",
                                "1.2.11"
                            ]
                        ]
                    }
                ]
            },
            "description": null,
            "distribution_type": "conda",
            "download_url": "//api.anaconda.org/download/bioconda/kissplice/2.4.0p1/linux-64/kissplice-2.4.0p1-py27_1.tar.bz2",
            "full_name": "bioconda/kissplice/2.4.0p1/linux-64/kissplice-2.4.0p1-py27_1.tar.bz2",
            "labels": [
                "main",
                "cf201901"
            ],
            "md5": "c877e527f64cf74366f8479c7ab7c64a",
            "ndownloads": 152,
            "owner": "bioconda",
            "size": 881734,
            "type": "conda",
            "upload_time": "2018-02-12 00:57:44.226000+00:00",
            "version": "2.4.0p1"
        },
        {
            "attrs": {
                "arch": "x86_64",
                "build": "py27_0",
                "build_number": 0,
                "depends": [
                    "libgcc",
                    "python 2.7*",
                    "zlib 1.2.8*"
                ],
                "has_prefix": true,
                "license": "CeCILL license",
                "machine": "x86_64",
                "operatingsystem": "linux",
                "platform": "linux",
                "subdir": "linux-64",
                "target-triplet": "x86_64-any-linux"
            },
            "basename": "linux-64/kissplice-2.4.0p1-py27_0.tar.bz2",
            "dependencies": {
                "depends": [
                    {
                        "name": "libgcc",
                        "specs": []
                    },
                    {
                        "name": "python",
                        "specs": [
                            [
                                "==",
                                "2.7"
                            ]
                        ]
                    },
                    {
                        "name": "zlib",
                        "specs": [
                            [
                                "==",
                                "1.2.8"
                            ]
                        ]
                    }
                ]
            },
            "description": null,
            "distribution_type": "conda",
            "download_url": "//api.anaconda.org/download/bioconda/kissplice/2.4.0p1/linux-64/kissplice-2.4.0p1-py27_0.tar.bz2",
            "full_name": "bioconda/kissplice/2.4.0p1/linux-64/kissplice-2.4.0p1-py27_0.tar.bz2",
            "labels": [
                "main",
                "cf201901"
            ],
            "md5": "6039499848f1471ed07fc40db1ffbebc",
            "ndownloads": 550,
            "owner": "bioconda",
            "size": 880253,
            "type": "conda",
            "upload_time": "2017-09-28 07:24:46.291000+00:00",
            "version": "2.4.0p1"
        },
        {
            "attrs": {
                "arch": "x86_64",
                "build": "py27h8b12597_3",
                "build_number": 3,
                "depends": [
                    "libgcc-ng >=7.3.0",
                    "libstdcxx-ng >=7.3.0",
                    "python >=2.7,<2.8.0a0",
                    "zlib >=1.2.11,<1.3.0a0"
                ],
                "has_prefix": false,
                "license": "CeCILL license",
                "machine": "x86_64",
                "operatingsystem": "linux",
                "platform": "linux",
                "subdir": "linux-64",
                "target-triplet": "x86_64-any-linux",
                "timestamp": 1579620961514
            },
            "basename": "linux-64/kissplice-2.4.0p1-py27h8b12597_3.tar.bz2",
            "dependencies": {
                "depends": [
                    {
                        "name": "libgcc-ng",
                        "specs": [
                            [
                                ">=",
                                "7.3.0"
                            ]
                        ]
                    },
                    {
                        "name": "libstdcxx-ng",
                        "specs": [
                            [
                                ">=",
                                "7.3.0"
                            ]
                        ]
                    },
                    {
                        "name": "python",
                        "specs": [
                            [
                                ">=",
                                "2.7,<2.8.0a0"
                            ]
                        ]
                    },
                    {
                        "name": "zlib",
                        "specs": [
                            [
                                ">=",
                                "1.2.11,<1.3.0a0"
                            ]
                        ]
                    }
                ]
            },
            "description": null,
            "distribution_type": "conda",
            "download_url": "//api.anaconda.org/download/bioconda/kissplice/2.4.0p1/linux-64/kissplice-2.4.0p1-py27h8b12597_3.tar.bz2",
            "full_name": "bioconda/kissplice/2.4.0p1/linux-64/kissplice-2.4.0p1-py27h8b12597_3.tar.bz2",
            "labels": [
                "main"
            ],
            "md5": "2cdb66efc0faa6adfe817f44f32e73ac",
            "ndownloads": 18,
            "owner": "bioconda",
            "size": 940831,
            "type": "conda",
            "upload_time": "2020-01-21 16:47:29.236000+00:00",
            "version": "2.4.0p1"
        },
        {
            "attrs": {
                "arch": "x86_64",
                "build": "py27h8b12597_0",
                "build_number": 0,
                "depends": [
                    "libgcc-ng >=7.3.0",
                    "libstdcxx-ng >=7.3.0",
                    "python >=2.7,<2.8.0a0",
                    "zlib >=1.2.11,<1.3.0a0"
                ],
                "has_prefix": false,
                "license": "CeCILL license",
                "machine": "x86_64",
                "operatingsystem": "linux",
                "platform": "linux",
                "subdir": "linux-64",
                "target-triplet": "x86_64-any-linux",
                "timestamp": 1579627146881
            },
            "basename": "linux-64/kissplice-2.4.0-py27h8b12597_0.tar.bz2",
            "dependencies": {
                "depends": [
                    {
                        "name": "libgcc-ng",
                        "specs": [
                            [
                                ">=",
                                "7.3.0"
                            ]
                        ]
                    },
                    {
                        "name": "libstdcxx-ng",
                        "specs": [
                            [
                                ">=",
                                "7.3.0"
                            ]
                        ]
                    },
                    {
                        "name": "python",
                        "specs": [
                            [
                                ">=",
                                "2.7,<2.8.0a0"
                            ]
                        ]
                    },
                    {
                        "name": "zlib",
                        "specs": [
                            [
                                ">=",
                                "1.2.11,<1.3.0a0"
                            ]
                        ]
                    }
                ]
            },
            "description": null,
            "distribution_type": "conda",
            "download_url": "//api.anaconda.org/download/bioconda/kissplice/2.4.0/linux-64/kissplice-2.4.0-py27h8b12597_0.tar.bz2",
            "full_name": "bioconda/kissplice/2.4.0/linux-64/kissplice-2.4.0-py27h8b12597_0.tar.bz2",
            "labels": [
                "main"
            ],
            "md5": "752b6178ead98bf87990b9619ed3559e",
            "ndownloads": 56,
            "owner": "bioconda",
            "size": 955552,
            "type": "conda",
            "upload_time": "2020-01-21 17:28:34.143000+00:00",
            "version": "2.4.0"
        }
    ],
    "full_name": "bioconda/kissplice",
    "home": "http://kissplice.prabi.fr",
    "html_url": "http://anaconda.org/bioconda/kissplice",
    "id": "59cca3942fab4211a7dfd7a0",
    "latest_version": "2.4.0",
    "license": "CeCILL license",
    "license_url": null,
    "modified_at": "2020-01-21 17:28:34.501000+00:00",
    "name": "kissplice",
    "owner": {
        "company": "",
        "created_at": "2015-09-11 22:59:20.880000+00:00",
        "description": "Bioconda is a distribution of bioinformatics software realized as a channel for the versatile Conda package manager.",
        "location": "",
        "login": "bioconda",
        "name": "bioconda",
        "url": "",
        "user_type": "org"
    },
    "package_types": [
        "conda"
    ],
    "public": true,
    "releases": [
        {
            "distributions": [],
            "full_name": "bioconda/kissplice/2.4.0p1",
            "version": "2.4.0p1"
        },
        {
            "distributions": [],
            "full_name": "bioconda/kissplice/2.4.0",
            "version": "2.4.0"
        }
    ],
    "revision": 4,
    "source_git_tag": null,
    "source_git_url": null,
    "summary": "A local transcriptome assembler for SNPs, indels and AS events",
    "upvoted": 0,
    "url": "http://api.anaconda.org/packages/bioconda/kissplice",
    "versions": [
        "2.4.0p1",
        "2.4.0"
    ],
    "watchers": 1
}