{
    "app_entry": {},
    "app_summary": {},
    "app_type": {},
    "builds": [
        "py37pl526r36h770b8ee_0",
        "py36pl526r36h770b8ee_0",
        "py36pl526r36hc9558a2_0",
        "py37pl526r36hc9558a2_0"
    ],
    "conda_platforms": [
        "linux-64",
        "osx-64"
    ],
    "created_at": "2019-10-18 06:35:32.761000+00:00",
    "description": "",
    "dev_url": "https://github.com/tschmutzer/kmasker",
    "doc_url": null,
    "files": [
        {
            "attrs": {
                "arch": "x86_64",
                "build": "py37pl526r36h770b8ee_0",
                "build_number": 0,
                "depends": [
                    "blast",
                    "coreutils >=8.15",
                    "gffread",
                    "jellyfish 2.2.10.*",
                    "libcxx >=4.0.1",
                    "perl >=5.26.2,<5.26.3.0a0",
                    "python >=3.7,<3.8.0a0",
                    "r-base >=3.6,<3.7.0a0",
                    "which >=2.21"
                ],
                "has_prefix": false,
                "license": "GPL3",
                "machine": "x86_64",
                "operatingsystem": "darwin",
                "platform": "osx",
                "subdir": "osx-64",
                "target-triplet": "x86_64-any-darwin",
                "timestamp": 1571380173349
            },
            "basename": "osx-64/kmasker-1.1.0-py37pl526r36h770b8ee_0.tar.bz2",
            "dependencies": {
                "depends": [
                    {
                        "name": "blast",
                        "specs": []
                    },
                    {
                        "name": "coreutils",
                        "specs": [
                            [
                                ">=",
                                "8.15"
                            ]
                        ]
                    },
                    {
                        "name": "gffread",
                        "specs": []
                    },
                    {
                        "name": "jellyfish",
                        "specs": [
                            [
                                "==",
                                "2.2.10."
                            ]
                        ]
                    },
                    {
                        "name": "libcxx",
                        "specs": [
                            [
                                ">=",
                                "4.0.1"
                            ]
                        ]
                    },
                    {
                        "name": "perl",
                        "specs": [
                            [
                                ">=",
                                "5.26.2,<5.26.3.0a0"
                            ]
                        ]
                    },
                    {
                        "name": "python",
                        "specs": [
                            [
                                ">=",
                                "3.7,<3.8.0a0"
                            ]
                        ]
                    },
                    {
                        "name": "r-base",
                        "specs": [
                            [
                                ">=",
                                "3.6,<3.7.0a0"
                            ]
                        ]
                    },
                    {
                        "name": "which",
                        "specs": [
                            [
                                ">=",
                                "2.21"
                            ]
                        ]
                    }
                ]
            },
            "description": null,
            "distribution_type": "conda",
            "download_url": "//api.anaconda.org/download/bioconda/kmasker/1.1.0/osx-64/kmasker-1.1.0-py37pl526r36h770b8ee_0.tar.bz2",
            "full_name": "bioconda/kmasker/1.1.0/osx-64/kmasker-1.1.0-py37pl526r36h770b8ee_0.tar.bz2",
            "labels": [
                "main"
            ],
            "md5": "5dfe6464707a777bd058397e9b2ad8af",
            "ndownloads": 187,
            "owner": "bioconda",
            "size": 185494,
            "type": "conda",
            "upload_time": "2019-10-18 06:35:33.611000+00:00",
            "version": "1.1.0"
        },
        {
            "attrs": {
                "arch": "x86_64",
                "build": "py36pl526r36h770b8ee_0",
                "build_number": 0,
                "depends": [
                    "blast",
                    "coreutils >=8.15",
                    "gffread",
                    "jellyfish 2.2.10.*",
                    "libcxx >=4.0.1",
                    "perl >=5.26.2,<5.26.3.0a0",
                    "python >=3.6,<3.7.0a0",
                    "r-base >=3.6,<3.7.0a0",
                    "which >=2.21"
                ],
                "has_prefix": false,
                "license": "GPL3",
                "machine": "x86_64",
                "operatingsystem": "darwin",
                "platform": "osx",
                "subdir": "osx-64",
                "target-triplet": "x86_64-any-darwin",
                "timestamp": 1571380473973
            },
            "basename": "osx-64/kmasker-1.1.0-py36pl526r36h770b8ee_0.tar.bz2",
            "dependencies": {
                "depends": [
                    {
                        "name": "blast",
                        "specs": []
                    },
                    {
                        "name": "coreutils",
                        "specs": [
                            [
                                ">=",
                                "8.15"
                            ]
                        ]
                    },
                    {
                        "name": "gffread",
                        "specs": []
                    },
                    {
                        "name": "jellyfish",
                        "specs": [
                            [
                                "==",
                                "2.2.10."
                            ]
                        ]
                    },
                    {
                        "name": "libcxx",
                        "specs": [
                            [
                                ">=",
                                "4.0.1"
                            ]
                        ]
                    },
                    {
                        "name": "perl",
                        "specs": [
                            [
                                ">=",
                                "5.26.2,<5.26.3.0a0"
                            ]
                        ]
                    },
                    {
                        "name": "python",
                        "specs": [
                            [
                                ">=",
                                "3.6,<3.7.0a0"
                            ]
                        ]
                    },
                    {
                        "name": "r-base",
                        "specs": [
                            [
                                ">=",
                                "3.6,<3.7.0a0"
                            ]
                        ]
                    },
                    {
                        "name": "which",
                        "specs": [
                            [
                                ">=",
                                "2.21"
                            ]
                        ]
                    }
                ]
            },
            "description": null,
            "distribution_type": "conda",
            "download_url": "//api.anaconda.org/download/bioconda/kmasker/1.1.0/osx-64/kmasker-1.1.0-py36pl526r36h770b8ee_0.tar.bz2",
            "full_name": "bioconda/kmasker/1.1.0/osx-64/kmasker-1.1.0-py36pl526r36h770b8ee_0.tar.bz2",
            "labels": [
                "main"
            ],
            "md5": "8de59d7705cc6a9015514211666e8f93",
            "ndownloads": 10,
            "owner": "bioconda",
            "size": 185501,
            "type": "conda",
            "upload_time": "2019-10-18 06:35:37.299000+00:00",
            "version": "1.1.0"
        },
        {
            "attrs": {
                "arch": "x86_64",
                "build": "py36pl526r36hc9558a2_0",
                "build_number": 0,
                "depends": [
                    "blast",
                    "coreutils >=8.15",
                    "ea-utils",
                    "gffread",
                    "jellyfish 2.2.10.*",
                    "libgcc-ng >=7.3.0",
                    "libstdcxx-ng >=7.3.0",
                    "perl >=5.26.2,<5.26.3.0a0",
                    "python >=3.6,<3.7.0a0",
                    "r-base >=3.6,<3.7.0a0",
                    "which >=2.21"
                ],
                "has_prefix": false,
                "license": "GPL3",
                "machine": "x86_64",
                "operatingsystem": "linux",
                "platform": "linux",
                "subdir": "linux-64",
                "target-triplet": "x86_64-any-linux",
                "timestamp": 1571385942797
            },
            "basename": "linux-64/kmasker-1.1.0-py36pl526r36hc9558a2_0.tar.bz2",
            "dependencies": {
                "depends": [
                    {
                        "name": "blast",
                        "specs": []
                    },
                    {
                        "name": "coreutils",
                        "specs": [
                            [
                                ">=",
                                "8.15"
                            ]
                        ]
                    },
                    {
                        "name": "ea-utils",
                        "specs": []
                    },
                    {
                        "name": "gffread",
                        "specs": []
                    },
                    {
                        "name": "jellyfish",
                        "specs": [
                            [
                                "==",
                                "2.2.10."
                            ]
                        ]
                    },
                    {
                        "name": "libgcc-ng",
                        "specs": [
                            [
                                ">=",
                                "7.3.0"
                            ]
                        ]
                    },
                    {
                        "name": "libstdcxx-ng",
                        "specs": [
                            [
                                ">=",
                                "7.3.0"
                            ]
                        ]
                    },
                    {
                        "name": "perl",
                        "specs": [
                            [
                                ">=",
                                "5.26.2,<5.26.3.0a0"
                            ]
                        ]
                    },
                    {
                        "name": "python",
                        "specs": [
                            [
                                ">=",
                                "3.6,<3.7.0a0"
                            ]
                        ]
                    },
                    {
                        "name": "r-base",
                        "specs": [
                            [
                                ">=",
                                "3.6,<3.7.0a0"
                            ]
                        ]
                    },
                    {
                        "name": "which",
                        "specs": [
                            [
                                ">=",
                                "2.21"
                            ]
                        ]
                    }
                ]
            },
            "description": null,
            "distribution_type": "conda",
            "download_url": "//api.anaconda.org/download/bioconda/kmasker/1.1.0/linux-64/kmasker-1.1.0-py36pl526r36hc9558a2_0.tar.bz2",
            "full_name": "bioconda/kmasker/1.1.0/linux-64/kmasker-1.1.0-py36pl526r36hc9558a2_0.tar.bz2",
            "labels": [
                "main"
            ],
            "md5": "6e907b0b230e6a59ab47e3bbf08c12ac",
            "ndownloads": 18,
            "owner": "bioconda",
            "size": 125309,
            "type": "conda",
            "upload_time": "2019-10-18 08:17:34.987000+00:00",
            "version": "1.1.0"
        },
        {
            "attrs": {
                "arch": "x86_64",
                "build": "py37pl526r36hc9558a2_0",
                "build_number": 0,
                "depends": [
                    "blast",
                    "coreutils >=8.15",
                    "ea-utils",
                    "gffread",
                    "jellyfish 2.2.10.*",
                    "libgcc-ng >=7.3.0",
                    "libstdcxx-ng >=7.3.0",
                    "perl >=5.26.2,<5.26.3.0a0",
                    "python >=3.7,<3.8.0a0",
                    "r-base >=3.6,<3.7.0a0",
                    "which >=2.21"
                ],
                "has_prefix": false,
                "license": "GPL3",
                "machine": "x86_64",
                "operatingsystem": "linux",
                "platform": "linux",
                "subdir": "linux-64",
                "target-triplet": "x86_64-any-linux",
                "timestamp": 1571386081857
            },
            "basename": "linux-64/kmasker-1.1.0-py37pl526r36hc9558a2_0.tar.bz2",
            "dependencies": {
                "depends": [
                    {
                        "name": "blast",
                        "specs": []
                    },
                    {
                        "name": "coreutils",
                        "specs": [
                            [
                                ">=",
                                "8.15"
                            ]
                        ]
                    },
                    {
                        "name": "ea-utils",
                        "specs": []
                    },
                    {
                        "name": "gffread",
                        "specs": []
                    },
                    {
                        "name": "jellyfish",
                        "specs": [
                            [
                                "==",
                                "2.2.10."
                            ]
                        ]
                    },
                    {
                        "name": "libgcc-ng",
                        "specs": [
                            [
                                ">=",
                                "7.3.0"
                            ]
                        ]
                    },
                    {
                        "name": "libstdcxx-ng",
                        "specs": [
                            [
                                ">=",
                                "7.3.0"
                            ]
                        ]
                    },
                    {
                        "name": "perl",
                        "specs": [
                            [
                                ">=",
                                "5.26.2,<5.26.3.0a0"
                            ]
                        ]
                    },
                    {
                        "name": "python",
                        "specs": [
                            [
                                ">=",
                                "3.7,<3.8.0a0"
                            ]
                        ]
                    },
                    {
                        "name": "r-base",
                        "specs": [
                            [
                                ">=",
                                "3.6,<3.7.0a0"
                            ]
                        ]
                    },
                    {
                        "name": "which",
                        "specs": [
                            [
                                ">=",
                                "2.21"
                            ]
                        ]
                    }
                ]
            },
            "description": null,
            "distribution_type": "conda",
            "download_url": "//api.anaconda.org/download/bioconda/kmasker/1.1.0/linux-64/kmasker-1.1.0-py37pl526r36hc9558a2_0.tar.bz2",
            "full_name": "bioconda/kmasker/1.1.0/linux-64/kmasker-1.1.0-py37pl526r36hc9558a2_0.tar.bz2",
            "labels": [
                "main"
            ],
            "md5": "2c0adaded6550dcf2c598a38604b1fe3",
            "ndownloads": 19,
            "owner": "bioconda",
            "size": 125429,
            "type": "conda",
            "upload_time": "2019-10-18 08:17:37.571000+00:00",
            "version": "1.1.0"
        },
        {
            "attrs": {
                "arch": "x86_64",
                "build": "py36pl526r36hc9558a2_0",
                "build_number": 0,
                "depends": [
                    "blast",
                    "coreutils >=8.15",
                    "ea-utils",
                    "gffread",
                    "jellyfish 2.2.10.*",
                    "libgcc-ng >=7.3.0",
                    "libstdcxx-ng >=7.3.0",
                    "perl >=5.26.2,<5.26.3.0a0",
                    "python >=3.6,<3.7.0a0",
                    "r-base >=3.6,<3.7.0a0",
                    "which >=2.21"
                ],
                "has_prefix": false,
                "license": "GPL3",
                "machine": "x86_64",
                "operatingsystem": "linux",
                "platform": "linux",
                "subdir": "linux-64",
                "target-triplet": "x86_64-any-linux",
                "timestamp": 1571855043919
            },
            "basename": "linux-64/kmasker-1.1.1-py36pl526r36hc9558a2_0.tar.bz2",
            "dependencies": {
                "depends": [
                    {
                        "name": "blast",
                        "specs": []
                    },
                    {
                        "name": "coreutils",
                        "specs": [
                            [
                                ">=",
                                "8.15"
                            ]
                        ]
                    },
                    {
                        "name": "ea-utils",
                        "specs": []
                    },
                    {
                        "name": "gffread",
                        "specs": []
                    },
                    {
                        "name": "jellyfish",
                        "specs": [
                            [
                                "==",
                                "2.2.10."
                            ]
                        ]
                    },
                    {
                        "name": "libgcc-ng",
                        "specs": [
                            [
                                ">=",
                                "7.3.0"
                            ]
                        ]
                    },
                    {
                        "name": "libstdcxx-ng",
                        "specs": [
                            [
                                ">=",
                                "7.3.0"
                            ]
                        ]
                    },
                    {
                        "name": "perl",
                        "specs": [
                            [
                                ">=",
                                "5.26.2,<5.26.3.0a0"
                            ]
                        ]
                    },
                    {
                        "name": "python",
                        "specs": [
                            [
                                ">=",
                                "3.6,<3.7.0a0"
                            ]
                        ]
                    },
                    {
                        "name": "r-base",
                        "specs": [
                            [
                                ">=",
                                "3.6,<3.7.0a0"
                            ]
                        ]
                    },
                    {
                        "name": "which",
                        "specs": [
                            [
                                ">=",
                                "2.21"
                            ]
                        ]
                    }
                ]
            },
            "description": null,
            "distribution_type": "conda",
            "download_url": "//api.anaconda.org/download/bioconda/kmasker/1.1.1/linux-64/kmasker-1.1.1-py36pl526r36hc9558a2_0.tar.bz2",
            "full_name": "bioconda/kmasker/1.1.1/linux-64/kmasker-1.1.1-py36pl526r36hc9558a2_0.tar.bz2",
            "labels": [
                "main"
            ],
            "md5": "2257f129303e1238c1c11c1795d05624",
            "ndownloads": 28,
            "owner": "bioconda",
            "size": 127377,
            "type": "conda",
            "upload_time": "2019-10-23 18:36:03.877000+00:00",
            "version": "1.1.1"
        },
        {
            "attrs": {
                "arch": "x86_64",
                "build": "py37pl526r36hc9558a2_0",
                "build_number": 0,
                "depends": [
                    "blast",
                    "coreutils >=8.15",
                    "ea-utils",
                    "gffread",
                    "jellyfish 2.2.10.*",
                    "libgcc-ng >=7.3.0",
                    "libstdcxx-ng >=7.3.0",
                    "perl >=5.26.2,<5.26.3.0a0",
                    "python >=3.7,<3.8.0a0",
                    "r-base >=3.6,<3.7.0a0",
                    "which >=2.21"
                ],
                "has_prefix": false,
                "license": "GPL3",
                "machine": "x86_64",
                "operatingsystem": "linux",
                "platform": "linux",
                "subdir": "linux-64",
                "target-triplet": "x86_64-any-linux",
                "timestamp": 1571855185745
            },
            "basename": "linux-64/kmasker-1.1.1-py37pl526r36hc9558a2_0.tar.bz2",
            "dependencies": {
                "depends": [
                    {
                        "name": "blast",
                        "specs": []
                    },
                    {
                        "name": "coreutils",
                        "specs": [
                            [
                                ">=",
                                "8.15"
                            ]
                        ]
                    },
                    {
                        "name": "ea-utils",
                        "specs": []
                    },
                    {
                        "name": "gffread",
                        "specs": []
                    },
                    {
                        "name": "jellyfish",
                        "specs": [
                            [
                                "==",
                                "2.2.10."
                            ]
                        ]
                    },
                    {
                        "name": "libgcc-ng",
                        "specs": [
                            [
                                ">=",
                                "7.3.0"
                            ]
                        ]
                    },
                    {
                        "name": "libstdcxx-ng",
                        "specs": [
                            [
                                ">=",
                                "7.3.0"
                            ]
                        ]
                    },
                    {
                        "name": "perl",
                        "specs": [
                            [
                                ">=",
                                "5.26.2,<5.26.3.0a0"
                            ]
                        ]
                    },
                    {
                        "name": "python",
                        "specs": [
                            [
                                ">=",
                                "3.7,<3.8.0a0"
                            ]
                        ]
                    },
                    {
                        "name": "r-base",
                        "specs": [
                            [
                                ">=",
                                "3.6,<3.7.0a0"
                            ]
                        ]
                    },
                    {
                        "name": "which",
                        "specs": [
                            [
                                ">=",
                                "2.21"
                            ]
                        ]
                    }
                ]
            },
            "description": null,
            "distribution_type": "conda",
            "download_url": "//api.anaconda.org/download/bioconda/kmasker/1.1.1/linux-64/kmasker-1.1.1-py37pl526r36hc9558a2_0.tar.bz2",
            "full_name": "bioconda/kmasker/1.1.1/linux-64/kmasker-1.1.1-py37pl526r36hc9558a2_0.tar.bz2",
            "labels": [
                "main"
            ],
            "md5": "a631c0a4995ecaa3204a1d4bce18694e",
            "ndownloads": 32,
            "owner": "bioconda",
            "size": 127337,
            "type": "conda",
            "upload_time": "2019-10-23 18:36:07.067000+00:00",
            "version": "1.1.1"
        },
        {
            "attrs": {
                "arch": "x86_64",
                "build": "py37pl526r36h770b8ee_0",
                "build_number": 0,
                "depends": [
                    "blast",
                    "coreutils >=8.15",
                    "gffread",
                    "jellyfish 2.2.10.*",
                    "libcxx >=4.0.1",
                    "perl >=5.26.2,<5.26.3.0a0",
                    "python >=3.7,<3.8.0a0",
                    "r-base >=3.6,<3.7.0a0",
                    "which >=2.21"
                ],
                "has_prefix": false,
                "license": "GPL3",
                "machine": "x86_64",
                "operatingsystem": "darwin",
                "platform": "osx",
                "subdir": "osx-64",
                "target-triplet": "x86_64-any-darwin",
                "timestamp": 1571856003479
            },
            "basename": "osx-64/kmasker-1.1.1-py37pl526r36h770b8ee_0.tar.bz2",
            "dependencies": {
                "depends": [
                    {
                        "name": "blast",
                        "specs": []
                    },
                    {
                        "name": "coreutils",
                        "specs": [
                            [
                                ">=",
                                "8.15"
                            ]
                        ]
                    },
                    {
                        "name": "gffread",
                        "specs": []
                    },
                    {
                        "name": "jellyfish",
                        "specs": [
                            [
                                "==",
                                "2.2.10."
                            ]
                        ]
                    },
                    {
                        "name": "libcxx",
                        "specs": [
                            [
                                ">=",
                                "4.0.1"
                            ]
                        ]
                    },
                    {
                        "name": "perl",
                        "specs": [
                            [
                                ">=",
                                "5.26.2,<5.26.3.0a0"
                            ]
                        ]
                    },
                    {
                        "name": "python",
                        "specs": [
                            [
                                ">=",
                                "3.7,<3.8.0a0"
                            ]
                        ]
                    },
                    {
                        "name": "r-base",
                        "specs": [
                            [
                                ">=",
                                "3.6,<3.7.0a0"
                            ]
                        ]
                    },
                    {
                        "name": "which",
                        "specs": [
                            [
                                ">=",
                                "2.21"
                            ]
                        ]
                    }
                ]
            },
            "description": null,
            "distribution_type": "conda",
            "download_url": "//api.anaconda.org/download/bioconda/kmasker/1.1.1/osx-64/kmasker-1.1.1-py37pl526r36h770b8ee_0.tar.bz2",
            "full_name": "bioconda/kmasker/1.1.1/osx-64/kmasker-1.1.1-py37pl526r36h770b8ee_0.tar.bz2",
            "labels": [
                "main"
            ],
            "md5": "d671b3dc9a44eb70b8070c9bec0dee54",
            "ndownloads": 181,
            "owner": "bioconda",
            "size": 187516,
            "type": "conda",
            "upload_time": "2019-10-23 18:41:30.151000+00:00",
            "version": "1.1.1"
        },
        {
            "attrs": {
                "arch": "x86_64",
                "build": "py36pl526r36h770b8ee_0",
                "build_number": 0,
                "depends": [
                    "blast",
                    "coreutils >=8.15",
                    "gffread",
                    "jellyfish 2.2.10.*",
                    "libcxx >=4.0.1",
                    "perl >=5.26.2,<5.26.3.0a0",
                    "python >=3.6,<3.7.0a0",
                    "r-base >=3.6,<3.7.0a0",
                    "which >=2.21"
                ],
                "has_prefix": false,
                "license": "GPL3",
                "machine": "x86_64",
                "operatingsystem": "darwin",
                "platform": "osx",
                "subdir": "osx-64",
                "target-triplet": "x86_64-any-darwin",
                "timestamp": 1571855611343
            },
            "basename": "osx-64/kmasker-1.1.1-py36pl526r36h770b8ee_0.tar.bz2",
            "dependencies": {
                "depends": [
                    {
                        "name": "blast",
                        "specs": []
                    },
                    {
                        "name": "coreutils",
                        "specs": [
                            [
                                ">=",
                                "8.15"
                            ]
                        ]
                    },
                    {
                        "name": "gffread",
                        "specs": []
                    },
                    {
                        "name": "jellyfish",
                        "specs": [
                            [
                                "==",
                                "2.2.10."
                            ]
                        ]
                    },
                    {
                        "name": "libcxx",
                        "specs": [
                            [
                                ">=",
                                "4.0.1"
                            ]
                        ]
                    },
                    {
                        "name": "perl",
                        "specs": [
                            [
                                ">=",
                                "5.26.2,<5.26.3.0a0"
                            ]
                        ]
                    },
                    {
                        "name": "python",
                        "specs": [
                            [
                                ">=",
                                "3.6,<3.7.0a0"
                            ]
                        ]
                    },
                    {
                        "name": "r-base",
                        "specs": [
                            [
                                ">=",
                                "3.6,<3.7.0a0"
                            ]
                        ]
                    },
                    {
                        "name": "which",
                        "specs": [
                            [
                                ">=",
                                "2.21"
                            ]
                        ]
                    }
                ]
            },
            "description": null,
            "distribution_type": "conda",
            "download_url": "//api.anaconda.org/download/bioconda/kmasker/1.1.1/osx-64/kmasker-1.1.1-py36pl526r36h770b8ee_0.tar.bz2",
            "full_name": "bioconda/kmasker/1.1.1/osx-64/kmasker-1.1.1-py36pl526r36h770b8ee_0.tar.bz2",
            "labels": [
                "main"
            ],
            "md5": "22b7e8a5d14a192e05c1427084397e57",
            "ndownloads": 10,
            "owner": "bioconda",
            "size": 187535,
            "type": "conda",
            "upload_time": "2019-10-23 18:41:34.133000+00:00",
            "version": "1.1.1"
        }
    ],
    "full_name": "bioconda/kmasker",
    "home": "https://kmasker.ipk-gatersleben.de/",
    "html_url": "http://anaconda.org/bioconda/kmasker",
    "id": "5da95d347870586d8b1eae7e",
    "latest_version": "1.1.1",
    "license": "GPL3",
    "license_url": null,
    "modified_at": "2019-10-23 18:41:34.786000+00:00",
    "name": "kmasker",
    "owner": {
        "company": "",
        "created_at": "2015-09-11 22:59:20.880000+00:00",
        "description": "Bioconda is a distribution of bioinformatics software realized as a channel for the versatile Conda package manager.",
        "location": "",
        "login": "bioconda",
        "name": "bioconda",
        "url": "",
        "user_type": "org"
    },
    "package_types": [
        "conda"
    ],
    "public": true,
    "releases": [
        {
            "distributions": [],
            "full_name": "bioconda/kmasker/1.1.0",
            "version": "1.1.0"
        },
        {
            "distributions": [],
            "full_name": "bioconda/kmasker/1.1.1",
            "version": "1.1.1"
        }
    ],
    "revision": 4,
    "source_git_tag": null,
    "source_git_url": null,
    "summary": "A tool for masking and exploring of sequences from plant species.",
    "upvoted": 0,
    "url": "http://api.anaconda.org/packages/bioconda/kmasker",
    "versions": [
        "1.1.0",
        "1.1.1"
    ],
    "watchers": 1
}