{
    "app_entry": {},
    "app_summary": {},
    "app_type": {},
    "builds": [
        "1",
        "0",
        "2"
    ],
    "conda_platforms": [
        "linux-64"
    ],
    "created_at": "2016-01-07 00:03:42.866000+00:00",
    "description": "None",
    "dev_url": {},
    "doc_url": {},
    "files": [
        {
            "attrs": {
                "arch": "x86_64",
                "build": "0",
                "build_number": 0,
                "depends": [],
                "machine": "x86_64",
                "operatingsystem": "linux",
                "platform": "linux",
                "subdir": "linux-64",
                "target-triplet": "x86_64-any-linux"
            },
            "basename": "linux-64/libsvm-3.16-0.tar.bz2",
            "dependencies": {
                "depends": []
            },
            "description": null,
            "distribution_type": "conda",
            "download_url": "//api.anaconda.org/download/bioconda/libsvm/3.16/linux-64/libsvm-3.16-0.tar.bz2",
            "full_name": "bioconda/libsvm/3.16/linux-64/libsvm-3.16-0.tar.bz2",
            "labels": [
                "main",
                "cf201901"
            ],
            "md5": "f8692a6dc69755bd88458865f7e26486",
            "ndownloads": 418,
            "owner": "bioconda",
            "size": 58720,
            "type": "conda",
            "upload_time": "2016-01-07 00:03:43.081000+00:00",
            "version": "3.16"
        },
        {
            "attrs": {
                "arch": "x86_64",
                "build": "1",
                "build_number": 1,
                "depends": [],
                "machine": "x86_64",
                "operatingsystem": "linux",
                "platform": "linux",
                "subdir": "linux-64",
                "target-triplet": "x86_64-any-linux"
            },
            "basename": "linux-64/libsvm-3.16-1.tar.bz2",
            "dependencies": {
                "depends": []
            },
            "description": null,
            "distribution_type": "conda",
            "download_url": "//api.anaconda.org/download/bioconda/libsvm/3.16/linux-64/libsvm-3.16-1.tar.bz2",
            "full_name": "bioconda/libsvm/3.16/linux-64/libsvm-3.16-1.tar.bz2",
            "labels": [
                "main",
                "cf201901"
            ],
            "md5": "8baeda721d5fab4c21efe2be5548dba3",
            "ndownloads": 470,
            "owner": "bioconda",
            "size": 58763,
            "type": "conda",
            "upload_time": "2016-03-23 21:45:31.044000+00:00",
            "version": "3.16"
        },
        {
            "attrs": {
                "arch": "x86_64",
                "build": "2",
                "build_number": 2,
                "depends": [],
                "machine": "x86_64",
                "operatingsystem": "linux",
                "platform": "linux",
                "subdir": "linux-64",
                "target-triplet": "x86_64-any-linux"
            },
            "basename": "linux-64/libsvm-3.16-2.tar.bz2",
            "dependencies": {
                "depends": []
            },
            "description": null,
            "distribution_type": "conda",
            "download_url": "//api.anaconda.org/download/bioconda/libsvm/3.16/linux-64/libsvm-3.16-2.tar.bz2",
            "full_name": "bioconda/libsvm/3.16/linux-64/libsvm-3.16-2.tar.bz2",
            "labels": [
                "main",
                "cf201901"
            ],
            "md5": "0274ff35c81bdba369ad789584993217",
            "ndownloads": 2471,
            "owner": "bioconda",
            "size": 66100,
            "type": "conda",
            "upload_time": "2016-07-01 21:29:37.874000+00:00",
            "version": "3.16"
        }
    ],
    "full_name": "bioconda/libsvm",
    "home": "None",
    "html_url": "http://anaconda.org/bioconda/libsvm",
    "id": "568dab5e9855e66ff17e7649",
    "latest_version": "3.16",
    "license": {},
    "license_url": {},
    "modified_at": "2016-12-01 01:30:31.298000+00:00",
    "name": "libsvm",
    "owner": {
        "company": "",
        "created_at": "2015-09-11 22:59:20.880000+00:00",
        "description": "Bioconda is a distribution of bioinformatics software realized as a channel for the versatile Conda package manager.",
        "location": "",
        "login": "bioconda",
        "name": "bioconda",
        "url": "",
        "user_type": "org"
    },
    "package_types": [
        "conda"
    ],
    "public": true,
    "releases": [
        {
            "distributions": [
                "linux-64/libsvm-3.16-0.tar.bz2",
                "linux-64/libsvm-3.16-1.tar.bz2",
                "linux-64/libsvm-3.16-2.tar.bz2"
            ],
            "full_name": "bioconda/libsvm/3.16",
            "version": "3.16"
        }
    ],
    "revision": 4,
    "source_git_tag": {},
    "source_git_url": {},
    "summary": "LIBSVM is an integrated software for support vector classification, (C-SVC,nu-SVC), regression (epsilon-SVR, nu-SVR) and distribution estimation(one-class SVM). It supports multi-class classification.http://www.csie.ntu.edu.tw/~cjlin/libsvm/",
    "upvoted": 0,
    "url": "http://api.anaconda.org/packages/bioconda/libsvm",
    "versions": [
        "3.16"
    ],
    "watchers": 1
}