{
    "app_entry": {},
    "app_summary": {},
    "app_type": {},
    "builds": [
        "1",
        "0",
        "2"
    ],
    "conda_platforms": [
        "linux-64"
    ],
    "created_at": "2017-10-27 12:35:33.712000+00:00",
    "description": "",
    "dev_url": null,
    "doc_url": null,
    "files": [
        {
            "attrs": {
                "arch": "x86_64",
                "build": "1",
                "build_number": 1,
                "depends": [
                    "libgcc",
                    "lordec",
                    "zlib 1.2.8*"
                ],
                "has_prefix": true,
                "license": "GNU Affero General Public License v3.0",
                "machine": "x86_64",
                "operatingsystem": "linux",
                "platform": "linux",
                "subdir": "linux-64",
                "target-triplet": "x86_64-any-linux"
            },
            "basename": "linux-64/lorma-0.4-1.tar.bz2",
            "dependencies": {
                "depends": [
                    {
                        "name": "libgcc",
                        "specs": []
                    },
                    {
                        "name": "lordec",
                        "specs": []
                    },
                    {
                        "name": "zlib",
                        "specs": [
                            [
                                "==",
                                "1.2.8"
                            ]
                        ]
                    }
                ]
            },
            "description": null,
            "distribution_type": "conda",
            "download_url": "//api.anaconda.org/download/bioconda/lorma/0.4/linux-64/lorma-0.4-1.tar.bz2",
            "full_name": "bioconda/lorma/0.4/linux-64/lorma-0.4-1.tar.bz2",
            "labels": [
                "main",
                "cf201901"
            ],
            "md5": "4a631ad1c9eac508af8a94fc68cb50fa",
            "ndownloads": 383,
            "owner": "bioconda",
            "size": 2749131,
            "type": "conda",
            "upload_time": "2017-10-27 13:28:54.370000+00:00",
            "version": "0.4"
        },
        {
            "attrs": {
                "arch": "x86_64",
                "build": "0",
                "build_number": 0,
                "depends": [
                    "libgcc",
                    "lordec",
                    "zlib 1.2.8*"
                ],
                "has_prefix": true,
                "license": "GNU Affero General Public License v3.0",
                "machine": "x86_64",
                "operatingsystem": "linux",
                "platform": "linux",
                "subdir": "linux-64",
                "target-triplet": "x86_64-any-linux"
            },
            "basename": "linux-64/lorma-0.4-0.tar.bz2",
            "dependencies": {
                "depends": [
                    {
                        "name": "libgcc",
                        "specs": []
                    },
                    {
                        "name": "lordec",
                        "specs": []
                    },
                    {
                        "name": "zlib",
                        "specs": [
                            [
                                "==",
                                "1.2.8"
                            ]
                        ]
                    }
                ]
            },
            "description": null,
            "distribution_type": "conda",
            "download_url": "//api.anaconda.org/download/bioconda/lorma/0.4/linux-64/lorma-0.4-0.tar.bz2",
            "full_name": "bioconda/lorma/0.4/linux-64/lorma-0.4-0.tar.bz2",
            "labels": [
                "main",
                "cf201901"
            ],
            "md5": "75320eae50452eadf5d1712f6938f011",
            "ndownloads": 729,
            "owner": "bioconda",
            "size": 2749897,
            "type": "conda",
            "upload_time": "2017-10-27 12:35:34.506000+00:00",
            "version": "0.4"
        },
        {
            "attrs": {
                "arch": "x86_64",
                "build": "2",
                "build_number": 2,
                "depends": [
                    "libgcc",
                    "lordec",
                    "zlib 1.2.11*"
                ],
                "has_prefix": true,
                "license": "GNU Affero General Public License v3.0",
                "machine": "x86_64",
                "operatingsystem": "linux",
                "platform": "linux",
                "subdir": "linux-64",
                "target-triplet": "x86_64-any-linux"
            },
            "basename": "linux-64/lorma-0.4-2.tar.bz2",
            "dependencies": {
                "depends": [
                    {
                        "name": "libgcc",
                        "specs": []
                    },
                    {
                        "name": "lordec",
                        "specs": []
                    },
                    {
                        "name": "zlib",
                        "specs": [
                            [
                                "==",
                                "1.2.11"
                            ]
                        ]
                    }
                ]
            },
            "description": null,
            "distribution_type": "conda",
            "download_url": "//api.anaconda.org/download/bioconda/lorma/0.4/linux-64/lorma-0.4-2.tar.bz2",
            "full_name": "bioconda/lorma/0.4/linux-64/lorma-0.4-2.tar.bz2",
            "labels": [
                "main",
                "cf201901"
            ],
            "md5": "960b27e10189de216a4a4463fc1a69b0",
            "ndownloads": 674,
            "owner": "bioconda",
            "size": 2749983,
            "type": "conda",
            "upload_time": "2018-02-11 17:26:25.400000+00:00",
            "version": "0.4"
        }
    ],
    "full_name": "bioconda/lorma",
    "home": "https://www.cs.helsinki.fi/u/lmsalmel/LoRMA/",
    "html_url": "http://anaconda.org/bioconda/lorma",
    "id": "59f32815991c4411ddeda91a",
    "latest_version": "0.4",
    "license": "GNU Affero General Public License v3.0",
    "license_url": null,
    "modified_at": "2018-02-11 17:26:25.988000+00:00",
    "name": "lorma",
    "owner": {
        "company": "",
        "created_at": "2015-09-11 22:59:20.880000+00:00",
        "description": "Bioconda is a distribution of bioinformatics software realized as a channel for the versatile Conda package manager.",
        "location": "",
        "login": "bioconda",
        "name": "bioconda",
        "url": "",
        "user_type": "org"
    },
    "package_types": [
        "conda"
    ],
    "public": true,
    "releases": [
        {
            "distributions": [],
            "full_name": "bioconda/lorma/0.4",
            "version": "0.4"
        }
    ],
    "revision": 2,
    "source_git_tag": null,
    "source_git_url": null,
    "summary": "LoRMA is a tool for correcting sequencing errors in long reads.",
    "upvoted": 0,
    "url": "http://api.anaconda.org/packages/bioconda/lorma",
    "versions": [
        "0.4"
    ],
    "watchers": 1
}