{
    "app_entry": {},
    "app_summary": {},
    "app_type": {},
    "builds": [
        "py36_ncurses5.9_1",
        "py27_1",
        "py34_1",
        "py27_0",
        "py34_0",
        "py27_ncurses5.9_1",
        "py34_ncurses5.9_1",
        "py36h07887db_0",
        "py35_ncurses5.9_1",
        "ncurses5.9_1",
        "py37h07887db_0",
        "py27h07887db_0",
        "py35_0",
        "py35_1"
    ],
    "conda_platforms": [
        "linux-64"
    ],
    "created_at": "2015-12-17 21:59:53.619000+00:00",
    "description": "",
    "dev_url": null,
    "doc_url": null,
    "files": [
        {
            "attrs": {
                "arch": "x86_64",
                "build": "py34_0",
                "build_number": 0,
                "depends": [
                    "ncurses",
                    "python 3.4*",
                    "zlib"
                ],
                "license": "Custom",
                "machine": "x86_64",
                "operatingsystem": "linux",
                "platform": "linux",
                "subdir": "linux-64",
                "target-triplet": "x86_64-any-linux"
            },
            "basename": "linux-64/mapsplice-2.2.0-py34_0.tar.bz2",
            "dependencies": {
                "depends": [
                    {
                        "name": "ncurses",
                        "specs": []
                    },
                    {
                        "name": "python",
                        "specs": [
                            [
                                "==",
                                "3.4"
                            ]
                        ]
                    },
                    {
                        "name": "zlib",
                        "specs": []
                    }
                ]
            },
            "description": null,
            "distribution_type": "conda",
            "download_url": "//api.anaconda.org/download/bioconda/mapsplice/2.2.0/linux-64/mapsplice-2.2.0-py34_0.tar.bz2",
            "full_name": "bioconda/mapsplice/2.2.0/linux-64/mapsplice-2.2.0-py34_0.tar.bz2",
            "labels": [
                "main",
                "cf201901"
            ],
            "md5": "c858b1b9760b221b269ed898262d298b",
            "ndownloads": 367,
            "owner": "bioconda",
            "size": 2850146,
            "type": "conda",
            "upload_time": "2015-12-17 21:59:53.823000+00:00",
            "version": "2.2.0"
        },
        {
            "attrs": {
                "arch": "x86_64",
                "build": "py35_0",
                "build_number": 0,
                "depends": [
                    "ncurses",
                    "python 3.5*",
                    "zlib"
                ],
                "license": "Custom",
                "machine": "x86_64",
                "operatingsystem": "linux",
                "platform": "linux",
                "subdir": "linux-64",
                "target-triplet": "x86_64-any-linux"
            },
            "basename": "linux-64/mapsplice-2.2.0-py35_0.tar.bz2",
            "dependencies": {
                "depends": [
                    {
                        "name": "ncurses",
                        "specs": []
                    },
                    {
                        "name": "python",
                        "specs": [
                            [
                                "==",
                                "3.5"
                            ]
                        ]
                    },
                    {
                        "name": "zlib",
                        "specs": []
                    }
                ]
            },
            "description": null,
            "distribution_type": "conda",
            "download_url": "//api.anaconda.org/download/bioconda/mapsplice/2.2.0/linux-64/mapsplice-2.2.0-py35_0.tar.bz2",
            "full_name": "bioconda/mapsplice/2.2.0/linux-64/mapsplice-2.2.0-py35_0.tar.bz2",
            "labels": [
                "main",
                "cf201901"
            ],
            "md5": "09b2018e017ab259e230d20ddb7cd54a",
            "ndownloads": 369,
            "owner": "bioconda",
            "size": 2850209,
            "type": "conda",
            "upload_time": "2015-12-17 21:59:58.545000+00:00",
            "version": "2.2.0"
        },
        {
            "attrs": {
                "arch": "x86_64",
                "build": "py27_0",
                "build_number": 0,
                "depends": [
                    "ncurses",
                    "python 2.7*",
                    "zlib"
                ],
                "license": "Custom",
                "machine": "x86_64",
                "operatingsystem": "linux",
                "platform": "linux",
                "subdir": "linux-64",
                "target-triplet": "x86_64-any-linux"
            },
            "basename": "linux-64/mapsplice-2.2.0-py27_0.tar.bz2",
            "dependencies": {
                "depends": [
                    {
                        "name": "ncurses",
                        "specs": []
                    },
                    {
                        "name": "python",
                        "specs": [
                            [
                                "==",
                                "2.7"
                            ]
                        ]
                    },
                    {
                        "name": "zlib",
                        "specs": []
                    }
                ]
            },
            "description": null,
            "distribution_type": "conda",
            "download_url": "//api.anaconda.org/download/bioconda/mapsplice/2.2.0/linux-64/mapsplice-2.2.0-py27_0.tar.bz2",
            "full_name": "bioconda/mapsplice/2.2.0/linux-64/mapsplice-2.2.0-py27_0.tar.bz2",
            "labels": [
                "main",
                "cf201901"
            ],
            "md5": "f324b018f67de01cd9794d1ea340e80c",
            "ndownloads": 806,
            "owner": "bioconda",
            "size": 2850137,
            "type": "conda",
            "upload_time": "2015-12-17 22:00:03.086000+00:00",
            "version": "2.2.0"
        },
        {
            "attrs": {
                "arch": "x86_64",
                "build": "py27_1",
                "build_number": 1,
                "depends": [
                    "ncurses",
                    "python 2.7*",
                    "zlib"
                ],
                "license": "Custom",
                "machine": "x86_64",
                "operatingsystem": "linux",
                "platform": "linux",
                "subdir": "linux-64",
                "target-triplet": "x86_64-any-linux"
            },
            "basename": "linux-64/mapsplice-2.2.0-py27_1.tar.bz2",
            "dependencies": {
                "depends": [
                    {
                        "name": "ncurses",
                        "specs": []
                    },
                    {
                        "name": "python",
                        "specs": [
                            [
                                "==",
                                "2.7"
                            ]
                        ]
                    },
                    {
                        "name": "zlib",
                        "specs": []
                    }
                ]
            },
            "description": null,
            "distribution_type": "conda",
            "download_url": "//api.anaconda.org/download/bioconda/mapsplice/2.2.0/linux-64/mapsplice-2.2.0-py27_1.tar.bz2",
            "full_name": "bioconda/mapsplice/2.2.0/linux-64/mapsplice-2.2.0-py27_1.tar.bz2",
            "labels": [
                "main",
                "cf201901"
            ],
            "md5": "a5278606fd18d512b2b2263dbc63e277",
            "ndownloads": 523,
            "owner": "bioconda",
            "size": 2850175,
            "type": "conda",
            "upload_time": "2015-12-18 19:29:42.069000+00:00",
            "version": "2.2.0"
        },
        {
            "attrs": {
                "arch": "x86_64",
                "build": "py34_1",
                "build_number": 1,
                "depends": [
                    "ncurses",
                    "python 3.4*",
                    "zlib"
                ],
                "license": "Custom",
                "machine": "x86_64",
                "operatingsystem": "linux",
                "platform": "linux",
                "subdir": "linux-64",
                "target-triplet": "x86_64-any-linux"
            },
            "basename": "linux-64/mapsplice-2.2.0-py34_1.tar.bz2",
            "dependencies": {
                "depends": [
                    {
                        "name": "ncurses",
                        "specs": []
                    },
                    {
                        "name": "python",
                        "specs": [
                            [
                                "==",
                                "3.4"
                            ]
                        ]
                    },
                    {
                        "name": "zlib",
                        "specs": []
                    }
                ]
            },
            "description": null,
            "distribution_type": "conda",
            "download_url": "//api.anaconda.org/download/bioconda/mapsplice/2.2.0/linux-64/mapsplice-2.2.0-py34_1.tar.bz2",
            "full_name": "bioconda/mapsplice/2.2.0/linux-64/mapsplice-2.2.0-py34_1.tar.bz2",
            "labels": [
                "main",
                "cf201901"
            ],
            "md5": "a6d00ae40e761f54b37e67c487443933",
            "ndownloads": 372,
            "owner": "bioconda",
            "size": 2850433,
            "type": "conda",
            "upload_time": "2015-12-18 19:29:46.812000+00:00",
            "version": "2.2.0"
        },
        {
            "attrs": {
                "arch": "x86_64",
                "build": "py35_1",
                "build_number": 1,
                "depends": [
                    "ncurses",
                    "python 3.5*",
                    "zlib"
                ],
                "license": "Custom",
                "machine": "x86_64",
                "operatingsystem": "linux",
                "platform": "linux",
                "subdir": "linux-64",
                "target-triplet": "x86_64-any-linux"
            },
            "basename": "linux-64/mapsplice-2.2.0-py35_1.tar.bz2",
            "dependencies": {
                "depends": [
                    {
                        "name": "ncurses",
                        "specs": []
                    },
                    {
                        "name": "python",
                        "specs": [
                            [
                                "==",
                                "3.5"
                            ]
                        ]
                    },
                    {
                        "name": "zlib",
                        "specs": []
                    }
                ]
            },
            "description": null,
            "distribution_type": "conda",
            "download_url": "//api.anaconda.org/download/bioconda/mapsplice/2.2.0/linux-64/mapsplice-2.2.0-py35_1.tar.bz2",
            "full_name": "bioconda/mapsplice/2.2.0/linux-64/mapsplice-2.2.0-py35_1.tar.bz2",
            "labels": [
                "main",
                "cf201901"
            ],
            "md5": "9cd6083aef47fb52053831cbe9a303a8",
            "ndownloads": 398,
            "owner": "bioconda",
            "size": 2850345,
            "type": "conda",
            "upload_time": "2015-12-18 19:29:51.649000+00:00",
            "version": "2.2.0"
        },
        {
            "attrs": {
                "arch": "x86_64",
                "build": "ncurses5.9_1",
                "build_number": 1,
                "depends": [
                    "ncurses 5.9*",
                    "python 2.7*",
                    "zlib"
                ],
                "license": "Custom",
                "machine": "x86_64",
                "operatingsystem": "linux",
                "platform": "linux",
                "subdir": "linux-64",
                "target-triplet": "x86_64-any-linux"
            },
            "basename": "linux-64/mapsplice-2.2.0-ncurses5.9_1.tar.bz2",
            "dependencies": {
                "depends": [
                    {
                        "name": "ncurses",
                        "specs": [
                            [
                                "==",
                                "5.9"
                            ]
                        ]
                    },
                    {
                        "name": "python",
                        "specs": [
                            [
                                "==",
                                "2.7"
                            ]
                        ]
                    },
                    {
                        "name": "zlib",
                        "specs": []
                    }
                ]
            },
            "description": null,
            "distribution_type": "conda",
            "download_url": "//api.anaconda.org/download/bioconda/mapsplice/2.2.0/linux-64/mapsplice-2.2.0-ncurses5.9_1.tar.bz2",
            "full_name": "bioconda/mapsplice/2.2.0/linux-64/mapsplice-2.2.0-ncurses5.9_1.tar.bz2",
            "labels": [
                "main",
                "cf201901"
            ],
            "md5": "f91efd856db52bfc89d36075a600b6d4",
            "ndownloads": 485,
            "owner": "bioconda",
            "size": 2792548,
            "type": "conda",
            "upload_time": "2016-05-03 19:30:39.798000+00:00",
            "version": "2.2.0"
        },
        {
            "attrs": {
                "arch": "x86_64",
                "build": "py36_ncurses5.9_1",
                "build_number": 1,
                "depends": [
                    "ncurses 5.9*",
                    "python 3.6*",
                    "zlib"
                ],
                "has_prefix": true,
                "license": "Custom",
                "machine": "x86_64",
                "operatingsystem": "linux",
                "platform": "linux",
                "subdir": "linux-64",
                "target-triplet": "x86_64-any-linux"
            },
            "basename": "linux-64/mapsplice-2.2.0-py36_ncurses5.9_1.tar.bz2",
            "dependencies": {
                "depends": [
                    {
                        "name": "ncurses",
                        "specs": [
                            [
                                "==",
                                "5.9"
                            ]
                        ]
                    },
                    {
                        "name": "python",
                        "specs": [
                            [
                                "==",
                                "3.6"
                            ]
                        ]
                    },
                    {
                        "name": "zlib",
                        "specs": []
                    }
                ]
            },
            "description": null,
            "distribution_type": "conda",
            "download_url": "//api.anaconda.org/download/bioconda/mapsplice/2.2.0/linux-64/mapsplice-2.2.0-py36_ncurses5.9_1.tar.bz2",
            "full_name": "bioconda/mapsplice/2.2.0/linux-64/mapsplice-2.2.0-py36_ncurses5.9_1.tar.bz2",
            "labels": [
                "main",
                "cf201901"
            ],
            "md5": "1dd5dd0fe70dfe55d6f3f3c56b135ecc",
            "ndownloads": 940,
            "owner": "bioconda",
            "size": 2599535,
            "type": "conda",
            "upload_time": "2017-05-04 16:59:52.287000+00:00",
            "version": "2.2.0"
        },
        {
            "attrs": {
                "arch": "x86_64",
                "build": "py35_ncurses5.9_1",
                "build_number": 1,
                "depends": [
                    "ncurses 5.9*",
                    "python 3.5*",
                    "zlib"
                ],
                "license": "Custom",
                "machine": "x86_64",
                "operatingsystem": "linux",
                "platform": "linux",
                "subdir": "linux-64",
                "target-triplet": "x86_64-any-linux"
            },
            "basename": "linux-64/mapsplice-2.2.0-py35_ncurses5.9_1.tar.bz2",
            "dependencies": {
                "depends": [
                    {
                        "name": "ncurses",
                        "specs": [
                            [
                                "==",
                                "5.9"
                            ]
                        ]
                    },
                    {
                        "name": "python",
                        "specs": [
                            [
                                "==",
                                "3.5"
                            ]
                        ]
                    },
                    {
                        "name": "zlib",
                        "specs": []
                    }
                ]
            },
            "description": null,
            "distribution_type": "conda",
            "download_url": "//api.anaconda.org/download/bioconda/mapsplice/2.2.0/linux-64/mapsplice-2.2.0-py35_ncurses5.9_1.tar.bz2",
            "full_name": "bioconda/mapsplice/2.2.0/linux-64/mapsplice-2.2.0-py35_ncurses5.9_1.tar.bz2",
            "labels": [
                "main",
                "cf201901"
            ],
            "md5": "117719a2cb9bb3c5ce8dddca84ac32cb",
            "ndownloads": 388,
            "owner": "bioconda",
            "size": 2789525,
            "type": "conda",
            "upload_time": "2016-06-17 10:35:49.134000+00:00",
            "version": "2.2.0"
        },
        {
            "attrs": {
                "arch": "x86_64",
                "build": "py27_ncurses5.9_1",
                "build_number": 1,
                "depends": [
                    "ncurses 5.9*",
                    "python 2.7*",
                    "zlib"
                ],
                "license": "Custom",
                "machine": "x86_64",
                "operatingsystem": "linux",
                "platform": "linux",
                "subdir": "linux-64",
                "target-triplet": "x86_64-any-linux"
            },
            "basename": "linux-64/mapsplice-2.2.0-py27_ncurses5.9_1.tar.bz2",
            "dependencies": {
                "depends": [
                    {
                        "name": "ncurses",
                        "specs": [
                            [
                                "==",
                                "5.9"
                            ]
                        ]
                    },
                    {
                        "name": "python",
                        "specs": [
                            [
                                "==",
                                "2.7"
                            ]
                        ]
                    },
                    {
                        "name": "zlib",
                        "specs": []
                    }
                ]
            },
            "description": null,
            "distribution_type": "conda",
            "download_url": "//api.anaconda.org/download/bioconda/mapsplice/2.2.0/linux-64/mapsplice-2.2.0-py27_ncurses5.9_1.tar.bz2",
            "full_name": "bioconda/mapsplice/2.2.0/linux-64/mapsplice-2.2.0-py27_ncurses5.9_1.tar.bz2",
            "labels": [
                "main",
                "cf201901"
            ],
            "md5": "f8a33bd003f02f62853403c38bd5cf6c",
            "ndownloads": 420,
            "owner": "bioconda",
            "size": 2790539,
            "type": "conda",
            "upload_time": "2016-06-17 10:35:43.596000+00:00",
            "version": "2.2.0"
        },
        {
            "attrs": {
                "arch": "x86_64",
                "build": "py34_ncurses5.9_1",
                "build_number": 1,
                "depends": [
                    "ncurses 5.9*",
                    "python 3.4*",
                    "zlib"
                ],
                "license": "Custom",
                "machine": "x86_64",
                "operatingsystem": "linux",
                "platform": "linux",
                "subdir": "linux-64",
                "target-triplet": "x86_64-any-linux"
            },
            "basename": "linux-64/mapsplice-2.2.0-py34_ncurses5.9_1.tar.bz2",
            "dependencies": {
                "depends": [
                    {
                        "name": "ncurses",
                        "specs": [
                            [
                                "==",
                                "5.9"
                            ]
                        ]
                    },
                    {
                        "name": "python",
                        "specs": [
                            [
                                "==",
                                "3.4"
                            ]
                        ]
                    },
                    {
                        "name": "zlib",
                        "specs": []
                    }
                ]
            },
            "description": null,
            "distribution_type": "conda",
            "download_url": "//api.anaconda.org/download/bioconda/mapsplice/2.2.0/linux-64/mapsplice-2.2.0-py34_ncurses5.9_1.tar.bz2",
            "full_name": "bioconda/mapsplice/2.2.0/linux-64/mapsplice-2.2.0-py34_ncurses5.9_1.tar.bz2",
            "labels": [
                "main",
                "cf201901"
            ],
            "md5": "dfd9e0c0a6fe705baf58479858d0b0dd",
            "ndownloads": 382,
            "owner": "bioconda",
            "size": 2790304,
            "type": "conda",
            "upload_time": "2016-06-17 10:35:46.184000+00:00",
            "version": "2.2.0"
        },
        {
            "attrs": {
                "arch": "x86_64",
                "build": "py27h07887db_0",
                "build_number": 0,
                "depends": [
                    "libgcc-ng >=7.3.0",
                    "libstdcxx-ng >=7.3.0",
                    "ncurses >=6.1,<6.2.0a0",
                    "python >=2.7,<2.8.0a0",
                    "zlib >=1.2.11,<1.3.0a0"
                ],
                "has_prefix": true,
                "license": "Custom",
                "machine": "x86_64",
                "operatingsystem": "linux",
                "platform": "linux",
                "subdir": "linux-64",
                "target-triplet": "x86_64-any-linux",
                "timestamp": 1552528684373
            },
            "basename": "linux-64/mapsplice-2.2.1-py27h07887db_0.tar.bz2",
            "dependencies": {
                "depends": [
                    {
                        "name": "libgcc-ng",
                        "specs": [
                            [
                                ">=",
                                "7.3.0"
                            ]
                        ]
                    },
                    {
                        "name": "libstdcxx-ng",
                        "specs": [
                            [
                                ">=",
                                "7.3.0"
                            ]
                        ]
                    },
                    {
                        "name": "ncurses",
                        "specs": [
                            [
                                ">=",
                                "6.1,<6.2.0a0"
                            ]
                        ]
                    },
                    {
                        "name": "python",
                        "specs": [
                            [
                                ">=",
                                "2.7,<2.8.0a0"
                            ]
                        ]
                    },
                    {
                        "name": "zlib",
                        "specs": [
                            [
                                ">=",
                                "1.2.11,<1.3.0a0"
                            ]
                        ]
                    }
                ]
            },
            "description": null,
            "distribution_type": "conda",
            "download_url": "//api.anaconda.org/download/bioconda/mapsplice/2.2.1/linux-64/mapsplice-2.2.1-py27h07887db_0.tar.bz2",
            "full_name": "bioconda/mapsplice/2.2.1/linux-64/mapsplice-2.2.1-py27h07887db_0.tar.bz2",
            "labels": [
                "main"
            ],
            "md5": "db0258359c3998867d180a3534a11fe6",
            "ndownloads": 237,
            "owner": "bioconda",
            "size": 2674418,
            "type": "conda",
            "upload_time": "2019-03-14 02:07:34.949000+00:00",
            "version": "2.2.1"
        },
        {
            "attrs": {
                "arch": "x86_64",
                "build": "py36h07887db_0",
                "build_number": 0,
                "depends": [
                    "libgcc-ng >=7.3.0",
                    "libstdcxx-ng >=7.3.0",
                    "ncurses >=6.1,<6.2.0a0",
                    "python >=3.6,<3.7.0a0",
                    "zlib >=1.2.11,<1.3.0a0"
                ],
                "has_prefix": true,
                "license": "Custom",
                "machine": "x86_64",
                "operatingsystem": "linux",
                "platform": "linux",
                "subdir": "linux-64",
                "target-triplet": "x86_64-any-linux",
                "timestamp": 1552528434613
            },
            "basename": "linux-64/mapsplice-2.2.1-py36h07887db_0.tar.bz2",
            "dependencies": {
                "depends": [
                    {
                        "name": "libgcc-ng",
                        "specs": [
                            [
                                ">=",
                                "7.3.0"
                            ]
                        ]
                    },
                    {
                        "name": "libstdcxx-ng",
                        "specs": [
                            [
                                ">=",
                                "7.3.0"
                            ]
                        ]
                    },
                    {
                        "name": "ncurses",
                        "specs": [
                            [
                                ">=",
                                "6.1,<6.2.0a0"
                            ]
                        ]
                    },
                    {
                        "name": "python",
                        "specs": [
                            [
                                ">=",
                                "3.6,<3.7.0a0"
                            ]
                        ]
                    },
                    {
                        "name": "zlib",
                        "specs": [
                            [
                                ">=",
                                "1.2.11,<1.3.0a0"
                            ]
                        ]
                    }
                ]
            },
            "description": null,
            "distribution_type": "conda",
            "download_url": "//api.anaconda.org/download/bioconda/mapsplice/2.2.1/linux-64/mapsplice-2.2.1-py36h07887db_0.tar.bz2",
            "full_name": "bioconda/mapsplice/2.2.1/linux-64/mapsplice-2.2.1-py36h07887db_0.tar.bz2",
            "labels": [
                "main"
            ],
            "md5": "9ebfa9baa8d1d988dca8bb85ff6eefe8",
            "ndownloads": 107,
            "owner": "bioconda",
            "size": 2674117,
            "type": "conda",
            "upload_time": "2019-03-14 02:07:37.995000+00:00",
            "version": "2.2.1"
        },
        {
            "attrs": {
                "arch": "x86_64",
                "build": "py37h07887db_0",
                "build_number": 0,
                "depends": [
                    "libgcc-ng >=7.3.0",
                    "libstdcxx-ng >=7.3.0",
                    "ncurses >=6.1,<6.2.0a0",
                    "python >=3.7,<3.8.0a0",
                    "zlib >=1.2.11,<1.3.0a0"
                ],
                "has_prefix": true,
                "license": "Custom",
                "machine": "x86_64",
                "operatingsystem": "linux",
                "platform": "linux",
                "subdir": "linux-64",
                "target-triplet": "x86_64-any-linux",
                "timestamp": 1552528956848
            },
            "basename": "linux-64/mapsplice-2.2.1-py37h07887db_0.tar.bz2",
            "dependencies": {
                "depends": [
                    {
                        "name": "libgcc-ng",
                        "specs": [
                            [
                                ">=",
                                "7.3.0"
                            ]
                        ]
                    },
                    {
                        "name": "libstdcxx-ng",
                        "specs": [
                            [
                                ">=",
                                "7.3.0"
                            ]
                        ]
                    },
                    {
                        "name": "ncurses",
                        "specs": [
                            [
                                ">=",
                                "6.1,<6.2.0a0"
                            ]
                        ]
                    },
                    {
                        "name": "python",
                        "specs": [
                            [
                                ">=",
                                "3.7,<3.8.0a0"
                            ]
                        ]
                    },
                    {
                        "name": "zlib",
                        "specs": [
                            [
                                ">=",
                                "1.2.11,<1.3.0a0"
                            ]
                        ]
                    }
                ]
            },
            "description": null,
            "distribution_type": "conda",
            "download_url": "//api.anaconda.org/download/bioconda/mapsplice/2.2.1/linux-64/mapsplice-2.2.1-py37h07887db_0.tar.bz2",
            "full_name": "bioconda/mapsplice/2.2.1/linux-64/mapsplice-2.2.1-py37h07887db_0.tar.bz2",
            "labels": [
                "main"
            ],
            "md5": "b2d302b17d02d1fc8422f1f4c29dc100",
            "ndownloads": 618,
            "owner": "bioconda",
            "size": 2674145,
            "type": "conda",
            "upload_time": "2019-03-14 02:07:40.877000+00:00",
            "version": "2.2.1"
        }
    ],
    "full_name": "bioconda/mapsplice",
    "home": "None",
    "html_url": "http://anaconda.org/bioconda/mapsplice",
    "id": "5673305942cb175e81f28607",
    "latest_version": "2.2.1",
    "license": "Custom",
    "license_url": null,
    "modified_at": "2019-03-14 02:07:41.313000+00:00",
    "name": "mapsplice",
    "owner": {
        "company": "",
        "created_at": "2015-09-11 22:59:20.880000+00:00",
        "description": "Bioconda is a distribution of bioinformatics software realized as a channel for the versatile Conda package manager.",
        "location": "",
        "login": "bioconda",
        "name": "bioconda",
        "url": "",
        "user_type": "org"
    },
    "package_types": [
        "conda"
    ],
    "public": true,
    "releases": [
        {
            "distributions": [
                "linux-64/mapsplice-2.2.0-py34_0.tar.bz2",
                "linux-64/mapsplice-2.2.0-py35_0.tar.bz2",
                "linux-64/mapsplice-2.2.0-py27_0.tar.bz2",
                "linux-64/mapsplice-2.2.0-py27_1.tar.bz2",
                "linux-64/mapsplice-2.2.0-py34_1.tar.bz2",
                "linux-64/mapsplice-2.2.0-py35_1.tar.bz2",
                "linux-64/mapsplice-2.2.0-ncurses5.9_1.tar.bz2",
                "linux-64/mapsplice-2.2.0-py27_ncurses5.9_1.tar.bz2",
                "linux-64/mapsplice-2.2.0-py34_ncurses5.9_1.tar.bz2",
                "linux-64/mapsplice-2.2.0-py35_ncurses5.9_1.tar.bz2"
            ],
            "full_name": "bioconda/mapsplice/2.2.0",
            "version": "2.2.0"
        },
        {
            "distributions": [],
            "full_name": "bioconda/mapsplice/2.2.1",
            "version": "2.2.1"
        }
    ],
    "revision": 13,
    "source_git_tag": null,
    "source_git_url": null,
    "summary": "MapSplice is a software for mapping RNA-seq data to reference genome for splice junction discovery that depends only on reference genome, and not on any further annotations.",
    "upvoted": 0,
    "url": "http://api.anaconda.org/packages/bioconda/mapsplice",
    "versions": [
        "2.2.0",
        "2.2.1"
    ],
    "watchers": 1
}