{
    "app_entry": {},
    "app_summary": {},
    "app_type": {},
    "builds": [
        "py_0",
        "py27_0"
    ],
    "conda_platforms": [
        "linux-64",
        "noarch"
    ],
    "created_at": "2018-11-29 16:23:16.443000+00:00",
    "description": "",
    "dev_url": null,
    "doc_url": null,
    "files": [
        {
            "attrs": {
                "arch": "x86_64",
                "build": "py27_0",
                "build_number": 0,
                "depends": [
                    "itk",
                    "nibabel >=1.3.0",
                    "numpy >=1.6.1",
                    "pydicom >=0.9.7",
                    "python >=2.7,<2.8.0a0",
                    "scipy >=0.9.0"
                ],
                "has_prefix": true,
                "license": "GNU General Public (GPL)",
                "license_family": "LGPL",
                "machine": "x86_64",
                "operatingsystem": "linux",
                "platform": "linux",
                "subdir": "linux-64",
                "target-triplet": "x86_64-any-linux",
                "timestamp": 1543508185587
            },
            "basename": "linux-64/medpy-0.3.0-py27_0.tar.bz2",
            "dependencies": {
                "depends": [
                    {
                        "name": "itk",
                        "specs": []
                    },
                    {
                        "name": "nibabel",
                        "specs": [
                            [
                                ">=",
                                "1.3.0"
                            ]
                        ]
                    },
                    {
                        "name": "numpy",
                        "specs": [
                            [
                                ">=",
                                "1.6.1"
                            ]
                        ]
                    },
                    {
                        "name": "pydicom",
                        "specs": [
                            [
                                ">=",
                                "0.9.7"
                            ]
                        ]
                    },
                    {
                        "name": "python",
                        "specs": [
                            [
                                ">=",
                                "2.7,<2.8.0a0"
                            ]
                        ]
                    },
                    {
                        "name": "scipy",
                        "specs": [
                            [
                                ">=",
                                "0.9.0"
                            ]
                        ]
                    }
                ]
            },
            "description": null,
            "distribution_type": "conda",
            "download_url": "//api.anaconda.org/download/bioconda/medpy/0.3.0/linux-64/medpy-0.3.0-py27_0.tar.bz2",
            "full_name": "bioconda/medpy/0.3.0/linux-64/medpy-0.3.0-py27_0.tar.bz2",
            "labels": [
                "main",
                "cf201901"
            ],
            "md5": "4ab3e2e612dedcd0af1fe613a4e2fd83",
            "ndownloads": 1170,
            "owner": "bioconda",
            "size": 193717,
            "type": "conda",
            "upload_time": "2018-11-29 16:23:17.293000+00:00",
            "version": "0.3.0"
        },
        {
            "attrs": {
                "arch": null,
                "build": "py_0",
                "build_number": 0,
                "depends": [
                    "numpy >=1.11.0",
                    "python >3",
                    "scipy >=1.1.0",
                    "simpleitk >=1.1.0"
                ],
                "has_prefix": false,
                "license": "GNU General Public (GPL)",
                "license_family": "LGPL",
                "machine": null,
                "noarch": "python",
                "operatingsystem": null,
                "platform": null,
                "subdir": "noarch",
                "target-triplet": "None-any-None",
                "timestamp": 1570208364070
            },
            "basename": "noarch/medpy-0.4.0-py_0.tar.bz2",
            "dependencies": {
                "depends": [
                    {
                        "name": "numpy",
                        "specs": [
                            [
                                ">=",
                                "1.11.0"
                            ]
                        ]
                    },
                    {
                        "name": "python",
                        "specs": [
                            [
                                ">",
                                "3"
                            ]
                        ]
                    },
                    {
                        "name": "scipy",
                        "specs": [
                            [
                                ">=",
                                "1.1.0"
                            ]
                        ]
                    },
                    {
                        "name": "simpleitk",
                        "specs": [
                            [
                                ">=",
                                "1.1.0"
                            ]
                        ]
                    }
                ]
            },
            "description": null,
            "distribution_type": "conda",
            "download_url": "//api.anaconda.org/download/bioconda/medpy/0.4.0/noarch/medpy-0.4.0-py_0.tar.bz2",
            "full_name": "bioconda/medpy/0.4.0/noarch/medpy-0.4.0-py_0.tar.bz2",
            "labels": [
                "main"
            ],
            "md5": "12b0b6e2d049c689ddae5fe47dce6990",
            "ndownloads": 58,
            "owner": "bioconda",
            "size": 123733,
            "type": "conda",
            "upload_time": "2019-10-04 17:04:20.171000+00:00",
            "version": "0.4.0"
        }
    ],
    "full_name": "bioconda/medpy",
    "home": "https://github.com/loli/medpy",
    "html_url": "http://anaconda.org/bioconda/medpy",
    "id": "5c00127412ff9f1338357b2d",
    "latest_version": "0.4.0",
    "license": "GNU General Public (GPL)",
    "license_url": null,
    "modified_at": "2019-10-04 17:04:20.547000+00:00",
    "name": "medpy",
    "owner": {
        "company": "",
        "created_at": "2015-09-11 22:59:20.880000+00:00",
        "description": "Bioconda is a distribution of bioinformatics software realized as a channel for the versatile Conda package manager.",
        "location": "",
        "login": "bioconda",
        "name": "bioconda",
        "url": "",
        "user_type": "org"
    },
    "package_types": [
        "conda"
    ],
    "public": true,
    "releases": [
        {
            "distributions": [],
            "full_name": "bioconda/medpy/0.3.0",
            "version": "0.3.0"
        },
        {
            "distributions": [],
            "full_name": "bioconda/medpy/0.4.0",
            "version": "0.4.0"
        }
    ],
    "revision": 4,
    "source_git_tag": null,
    "source_git_url": null,
    "summary": "Medical image processing in Python",
    "upvoted": 0,
    "url": "http://api.anaconda.org/packages/bioconda/medpy",
    "versions": [
        "0.3.0",
        "0.4.0"
    ],
    "watchers": 1
}