{
    "app_entry": {},
    "app_summary": {},
    "app_type": {},
    "builds": [
        "py_0",
        "py_1"
    ],
    "conda_platforms": [
        "noarch"
    ],
    "created_at": "2018-11-27 12:27:12.169000+00:00",
    "description": "",
    "dev_url": null,
    "doc_url": "http://openvax.github.io/mhcflurry/",
    "files": [
        {
            "attrs": {
                "arch": null,
                "build": "py_0",
                "build_number": 0,
                "depends": [
                    "appdirs",
                    "keras >=2.0.9",
                    "mhcnames",
                    "numpy >=1.11",
                    "pandas >=0.20.3",
                    "python",
                    "pyyaml",
                    "scikit-learn",
                    "six",
                    "tensorflow >=1.1.0",
                    "tqdm"
                ],
                "has_prefix": false,
                "license": "Apache License Version 2.0",
                "machine": null,
                "noarch": "python",
                "operatingsystem": null,
                "platform": null,
                "subdir": "noarch",
                "target-triplet": "None-any-None",
                "timestamp": 1543321086432
            },
            "basename": "noarch/mhcflurry-1.2.2-py_0.tar.bz2",
            "dependencies": {
                "depends": [
                    {
                        "name": "appdirs",
                        "specs": []
                    },
                    {
                        "name": "keras",
                        "specs": [
                            [
                                ">=",
                                "2.0.9"
                            ]
                        ]
                    },
                    {
                        "name": "mhcnames",
                        "specs": []
                    },
                    {
                        "name": "numpy",
                        "specs": [
                            [
                                ">=",
                                "1.11"
                            ]
                        ]
                    },
                    {
                        "name": "pandas",
                        "specs": [
                            [
                                ">=",
                                "0.20.3"
                            ]
                        ]
                    },
                    {
                        "name": "python",
                        "specs": []
                    },
                    {
                        "name": "pyyaml",
                        "specs": []
                    },
                    {
                        "name": "scikit-learn",
                        "specs": []
                    },
                    {
                        "name": "six",
                        "specs": []
                    },
                    {
                        "name": "tensorflow",
                        "specs": [
                            [
                                ">=",
                                "1.1.0"
                            ]
                        ]
                    },
                    {
                        "name": "tqdm",
                        "specs": []
                    }
                ]
            },
            "description": null,
            "distribution_type": "conda",
            "download_url": "//api.anaconda.org/download/bioconda/mhcflurry/1.2.2/noarch/mhcflurry-1.2.2-py_0.tar.bz2",
            "full_name": "bioconda/mhcflurry/1.2.2/noarch/mhcflurry-1.2.2-py_0.tar.bz2",
            "labels": [
                "main",
                "cf201901"
            ],
            "md5": "000e79b35df86b2166ba9355bb032917",
            "ndownloads": 167,
            "owner": "bioconda",
            "size": 47848,
            "type": "conda",
            "upload_time": "2018-11-27 12:27:13.058000+00:00",
            "version": "1.2.2"
        },
        {
            "attrs": {
                "arch": null,
                "build": "py_0",
                "build_number": 0,
                "depends": [
                    "appdirs",
                    "keras >=2.0.9",
                    "mhcnames",
                    "numpy >=1.11",
                    "pandas >=0.20.3",
                    "python",
                    "pyyaml",
                    "scikit-learn",
                    "six",
                    "tensorflow >=1.1.0",
                    "tqdm"
                ],
                "has_prefix": false,
                "license": "Apache License Version 2.0",
                "machine": null,
                "noarch": "python",
                "operatingsystem": null,
                "platform": null,
                "subdir": "noarch",
                "target-triplet": "None-any-None",
                "timestamp": 1556370429504
            },
            "basename": "noarch/mhcflurry-1.2.4-py_0.tar.bz2",
            "dependencies": {
                "depends": [
                    {
                        "name": "appdirs",
                        "specs": []
                    },
                    {
                        "name": "keras",
                        "specs": [
                            [
                                ">=",
                                "2.0.9"
                            ]
                        ]
                    },
                    {
                        "name": "mhcnames",
                        "specs": []
                    },
                    {
                        "name": "numpy",
                        "specs": [
                            [
                                ">=",
                                "1.11"
                            ]
                        ]
                    },
                    {
                        "name": "pandas",
                        "specs": [
                            [
                                ">=",
                                "0.20.3"
                            ]
                        ]
                    },
                    {
                        "name": "python",
                        "specs": []
                    },
                    {
                        "name": "pyyaml",
                        "specs": []
                    },
                    {
                        "name": "scikit-learn",
                        "specs": []
                    },
                    {
                        "name": "six",
                        "specs": []
                    },
                    {
                        "name": "tensorflow",
                        "specs": [
                            [
                                ">=",
                                "1.1.0"
                            ]
                        ]
                    },
                    {
                        "name": "tqdm",
                        "specs": []
                    }
                ]
            },
            "description": null,
            "distribution_type": "conda",
            "download_url": "//api.anaconda.org/download/bioconda/mhcflurry/1.2.4/noarch/mhcflurry-1.2.4-py_0.tar.bz2",
            "full_name": "bioconda/mhcflurry/1.2.4/noarch/mhcflurry-1.2.4-py_0.tar.bz2",
            "labels": [
                "main"
            ],
            "md5": "29e905ae57cc73c65d3028f8a9fe068f",
            "ndownloads": 97,
            "owner": "bioconda",
            "size": 48648,
            "type": "conda",
            "upload_time": "2019-04-27 13:12:42.257000+00:00",
            "version": "1.2.4"
        },
        {
            "attrs": {
                "arch": null,
                "build": "py_0",
                "build_number": 0,
                "depends": [
                    "appdirs",
                    "keras >=2.0.9",
                    "mhcnames",
                    "numpy >=1.11",
                    "pandas >=0.20.3",
                    "python",
                    "pyyaml",
                    "scikit-learn",
                    "six",
                    "tensorflow >=1.1.0",
                    "tqdm"
                ],
                "has_prefix": false,
                "license": "Apache License Version 2.0",
                "machine": null,
                "noarch": "python",
                "operatingsystem": null,
                "platform": null,
                "subdir": "noarch",
                "target-triplet": "None-any-None",
                "timestamp": 1568132449734
            },
            "basename": "noarch/mhcflurry-1.3.0-py_0.tar.bz2",
            "dependencies": {
                "depends": [
                    {
                        "name": "appdirs",
                        "specs": []
                    },
                    {
                        "name": "keras",
                        "specs": [
                            [
                                ">=",
                                "2.0.9"
                            ]
                        ]
                    },
                    {
                        "name": "mhcnames",
                        "specs": []
                    },
                    {
                        "name": "numpy",
                        "specs": [
                            [
                                ">=",
                                "1.11"
                            ]
                        ]
                    },
                    {
                        "name": "pandas",
                        "specs": [
                            [
                                ">=",
                                "0.20.3"
                            ]
                        ]
                    },
                    {
                        "name": "python",
                        "specs": []
                    },
                    {
                        "name": "pyyaml",
                        "specs": []
                    },
                    {
                        "name": "scikit-learn",
                        "specs": []
                    },
                    {
                        "name": "six",
                        "specs": []
                    },
                    {
                        "name": "tensorflow",
                        "specs": [
                            [
                                ">=",
                                "1.1.0"
                            ]
                        ]
                    },
                    {
                        "name": "tqdm",
                        "specs": []
                    }
                ]
            },
            "description": null,
            "distribution_type": "conda",
            "download_url": "//api.anaconda.org/download/bioconda/mhcflurry/1.3.0/noarch/mhcflurry-1.3.0-py_0.tar.bz2",
            "full_name": "bioconda/mhcflurry/1.3.0/noarch/mhcflurry-1.3.0-py_0.tar.bz2",
            "labels": [
                "main"
            ],
            "md5": "814625eddcbd244eac88eba37cf2f18f",
            "ndownloads": 25,
            "owner": "bioconda",
            "size": 68128,
            "type": "conda",
            "upload_time": "2019-09-10 16:36:14.610000+00:00",
            "version": "1.3.0"
        },
        {
            "attrs": {
                "arch": null,
                "build": "py_0",
                "build_number": 0,
                "depends": [
                    "appdirs",
                    "keras >=2.0.9",
                    "mhcnames",
                    "numpy >=1.11",
                    "pandas >=0.20.3",
                    "python",
                    "pyyaml",
                    "scikit-learn",
                    "six",
                    "tensorflow >=1.1.0",
                    "tqdm"
                ],
                "has_prefix": false,
                "license": "Apache License Version 2.0",
                "machine": null,
                "noarch": "python",
                "operatingsystem": null,
                "platform": null,
                "subdir": "noarch",
                "target-triplet": "None-any-None",
                "timestamp": 1568143319020
            },
            "basename": "noarch/mhcflurry-1.3.1-py_0.tar.bz2",
            "dependencies": {
                "depends": [
                    {
                        "name": "appdirs",
                        "specs": []
                    },
                    {
                        "name": "keras",
                        "specs": [
                            [
                                ">=",
                                "2.0.9"
                            ]
                        ]
                    },
                    {
                        "name": "mhcnames",
                        "specs": []
                    },
                    {
                        "name": "numpy",
                        "specs": [
                            [
                                ">=",
                                "1.11"
                            ]
                        ]
                    },
                    {
                        "name": "pandas",
                        "specs": [
                            [
                                ">=",
                                "0.20.3"
                            ]
                        ]
                    },
                    {
                        "name": "python",
                        "specs": []
                    },
                    {
                        "name": "pyyaml",
                        "specs": []
                    },
                    {
                        "name": "scikit-learn",
                        "specs": []
                    },
                    {
                        "name": "six",
                        "specs": []
                    },
                    {
                        "name": "tensorflow",
                        "specs": [
                            [
                                ">=",
                                "1.1.0"
                            ]
                        ]
                    },
                    {
                        "name": "tqdm",
                        "specs": []
                    }
                ]
            },
            "description": null,
            "distribution_type": "conda",
            "download_url": "//api.anaconda.org/download/bioconda/mhcflurry/1.3.1/noarch/mhcflurry-1.3.1-py_0.tar.bz2",
            "full_name": "bioconda/mhcflurry/1.3.1/noarch/mhcflurry-1.3.1-py_0.tar.bz2",
            "labels": [
                "main"
            ],
            "md5": "31bbadb8f7f45e705a0ae69a51dcab14",
            "ndownloads": 28,
            "owner": "bioconda",
            "size": 68095,
            "type": "conda",
            "upload_time": "2019-09-10 21:16:10.862000+00:00",
            "version": "1.3.1"
        },
        {
            "attrs": {
                "arch": null,
                "build": "py_0",
                "build_number": 0,
                "depends": [
                    "appdirs",
                    "keras >=2.0.9",
                    "mhcnames",
                    "numpy >=1.11",
                    "pandas >=0.20.3",
                    "python",
                    "pyyaml",
                    "scikit-learn",
                    "six",
                    "tensorflow >=1.1.0",
                    "tqdm"
                ],
                "has_prefix": false,
                "license": "Apache License Version 2.0",
                "machine": null,
                "noarch": "python",
                "operatingsystem": null,
                "platform": null,
                "subdir": "noarch",
                "target-triplet": "None-any-None",
                "timestamp": 1570381528586
            },
            "basename": "noarch/mhcflurry-1.4.0-py_0.tar.bz2",
            "dependencies": {
                "depends": [
                    {
                        "name": "appdirs",
                        "specs": []
                    },
                    {
                        "name": "keras",
                        "specs": [
                            [
                                ">=",
                                "2.0.9"
                            ]
                        ]
                    },
                    {
                        "name": "mhcnames",
                        "specs": []
                    },
                    {
                        "name": "numpy",
                        "specs": [
                            [
                                ">=",
                                "1.11"
                            ]
                        ]
                    },
                    {
                        "name": "pandas",
                        "specs": [
                            [
                                ">=",
                                "0.20.3"
                            ]
                        ]
                    },
                    {
                        "name": "python",
                        "specs": []
                    },
                    {
                        "name": "pyyaml",
                        "specs": []
                    },
                    {
                        "name": "scikit-learn",
                        "specs": []
                    },
                    {
                        "name": "six",
                        "specs": []
                    },
                    {
                        "name": "tensorflow",
                        "specs": [
                            [
                                ">=",
                                "1.1.0"
                            ]
                        ]
                    },
                    {
                        "name": "tqdm",
                        "specs": []
                    }
                ]
            },
            "description": null,
            "distribution_type": "conda",
            "download_url": "//api.anaconda.org/download/bioconda/mhcflurry/1.4.0/noarch/mhcflurry-1.4.0-py_0.tar.bz2",
            "full_name": "bioconda/mhcflurry/1.4.0/noarch/mhcflurry-1.4.0-py_0.tar.bz2",
            "labels": [
                "main"
            ],
            "md5": "c9a70047dffa9f6334f306de65f5b07a",
            "ndownloads": 24,
            "owner": "bioconda",
            "size": 71274,
            "type": "conda",
            "upload_time": "2019-10-06 17:12:53.818000+00:00",
            "version": "1.4.0"
        },
        {
            "attrs": {
                "arch": null,
                "build": "py_1",
                "build_number": 1,
                "depends": [
                    "appdirs",
                    "keras >=2.0.9",
                    "mhcnames",
                    "numpy >=1.11",
                    "pandas >=0.20.3",
                    "python",
                    "pyyaml",
                    "scikit-learn",
                    "six",
                    "tensorflow >=1.1.0",
                    "tqdm"
                ],
                "has_prefix": false,
                "license": "Apache License Version 2.0",
                "machine": null,
                "noarch": "python",
                "operatingsystem": null,
                "platform": null,
                "subdir": "noarch",
                "target-triplet": "None-any-None",
                "timestamp": 1572098142633
            },
            "basename": "noarch/mhcflurry-1.4.0-py_1.tar.bz2",
            "dependencies": {
                "depends": [
                    {
                        "name": "appdirs",
                        "specs": []
                    },
                    {
                        "name": "keras",
                        "specs": [
                            [
                                ">=",
                                "2.0.9"
                            ]
                        ]
                    },
                    {
                        "name": "mhcnames",
                        "specs": []
                    },
                    {
                        "name": "numpy",
                        "specs": [
                            [
                                ">=",
                                "1.11"
                            ]
                        ]
                    },
                    {
                        "name": "pandas",
                        "specs": [
                            [
                                ">=",
                                "0.20.3"
                            ]
                        ]
                    },
                    {
                        "name": "python",
                        "specs": []
                    },
                    {
                        "name": "pyyaml",
                        "specs": []
                    },
                    {
                        "name": "scikit-learn",
                        "specs": []
                    },
                    {
                        "name": "six",
                        "specs": []
                    },
                    {
                        "name": "tensorflow",
                        "specs": [
                            [
                                ">=",
                                "1.1.0"
                            ]
                        ]
                    },
                    {
                        "name": "tqdm",
                        "specs": []
                    }
                ]
            },
            "description": null,
            "distribution_type": "conda",
            "download_url": "//api.anaconda.org/download/bioconda/mhcflurry/1.4.0/noarch/mhcflurry-1.4.0-py_1.tar.bz2",
            "full_name": "bioconda/mhcflurry/1.4.0/noarch/mhcflurry-1.4.0-py_1.tar.bz2",
            "labels": [
                "main"
            ],
            "md5": "1ac8e40e2adc83cc04bedf180de3dac5",
            "ndownloads": 20,
            "owner": "bioconda",
            "size": 71390,
            "type": "conda",
            "upload_time": "2019-10-26 14:05:30.685000+00:00",
            "version": "1.4.0"
        },
        {
            "attrs": {
                "arch": null,
                "build": "py_0",
                "build_number": 0,
                "depends": [
                    "appdirs",
                    "keras >=2.0.9",
                    "mhcnames",
                    "numpy >=1.11",
                    "pandas >=0.20.3",
                    "python",
                    "pyyaml",
                    "scikit-learn",
                    "six",
                    "tensorflow >=1.1.0",
                    "tqdm"
                ],
                "has_prefix": false,
                "license": "Apache License Version 2.0",
                "machine": null,
                "noarch": "python",
                "operatingsystem": null,
                "platform": null,
                "subdir": "noarch",
                "target-triplet": "None-any-None",
                "timestamp": 1572459048800
            },
            "basename": "noarch/mhcflurry-1.4.2-py_0.tar.bz2",
            "dependencies": {
                "depends": [
                    {
                        "name": "appdirs",
                        "specs": []
                    },
                    {
                        "name": "keras",
                        "specs": [
                            [
                                ">=",
                                "2.0.9"
                            ]
                        ]
                    },
                    {
                        "name": "mhcnames",
                        "specs": []
                    },
                    {
                        "name": "numpy",
                        "specs": [
                            [
                                ">=",
                                "1.11"
                            ]
                        ]
                    },
                    {
                        "name": "pandas",
                        "specs": [
                            [
                                ">=",
                                "0.20.3"
                            ]
                        ]
                    },
                    {
                        "name": "python",
                        "specs": []
                    },
                    {
                        "name": "pyyaml",
                        "specs": []
                    },
                    {
                        "name": "scikit-learn",
                        "specs": []
                    },
                    {
                        "name": "six",
                        "specs": []
                    },
                    {
                        "name": "tensorflow",
                        "specs": [
                            [
                                ">=",
                                "1.1.0"
                            ]
                        ]
                    },
                    {
                        "name": "tqdm",
                        "specs": []
                    }
                ]
            },
            "description": null,
            "distribution_type": "conda",
            "download_url": "//api.anaconda.org/download/bioconda/mhcflurry/1.4.2/noarch/mhcflurry-1.4.2-py_0.tar.bz2",
            "full_name": "bioconda/mhcflurry/1.4.2/noarch/mhcflurry-1.4.2-py_0.tar.bz2",
            "labels": [
                "main"
            ],
            "md5": "478c9c7e45d79e6c3a9c5bc129a8cc68",
            "ndownloads": 20,
            "owner": "bioconda",
            "size": 71480,
            "type": "conda",
            "upload_time": "2019-10-30 18:17:59.088000+00:00",
            "version": "1.4.2"
        },
        {
            "attrs": {
                "arch": null,
                "build": "py_1",
                "build_number": 1,
                "depends": [
                    "appdirs",
                    "keras >=2.0.9",
                    "mhcnames",
                    "numpy >=1.11",
                    "pandas >=0.20.3",
                    "python",
                    "pyyaml",
                    "scikit-learn",
                    "six",
                    "tensorflow >=1.1.0",
                    "tqdm"
                ],
                "has_prefix": false,
                "license": "Apache License Version 2.0",
                "machine": null,
                "noarch": "python",
                "operatingsystem": null,
                "platform": null,
                "subdir": "noarch",
                "target-triplet": "None-any-None",
                "timestamp": 1572598846703
            },
            "basename": "noarch/mhcflurry-1.4.2-py_1.tar.bz2",
            "dependencies": {
                "depends": [
                    {
                        "name": "appdirs",
                        "specs": []
                    },
                    {
                        "name": "keras",
                        "specs": [
                            [
                                ">=",
                                "2.0.9"
                            ]
                        ]
                    },
                    {
                        "name": "mhcnames",
                        "specs": []
                    },
                    {
                        "name": "numpy",
                        "specs": [
                            [
                                ">=",
                                "1.11"
                            ]
                        ]
                    },
                    {
                        "name": "pandas",
                        "specs": [
                            [
                                ">=",
                                "0.20.3"
                            ]
                        ]
                    },
                    {
                        "name": "python",
                        "specs": []
                    },
                    {
                        "name": "pyyaml",
                        "specs": []
                    },
                    {
                        "name": "scikit-learn",
                        "specs": []
                    },
                    {
                        "name": "six",
                        "specs": []
                    },
                    {
                        "name": "tensorflow",
                        "specs": [
                            [
                                ">=",
                                "1.1.0"
                            ]
                        ]
                    },
                    {
                        "name": "tqdm",
                        "specs": []
                    }
                ]
            },
            "description": null,
            "distribution_type": "conda",
            "download_url": "//api.anaconda.org/download/bioconda/mhcflurry/1.4.2/noarch/mhcflurry-1.4.2-py_1.tar.bz2",
            "full_name": "bioconda/mhcflurry/1.4.2/noarch/mhcflurry-1.4.2-py_1.tar.bz2",
            "labels": [
                "main"
            ],
            "md5": "b97bc0ec296974bf65f1201b8ea43151",
            "ndownloads": 16,
            "owner": "bioconda",
            "size": 71427,
            "type": "conda",
            "upload_time": "2019-11-01 09:09:25.283000+00:00",
            "version": "1.4.2"
        },
        {
            "attrs": {
                "arch": null,
                "build": "py_0",
                "build_number": 0,
                "depends": [
                    "appdirs",
                    "keras >=2.0.9",
                    "mhcnames",
                    "numpy >=1.11",
                    "pandas >=0.20.3",
                    "python",
                    "pyyaml",
                    "scikit-learn",
                    "six",
                    "tensorflow >=1.1.0",
                    "tqdm"
                ],
                "has_prefix": false,
                "license": "Apache License Version 2.0",
                "machine": null,
                "noarch": "python",
                "operatingsystem": null,
                "platform": null,
                "subdir": "noarch",
                "target-triplet": "None-any-None",
                "timestamp": 1573506435801
            },
            "basename": "noarch/mhcflurry-1.4.3-py_0.tar.bz2",
            "dependencies": {
                "depends": [
                    {
                        "name": "appdirs",
                        "specs": []
                    },
                    {
                        "name": "keras",
                        "specs": [
                            [
                                ">=",
                                "2.0.9"
                            ]
                        ]
                    },
                    {
                        "name": "mhcnames",
                        "specs": []
                    },
                    {
                        "name": "numpy",
                        "specs": [
                            [
                                ">=",
                                "1.11"
                            ]
                        ]
                    },
                    {
                        "name": "pandas",
                        "specs": [
                            [
                                ">=",
                                "0.20.3"
                            ]
                        ]
                    },
                    {
                        "name": "python",
                        "specs": []
                    },
                    {
                        "name": "pyyaml",
                        "specs": []
                    },
                    {
                        "name": "scikit-learn",
                        "specs": []
                    },
                    {
                        "name": "six",
                        "specs": []
                    },
                    {
                        "name": "tensorflow",
                        "specs": [
                            [
                                ">=",
                                "1.1.0"
                            ]
                        ]
                    },
                    {
                        "name": "tqdm",
                        "specs": []
                    }
                ]
            },
            "description": null,
            "distribution_type": "conda",
            "download_url": "//api.anaconda.org/download/bioconda/mhcflurry/1.4.3/noarch/mhcflurry-1.4.3-py_0.tar.bz2",
            "full_name": "bioconda/mhcflurry/1.4.3/noarch/mhcflurry-1.4.3-py_0.tar.bz2",
            "labels": [
                "main"
            ],
            "md5": "a3d12662ff74738b1ed5f96fa39ba33e",
            "ndownloads": 58,
            "owner": "bioconda",
            "size": 71514,
            "type": "conda",
            "upload_time": "2019-11-11 21:14:44.723000+00:00",
            "version": "1.4.3"
        }
    ],
    "full_name": "bioconda/mhcflurry",
    "home": "https://github.com/hammerlab/mhcflurry",
    "html_url": "http://anaconda.org/bioconda/mhcflurry",
    "id": "5bfd38207557f4134aa19939",
    "latest_version": "1.4.3",
    "license": "Apache License Version 2.0",
    "license_url": null,
    "modified_at": "2019-11-11 21:14:45.270000+00:00",
    "name": "mhcflurry",
    "owner": {
        "company": "",
        "created_at": "2015-09-11 22:59:20.880000+00:00",
        "description": "Bioconda is a distribution of bioinformatics software realized as a channel for the versatile Conda package manager.",
        "location": "",
        "login": "bioconda",
        "name": "bioconda",
        "url": "",
        "user_type": "org"
    },
    "package_types": [
        "conda"
    ],
    "public": true,
    "releases": [
        {
            "distributions": [],
            "full_name": "bioconda/mhcflurry/1.2.2",
            "version": "1.2.2"
        },
        {
            "distributions": [],
            "full_name": "bioconda/mhcflurry/1.2.4",
            "version": "1.2.4"
        },
        {
            "distributions": [],
            "full_name": "bioconda/mhcflurry/1.3.0",
            "version": "1.3.0"
        },
        {
            "distributions": [],
            "full_name": "bioconda/mhcflurry/1.3.1",
            "version": "1.3.1"
        },
        {
            "distributions": [],
            "full_name": "bioconda/mhcflurry/1.4.0",
            "version": "1.4.0"
        },
        {
            "distributions": [],
            "full_name": "bioconda/mhcflurry/1.4.2",
            "version": "1.4.2"
        },
        {
            "distributions": [],
            "full_name": "bioconda/mhcflurry/1.4.3",
            "version": "1.4.3"
        }
    ],
    "revision": 14,
    "source_git_tag": null,
    "source_git_url": null,
    "summary": "Peptide-MHC I binding affinity prediction",
    "upvoted": 0,
    "url": "http://api.anaconda.org/packages/bioconda/mhcflurry",
    "versions": [
        "1.2.2",
        "1.2.4",
        "1.3.0",
        "1.3.1",
        "1.4.0",
        "1.4.2",
        "1.4.3"
    ],
    "watchers": 1
}