{
    "app_entry": {},
    "app_summary": {},
    "app_type": {},
    "builds": [
        "he513fc3_0"
    ],
    "conda_platforms": [
        "linux-64"
    ],
    "created_at": "2019-11-28 15:19:16.060000+00:00",
    "description": "",
    "dev_url": null,
    "doc_url": null,
    "files": [
        {
            "attrs": {
                "arch": "x86_64",
                "build": "he513fc3_0",
                "build_number": 0,
                "depends": [
                    "libgcc-ng >=7.3.0",
                    "libstdcxx-ng >=7.3.0",
                    "zlib >=1.2.11,<1.3.0a0"
                ],
                "has_prefix": true,
                "license": "file",
                "machine": "x86_64",
                "operatingsystem": "linux",
                "platform": "linux",
                "subdir": "linux-64",
                "target-triplet": "x86_64-any-linux",
                "timestamp": 1574954230756
            },
            "basename": "linux-64/minia-3.2.1-he513fc3_0.tar.bz2",
            "dependencies": {
                "depends": [
                    {
                        "name": "libgcc-ng",
                        "specs": [
                            [
                                ">=",
                                "7.3.0"
                            ]
                        ]
                    },
                    {
                        "name": "libstdcxx-ng",
                        "specs": [
                            [
                                ">=",
                                "7.3.0"
                            ]
                        ]
                    },
                    {
                        "name": "zlib",
                        "specs": [
                            [
                                ">=",
                                "1.2.11,<1.3.0a0"
                            ]
                        ]
                    }
                ]
            },
            "description": null,
            "distribution_type": "conda",
            "download_url": "//api.anaconda.org/download/bioconda/minia/3.2.1/linux-64/minia-3.2.1-he513fc3_0.tar.bz2",
            "full_name": "bioconda/minia/3.2.1/linux-64/minia-3.2.1-he513fc3_0.tar.bz2",
            "labels": [
                "main"
            ],
            "md5": "11e3686b2e0f0f382dd9544192289c1d",
            "ndownloads": 124,
            "owner": "bioconda",
            "size": 6775465,
            "type": "conda",
            "upload_time": "2019-11-28 15:19:17.059000+00:00",
            "version": "3.2.1"
        }
    ],
    "full_name": "bioconda/minia",
    "home": "https://github.com/GATB/minia",
    "html_url": "http://anaconda.org/bioconda/minia",
    "id": "5ddfe574778a871864dc0fa3",
    "latest_version": "3.2.1",
    "license": "file",
    "license_url": null,
    "modified_at": "2019-11-28 15:19:17.589000+00:00",
    "name": "minia",
    "owner": {
        "company": "",
        "created_at": "2015-09-11 22:59:20.880000+00:00",
        "description": "Bioconda is a distribution of bioinformatics software realized as a channel for the versatile Conda package manager.",
        "location": "",
        "login": "bioconda",
        "name": "bioconda",
        "url": "",
        "user_type": "org"
    },
    "package_types": [
        "conda"
    ],
    "public": true,
    "releases": [
        {
            "distributions": [],
            "full_name": "bioconda/minia/3.2.1",
            "version": "3.2.1"
        }
    ],
    "revision": 2,
    "source_git_tag": null,
    "source_git_url": null,
    "summary": "Minia is a short-read assembler based on a de Bruijn graph, capable of assembling a human genome on a desktop computer in a day.",
    "upvoted": 0,
    "url": "http://api.anaconda.org/packages/bioconda/minia",
    "versions": [
        "3.2.1"
    ],
    "watchers": 1
}