{
    "app_entry": {},
    "app_summary": {},
    "app_type": {},
    "builds": [
        "h470a237_1",
        "0"
    ],
    "conda_platforms": [
        "linux-64",
        "osx-64"
    ],
    "created_at": "2016-07-12 14:54:59.872000+00:00",
    "description": "None",
    "dev_url": {},
    "doc_url": {},
    "files": [
        {
            "attrs": {
                "arch": "x86_64",
                "build": "0",
                "build_number": 0,
                "depends": [
                    "libgcc"
                ],
                "license": "GPLv2 + RNAlib license (no commercial redistribution)",
                "machine": "x86_64",
                "operatingsystem": "linux",
                "platform": "linux",
                "subdir": "linux-64",
                "target-triplet": "x86_64-any-linux"
            },
            "basename": "linux-64/miranda-3.3a-0.tar.bz2",
            "dependencies": {
                "depends": [
                    {
                        "name": "libgcc",
                        "specs": []
                    }
                ]
            },
            "description": null,
            "distribution_type": "conda",
            "download_url": "//api.anaconda.org/download/bioconda/miranda/3.3a/linux-64/miranda-3.3a-0.tar.bz2",
            "full_name": "bioconda/miranda/3.3a/linux-64/miranda-3.3a-0.tar.bz2",
            "labels": [
                "main",
                "cf201901"
            ],
            "md5": "6d2ddffb55f851b9ee41547f1c9a3e97",
            "ndownloads": 776,
            "owner": "bioconda",
            "size": 107906,
            "type": "conda",
            "upload_time": "2016-07-12 14:55:00.253000+00:00",
            "version": "3.3a"
        },
        {
            "attrs": {
                "arch": "x86_64",
                "build": "h470a237_1",
                "build_number": 1,
                "depends": [
                    "libgcc-ng >=4.9"
                ],
                "has_prefix": false,
                "license": "GPLv2 + RNAlib license (no commercial redistribution)",
                "machine": "x86_64",
                "operatingsystem": "linux",
                "platform": "linux",
                "subdir": "linux-64",
                "target-triplet": "x86_64-any-linux",
                "timestamp": 1531497843110
            },
            "basename": "linux-64/miranda-3.3a-h470a237_1.tar.bz2",
            "dependencies": {
                "depends": [
                    {
                        "name": "libgcc-ng",
                        "specs": [
                            [
                                ">=",
                                "4.9"
                            ]
                        ]
                    }
                ]
            },
            "description": null,
            "distribution_type": "conda",
            "download_url": "//api.anaconda.org/download/bioconda/miranda/3.3a/linux-64/miranda-3.3a-h470a237_1.tar.bz2",
            "full_name": "bioconda/miranda/3.3a/linux-64/miranda-3.3a-h470a237_1.tar.bz2",
            "labels": [
                "main",
                "cf201901"
            ],
            "md5": "4de77e7add277f73d74a58f079cedba2",
            "ndownloads": 494,
            "owner": "bioconda",
            "size": 58369,
            "type": "conda",
            "upload_time": "2018-07-13 16:05:18.922000+00:00",
            "version": "3.3a"
        },
        {
            "attrs": {
                "arch": "x86_64",
                "build": "0",
                "build_number": 0,
                "depends": [],
                "license": "GPLv2 + RNAlib license (no commercial redistribution)",
                "machine": "x86_64",
                "operatingsystem": "darwin",
                "platform": "osx",
                "subdir": "osx-64",
                "target-triplet": "x86_64-any-darwin"
            },
            "basename": "osx-64/miranda-3.3a-0.tar.bz2",
            "dependencies": {
                "depends": []
            },
            "description": null,
            "distribution_type": "conda",
            "download_url": "//api.anaconda.org/download/bioconda/miranda/3.3a/osx-64/miranda-3.3a-0.tar.bz2",
            "full_name": "bioconda/miranda/3.3a/osx-64/miranda-3.3a-0.tar.bz2",
            "labels": [
                "main",
                "cf201901"
            ],
            "md5": "340007ce94b53c3c9607526cf42a6e05",
            "ndownloads": 218,
            "owner": "bioconda",
            "size": 60128,
            "type": "conda",
            "upload_time": "2016-07-12 15:13:35.482000+00:00",
            "version": "3.3a"
        },
        {
            "attrs": {
                "arch": "x86_64",
                "build": "h470a237_1",
                "build_number": 1,
                "depends": [],
                "has_prefix": true,
                "license": "GPLv2 + RNAlib license (no commercial redistribution)",
                "machine": "x86_64",
                "operatingsystem": "darwin",
                "platform": "osx",
                "subdir": "osx-64",
                "target-triplet": "x86_64-any-darwin",
                "timestamp": 1530950936398
            },
            "basename": "osx-64/miranda-3.3a-h470a237_1.tar.bz2",
            "dependencies": {
                "depends": []
            },
            "description": null,
            "distribution_type": "conda",
            "download_url": "//api.anaconda.org/download/bioconda/miranda/3.3a/osx-64/miranda-3.3a-h470a237_1.tar.bz2",
            "full_name": "bioconda/miranda/3.3a/osx-64/miranda-3.3a-h470a237_1.tar.bz2",
            "labels": [
                "main",
                "cf201901"
            ],
            "md5": "6c63e0da5819f3b5b0419754db575093",
            "ndownloads": 698,
            "owner": "bioconda",
            "size": 61589,
            "type": "conda",
            "upload_time": "2018-07-07 08:09:04.008000+00:00",
            "version": "3.3a"
        }
    ],
    "full_name": "bioconda/miranda",
    "home": "None",
    "html_url": "http://anaconda.org/bioconda/miranda",
    "id": "578504c3fe3f5a0655c83300",
    "latest_version": "3.3a",
    "license": "GPLv2 + RNAlib license (no commercial redistribution)",
    "license_url": {},
    "modified_at": "2018-07-13 16:05:19.367000+00:00",
    "name": "miranda",
    "owner": {
        "company": "",
        "created_at": "2015-09-11 22:59:20.880000+00:00",
        "description": "Bioconda is a distribution of bioinformatics software realized as a channel for the versatile Conda package manager.",
        "location": "",
        "login": "bioconda",
        "name": "bioconda",
        "url": "",
        "user_type": "org"
    },
    "package_types": [
        "conda"
    ],
    "public": true,
    "releases": [
        {
            "distributions": [],
            "full_name": "bioconda/miranda/3.3a",
            "version": "3.3a"
        }
    ],
    "revision": 1,
    "source_git_tag": {},
    "source_git_url": {},
    "summary": "An algorithm for finding genomic targets for microRNAs",
    "upvoted": 0,
    "url": "http://api.anaconda.org/packages/bioconda/miranda",
    "versions": [
        "3.3a"
    ],
    "watchers": 1
}