{
    "app_entry": {},
    "app_summary": {},
    "app_type": {},
    "builds": [
        "py36h6bb024c_0"
    ],
    "conda_platforms": [
        "linux-64"
    ],
    "created_at": "2019-05-09 16:22:53.785000+00:00",
    "description": "",
    "dev_url": "http://hg.code.sf.net/p/mlpy/code/",
    "doc_url": "http://mlpy.sourceforge.net/docs",
    "files": [
        {
            "attrs": {
                "arch": "x86_64",
                "build": "py36h6bb024c_0",
                "build_number": 0,
                "depends": [
                    "gsl >=2.4,<2.5.0a0",
                    "libgcc-ng >=7.3.0",
                    "libstdcxx-ng >=7.3.0",
                    "numpy >=1.3.0",
                    "python >=3.6,<3.7.0a0",
                    "scipy >=0.7.0"
                ],
                "has_prefix": false,
                "license": "GPL3",
                "machine": "x86_64",
                "operatingsystem": "linux",
                "platform": "linux",
                "subdir": "linux-64",
                "target-triplet": "x86_64-any-linux",
                "timestamp": 1557418790655
            },
            "basename": "linux-64/mlpy-3.5.0-py36h6bb024c_0.tar.bz2",
            "dependencies": {
                "depends": [
                    {
                        "name": "gsl",
                        "specs": [
                            [
                                ">=",
                                "2.4,<2.5.0a0"
                            ]
                        ]
                    },
                    {
                        "name": "libgcc-ng",
                        "specs": [
                            [
                                ">=",
                                "7.3.0"
                            ]
                        ]
                    },
                    {
                        "name": "libstdcxx-ng",
                        "specs": [
                            [
                                ">=",
                                "7.3.0"
                            ]
                        ]
                    },
                    {
                        "name": "numpy",
                        "specs": [
                            [
                                ">=",
                                "1.3.0"
                            ]
                        ]
                    },
                    {
                        "name": "python",
                        "specs": [
                            [
                                ">=",
                                "3.6,<3.7.0a0"
                            ]
                        ]
                    },
                    {
                        "name": "scipy",
                        "specs": [
                            [
                                ">=",
                                "0.7.0"
                            ]
                        ]
                    }
                ]
            },
            "description": null,
            "distribution_type": "conda",
            "download_url": "//api.anaconda.org/download/bioconda/mlpy/3.5.0/linux-64/mlpy-3.5.0-py36h6bb024c_0.tar.bz2",
            "full_name": "bioconda/mlpy/3.5.0/linux-64/mlpy-3.5.0-py36h6bb024c_0.tar.bz2",
            "labels": [
                "main"
            ],
            "md5": "a51aed367c4320ba9ad3fded3ad5c161",
            "ndownloads": 580,
            "owner": "bioconda",
            "size": 468561,
            "type": "conda",
            "upload_time": "2019-05-09 16:22:54.483000+00:00",
            "version": "3.5.0"
        }
    ],
    "full_name": "bioconda/mlpy",
    "home": "http://mlpy.sourceforge.net/index.html",
    "html_url": "http://anaconda.org/bioconda/mlpy",
    "id": "5cd453ddf350f5134afd178a",
    "latest_version": "3.5.0",
    "license": "GPL3",
    "license_url": null,
    "modified_at": "2019-05-09 16:22:54.867000+00:00",
    "name": "mlpy",
    "owner": {
        "company": "",
        "created_at": "2015-09-11 22:59:20.880000+00:00",
        "description": "Bioconda is a distribution of bioinformatics software realized as a channel for the versatile Conda package manager.",
        "location": "",
        "login": "bioconda",
        "name": "bioconda",
        "url": "",
        "user_type": "org"
    },
    "package_types": [
        "conda"
    ],
    "public": true,
    "releases": [
        {
            "distributions": [],
            "full_name": "bioconda/mlpy/3.5.0",
            "version": "3.5.0"
        }
    ],
    "revision": 2,
    "source_git_tag": null,
    "source_git_url": null,
    "summary": "mlpy is a Python module for Machine Learning built on top of NumPy/SciPy and the GNU Scientific Libraries.",
    "upvoted": 0,
    "url": "http://api.anaconda.org/packages/bioconda/mlpy",
    "versions": [
        "3.5.0"
    ],
    "watchers": 1
}