{
    "app_entry": {},
    "app_summary": {},
    "app_type": {},
    "builds": [
        "py27h516909a_3",
        "py_2",
        "py27h01d97ff_3",
        "py27_1",
        "py27_0"
    ],
    "conda_platforms": [
        "linux-64",
        "noarch",
        "osx-64"
    ],
    "created_at": "2017-01-19 07:43:37.813000+00:00",
    "description": "",
    "dev_url": null,
    "doc_url": null,
    "files": [
        {
            "attrs": {
                "arch": "x86_64",
                "build": "py27_0",
                "build_number": 0,
                "depends": [
                    "cython >=0.22",
                    "matplotlib",
                    "numpy >=1.9.1",
                    "pysam >=0.8.1",
                    "python 2.7*",
                    "scipy"
                ],
                "has_prefix": true,
                "license": "MIT",
                "license_family": "MIT",
                "machine": "x86_64",
                "operatingsystem": "linux",
                "platform": "linux",
                "subdir": "linux-64",
                "target-triplet": "x86_64-any-linux"
            },
            "basename": "linux-64/nucleoatac-0.3.1-py27_0.tar.bz2",
            "dependencies": {
                "depends": [
                    {
                        "name": "cython",
                        "specs": [
                            [
                                ">=",
                                "0.22"
                            ]
                        ]
                    },
                    {
                        "name": "matplotlib",
                        "specs": []
                    },
                    {
                        "name": "numpy",
                        "specs": [
                            [
                                ">=",
                                "1.9.1"
                            ]
                        ]
                    },
                    {
                        "name": "pysam",
                        "specs": [
                            [
                                ">=",
                                "0.8.1"
                            ]
                        ]
                    },
                    {
                        "name": "python",
                        "specs": [
                            [
                                "==",
                                "2.7"
                            ]
                        ]
                    },
                    {
                        "name": "scipy",
                        "specs": []
                    }
                ]
            },
            "description": null,
            "distribution_type": "conda",
            "download_url": "//api.anaconda.org/download/bioconda/nucleoatac/0.3.1/linux-64/nucleoatac-0.3.1-py27_0.tar.bz2",
            "full_name": "bioconda/nucleoatac/0.3.1/linux-64/nucleoatac-0.3.1-py27_0.tar.bz2",
            "labels": [
                "main",
                "cf201901"
            ],
            "md5": "97beb64fdf855c60cb61bcca0b0486c5",
            "ndownloads": 704,
            "owner": "bioconda",
            "size": 205100,
            "type": "conda",
            "upload_time": "2017-01-19 07:43:38.187000+00:00",
            "version": "0.3.1"
        },
        {
            "attrs": {
                "arch": "x86_64",
                "build": "py27_0",
                "build_number": 0,
                "depends": [
                    "cython >=0.22",
                    "matplotlib",
                    "numpy >=1.9.1",
                    "pysam >=0.8.1",
                    "python 2.7*",
                    "scipy"
                ],
                "has_prefix": true,
                "license": "MIT",
                "license_family": "MIT",
                "machine": "x86_64",
                "operatingsystem": "darwin",
                "platform": "osx",
                "subdir": "osx-64",
                "target-triplet": "x86_64-any-darwin"
            },
            "basename": "osx-64/nucleoatac-0.3.1-py27_0.tar.bz2",
            "dependencies": {
                "depends": [
                    {
                        "name": "cython",
                        "specs": [
                            [
                                ">=",
                                "0.22"
                            ]
                        ]
                    },
                    {
                        "name": "matplotlib",
                        "specs": []
                    },
                    {
                        "name": "numpy",
                        "specs": [
                            [
                                ">=",
                                "1.9.1"
                            ]
                        ]
                    },
                    {
                        "name": "pysam",
                        "specs": [
                            [
                                ">=",
                                "0.8.1"
                            ]
                        ]
                    },
                    {
                        "name": "python",
                        "specs": [
                            [
                                "==",
                                "2.7"
                            ]
                        ]
                    },
                    {
                        "name": "scipy",
                        "specs": []
                    }
                ]
            },
            "description": null,
            "distribution_type": "conda",
            "download_url": "//api.anaconda.org/download/bioconda/nucleoatac/0.3.1/osx-64/nucleoatac-0.3.1-py27_0.tar.bz2",
            "full_name": "bioconda/nucleoatac/0.3.1/osx-64/nucleoatac-0.3.1-py27_0.tar.bz2",
            "labels": [
                "main",
                "cf201901"
            ],
            "md5": "721d2898dba4dbcaa8d27a026ca4c9a9",
            "ndownloads": 744,
            "owner": "bioconda",
            "size": 204707,
            "type": "conda",
            "upload_time": "2017-01-19 08:08:53.228000+00:00",
            "version": "0.3.1"
        },
        {
            "attrs": {
                "arch": "x86_64",
                "build": "py27_0",
                "build_number": 0,
                "depends": [
                    "cython >=0.22",
                    "matplotlib",
                    "numpy >=1.9.1",
                    "pysam >=0.8.1",
                    "python 2.7*",
                    "scipy",
                    "zlib"
                ],
                "has_prefix": true,
                "license": "MIT",
                "license_family": "MIT",
                "machine": "x86_64",
                "operatingsystem": "linux",
                "platform": "linux",
                "subdir": "linux-64",
                "target-triplet": "x86_64-any-linux"
            },
            "basename": "linux-64/nucleoatac-0.3.4-py27_0.tar.bz2",
            "dependencies": {
                "depends": [
                    {
                        "name": "cython",
                        "specs": [
                            [
                                ">=",
                                "0.22"
                            ]
                        ]
                    },
                    {
                        "name": "matplotlib",
                        "specs": []
                    },
                    {
                        "name": "numpy",
                        "specs": [
                            [
                                ">=",
                                "1.9.1"
                            ]
                        ]
                    },
                    {
                        "name": "pysam",
                        "specs": [
                            [
                                ">=",
                                "0.8.1"
                            ]
                        ]
                    },
                    {
                        "name": "python",
                        "specs": [
                            [
                                "==",
                                "2.7"
                            ]
                        ]
                    },
                    {
                        "name": "scipy",
                        "specs": []
                    },
                    {
                        "name": "zlib",
                        "specs": []
                    }
                ]
            },
            "description": null,
            "distribution_type": "conda",
            "download_url": "//api.anaconda.org/download/bioconda/nucleoatac/0.3.4/linux-64/nucleoatac-0.3.4-py27_0.tar.bz2",
            "full_name": "bioconda/nucleoatac/0.3.4/linux-64/nucleoatac-0.3.4-py27_0.tar.bz2",
            "labels": [
                "main",
                "cf201901"
            ],
            "md5": "c3321fbecd3bc925784f7d0f16cf7e9b",
            "ndownloads": 457,
            "owner": "bioconda",
            "size": 218488,
            "type": "conda",
            "upload_time": "2017-10-05 12:36:56.315000+00:00",
            "version": "0.3.4"
        },
        {
            "attrs": {
                "arch": "x86_64",
                "build": "py27_0",
                "build_number": 0,
                "depends": [
                    "cython >=0.22",
                    "matplotlib",
                    "numpy >=1.9.1",
                    "pysam >=0.8.1",
                    "python 2.7*",
                    "scipy",
                    "zlib"
                ],
                "has_prefix": true,
                "license": "MIT",
                "license_family": "MIT",
                "machine": "x86_64",
                "operatingsystem": "darwin",
                "platform": "osx",
                "subdir": "osx-64",
                "target-triplet": "x86_64-any-darwin"
            },
            "basename": "osx-64/nucleoatac-0.3.4-py27_0.tar.bz2",
            "dependencies": {
                "depends": [
                    {
                        "name": "cython",
                        "specs": [
                            [
                                ">=",
                                "0.22"
                            ]
                        ]
                    },
                    {
                        "name": "matplotlib",
                        "specs": []
                    },
                    {
                        "name": "numpy",
                        "specs": [
                            [
                                ">=",
                                "1.9.1"
                            ]
                        ]
                    },
                    {
                        "name": "pysam",
                        "specs": [
                            [
                                ">=",
                                "0.8.1"
                            ]
                        ]
                    },
                    {
                        "name": "python",
                        "specs": [
                            [
                                "==",
                                "2.7"
                            ]
                        ]
                    },
                    {
                        "name": "scipy",
                        "specs": []
                    },
                    {
                        "name": "zlib",
                        "specs": []
                    }
                ]
            },
            "description": null,
            "distribution_type": "conda",
            "download_url": "//api.anaconda.org/download/bioconda/nucleoatac/0.3.4/osx-64/nucleoatac-0.3.4-py27_0.tar.bz2",
            "full_name": "bioconda/nucleoatac/0.3.4/osx-64/nucleoatac-0.3.4-py27_0.tar.bz2",
            "labels": [
                "main",
                "cf201901"
            ],
            "md5": "09a15835214f99acb1ee54f400576de0",
            "ndownloads": 263,
            "owner": "bioconda",
            "size": 218300,
            "type": "conda",
            "upload_time": "2017-10-05 13:08:59.819000+00:00",
            "version": "0.3.4"
        },
        {
            "attrs": {
                "arch": "x86_64",
                "build": "py27_1",
                "build_number": 1,
                "depends": [
                    "cython >=0.22",
                    "matplotlib",
                    "numpy >=1.9.1",
                    "pysam >=0.8.1",
                    "python 2.7*",
                    "scipy",
                    "zlib 1.2.11*"
                ],
                "has_prefix": true,
                "license": "MIT",
                "license_family": "MIT",
                "machine": "x86_64",
                "operatingsystem": "darwin",
                "platform": "osx",
                "subdir": "osx-64",
                "target-triplet": "x86_64-any-darwin"
            },
            "basename": "osx-64/nucleoatac-0.3.4-py27_1.tar.bz2",
            "dependencies": {
                "depends": [
                    {
                        "name": "cython",
                        "specs": [
                            [
                                ">=",
                                "0.22"
                            ]
                        ]
                    },
                    {
                        "name": "matplotlib",
                        "specs": []
                    },
                    {
                        "name": "numpy",
                        "specs": [
                            [
                                ">=",
                                "1.9.1"
                            ]
                        ]
                    },
                    {
                        "name": "pysam",
                        "specs": [
                            [
                                ">=",
                                "0.8.1"
                            ]
                        ]
                    },
                    {
                        "name": "python",
                        "specs": [
                            [
                                "==",
                                "2.7"
                            ]
                        ]
                    },
                    {
                        "name": "scipy",
                        "specs": []
                    },
                    {
                        "name": "zlib",
                        "specs": [
                            [
                                "==",
                                "1.2.11"
                            ]
                        ]
                    }
                ]
            },
            "description": null,
            "distribution_type": "conda",
            "download_url": "//api.anaconda.org/download/bioconda/nucleoatac/0.3.4/osx-64/nucleoatac-0.3.4-py27_1.tar.bz2",
            "full_name": "bioconda/nucleoatac/0.3.4/osx-64/nucleoatac-0.3.4-py27_1.tar.bz2",
            "labels": [
                "main",
                "cf201901"
            ],
            "md5": "3eead1b5bf1ad10186254dbef8efe23b",
            "ndownloads": 338,
            "owner": "bioconda",
            "size": 218589,
            "type": "conda",
            "upload_time": "2018-02-14 15:04:11.362000+00:00",
            "version": "0.3.4"
        },
        {
            "attrs": {
                "arch": "x86_64",
                "build": "py27_1",
                "build_number": 1,
                "depends": [
                    "cython >=0.22",
                    "matplotlib",
                    "numpy >=1.9.1",
                    "pysam >=0.8.1",
                    "python 2.7*",
                    "scipy",
                    "zlib 1.2.11*"
                ],
                "has_prefix": true,
                "license": "MIT",
                "license_family": "MIT",
                "machine": "x86_64",
                "operatingsystem": "linux",
                "platform": "linux",
                "subdir": "linux-64",
                "target-triplet": "x86_64-any-linux"
            },
            "basename": "linux-64/nucleoatac-0.3.4-py27_1.tar.bz2",
            "dependencies": {
                "depends": [
                    {
                        "name": "cython",
                        "specs": [
                            [
                                ">=",
                                "0.22"
                            ]
                        ]
                    },
                    {
                        "name": "matplotlib",
                        "specs": []
                    },
                    {
                        "name": "numpy",
                        "specs": [
                            [
                                ">=",
                                "1.9.1"
                            ]
                        ]
                    },
                    {
                        "name": "pysam",
                        "specs": [
                            [
                                ">=",
                                "0.8.1"
                            ]
                        ]
                    },
                    {
                        "name": "python",
                        "specs": [
                            [
                                "==",
                                "2.7"
                            ]
                        ]
                    },
                    {
                        "name": "scipy",
                        "specs": []
                    },
                    {
                        "name": "zlib",
                        "specs": [
                            [
                                "==",
                                "1.2.11"
                            ]
                        ]
                    }
                ]
            },
            "description": null,
            "distribution_type": "conda",
            "download_url": "//api.anaconda.org/download/bioconda/nucleoatac/0.3.4/linux-64/nucleoatac-0.3.4-py27_1.tar.bz2",
            "full_name": "bioconda/nucleoatac/0.3.4/linux-64/nucleoatac-0.3.4-py27_1.tar.bz2",
            "labels": [
                "main",
                "cf201901"
            ],
            "md5": "dd83d8db27b2d59bf20f0db92573d467",
            "ndownloads": 297,
            "owner": "bioconda",
            "size": 219082,
            "type": "conda",
            "upload_time": "2018-02-15 14:39:52.939000+00:00",
            "version": "0.3.4"
        },
        {
            "attrs": {
                "arch": null,
                "build": "py_2",
                "build_number": 2,
                "depends": [
                    "cython >=0.22",
                    "matplotlib",
                    "numpy >=1.9.1",
                    "pysam >=0.8.1",
                    "python <3",
                    "scipy",
                    "zlib >=1.2.11,<1.3.0a0"
                ],
                "has_prefix": false,
                "license": "MIT",
                "license_family": "MIT",
                "machine": null,
                "noarch": "python",
                "operatingsystem": null,
                "platform": null,
                "subdir": "noarch",
                "target-triplet": "None-any-None",
                "timestamp": 1530190737395
            },
            "basename": "noarch/nucleoatac-0.3.4-py_2.tar.bz2",
            "dependencies": {
                "depends": [
                    {
                        "name": "cython",
                        "specs": [
                            [
                                ">=",
                                "0.22"
                            ]
                        ]
                    },
                    {
                        "name": "matplotlib",
                        "specs": []
                    },
                    {
                        "name": "numpy",
                        "specs": [
                            [
                                ">=",
                                "1.9.1"
                            ]
                        ]
                    },
                    {
                        "name": "pysam",
                        "specs": [
                            [
                                ">=",
                                "0.8.1"
                            ]
                        ]
                    },
                    {
                        "name": "python",
                        "specs": [
                            [
                                "<",
                                "3"
                            ]
                        ]
                    },
                    {
                        "name": "scipy",
                        "specs": []
                    },
                    {
                        "name": "zlib",
                        "specs": [
                            [
                                ">=",
                                "1.2.11,<1.3.0a0"
                            ]
                        ]
                    }
                ]
            },
            "description": null,
            "distribution_type": "conda",
            "download_url": "//api.anaconda.org/download/bioconda/nucleoatac/0.3.4/noarch/nucleoatac-0.3.4-py_2.tar.bz2",
            "full_name": "bioconda/nucleoatac/0.3.4/noarch/nucleoatac-0.3.4-py_2.tar.bz2",
            "labels": [
                "main",
                "cf201901"
            ],
            "md5": "14c6c0b3bec69fc0866d478b12c19680",
            "ndownloads": 261,
            "owner": "bioconda",
            "size": 171434,
            "type": "conda",
            "upload_time": "2018-06-28 13:04:47.095000+00:00",
            "version": "0.3.4"
        },
        {
            "attrs": {
                "arch": "x86_64",
                "build": "py27h01d97ff_3",
                "build_number": 3,
                "depends": [
                    "cython >=0.22",
                    "matplotlib",
                    "numpy >=1.9.1",
                    "pysam >=0.8.1",
                    "python >=2.7,<2.8.0a0",
                    "scipy",
                    "zlib >=1.2.11,<1.3.0a0"
                ],
                "has_prefix": true,
                "license": "MIT",
                "license_family": "MIT",
                "machine": "x86_64",
                "operatingsystem": "darwin",
                "platform": "osx",
                "subdir": "osx-64",
                "target-triplet": "x86_64-any-darwin",
                "timestamp": 1572127155714
            },
            "basename": "osx-64/nucleoatac-0.3.4-py27h01d97ff_3.tar.bz2",
            "dependencies": {
                "depends": [
                    {
                        "name": "cython",
                        "specs": [
                            [
                                ">=",
                                "0.22"
                            ]
                        ]
                    },
                    {
                        "name": "matplotlib",
                        "specs": []
                    },
                    {
                        "name": "numpy",
                        "specs": [
                            [
                                ">=",
                                "1.9.1"
                            ]
                        ]
                    },
                    {
                        "name": "pysam",
                        "specs": [
                            [
                                ">=",
                                "0.8.1"
                            ]
                        ]
                    },
                    {
                        "name": "python",
                        "specs": [
                            [
                                ">=",
                                "2.7,<2.8.0a0"
                            ]
                        ]
                    },
                    {
                        "name": "scipy",
                        "specs": []
                    },
                    {
                        "name": "zlib",
                        "specs": [
                            [
                                ">=",
                                "1.2.11,<1.3.0a0"
                            ]
                        ]
                    }
                ]
            },
            "description": null,
            "distribution_type": "conda",
            "download_url": "//api.anaconda.org/download/bioconda/nucleoatac/0.3.4/osx-64/nucleoatac-0.3.4-py27h01d97ff_3.tar.bz2",
            "full_name": "bioconda/nucleoatac/0.3.4/osx-64/nucleoatac-0.3.4-py27h01d97ff_3.tar.bz2",
            "labels": [
                "main"
            ],
            "md5": "fd2fe28969295dd6b631ebc3c69e81fb",
            "ndownloads": 171,
            "owner": "bioconda",
            "size": 223309,
            "type": "conda",
            "upload_time": "2019-10-26 22:00:13.993000+00:00",
            "version": "0.3.4"
        },
        {
            "attrs": {
                "arch": "x86_64",
                "build": "py27h516909a_3",
                "build_number": 3,
                "depends": [
                    "cython >=0.22",
                    "libgcc-ng >=7.3.0",
                    "matplotlib",
                    "numpy >=1.9.1",
                    "pysam >=0.8.1",
                    "python >=2.7,<2.8.0a0",
                    "scipy",
                    "zlib >=1.2.11,<1.3.0a0"
                ],
                "has_prefix": true,
                "license": "MIT",
                "license_family": "MIT",
                "machine": "x86_64",
                "operatingsystem": "linux",
                "platform": "linux",
                "subdir": "linux-64",
                "target-triplet": "x86_64-any-linux",
                "timestamp": 1572131034532
            },
            "basename": "linux-64/nucleoatac-0.3.4-py27h516909a_3.tar.bz2",
            "dependencies": {
                "depends": [
                    {
                        "name": "cython",
                        "specs": [
                            [
                                ">=",
                                "0.22"
                            ]
                        ]
                    },
                    {
                        "name": "libgcc-ng",
                        "specs": [
                            [
                                ">=",
                                "7.3.0"
                            ]
                        ]
                    },
                    {
                        "name": "matplotlib",
                        "specs": []
                    },
                    {
                        "name": "numpy",
                        "specs": [
                            [
                                ">=",
                                "1.9.1"
                            ]
                        ]
                    },
                    {
                        "name": "pysam",
                        "specs": [
                            [
                                ">=",
                                "0.8.1"
                            ]
                        ]
                    },
                    {
                        "name": "python",
                        "specs": [
                            [
                                ">=",
                                "2.7,<2.8.0a0"
                            ]
                        ]
                    },
                    {
                        "name": "scipy",
                        "specs": []
                    },
                    {
                        "name": "zlib",
                        "specs": [
                            [
                                ">=",
                                "1.2.11,<1.3.0a0"
                            ]
                        ]
                    }
                ]
            },
            "description": null,
            "distribution_type": "conda",
            "download_url": "//api.anaconda.org/download/bioconda/nucleoatac/0.3.4/linux-64/nucleoatac-0.3.4-py27h516909a_3.tar.bz2",
            "full_name": "bioconda/nucleoatac/0.3.4/linux-64/nucleoatac-0.3.4-py27h516909a_3.tar.bz2",
            "labels": [
                "main"
            ],
            "md5": "5a67ff63e6e938e4db7144dc665e0e07",
            "ndownloads": 31,
            "owner": "bioconda",
            "size": 225289,
            "type": "conda",
            "upload_time": "2019-10-26 23:11:45.657000+00:00",
            "version": "0.3.4"
        }
    ],
    "full_name": "bioconda/nucleoatac",
    "home": "None",
    "html_url": "http://anaconda.org/bioconda/nucleoatac",
    "id": "58806e298e911420a322dce4",
    "latest_version": "0.3.4",
    "license": "MIT",
    "license_url": null,
    "modified_at": "2019-10-26 23:11:45.959000+00:00",
    "name": "nucleoatac",
    "owner": {
        "company": "",
        "created_at": "2015-09-11 22:59:20.880000+00:00",
        "description": "Bioconda is a distribution of bioinformatics software realized as a channel for the versatile Conda package manager.",
        "location": "",
        "login": "bioconda",
        "name": "bioconda",
        "url": "",
        "user_type": "org"
    },
    "package_types": [
        "conda"
    ],
    "public": true,
    "releases": [
        {
            "distributions": [],
            "full_name": "bioconda/nucleoatac/0.3.1",
            "version": "0.3.1"
        },
        {
            "distributions": [],
            "full_name": "bioconda/nucleoatac/0.3.4",
            "version": "0.3.4"
        }
    ],
    "revision": 3,
    "source_git_tag": null,
    "source_git_url": null,
    "summary": "Python package for calling nucleosomes using ATAC-Seq data. Also includes general scripts for working with paired-end ATAC-Seq data (or potentially other paired-end data).",
    "upvoted": 0,
    "url": "http://api.anaconda.org/packages/bioconda/nucleoatac",
    "versions": [
        "0.3.1",
        "0.3.4"
    ],
    "watchers": 1
}