{
    "app_entry": {},
    "app_summary": {},
    "app_type": {},
    "builds": [
        "1",
        "0"
    ],
    "conda_platforms": [
        "linux-64"
    ],
    "created_at": "2016-11-03 07:41:23.367000+00:00",
    "description": "None",
    "dev_url": {},
    "doc_url": {},
    "files": [
        {
            "attrs": {
                "arch": "x86_64",
                "build": "0",
                "build_number": 0,
                "depends": [
                    "bowtie2",
                    "java-jdk"
                ],
                "has_prefix": false,
                "license": "GPL",
                "machine": "x86_64",
                "operatingsystem": "linux",
                "platform": "linux",
                "subdir": "linux-64",
                "target-triplet": "x86_64-any-linux"
            },
            "basename": "linux-64/pauda-1.0.1-0.tar.bz2",
            "dependencies": {
                "depends": [
                    {
                        "name": "bowtie2",
                        "specs": []
                    },
                    {
                        "name": "java-jdk",
                        "specs": []
                    }
                ]
            },
            "description": null,
            "distribution_type": "conda",
            "download_url": "//api.anaconda.org/download/bioconda/pauda/1.0.1/linux-64/pauda-1.0.1-0.tar.bz2",
            "full_name": "bioconda/pauda/1.0.1/linux-64/pauda-1.0.1-0.tar.bz2",
            "labels": [
                "main",
                "cf201901"
            ],
            "md5": "26e8bcdb9b8da342965b6e0a038652bf",
            "ndownloads": 820,
            "owner": "bioconda",
            "size": 34102298,
            "type": "conda",
            "upload_time": "2016-11-03 07:41:23.851000+00:00",
            "version": "1.0.1"
        },
        {
            "attrs": {
                "arch": "x86_64",
                "build": "1",
                "build_number": 1,
                "depends": [
                    "bowtie2",
                    "java-jdk"
                ],
                "has_prefix": false,
                "license": "GPL",
                "machine": "x86_64",
                "operatingsystem": "linux",
                "platform": "linux",
                "subdir": "linux-64",
                "target-triplet": "x86_64-any-linux",
                "timestamp": 1531023738810
            },
            "basename": "linux-64/pauda-1.0.1-1.tar.bz2",
            "dependencies": {
                "depends": [
                    {
                        "name": "bowtie2",
                        "specs": []
                    },
                    {
                        "name": "java-jdk",
                        "specs": []
                    }
                ]
            },
            "description": null,
            "distribution_type": "conda",
            "download_url": "//api.anaconda.org/download/bioconda/pauda/1.0.1/linux-64/pauda-1.0.1-1.tar.bz2",
            "full_name": "bioconda/pauda/1.0.1/linux-64/pauda-1.0.1-1.tar.bz2",
            "labels": [
                "main",
                "cf201901"
            ],
            "md5": "cb4d89732cc052343476abce19dc7aa5",
            "ndownloads": 648,
            "owner": "bioconda",
            "size": 34104395,
            "type": "conda",
            "upload_time": "2018-07-08 04:26:08.102000+00:00",
            "version": "1.0.1"
        }
    ],
    "full_name": "bioconda/pauda",
    "home": "None",
    "html_url": "http://anaconda.org/bioconda/pauda",
    "id": "581aea23d10fc211a7466006",
    "latest_version": "1.0.1",
    "license": {},
    "license_url": {},
    "modified_at": "2018-07-08 04:26:09.195000+00:00",
    "name": "pauda",
    "owner": {
        "company": "",
        "created_at": "2015-09-11 22:59:20.880000+00:00",
        "description": "Bioconda is a distribution of bioinformatics software realized as a channel for the versatile Conda package manager.",
        "location": "",
        "login": "bioconda",
        "name": "bioconda",
        "url": "",
        "user_type": "org"
    },
    "package_types": [
        "conda"
    ],
    "public": true,
    "releases": [
        {
            "distributions": [],
            "full_name": "bioconda/pauda/1.0.1",
            "version": "1.0.1"
        }
    ],
    "revision": 1,
    "source_git_tag": {},
    "source_git_url": {},
    "summary": "",
    "upvoted": 0,
    "url": "http://api.anaconda.org/packages/bioconda/pauda",
    "versions": [
        "1.0.1"
    ],
    "watchers": 1
}