{
    "app_entry": {},
    "app_summary": {},
    "app_type": {},
    "builds": [
        "boost1.60_0",
        "boost1.61_0",
        "boost1.64_0",
        "boost1.64_1",
        "boost1.64_2",
        "h694f78d_3"
    ],
    "conda_platforms": [
        "linux-64"
    ],
    "created_at": "2015-12-09 21:15:02.399000+00:00",
    "description": "None",
    "dev_url": {},
    "doc_url": {},
    "files": [
        {
            "attrs": {
                "arch": "x86_64",
                "build": "boost1.60_0",
                "build_number": 0,
                "depends": [
                    "boost 1.60*",
                    "r 3.2.2*",
                    "zlib"
                ],
                "license": "Artistic License 2.0",
                "machine": "x86_64",
                "operatingsystem": "linux",
                "platform": "linux",
                "subdir": "linux-64",
                "target-triplet": "x86_64-any-linux"
            },
            "basename": "linux-64/peakranger-1.18-boost1.60_0.tar.bz2",
            "dependencies": {
                "depends": [
                    {
                        "name": "boost",
                        "specs": [
                            [
                                "==",
                                "1.60"
                            ]
                        ]
                    },
                    {
                        "name": "r",
                        "specs": [
                            [
                                "==",
                                "3.2.2"
                            ]
                        ]
                    },
                    {
                        "name": "zlib",
                        "specs": []
                    }
                ]
            },
            "description": null,
            "distribution_type": "conda",
            "download_url": "//api.anaconda.org/download/bioconda/peakranger/1.18/linux-64/peakranger-1.18-boost1.60_0.tar.bz2",
            "full_name": "bioconda/peakranger/1.18/linux-64/peakranger-1.18-boost1.60_0.tar.bz2",
            "labels": [
                "main",
                "cf201901"
            ],
            "md5": "f7a654cdde58c3c8977b50a1fcc22316",
            "ndownloads": 889,
            "owner": "bioconda",
            "size": 597465,
            "type": "conda",
            "upload_time": "2016-04-24 01:36:47.639000+00:00",
            "version": "1.18"
        },
        {
            "attrs": {
                "arch": "x86_64",
                "build": "boost1.61_0",
                "build_number": 0,
                "depends": [
                    "boost 1.61*",
                    "r 3.3.1*",
                    "zlib"
                ],
                "has_prefix": true,
                "license": "Artistic License 2.0",
                "machine": "x86_64",
                "operatingsystem": "linux",
                "platform": "linux",
                "subdir": "linux-64",
                "target-triplet": "x86_64-any-linux"
            },
            "basename": "linux-64/peakranger-1.18-boost1.61_0.tar.bz2",
            "dependencies": {
                "depends": [
                    {
                        "name": "boost",
                        "specs": [
                            [
                                "==",
                                "1.61"
                            ]
                        ]
                    },
                    {
                        "name": "r",
                        "specs": [
                            [
                                "==",
                                "3.3.1"
                            ]
                        ]
                    },
                    {
                        "name": "zlib",
                        "specs": []
                    }
                ]
            },
            "description": null,
            "distribution_type": "conda",
            "download_url": "//api.anaconda.org/download/bioconda/peakranger/1.18/linux-64/peakranger-1.18-boost1.61_0.tar.bz2",
            "full_name": "bioconda/peakranger/1.18/linux-64/peakranger-1.18-boost1.61_0.tar.bz2",
            "labels": [
                "main",
                "cf201901"
            ],
            "md5": "51ab085e233250e25d3821ecb7032ca5",
            "ndownloads": 419,
            "owner": "bioconda",
            "size": 590917,
            "type": "conda",
            "upload_time": "2017-02-19 12:19:40.257000+00:00",
            "version": "1.18"
        },
        {
            "attrs": {
                "arch": "x86_64",
                "build": "boost1.64_0",
                "build_number": 0,
                "depends": [
                    "boost 1.64*",
                    "r-base 3.3.2*",
                    "zlib"
                ],
                "has_prefix": true,
                "license": "Artistic License 2.0",
                "machine": "x86_64",
                "operatingsystem": "linux",
                "platform": "linux",
                "subdir": "linux-64",
                "target-triplet": "x86_64-any-linux"
            },
            "basename": "linux-64/peakranger-1.18-boost1.64_0.tar.bz2",
            "dependencies": {
                "depends": [
                    {
                        "name": "boost",
                        "specs": [
                            [
                                "==",
                                "1.64"
                            ]
                        ]
                    },
                    {
                        "name": "r-base",
                        "specs": [
                            [
                                "==",
                                "3.3.2"
                            ]
                        ]
                    },
                    {
                        "name": "zlib",
                        "specs": []
                    }
                ]
            },
            "description": null,
            "distribution_type": "conda",
            "download_url": "//api.anaconda.org/download/bioconda/peakranger/1.18/linux-64/peakranger-1.18-boost1.64_0.tar.bz2",
            "full_name": "bioconda/peakranger/1.18/linux-64/peakranger-1.18-boost1.64_0.tar.bz2",
            "labels": [
                "main",
                "cf201901"
            ],
            "md5": "ac736680afabea64f0491c09bbe76bf0",
            "ndownloads": 386,
            "owner": "bioconda",
            "size": 574793,
            "type": "conda",
            "upload_time": "2017-07-05 15:07:30.440000+00:00",
            "version": "1.18"
        },
        {
            "attrs": {
                "arch": "x86_64",
                "build": "boost1.64_1",
                "build_number": 1,
                "depends": [
                    "boost 1.64*",
                    "r-base 3.4.1*",
                    "zlib 1.2.8*"
                ],
                "has_prefix": true,
                "license": "Artistic License 2.0",
                "machine": "x86_64",
                "operatingsystem": "linux",
                "platform": "linux",
                "subdir": "linux-64",
                "target-triplet": "x86_64-any-linux"
            },
            "basename": "linux-64/peakranger-1.18-boost1.64_1.tar.bz2",
            "dependencies": {
                "depends": [
                    {
                        "name": "boost",
                        "specs": [
                            [
                                "==",
                                "1.64"
                            ]
                        ]
                    },
                    {
                        "name": "r-base",
                        "specs": [
                            [
                                "==",
                                "3.4.1"
                            ]
                        ]
                    },
                    {
                        "name": "zlib",
                        "specs": [
                            [
                                "==",
                                "1.2.8"
                            ]
                        ]
                    }
                ]
            },
            "description": null,
            "distribution_type": "conda",
            "download_url": "//api.anaconda.org/download/bioconda/peakranger/1.18/linux-64/peakranger-1.18-boost1.64_1.tar.bz2",
            "full_name": "bioconda/peakranger/1.18/linux-64/peakranger-1.18-boost1.64_1.tar.bz2",
            "labels": [
                "main",
                "cf201901"
            ],
            "md5": "ed86cd8c32b651527b77a5a1f1ae182d",
            "ndownloads": 1137,
            "owner": "bioconda",
            "size": 574998,
            "type": "conda",
            "upload_time": "2017-09-28 18:28:22.860000+00:00",
            "version": "1.18"
        },
        {
            "attrs": {
                "arch": "x86_64",
                "build": "boost1.64_2",
                "build_number": 2,
                "depends": [
                    "boost 1.64*",
                    "r-base 3.4.1*",
                    "zlib 1.2.11*"
                ],
                "has_prefix": true,
                "license": "Artistic License 2.0",
                "machine": "x86_64",
                "operatingsystem": "linux",
                "platform": "linux",
                "subdir": "linux-64",
                "target-triplet": "x86_64-any-linux"
            },
            "basename": "linux-64/peakranger-1.18-boost1.64_2.tar.bz2",
            "dependencies": {
                "depends": [
                    {
                        "name": "boost",
                        "specs": [
                            [
                                "==",
                                "1.64"
                            ]
                        ]
                    },
                    {
                        "name": "r-base",
                        "specs": [
                            [
                                "==",
                                "3.4.1"
                            ]
                        ]
                    },
                    {
                        "name": "zlib",
                        "specs": [
                            [
                                "==",
                                "1.2.11"
                            ]
                        ]
                    }
                ]
            },
            "description": null,
            "distribution_type": "conda",
            "download_url": "//api.anaconda.org/download/bioconda/peakranger/1.18/linux-64/peakranger-1.18-boost1.64_2.tar.bz2",
            "full_name": "bioconda/peakranger/1.18/linux-64/peakranger-1.18-boost1.64_2.tar.bz2",
            "labels": [
                "main",
                "cf201901"
            ],
            "md5": "dae0e202489fe5026720d4ad0eeedde4",
            "ndownloads": 629,
            "owner": "bioconda",
            "size": 575358,
            "type": "conda",
            "upload_time": "2018-02-05 10:07:42.514000+00:00",
            "version": "1.18"
        },
        {
            "attrs": {
                "arch": "x86_64",
                "build": "h694f78d_3",
                "build_number": 3,
                "depends": [
                    "boost >=1.66.0,<1.66.1.0a0",
                    "libstdcxx-ng >=4.9",
                    "r-base",
                    "zlib >=1.2.11,<1.3.0a0"
                ],
                "has_prefix": true,
                "license": "Artistic License 2.0",
                "machine": "x86_64",
                "operatingsystem": "linux",
                "platform": "linux",
                "subdir": "linux-64",
                "target-triplet": "x86_64-any-linux",
                "timestamp": 1529739083971
            },
            "basename": "linux-64/peakranger-1.18-h694f78d_3.tar.bz2",
            "dependencies": {
                "depends": [
                    {
                        "name": "boost",
                        "specs": [
                            [
                                ">=",
                                "1.66.0,<1.66.1.0a0"
                            ]
                        ]
                    },
                    {
                        "name": "libstdcxx-ng",
                        "specs": [
                            [
                                ">=",
                                "4.9"
                            ]
                        ]
                    },
                    {
                        "name": "r-base",
                        "specs": []
                    },
                    {
                        "name": "zlib",
                        "specs": [
                            [
                                ">=",
                                "1.2.11,<1.3.0a0"
                            ]
                        ]
                    }
                ]
            },
            "description": null,
            "distribution_type": "conda",
            "download_url": "//api.anaconda.org/download/bioconda/peakranger/1.18/linux-64/peakranger-1.18-h694f78d_3.tar.bz2",
            "full_name": "bioconda/peakranger/1.18/linux-64/peakranger-1.18-h694f78d_3.tar.bz2",
            "labels": [
                "main",
                "cf201901"
            ],
            "md5": "3c6d9053ef6f0f069ff0f636af26e9c1",
            "ndownloads": 719,
            "owner": "bioconda",
            "size": 576159,
            "type": "conda",
            "upload_time": "2018-06-23 07:34:32.995000+00:00",
            "version": "1.18"
        }
    ],
    "full_name": "bioconda/peakranger",
    "home": "None",
    "html_url": "http://anaconda.org/bioconda/peakranger",
    "id": "566899d64582ec0b0b3a61e0",
    "latest_version": "1.18",
    "license": "Artistic License 2.0",
    "license_url": {},
    "modified_at": "2018-06-23 07:34:33.549000+00:00",
    "name": "peakranger",
    "owner": {
        "company": "",
        "created_at": "2015-09-11 22:59:20.880000+00:00",
        "description": "Bioconda is a distribution of bioinformatics software realized as a channel for the versatile Conda package manager.",
        "location": "",
        "login": "bioconda",
        "name": "bioconda",
        "url": "",
        "user_type": "org"
    },
    "package_types": [
        "conda"
    ],
    "public": true,
    "releases": [
        {
            "distributions": [
                "linux-64/peakranger-1.18-r3.2.2_0.tar.bz2",
                "linux-64/peakranger-1.18-boost1.60_0.tar.bz2"
            ],
            "full_name": "bioconda/peakranger/1.18",
            "version": "1.18"
        }
    ],
    "revision": 3,
    "source_git_tag": {},
    "source_git_url": {},
    "summary": "PeakRanger is a multi-purporse software suite for analyzing next-generation sequencing (NGS) data.",
    "upvoted": 0,
    "url": "http://api.anaconda.org/packages/bioconda/peakranger",
    "versions": [
        "1.18"
    ],
    "watchers": 1
}