{
    "app_entry": {},
    "app_summary": {},
    "app_type": {},
    "builds": [
        "pl5.22.0_0",
        "pl526_1"
    ],
    "conda_platforms": [
        "linux-64",
        "osx-64"
    ],
    "created_at": "2017-02-24 10:21:39.056000+00:00",
    "description": "None",
    "dev_url": {},
    "doc_url": {},
    "files": [
        {
            "attrs": {
                "arch": "x86_64",
                "build": "pl526_1",
                "build_number": 1,
                "depends": [
                    "perl >=5.26.2,<5.27.0a0"
                ],
                "has_prefix": false,
                "license": "perl_5",
                "machine": "x86_64",
                "operatingsystem": "darwin",
                "platform": "osx",
                "subdir": "osx-64",
                "target-triplet": "x86_64-any-darwin",
                "timestamp": 1530914776570
            },
            "basename": "osx-64/perl-list-util-1.38-pl526_1.tar.bz2",
            "dependencies": {
                "depends": [
                    {
                        "name": "perl",
                        "specs": [
                            [
                                ">=",
                                "5.26.2,<5.27.0a0"
                            ]
                        ]
                    }
                ]
            },
            "description": null,
            "distribution_type": "conda",
            "download_url": "//api.anaconda.org/download/bioconda/perl-list-util/1.38/osx-64/perl-list-util-1.38-pl526_1.tar.bz2",
            "full_name": "bioconda/perl-list-util/1.38/osx-64/perl-list-util-1.38-pl526_1.tar.bz2",
            "labels": [
                "main",
                "cf201901"
            ],
            "md5": "9283792d36875a2218d6b071e6c90500",
            "ndownloads": 1044,
            "owner": "bioconda",
            "size": 3611,
            "type": "conda",
            "upload_time": "2018-07-06 22:06:21.911000+00:00",
            "version": "1.38"
        },
        {
            "attrs": {
                "arch": "x86_64",
                "build": "pl5.22.0_0",
                "build_number": 0,
                "depends": [
                    "perl 5.22.0*"
                ],
                "has_prefix": false,
                "license": "perl_5",
                "machine": "x86_64",
                "operatingsystem": "linux",
                "platform": "linux",
                "subdir": "linux-64",
                "target-triplet": "x86_64-any-linux"
            },
            "basename": "linux-64/perl-list-util-1.38-pl5.22.0_0.tar.bz2",
            "dependencies": {
                "depends": [
                    {
                        "name": "perl",
                        "specs": [
                            [
                                "==",
                                "5.22.0"
                            ]
                        ]
                    }
                ]
            },
            "description": null,
            "distribution_type": "conda",
            "download_url": "//api.anaconda.org/download/bioconda/perl-list-util/1.38/linux-64/perl-list-util-1.38-pl5.22.0_0.tar.bz2",
            "full_name": "bioconda/perl-list-util/1.38/linux-64/perl-list-util-1.38-pl5.22.0_0.tar.bz2",
            "labels": [
                "main",
                "cf201901"
            ],
            "md5": "4b296388eceacf8434d90efa8465e020",
            "ndownloads": 3222,
            "owner": "bioconda",
            "size": 2115,
            "type": "conda",
            "upload_time": "2017-02-24 10:21:39.410000+00:00",
            "version": "1.38"
        },
        {
            "attrs": {
                "arch": "x86_64",
                "build": "pl526_1",
                "build_number": 1,
                "depends": [
                    "perl >=5.26.2,<5.27.0a0"
                ],
                "has_prefix": false,
                "license": "perl_5",
                "machine": "x86_64",
                "operatingsystem": "linux",
                "platform": "linux",
                "subdir": "linux-64",
                "target-triplet": "x86_64-any-linux",
                "timestamp": 1530920962446
            },
            "basename": "linux-64/perl-list-util-1.38-pl526_1.tar.bz2",
            "dependencies": {
                "depends": [
                    {
                        "name": "perl",
                        "specs": [
                            [
                                ">=",
                                "5.26.2,<5.27.0a0"
                            ]
                        ]
                    }
                ]
            },
            "description": null,
            "distribution_type": "conda",
            "download_url": "//api.anaconda.org/download/bioconda/perl-list-util/1.38/linux-64/perl-list-util-1.38-pl526_1.tar.bz2",
            "full_name": "bioconda/perl-list-util/1.38/linux-64/perl-list-util-1.38-pl526_1.tar.bz2",
            "labels": [
                "main",
                "cf201901"
            ],
            "md5": "5a8294dcab2daa0fd3a8a42a6c295745",
            "ndownloads": 2067,
            "owner": "bioconda",
            "size": 3396,
            "type": "conda",
            "upload_time": "2018-07-06 23:50:35.484000+00:00",
            "version": "1.38"
        },
        {
            "attrs": {
                "arch": "x86_64",
                "build": "pl5.22.0_0",
                "build_number": 0,
                "depends": [
                    "perl 5.22.0*"
                ],
                "has_prefix": false,
                "license": "perl_5",
                "machine": "x86_64",
                "operatingsystem": "darwin",
                "platform": "osx",
                "subdir": "osx-64",
                "target-triplet": "x86_64-any-darwin"
            },
            "basename": "osx-64/perl-list-util-1.38-pl5.22.0_0.tar.bz2",
            "dependencies": {
                "depends": [
                    {
                        "name": "perl",
                        "specs": [
                            [
                                "==",
                                "5.22.0"
                            ]
                        ]
                    }
                ]
            },
            "description": null,
            "distribution_type": "conda",
            "download_url": "//api.anaconda.org/download/bioconda/perl-list-util/1.38/osx-64/perl-list-util-1.38-pl5.22.0_0.tar.bz2",
            "full_name": "bioconda/perl-list-util/1.38/osx-64/perl-list-util-1.38-pl5.22.0_0.tar.bz2",
            "labels": [
                "main",
                "cf201901"
            ],
            "md5": "c1941a5f16be997d5b50f28fa1d6f5da",
            "ndownloads": 518,
            "owner": "bioconda",
            "size": 1823,
            "type": "conda",
            "upload_time": "2017-02-24 10:58:24.616000+00:00",
            "version": "1.38"
        }
    ],
    "full_name": "bioconda/perl-list-util",
    "home": "None",
    "html_url": "http://anaconda.org/bioconda/perl-list-util",
    "id": "58b0093369ee7e0a8e55eaf2",
    "latest_version": "1.38",
    "license": {},
    "license_url": {},
    "modified_at": "2018-07-06 23:50:35.888000+00:00",
    "name": "perl-list-util",
    "owner": {
        "company": "",
        "created_at": "2015-09-11 22:59:20.880000+00:00",
        "description": "Bioconda is a distribution of bioinformatics software realized as a channel for the versatile Conda package manager.",
        "location": "",
        "login": "bioconda",
        "name": "bioconda",
        "url": "",
        "user_type": "org"
    },
    "package_types": [
        "conda"
    ],
    "public": true,
    "releases": [
        {
            "distributions": [],
            "full_name": "bioconda/perl-list-util/1.38",
            "version": "1.38"
        }
    ],
    "revision": 1,
    "source_git_tag": {},
    "source_git_url": {},
    "summary": "",
    "upvoted": 0,
    "url": "http://api.anaconda.org/packages/bioconda/perl-list-util",
    "versions": [
        "1.38"
    ],
    "watchers": 1
}