{
    "app_entry": {},
    "app_summary": {},
    "app_type": {},
    "builds": [
        "pl5.22.0_0",
        "pl526h2d50403_2",
        "pl526_1"
    ],
    "conda_platforms": [
        "linux-64",
        "osx-64"
    ],
    "created_at": "2017-03-04 16:52:17.326000+00:00",
    "description": "None",
    "dev_url": {},
    "doc_url": {},
    "files": [
        {
            "attrs": {
                "arch": "x86_64",
                "build": "pl5.22.0_0",
                "build_number": 0,
                "depends": [
                    "perl 5.22.0*",
                    "perl-app-cpanminus",
                    "perl-b",
                    "perl-devel-stacktrace",
                    "perl-eval-closure",
                    "perl-exception-class",
                    "perl-variable-magic"
                ],
                "has_prefix": true,
                "license": "artistic_2",
                "machine": "x86_64",
                "operatingsystem": "darwin",
                "platform": "osx",
                "subdir": "osx-64",
                "target-triplet": "x86_64-any-darwin"
            },
            "basename": "osx-64/perl-params-validationcompiler-0.23-pl5.22.0_0.tar.bz2",
            "dependencies": {
                "depends": [
                    {
                        "name": "perl",
                        "specs": [
                            [
                                "==",
                                "5.22.0"
                            ]
                        ]
                    },
                    {
                        "name": "perl-app-cpanminus",
                        "specs": []
                    },
                    {
                        "name": "perl-b",
                        "specs": []
                    },
                    {
                        "name": "perl-devel-stacktrace",
                        "specs": []
                    },
                    {
                        "name": "perl-eval-closure",
                        "specs": []
                    },
                    {
                        "name": "perl-exception-class",
                        "specs": []
                    },
                    {
                        "name": "perl-variable-magic",
                        "specs": []
                    }
                ]
            },
            "description": null,
            "distribution_type": "conda",
            "download_url": "//api.anaconda.org/download/bioconda/perl-params-validationcompiler/0.23/osx-64/perl-params-validationcompiler-0.23-pl5.22.0_0.tar.bz2",
            "full_name": "bioconda/perl-params-validationcompiler/0.23/osx-64/perl-params-validationcompiler-0.23-pl5.22.0_0.tar.bz2",
            "labels": [
                "main",
                "cf201901"
            ],
            "md5": "36e24b5081f3f7999c7aefa33275460f",
            "ndownloads": 498,
            "owner": "bioconda",
            "size": 35758,
            "type": "conda",
            "upload_time": "2017-03-04 16:52:17.607000+00:00",
            "version": "0.23"
        },
        {
            "attrs": {
                "arch": "x86_64",
                "build": "pl526h2d50403_2",
                "build_number": 2,
                "depends": [
                    "perl >=5.26.2,<5.26.3.0a0",
                    "perl-app-cpanminus",
                    "perl-b",
                    "perl-devel-stacktrace",
                    "perl-eval-closure",
                    "perl-exception-class",
                    "perl-variable-magic"
                ],
                "has_prefix": true,
                "license": "artistic_2",
                "machine": "x86_64",
                "operatingsystem": "darwin",
                "platform": "osx",
                "subdir": "osx-64",
                "target-triplet": "x86_64-any-darwin",
                "timestamp": 1532453232062
            },
            "basename": "osx-64/perl-params-validationcompiler-0.23-pl526h2d50403_2.tar.bz2",
            "dependencies": {
                "depends": [
                    {
                        "name": "perl",
                        "specs": [
                            [
                                ">=",
                                "5.26.2,<5.26.3.0a0"
                            ]
                        ]
                    },
                    {
                        "name": "perl-app-cpanminus",
                        "specs": []
                    },
                    {
                        "name": "perl-b",
                        "specs": []
                    },
                    {
                        "name": "perl-devel-stacktrace",
                        "specs": []
                    },
                    {
                        "name": "perl-eval-closure",
                        "specs": []
                    },
                    {
                        "name": "perl-exception-class",
                        "specs": []
                    },
                    {
                        "name": "perl-variable-magic",
                        "specs": []
                    }
                ]
            },
            "description": null,
            "distribution_type": "conda",
            "download_url": "//api.anaconda.org/download/bioconda/perl-params-validationcompiler/0.23/osx-64/perl-params-validationcompiler-0.23-pl526h2d50403_2.tar.bz2",
            "full_name": "bioconda/perl-params-validationcompiler/0.23/osx-64/perl-params-validationcompiler-0.23-pl526h2d50403_2.tar.bz2",
            "labels": [
                "main",
                "cf201901"
            ],
            "md5": "1537b691e25d1cafd0fdc5cd325ef097",
            "ndownloads": 731,
            "owner": "bioconda",
            "size": 49459,
            "type": "conda",
            "upload_time": "2018-07-24 17:27:26.610000+00:00",
            "version": "0.23"
        },
        {
            "attrs": {
                "arch": "x86_64",
                "build": "pl526h2d50403_2",
                "build_number": 2,
                "depends": [
                    "libstdcxx-ng >=4.9",
                    "perl >=5.26.2,<5.26.3.0a0",
                    "perl-app-cpanminus",
                    "perl-b",
                    "perl-devel-stacktrace",
                    "perl-eval-closure",
                    "perl-exception-class",
                    "perl-variable-magic"
                ],
                "has_prefix": true,
                "license": "artistic_2",
                "machine": "x86_64",
                "operatingsystem": "linux",
                "platform": "linux",
                "subdir": "linux-64",
                "target-triplet": "x86_64-any-linux",
                "timestamp": 1532453439946
            },
            "basename": "linux-64/perl-params-validationcompiler-0.23-pl526h2d50403_2.tar.bz2",
            "dependencies": {
                "depends": [
                    {
                        "name": "libstdcxx-ng",
                        "specs": [
                            [
                                ">=",
                                "4.9"
                            ]
                        ]
                    },
                    {
                        "name": "perl",
                        "specs": [
                            [
                                ">=",
                                "5.26.2,<5.26.3.0a0"
                            ]
                        ]
                    },
                    {
                        "name": "perl-app-cpanminus",
                        "specs": []
                    },
                    {
                        "name": "perl-b",
                        "specs": []
                    },
                    {
                        "name": "perl-devel-stacktrace",
                        "specs": []
                    },
                    {
                        "name": "perl-eval-closure",
                        "specs": []
                    },
                    {
                        "name": "perl-exception-class",
                        "specs": []
                    },
                    {
                        "name": "perl-variable-magic",
                        "specs": []
                    }
                ]
            },
            "description": null,
            "distribution_type": "conda",
            "download_url": "//api.anaconda.org/download/bioconda/perl-params-validationcompiler/0.23/linux-64/perl-params-validationcompiler-0.23-pl526h2d50403_2.tar.bz2",
            "full_name": "bioconda/perl-params-validationcompiler/0.23/linux-64/perl-params-validationcompiler-0.23-pl526h2d50403_2.tar.bz2",
            "labels": [
                "main",
                "cf201901"
            ],
            "md5": "2bc3056e334606178862f1020c577ae9",
            "ndownloads": 1095,
            "owner": "bioconda",
            "size": 39738,
            "type": "conda",
            "upload_time": "2018-07-24 17:32:13.861000+00:00",
            "version": "0.23"
        },
        {
            "attrs": {
                "arch": "x86_64",
                "build": "pl5.22.0_0",
                "build_number": 0,
                "depends": [
                    "perl 5.22.0*",
                    "perl-app-cpanminus",
                    "perl-b",
                    "perl-devel-stacktrace",
                    "perl-eval-closure",
                    "perl-exception-class",
                    "perl-variable-magic"
                ],
                "has_prefix": true,
                "license": "artistic_2",
                "machine": "x86_64",
                "operatingsystem": "linux",
                "platform": "linux",
                "subdir": "linux-64",
                "target-triplet": "x86_64-any-linux"
            },
            "basename": "linux-64/perl-params-validationcompiler-0.23-pl5.22.0_0.tar.bz2",
            "dependencies": {
                "depends": [
                    {
                        "name": "perl",
                        "specs": [
                            [
                                "==",
                                "5.22.0"
                            ]
                        ]
                    },
                    {
                        "name": "perl-app-cpanminus",
                        "specs": []
                    },
                    {
                        "name": "perl-b",
                        "specs": []
                    },
                    {
                        "name": "perl-devel-stacktrace",
                        "specs": []
                    },
                    {
                        "name": "perl-eval-closure",
                        "specs": []
                    },
                    {
                        "name": "perl-exception-class",
                        "specs": []
                    },
                    {
                        "name": "perl-variable-magic",
                        "specs": []
                    }
                ]
            },
            "description": null,
            "distribution_type": "conda",
            "download_url": "//api.anaconda.org/download/bioconda/perl-params-validationcompiler/0.23/linux-64/perl-params-validationcompiler-0.23-pl5.22.0_0.tar.bz2",
            "full_name": "bioconda/perl-params-validationcompiler/0.23/linux-64/perl-params-validationcompiler-0.23-pl5.22.0_0.tar.bz2",
            "labels": [
                "main",
                "cf201901"
            ],
            "md5": "123dfff10bdb5be17eb18492397fad54",
            "ndownloads": 2391,
            "owner": "bioconda",
            "size": 36000,
            "type": "conda",
            "upload_time": "2017-03-04 16:53:01.752000+00:00",
            "version": "0.23"
        },
        {
            "attrs": {
                "arch": "x86_64",
                "build": "pl526_1",
                "build_number": 1,
                "depends": [
                    "perl >=5.26.2,<5.27.0a0",
                    "perl-app-cpanminus",
                    "perl-b",
                    "perl-devel-stacktrace",
                    "perl-eval-closure",
                    "perl-exception-class",
                    "perl-variable-magic"
                ],
                "has_prefix": true,
                "license": "artistic_2",
                "machine": "x86_64",
                "operatingsystem": "linux",
                "platform": "linux",
                "subdir": "linux-64",
                "target-triplet": "x86_64-any-linux",
                "timestamp": 1531087885560
            },
            "basename": "linux-64/perl-params-validationcompiler-0.23-pl526_1.tar.bz2",
            "dependencies": {
                "depends": [
                    {
                        "name": "perl",
                        "specs": [
                            [
                                ">=",
                                "5.26.2,<5.27.0a0"
                            ]
                        ]
                    },
                    {
                        "name": "perl-app-cpanminus",
                        "specs": []
                    },
                    {
                        "name": "perl-b",
                        "specs": []
                    },
                    {
                        "name": "perl-devel-stacktrace",
                        "specs": []
                    },
                    {
                        "name": "perl-eval-closure",
                        "specs": []
                    },
                    {
                        "name": "perl-exception-class",
                        "specs": []
                    },
                    {
                        "name": "perl-variable-magic",
                        "specs": []
                    }
                ]
            },
            "description": null,
            "distribution_type": "conda",
            "download_url": "//api.anaconda.org/download/bioconda/perl-params-validationcompiler/0.23/linux-64/perl-params-validationcompiler-0.23-pl526_1.tar.bz2",
            "full_name": "bioconda/perl-params-validationcompiler/0.23/linux-64/perl-params-validationcompiler-0.23-pl526_1.tar.bz2",
            "labels": [
                "main",
                "cf201901"
            ],
            "md5": "b3add6ef8a72e7dc3601a4b33014d85c",
            "ndownloads": 145,
            "owner": "bioconda",
            "size": 39732,
            "type": "conda",
            "upload_time": "2018-07-08 22:12:44.803000+00:00",
            "version": "0.23"
        }
    ],
    "full_name": "bioconda/perl-params-validationcompiler",
    "home": "None",
    "html_url": "http://anaconda.org/bioconda/perl-params-validationcompiler",
    "id": "58baf0c15190100ad4a8d379",
    "latest_version": "0.23",
    "license": {},
    "license_url": {},
    "modified_at": "2018-07-24 17:32:14.262000+00:00",
    "name": "perl-params-validationcompiler",
    "owner": {
        "company": "",
        "created_at": "2015-09-11 22:59:20.880000+00:00",
        "description": "Bioconda is a distribution of bioinformatics software realized as a channel for the versatile Conda package manager.",
        "location": "",
        "login": "bioconda",
        "name": "bioconda",
        "url": "",
        "user_type": "org"
    },
    "package_types": [
        "conda"
    ],
    "public": true,
    "releases": [
        {
            "distributions": [],
            "full_name": "bioconda/perl-params-validationcompiler/0.23",
            "version": "0.23"
        }
    ],
    "revision": 1,
    "source_git_tag": {},
    "source_git_url": {},
    "summary": "",
    "upvoted": 0,
    "url": "http://api.anaconda.org/packages/bioconda/perl-params-validationcompiler",
    "versions": [
        "0.23"
    ],
    "watchers": 1
}