{
    "app_entry": {},
    "app_summary": {},
    "app_type": {},
    "builds": [
        "pl5.22.0_0",
        "pl5.22.0_3",
        "pl526_1",
        "pl526_0",
        "1",
        "2"
    ],
    "conda_platforms": [
        "linux-64",
        "osx-64"
    ],
    "created_at": "2015-12-07 21:02:32.445000+00:00",
    "description": "",
    "dev_url": null,
    "doc_url": null,
    "files": [
        {
            "attrs": {
                "arch": "x86_64",
                "build": "pl5.22.0_0",
                "build_number": 0,
                "depends": [
                    "perl 5.22.0*"
                ],
                "license": "perl_5",
                "machine": "x86_64",
                "operatingsystem": "linux",
                "platform": "linux",
                "subdir": "linux-64",
                "target-triplet": "x86_64-any-linux"
            },
            "basename": "linux-64/perl-app-cpanminus-1.7039-pl5.22.0_0.tar.bz2",
            "dependencies": {
                "depends": [
                    {
                        "name": "perl",
                        "specs": [
                            [
                                "==",
                                "5.22.0"
                            ]
                        ]
                    }
                ]
            },
            "description": null,
            "distribution_type": "conda",
            "download_url": "//api.anaconda.org/download/bioconda/perl-app-cpanminus/1.7039/linux-64/perl-app-cpanminus-1.7039-pl5.22.0_0.tar.bz2",
            "full_name": "bioconda/perl-app-cpanminus/1.7039/linux-64/perl-app-cpanminus-1.7039-pl5.22.0_0.tar.bz2",
            "labels": [
                "main",
                "cf201901"
            ],
            "md5": "e6b96dafa0040131ddc1abb971f0ac62",
            "ndownloads": 734,
            "owner": "bioconda",
            "size": 225675,
            "type": "conda",
            "upload_time": "2015-12-07 21:02:32.681000+00:00",
            "version": "1.7039"
        },
        {
            "attrs": {
                "arch": "x86_64",
                "build": "pl5.22.0_0",
                "build_number": 0,
                "depends": [
                    "perl 5.22.0*"
                ],
                "license": "perl_5",
                "machine": "x86_64",
                "operatingsystem": "darwin",
                "platform": "osx",
                "subdir": "osx-64",
                "target-triplet": "x86_64-any-darwin"
            },
            "basename": "osx-64/perl-app-cpanminus-1.7039-pl5.22.0_0.tar.bz2",
            "dependencies": {
                "depends": [
                    {
                        "name": "perl",
                        "specs": [
                            [
                                "==",
                                "5.22.0"
                            ]
                        ]
                    }
                ]
            },
            "description": null,
            "distribution_type": "conda",
            "download_url": "//api.anaconda.org/download/bioconda/perl-app-cpanminus/1.7039/osx-64/perl-app-cpanminus-1.7039-pl5.22.0_0.tar.bz2",
            "full_name": "bioconda/perl-app-cpanminus/1.7039/osx-64/perl-app-cpanminus-1.7039-pl5.22.0_0.tar.bz2",
            "labels": [
                "main",
                "cf201901"
            ],
            "md5": "4661c1f29c9bf7729afd96b2b9649c05",
            "ndownloads": 35,
            "owner": "bioconda",
            "size": 235203,
            "type": "conda",
            "upload_time": "2015-12-08 11:58:56.394000+00:00",
            "version": "1.7039"
        },
        {
            "attrs": {
                "arch": "x86_64",
                "build": "1",
                "build_number": 1,
                "depends": [
                    "perl-threaded"
                ],
                "license": "perl_5",
                "machine": "x86_64",
                "operatingsystem": "linux",
                "platform": "linux",
                "subdir": "linux-64",
                "target-triplet": "x86_64-any-linux"
            },
            "basename": "linux-64/perl-app-cpanminus-1.7039-1.tar.bz2",
            "dependencies": {
                "depends": [
                    {
                        "name": "perl-threaded",
                        "specs": []
                    }
                ]
            },
            "description": null,
            "distribution_type": "conda",
            "download_url": "//api.anaconda.org/download/bioconda/perl-app-cpanminus/1.7039/linux-64/perl-app-cpanminus-1.7039-1.tar.bz2",
            "full_name": "bioconda/perl-app-cpanminus/1.7039/linux-64/perl-app-cpanminus-1.7039-1.tar.bz2",
            "labels": [
                "main",
                "cf201901"
            ],
            "md5": "8166eedc81b60cb8240f217312ab05e6",
            "ndownloads": 473,
            "owner": "bioconda",
            "size": 225698,
            "type": "conda",
            "upload_time": "2016-02-01 11:25:50.451000+00:00",
            "version": "1.7039"
        },
        {
            "attrs": {
                "arch": "x86_64",
                "build": "2",
                "build_number": 2,
                "depends": [
                    "libgcc",
                    "perl-threaded"
                ],
                "license": "perl_5",
                "machine": "x86_64",
                "operatingsystem": "darwin",
                "platform": "osx",
                "subdir": "osx-64",
                "target-triplet": "x86_64-any-darwin"
            },
            "basename": "osx-64/perl-app-cpanminus-1.7039-2.tar.bz2",
            "dependencies": {
                "depends": [
                    {
                        "name": "libgcc",
                        "specs": []
                    },
                    {
                        "name": "perl-threaded",
                        "specs": []
                    }
                ]
            },
            "description": null,
            "distribution_type": "conda",
            "download_url": "//api.anaconda.org/download/bioconda/perl-app-cpanminus/1.7039/osx-64/perl-app-cpanminus-1.7039-2.tar.bz2",
            "full_name": "bioconda/perl-app-cpanminus/1.7039/osx-64/perl-app-cpanminus-1.7039-2.tar.bz2",
            "labels": [
                "main",
                "cf201901"
            ],
            "md5": "8db6a42f07d908fd83b345eaa638069b",
            "ndownloads": 932,
            "owner": "bioconda",
            "size": 235280,
            "type": "conda",
            "upload_time": "2016-02-05 11:16:12.772000+00:00",
            "version": "1.7039"
        },
        {
            "attrs": {
                "arch": "x86_64",
                "build": "pl526_0",
                "build_number": 0,
                "depends": [
                    "perl >=5.26.2,<5.27.0a0"
                ],
                "has_prefix": true,
                "license": "perl_5",
                "machine": "x86_64",
                "operatingsystem": "darwin",
                "platform": "osx",
                "subdir": "osx-64",
                "target-triplet": "x86_64-any-darwin",
                "timestamp": 1531503995272
            },
            "basename": "osx-64/perl-app-cpanminus-1.7044-pl526_0.tar.bz2",
            "dependencies": {
                "depends": [
                    {
                        "name": "perl",
                        "specs": [
                            [
                                ">=",
                                "5.26.2,<5.27.0a0"
                            ]
                        ]
                    }
                ]
            },
            "description": null,
            "distribution_type": "conda",
            "download_url": "//api.anaconda.org/download/bioconda/perl-app-cpanminus/1.7044/osx-64/perl-app-cpanminus-1.7044-pl526_0.tar.bz2",
            "full_name": "bioconda/perl-app-cpanminus/1.7044/osx-64/perl-app-cpanminus-1.7044-pl526_0.tar.bz2",
            "labels": [
                "main",
                "cf201901"
            ],
            "md5": "f97c63bd45faefcd0fae46303e8ae30b",
            "ndownloads": 61,
            "owner": "bioconda",
            "size": 240357,
            "type": "conda",
            "upload_time": "2018-07-13 17:46:48.884000+00:00",
            "version": "1.7044"
        },
        {
            "attrs": {
                "arch": "x86_64",
                "build": "pl526_0",
                "build_number": 0,
                "depends": [
                    "perl >=5.26.2,<5.27.0a0"
                ],
                "has_prefix": true,
                "license": "perl_5",
                "machine": "x86_64",
                "operatingsystem": "linux",
                "platform": "linux",
                "subdir": "linux-64",
                "target-triplet": "x86_64-any-linux",
                "timestamp": 1531504207239
            },
            "basename": "linux-64/perl-app-cpanminus-1.7044-pl526_0.tar.bz2",
            "dependencies": {
                "depends": [
                    {
                        "name": "perl",
                        "specs": [
                            [
                                ">=",
                                "5.26.2,<5.27.0a0"
                            ]
                        ]
                    }
                ]
            },
            "description": null,
            "distribution_type": "conda",
            "download_url": "//api.anaconda.org/download/bioconda/perl-app-cpanminus/1.7044/linux-64/perl-app-cpanminus-1.7044-pl526_0.tar.bz2",
            "full_name": "bioconda/perl-app-cpanminus/1.7044/linux-64/perl-app-cpanminus-1.7044-pl526_0.tar.bz2",
            "labels": [
                "main",
                "cf201901"
            ],
            "md5": "690575e82a657c63b0aafda7a8fa1aed",
            "ndownloads": 342,
            "owner": "bioconda",
            "size": 240056,
            "type": "conda",
            "upload_time": "2018-07-13 17:51:25.868000+00:00",
            "version": "1.7044"
        },
        {
            "attrs": {
                "arch": "x86_64",
                "build": "2",
                "build_number": 2,
                "depends": [
                    "libgcc",
                    "perl-threaded"
                ],
                "license": "perl_5",
                "machine": "x86_64",
                "operatingsystem": "linux",
                "platform": "linux",
                "subdir": "linux-64",
                "target-triplet": "x86_64-any-linux"
            },
            "basename": "linux-64/perl-app-cpanminus-1.7039-2.tar.bz2",
            "dependencies": {
                "depends": [
                    {
                        "name": "libgcc",
                        "specs": []
                    },
                    {
                        "name": "perl-threaded",
                        "specs": []
                    }
                ]
            },
            "description": null,
            "distribution_type": "conda",
            "download_url": "//api.anaconda.org/download/bioconda/perl-app-cpanminus/1.7039/linux-64/perl-app-cpanminus-1.7039-2.tar.bz2",
            "full_name": "bioconda/perl-app-cpanminus/1.7039/linux-64/perl-app-cpanminus-1.7039-2.tar.bz2",
            "labels": [
                "main",
                "cf201901"
            ],
            "md5": "0c21c69532a8291c6c9cc7dfc8c5f6e2",
            "ndownloads": 8208,
            "owner": "bioconda",
            "size": 225716,
            "type": "conda",
            "upload_time": "2016-02-05 11:25:08.519000+00:00",
            "version": "1.7039"
        },
        {
            "attrs": {
                "arch": "x86_64",
                "build": "pl5.22.0_3",
                "build_number": 3,
                "depends": [
                    "libgcc",
                    "perl 5.22.0*"
                ],
                "has_prefix": true,
                "license": "perl_5",
                "machine": "x86_64",
                "operatingsystem": "linux",
                "platform": "linux",
                "subdir": "linux-64",
                "target-triplet": "x86_64-any-linux"
            },
            "basename": "linux-64/perl-app-cpanminus-1.7039-pl5.22.0_3.tar.bz2",
            "dependencies": {
                "depends": [
                    {
                        "name": "libgcc",
                        "specs": []
                    },
                    {
                        "name": "perl",
                        "specs": [
                            [
                                "==",
                                "5.22.0"
                            ]
                        ]
                    }
                ]
            },
            "description": null,
            "distribution_type": "conda",
            "download_url": "//api.anaconda.org/download/bioconda/perl-app-cpanminus/1.7039/linux-64/perl-app-cpanminus-1.7039-pl5.22.0_3.tar.bz2",
            "full_name": "bioconda/perl-app-cpanminus/1.7039/linux-64/perl-app-cpanminus-1.7039-pl5.22.0_3.tar.bz2",
            "labels": [
                "main",
                "cf201901"
            ],
            "md5": "cc41488130ac10d31112b75243fdb65c",
            "ndownloads": 12981,
            "owner": "bioconda",
            "size": 238201,
            "type": "conda",
            "upload_time": "2017-01-27 22:26:45.626000+00:00",
            "version": "1.7039"
        },
        {
            "attrs": {
                "arch": "x86_64",
                "build": "pl5.22.0_3",
                "build_number": 3,
                "depends": [
                    "libgcc",
                    "perl 5.22.0*"
                ],
                "has_prefix": true,
                "license": "perl_5",
                "machine": "x86_64",
                "operatingsystem": "darwin",
                "platform": "osx",
                "subdir": "osx-64",
                "target-triplet": "x86_64-any-darwin"
            },
            "basename": "osx-64/perl-app-cpanminus-1.7039-pl5.22.0_3.tar.bz2",
            "dependencies": {
                "depends": [
                    {
                        "name": "libgcc",
                        "specs": []
                    },
                    {
                        "name": "perl",
                        "specs": [
                            [
                                "==",
                                "5.22.0"
                            ]
                        ]
                    }
                ]
            },
            "description": null,
            "distribution_type": "conda",
            "download_url": "//api.anaconda.org/download/bioconda/perl-app-cpanminus/1.7039/osx-64/perl-app-cpanminus-1.7039-pl5.22.0_3.tar.bz2",
            "full_name": "bioconda/perl-app-cpanminus/1.7039/osx-64/perl-app-cpanminus-1.7039-pl5.22.0_3.tar.bz2",
            "labels": [
                "main",
                "cf201901"
            ],
            "md5": "4baafedcf2e7f6ee7ac40defc4ca0341",
            "ndownloads": 1471,
            "owner": "bioconda",
            "size": 238165,
            "type": "conda",
            "upload_time": "2017-01-27 23:51:26.074000+00:00",
            "version": "1.7039"
        },
        {
            "attrs": {
                "arch": "x86_64",
                "build": "pl5.22.0_0",
                "build_number": 0,
                "depends": [
                    "perl 5.22.0*"
                ],
                "has_prefix": true,
                "license": "perl_5",
                "machine": "x86_64",
                "operatingsystem": "linux",
                "platform": "linux",
                "subdir": "linux-64",
                "target-triplet": "x86_64-any-linux"
            },
            "basename": "linux-64/perl-app-cpanminus-1.7043-pl5.22.0_0.tar.bz2",
            "dependencies": {
                "depends": [
                    {
                        "name": "perl",
                        "specs": [
                            [
                                "==",
                                "5.22.0"
                            ]
                        ]
                    }
                ]
            },
            "description": null,
            "distribution_type": "conda",
            "download_url": "//api.anaconda.org/download/bioconda/perl-app-cpanminus/1.7043/linux-64/perl-app-cpanminus-1.7043-pl5.22.0_0.tar.bz2",
            "full_name": "bioconda/perl-app-cpanminus/1.7043/linux-64/perl-app-cpanminus-1.7043-pl5.22.0_0.tar.bz2",
            "labels": [
                "main",
                "cf201901"
            ],
            "md5": "6422c3f15b407bc0d8513d4a10dd3c5c",
            "ndownloads": 19271,
            "owner": "bioconda",
            "size": 241311,
            "type": "conda",
            "upload_time": "2018-03-29 22:28:16.532000+00:00",
            "version": "1.7043"
        },
        {
            "attrs": {
                "arch": "x86_64",
                "build": "pl5.22.0_0",
                "build_number": 0,
                "depends": [
                    "perl 5.22.0*"
                ],
                "has_prefix": true,
                "license": "perl_5",
                "machine": "x86_64",
                "operatingsystem": "darwin",
                "platform": "osx",
                "subdir": "osx-64",
                "target-triplet": "x86_64-any-darwin"
            },
            "basename": "osx-64/perl-app-cpanminus-1.7043-pl5.22.0_0.tar.bz2",
            "dependencies": {
                "depends": [
                    {
                        "name": "perl",
                        "specs": [
                            [
                                "==",
                                "5.22.0"
                            ]
                        ]
                    }
                ]
            },
            "description": null,
            "distribution_type": "conda",
            "download_url": "//api.anaconda.org/download/bioconda/perl-app-cpanminus/1.7043/osx-64/perl-app-cpanminus-1.7043-pl5.22.0_0.tar.bz2",
            "full_name": "bioconda/perl-app-cpanminus/1.7043/osx-64/perl-app-cpanminus-1.7043-pl5.22.0_0.tar.bz2",
            "labels": [
                "main",
                "cf201901"
            ],
            "md5": "dd822a52c76fc09b746442b7e99c4e0f",
            "ndownloads": 2356,
            "owner": "bioconda",
            "size": 240726,
            "type": "conda",
            "upload_time": "2018-03-29 22:25:53.826000+00:00",
            "version": "1.7043"
        },
        {
            "attrs": {
                "arch": "x86_64",
                "build": "pl526_1",
                "build_number": 1,
                "depends": [
                    "perl >=5.26.2,<5.27.0a0"
                ],
                "has_prefix": true,
                "license": "perl_5",
                "machine": "x86_64",
                "operatingsystem": "linux",
                "platform": "linux",
                "subdir": "linux-64",
                "target-triplet": "x86_64-any-linux",
                "timestamp": 1531853207820
            },
            "basename": "linux-64/perl-app-cpanminus-1.7044-pl526_1.tar.bz2",
            "dependencies": {
                "depends": [
                    {
                        "name": "perl",
                        "specs": [
                            [
                                ">=",
                                "5.26.2,<5.27.0a0"
                            ]
                        ]
                    }
                ]
            },
            "description": null,
            "distribution_type": "conda",
            "download_url": "//api.anaconda.org/download/bioconda/perl-app-cpanminus/1.7044/linux-64/perl-app-cpanminus-1.7044-pl526_1.tar.bz2",
            "full_name": "bioconda/perl-app-cpanminus/1.7044/linux-64/perl-app-cpanminus-1.7044-pl526_1.tar.bz2",
            "labels": [
                "main",
                "cf201901"
            ],
            "md5": "dcd34d99b75ca3feb8af1623a3859b20",
            "ndownloads": 50472,
            "owner": "bioconda",
            "size": 240106,
            "type": "conda",
            "upload_time": "2018-07-17 18:48:06.287000+00:00",
            "version": "1.7044"
        },
        {
            "attrs": {
                "arch": "x86_64",
                "build": "pl526_1",
                "build_number": 1,
                "depends": [
                    "perl >=5.26.2,<5.27.0a0"
                ],
                "has_prefix": true,
                "license": "perl_5",
                "machine": "x86_64",
                "operatingsystem": "darwin",
                "platform": "osx",
                "subdir": "osx-64",
                "target-triplet": "x86_64-any-darwin",
                "timestamp": 1531853056726
            },
            "basename": "osx-64/perl-app-cpanminus-1.7044-pl526_1.tar.bz2",
            "dependencies": {
                "depends": [
                    {
                        "name": "perl",
                        "specs": [
                            [
                                ">=",
                                "5.26.2,<5.27.0a0"
                            ]
                        ]
                    }
                ]
            },
            "description": null,
            "distribution_type": "conda",
            "download_url": "//api.anaconda.org/download/bioconda/perl-app-cpanminus/1.7044/osx-64/perl-app-cpanminus-1.7044-pl526_1.tar.bz2",
            "full_name": "bioconda/perl-app-cpanminus/1.7044/osx-64/perl-app-cpanminus-1.7044-pl526_1.tar.bz2",
            "labels": [
                "main",
                "cf201901"
            ],
            "md5": "236fbf1ce9555b2208b3a1dec7b30082",
            "ndownloads": 5698,
            "owner": "bioconda",
            "size": 240334,
            "type": "conda",
            "upload_time": "2018-07-17 18:44:29.595000+00:00",
            "version": "1.7044"
        }
    ],
    "full_name": "bioconda/perl-app-cpanminus",
    "home": "None",
    "html_url": "http://anaconda.org/bioconda/perl-app-cpanminus",
    "id": "5665f3e8eaad37051a6e8d2c",
    "latest_version": "1.7044",
    "license": "perl_5",
    "license_url": null,
    "modified_at": "2018-07-17 18:48:06.814000+00:00",
    "name": "perl-app-cpanminus",
    "owner": {
        "company": "",
        "created_at": "2015-09-11 22:59:20.880000+00:00",
        "description": "Bioconda is a distribution of bioinformatics software realized as a channel for the versatile Conda package manager.",
        "location": "",
        "login": "bioconda",
        "name": "bioconda",
        "url": "",
        "user_type": "org"
    },
    "package_types": [
        "conda"
    ],
    "public": true,
    "releases": [
        {
            "distributions": [
                "linux-64/perl-app-cpanminus-1.7039-pl5.22.0_0.tar.bz2",
                "osx-64/perl-app-cpanminus-1.7039-pl5.22.0_0.tar.bz2",
                "linux-64/perl-app-cpanminus-1.7039-1.tar.bz2",
                "osx-64/perl-app-cpanminus-1.7039-2.tar.bz2",
                "linux-64/perl-app-cpanminus-1.7039-2.tar.bz2"
            ],
            "full_name": "bioconda/perl-app-cpanminus/1.7039",
            "version": "1.7039"
        },
        {
            "distributions": [],
            "full_name": "bioconda/perl-app-cpanminus/1.7043",
            "version": "1.7043"
        },
        {
            "distributions": [],
            "full_name": "bioconda/perl-app-cpanminus/1.7044",
            "version": "1.7044"
        }
    ],
    "revision": 10,
    "source_git_tag": null,
    "source_git_url": null,
    "summary": "get, unpack, build and install modules from CPAN",
    "upvoted": 0,
    "url": "http://api.anaconda.org/packages/bioconda/perl-app-cpanminus",
    "versions": [
        "1.7039",
        "1.7043",
        "1.7044"
    ],
    "watchers": 1
}