{
    "app_entry": {},
    "app_summary": {},
    "app_type": {},
    "builds": [
        "pl5.22.0_0",
        "pl526h2d50403_2",
        "pl526h6bb024c_3",
        "pl526_1",
        "pl526h04f5b5a_3"
    ],
    "conda_platforms": [
        "linux-64",
        "osx-64"
    ],
    "created_at": "2018-03-09 19:27:37.010000+00:00",
    "description": "",
    "dev_url": null,
    "doc_url": null,
    "files": [
        {
            "attrs": {
                "arch": "x86_64",
                "build": "pl5.22.0_0",
                "build_number": 0,
                "depends": [
                    "perl 5.22.0*"
                ],
                "has_prefix": true,
                "license": "perl_5",
                "machine": "x86_64",
                "operatingsystem": "darwin",
                "platform": "osx",
                "subdir": "osx-64",
                "target-triplet": "x86_64-any-darwin"
            },
            "basename": "osx-64/perl-acme-damn-0.08-pl5.22.0_0.tar.bz2",
            "dependencies": {
                "depends": [
                    {
                        "name": "perl",
                        "specs": [
                            [
                                "==",
                                "5.22.0"
                            ]
                        ]
                    }
                ]
            },
            "description": null,
            "distribution_type": "conda",
            "download_url": "//api.anaconda.org/download/bioconda/perl-acme-damn/0.08/osx-64/perl-acme-damn-0.08-pl5.22.0_0.tar.bz2",
            "full_name": "bioconda/perl-acme-damn/0.08/osx-64/perl-acme-damn-0.08-pl5.22.0_0.tar.bz2",
            "labels": [
                "main",
                "cf201901"
            ],
            "md5": "7973aeab144947132d2be6895183a8ff",
            "ndownloads": 253,
            "owner": "bioconda",
            "size": 11242,
            "type": "conda",
            "upload_time": "2018-03-09 19:27:38.011000+00:00",
            "version": "0.08"
        },
        {
            "attrs": {
                "arch": "x86_64",
                "build": "pl5.22.0_0",
                "build_number": 0,
                "depends": [
                    "perl 5.22.0*"
                ],
                "has_prefix": true,
                "license": "perl_5",
                "machine": "x86_64",
                "operatingsystem": "linux",
                "platform": "linux",
                "subdir": "linux-64",
                "target-triplet": "x86_64-any-linux"
            },
            "basename": "linux-64/perl-acme-damn-0.08-pl5.22.0_0.tar.bz2",
            "dependencies": {
                "depends": [
                    {
                        "name": "perl",
                        "specs": [
                            [
                                "==",
                                "5.22.0"
                            ]
                        ]
                    }
                ]
            },
            "description": null,
            "distribution_type": "conda",
            "download_url": "//api.anaconda.org/download/bioconda/perl-acme-damn/0.08/linux-64/perl-acme-damn-0.08-pl5.22.0_0.tar.bz2",
            "full_name": "bioconda/perl-acme-damn/0.08/linux-64/perl-acme-damn-0.08-pl5.22.0_0.tar.bz2",
            "labels": [
                "main",
                "cf201901"
            ],
            "md5": "bf19bd36c13e5c929688a304cee74079",
            "ndownloads": 340,
            "owner": "bioconda",
            "size": 13236,
            "type": "conda",
            "upload_time": "2018-03-09 19:44:01.399000+00:00",
            "version": "0.08"
        },
        {
            "attrs": {
                "arch": "x86_64",
                "build": "pl526h2d50403_2",
                "build_number": 2,
                "depends": [
                    "perl >=5.26.2,<5.26.3.0a0"
                ],
                "has_prefix": true,
                "license": "perl_5",
                "machine": "x86_64",
                "operatingsystem": "darwin",
                "platform": "osx",
                "subdir": "osx-64",
                "target-triplet": "x86_64-any-darwin",
                "timestamp": 1533665698663
            },
            "basename": "osx-64/perl-acme-damn-0.08-pl526h2d50403_2.tar.bz2",
            "dependencies": {
                "depends": [
                    {
                        "name": "perl",
                        "specs": [
                            [
                                ">=",
                                "5.26.2,<5.26.3.0a0"
                            ]
                        ]
                    }
                ]
            },
            "description": null,
            "distribution_type": "conda",
            "download_url": "//api.anaconda.org/download/bioconda/perl-acme-damn/0.08/osx-64/perl-acme-damn-0.08-pl526h2d50403_2.tar.bz2",
            "full_name": "bioconda/perl-acme-damn/0.08/osx-64/perl-acme-damn-0.08-pl526h2d50403_2.tar.bz2",
            "labels": [
                "main",
                "cf201901"
            ],
            "md5": "c16fba30c035e12ba4d1265b50adbc5e",
            "ndownloads": 607,
            "owner": "bioconda",
            "size": 11845,
            "type": "conda",
            "upload_time": "2018-08-07 18:15:11.475000+00:00",
            "version": "0.08"
        },
        {
            "attrs": {
                "arch": "x86_64",
                "build": "pl526_1",
                "build_number": 1,
                "depends": [
                    "perl >=5.26.2,<5.27.0a0"
                ],
                "has_prefix": true,
                "license": "perl_5",
                "machine": "x86_64",
                "operatingsystem": "linux",
                "platform": "linux",
                "subdir": "linux-64",
                "target-triplet": "x86_64-any-linux",
                "timestamp": 1531093272118
            },
            "basename": "linux-64/perl-acme-damn-0.08-pl526_1.tar.bz2",
            "dependencies": {
                "depends": [
                    {
                        "name": "perl",
                        "specs": [
                            [
                                ">=",
                                "5.26.2,<5.27.0a0"
                            ]
                        ]
                    }
                ]
            },
            "description": null,
            "distribution_type": "conda",
            "download_url": "//api.anaconda.org/download/bioconda/perl-acme-damn/0.08/linux-64/perl-acme-damn-0.08-pl526_1.tar.bz2",
            "full_name": "bioconda/perl-acme-damn/0.08/linux-64/perl-acme-damn-0.08-pl526_1.tar.bz2",
            "labels": [
                "main",
                "cf201901"
            ],
            "md5": "f21f5aae819adc28373b8b929712b05e",
            "ndownloads": 232,
            "owner": "bioconda",
            "size": 13183,
            "type": "conda",
            "upload_time": "2018-07-08 23:42:28.915000+00:00",
            "version": "0.08"
        },
        {
            "attrs": {
                "arch": "x86_64",
                "build": "pl526h2d50403_2",
                "build_number": 2,
                "depends": [
                    "libstdcxx-ng >=4.9",
                    "perl >=5.26.2,<5.26.3.0a0"
                ],
                "has_prefix": true,
                "license": "perl_5",
                "machine": "x86_64",
                "operatingsystem": "linux",
                "platform": "linux",
                "subdir": "linux-64",
                "target-triplet": "x86_64-any-linux",
                "timestamp": 1533665820107
            },
            "basename": "linux-64/perl-acme-damn-0.08-pl526h2d50403_2.tar.bz2",
            "dependencies": {
                "depends": [
                    {
                        "name": "libstdcxx-ng",
                        "specs": [
                            [
                                ">=",
                                "4.9"
                            ]
                        ]
                    },
                    {
                        "name": "perl",
                        "specs": [
                            [
                                ">=",
                                "5.26.2,<5.26.3.0a0"
                            ]
                        ]
                    }
                ]
            },
            "description": null,
            "distribution_type": "conda",
            "download_url": "//api.anaconda.org/download/bioconda/perl-acme-damn/0.08/linux-64/perl-acme-damn-0.08-pl526h2d50403_2.tar.bz2",
            "full_name": "bioconda/perl-acme-damn/0.08/linux-64/perl-acme-damn-0.08-pl526h2d50403_2.tar.bz2",
            "labels": [
                "main",
                "cf201901"
            ],
            "md5": "ab7aceae764db7862d355604e4ed36f7",
            "ndownloads": 881,
            "owner": "bioconda",
            "size": 13377,
            "type": "conda",
            "upload_time": "2018-08-07 18:18:18.148000+00:00",
            "version": "0.08"
        },
        {
            "attrs": {
                "arch": "x86_64",
                "build": "pl526h04f5b5a_3",
                "build_number": 3,
                "depends": [
                    "libcxx >=4.0.1",
                    "perl >=5.26.2,<5.26.3.0a0"
                ],
                "has_prefix": true,
                "license": "perl_5",
                "machine": "x86_64",
                "operatingsystem": "darwin",
                "platform": "osx",
                "subdir": "osx-64",
                "target-triplet": "x86_64-any-darwin",
                "timestamp": 1556373537823
            },
            "basename": "osx-64/perl-acme-damn-0.08-pl526h04f5b5a_3.tar.bz2",
            "dependencies": {
                "depends": [
                    {
                        "name": "libcxx",
                        "specs": [
                            [
                                ">=",
                                "4.0.1"
                            ]
                        ]
                    },
                    {
                        "name": "perl",
                        "specs": [
                            [
                                ">=",
                                "5.26.2,<5.26.3.0a0"
                            ]
                        ]
                    }
                ]
            },
            "description": null,
            "distribution_type": "conda",
            "download_url": "//api.anaconda.org/download/bioconda/perl-acme-damn/0.08/osx-64/perl-acme-damn-0.08-pl526h04f5b5a_3.tar.bz2",
            "full_name": "bioconda/perl-acme-damn/0.08/osx-64/perl-acme-damn-0.08-pl526h04f5b5a_3.tar.bz2",
            "labels": [
                "main"
            ],
            "md5": "850893f01b0891c137380b0bd366d217",
            "ndownloads": 46,
            "owner": "bioconda",
            "size": 12510,
            "type": "conda",
            "upload_time": "2019-04-27 13:59:18.151000+00:00",
            "version": "0.08"
        },
        {
            "attrs": {
                "arch": "x86_64",
                "build": "pl526h6bb024c_3",
                "build_number": 3,
                "depends": [
                    "libgcc-ng >=7.3.0",
                    "libstdcxx-ng >=7.3.0",
                    "perl >=5.26.2,<5.26.3.0a0"
                ],
                "has_prefix": true,
                "license": "perl_5",
                "machine": "x86_64",
                "operatingsystem": "linux",
                "platform": "linux",
                "subdir": "linux-64",
                "target-triplet": "x86_64-any-linux",
                "timestamp": 1556375536355
            },
            "basename": "linux-64/perl-acme-damn-0.08-pl526h6bb024c_3.tar.bz2",
            "dependencies": {
                "depends": [
                    {
                        "name": "libgcc-ng",
                        "specs": [
                            [
                                ">=",
                                "7.3.0"
                            ]
                        ]
                    },
                    {
                        "name": "libstdcxx-ng",
                        "specs": [
                            [
                                ">=",
                                "7.3.0"
                            ]
                        ]
                    },
                    {
                        "name": "perl",
                        "specs": [
                            [
                                ">=",
                                "5.26.2,<5.26.3.0a0"
                            ]
                        ]
                    }
                ]
            },
            "description": null,
            "distribution_type": "conda",
            "download_url": "//api.anaconda.org/download/bioconda/perl-acme-damn/0.08/linux-64/perl-acme-damn-0.08-pl526h6bb024c_3.tar.bz2",
            "full_name": "bioconda/perl-acme-damn/0.08/linux-64/perl-acme-damn-0.08-pl526h6bb024c_3.tar.bz2",
            "labels": [
                "main"
            ],
            "md5": "35d2a0e214f69143b0d114e1477eaa42",
            "ndownloads": 551,
            "owner": "bioconda",
            "size": 13992,
            "type": "conda",
            "upload_time": "2019-04-27 14:34:05.825000+00:00",
            "version": "0.08"
        }
    ],
    "full_name": "bioconda/perl-acme-damn",
    "home": "http://metacpan.org/pod/Acme::Damn",
    "html_url": "http://anaconda.org/bioconda/perl-acme-damn",
    "id": "5aa2e02972eb3a11e2ba14ef",
    "latest_version": "0.08",
    "license": "perl_5",
    "license_url": null,
    "modified_at": "2019-04-27 14:34:06.077000+00:00",
    "name": "perl-acme-damn",
    "owner": {
        "company": "",
        "created_at": "2015-09-11 22:59:20.880000+00:00",
        "description": "Bioconda is a distribution of bioinformatics software realized as a channel for the versatile Conda package manager.",
        "location": "",
        "login": "bioconda",
        "name": "bioconda",
        "url": "",
        "user_type": "org"
    },
    "package_types": [
        "conda"
    ],
    "public": true,
    "releases": [
        {
            "distributions": [],
            "full_name": "bioconda/perl-acme-damn/0.08",
            "version": "0.08"
        }
    ],
    "revision": 2,
    "source_git_tag": null,
    "source_git_url": null,
    "summary": "'Unbless' Perl objects.",
    "upvoted": 0,
    "url": "http://api.anaconda.org/packages/bioconda/perl-acme-damn",
    "versions": [
        "0.08"
    ],
    "watchers": 1
}