{
    "app_entry": {},
    "app_summary": {},
    "app_type": {},
    "builds": [
        "pl5.22.0_0",
        "pl526_1"
    ],
    "conda_platforms": [
        "linux-64",
        "osx-64"
    ],
    "created_at": "2017-03-14 13:42:55.179000+00:00",
    "description": "None",
    "dev_url": {},
    "doc_url": {},
    "files": [
        {
            "attrs": {
                "arch": "x86_64",
                "build": "pl526_1",
                "build_number": 1,
                "depends": [
                    "perl >=5.26.2,<5.27.0a0"
                ],
                "has_prefix": true,
                "license": "perl_5",
                "machine": "x86_64",
                "operatingsystem": "darwin",
                "platform": "osx",
                "subdir": "osx-64",
                "target-triplet": "x86_64-any-darwin",
                "timestamp": 1531053665967
            },
            "basename": "osx-64/perl-list-compare-0.53-pl526_1.tar.bz2",
            "dependencies": {
                "depends": [
                    {
                        "name": "perl",
                        "specs": [
                            [
                                ">=",
                                "5.26.2,<5.27.0a0"
                            ]
                        ]
                    }
                ]
            },
            "description": null,
            "distribution_type": "conda",
            "download_url": "//api.anaconda.org/download/bioconda/perl-list-compare/0.53/osx-64/perl-list-compare-0.53-pl526_1.tar.bz2",
            "full_name": "bioconda/perl-list-compare/0.53/osx-64/perl-list-compare-0.53-pl526_1.tar.bz2",
            "labels": [
                "main",
                "cf201901"
            ],
            "md5": "646d76a45111e3b1660207b7a8809ecf",
            "ndownloads": 520,
            "owner": "bioconda",
            "size": 44514,
            "type": "conda",
            "upload_time": "2018-07-08 12:41:17.487000+00:00",
            "version": "0.53"
        },
        {
            "attrs": {
                "arch": "x86_64",
                "build": "pl5.22.0_0",
                "build_number": 0,
                "depends": [
                    "perl 5.22.0*"
                ],
                "has_prefix": true,
                "license": "perl_5",
                "machine": "x86_64",
                "operatingsystem": "linux",
                "platform": "linux",
                "subdir": "linux-64",
                "target-triplet": "x86_64-any-linux"
            },
            "basename": "linux-64/perl-list-compare-0.53-pl5.22.0_0.tar.bz2",
            "dependencies": {
                "depends": [
                    {
                        "name": "perl",
                        "specs": [
                            [
                                "==",
                                "5.22.0"
                            ]
                        ]
                    }
                ]
            },
            "description": null,
            "distribution_type": "conda",
            "download_url": "//api.anaconda.org/download/bioconda/perl-list-compare/0.53/linux-64/perl-list-compare-0.53-pl5.22.0_0.tar.bz2",
            "full_name": "bioconda/perl-list-compare/0.53/linux-64/perl-list-compare-0.53-pl5.22.0_0.tar.bz2",
            "labels": [
                "main",
                "cf201901"
            ],
            "md5": "f298ad68b3a8193e298b3db1852e9d35",
            "ndownloads": 543,
            "owner": "bioconda",
            "size": 42091,
            "type": "conda",
            "upload_time": "2017-03-14 13:42:55.510000+00:00",
            "version": "0.53"
        },
        {
            "attrs": {
                "arch": "x86_64",
                "build": "pl526_1",
                "build_number": 1,
                "depends": [
                    "perl >=5.26.2,<5.27.0a0"
                ],
                "has_prefix": true,
                "license": "perl_5",
                "machine": "x86_64",
                "operatingsystem": "linux",
                "platform": "linux",
                "subdir": "linux-64",
                "target-triplet": "x86_64-any-linux",
                "timestamp": 1531055437449
            },
            "basename": "linux-64/perl-list-compare-0.53-pl526_1.tar.bz2",
            "dependencies": {
                "depends": [
                    {
                        "name": "perl",
                        "specs": [
                            [
                                ">=",
                                "5.26.2,<5.27.0a0"
                            ]
                        ]
                    }
                ]
            },
            "description": null,
            "distribution_type": "conda",
            "download_url": "//api.anaconda.org/download/bioconda/perl-list-compare/0.53/linux-64/perl-list-compare-0.53-pl526_1.tar.bz2",
            "full_name": "bioconda/perl-list-compare/0.53/linux-64/perl-list-compare-0.53-pl526_1.tar.bz2",
            "labels": [
                "main",
                "cf201901"
            ],
            "md5": "7fb2fcb7d22212f3a2973dbabe500ef4",
            "ndownloads": 276,
            "owner": "bioconda",
            "size": 44317,
            "type": "conda",
            "upload_time": "2018-07-08 13:11:53.922000+00:00",
            "version": "0.53"
        },
        {
            "attrs": {
                "arch": "x86_64",
                "build": "pl5.22.0_0",
                "build_number": 0,
                "depends": [
                    "perl 5.22.0*"
                ],
                "has_prefix": true,
                "license": "perl_5",
                "machine": "x86_64",
                "operatingsystem": "darwin",
                "platform": "osx",
                "subdir": "osx-64",
                "target-triplet": "x86_64-any-darwin"
            },
            "basename": "osx-64/perl-list-compare-0.53-pl5.22.0_0.tar.bz2",
            "dependencies": {
                "depends": [
                    {
                        "name": "perl",
                        "specs": [
                            [
                                "==",
                                "5.22.0"
                            ]
                        ]
                    }
                ]
            },
            "description": null,
            "distribution_type": "conda",
            "download_url": "//api.anaconda.org/download/bioconda/perl-list-compare/0.53/osx-64/perl-list-compare-0.53-pl5.22.0_0.tar.bz2",
            "full_name": "bioconda/perl-list-compare/0.53/osx-64/perl-list-compare-0.53-pl5.22.0_0.tar.bz2",
            "labels": [
                "main",
                "cf201901"
            ],
            "md5": "8bc959ceeb4743f98945f369d44a1497",
            "ndownloads": 279,
            "owner": "bioconda",
            "size": 41709,
            "type": "conda",
            "upload_time": "2017-03-14 13:59:38.399000+00:00",
            "version": "0.53"
        }
    ],
    "full_name": "bioconda/perl-list-compare",
    "home": "None",
    "html_url": "http://anaconda.org/bioconda/perl-list-compare",
    "id": "58c7f35f9bfd275b4714e22b",
    "latest_version": "0.53",
    "license": {},
    "license_url": {},
    "modified_at": "2018-07-08 13:11:54.351000+00:00",
    "name": "perl-list-compare",
    "owner": {
        "company": "",
        "created_at": "2015-09-11 22:59:20.880000+00:00",
        "description": "Bioconda is a distribution of bioinformatics software realized as a channel for the versatile Conda package manager.",
        "location": "",
        "login": "bioconda",
        "name": "bioconda",
        "url": "",
        "user_type": "org"
    },
    "package_types": [
        "conda"
    ],
    "public": true,
    "releases": [
        {
            "distributions": [],
            "full_name": "bioconda/perl-list-compare/0.53",
            "version": "0.53"
        }
    ],
    "revision": 1,
    "source_git_tag": {},
    "source_git_url": {},
    "summary": "",
    "upvoted": 0,
    "url": "http://api.anaconda.org/packages/bioconda/perl-list-compare",
    "versions": [
        "0.53"
    ],
    "watchers": 1
}