{
    "app_entry": {},
    "app_summary": {},
    "app_type": {},
    "builds": [
        "pl526hcdc9a53_0",
        "pl526h22169c7_0"
    ],
    "conda_platforms": [
        "linux-64",
        "osx-64"
    ],
    "created_at": "2019-12-06 10:06:22.679000+00:00",
    "description": "",
    "dev_url": null,
    "doc_url": null,
    "files": [
        {
            "attrs": {
                "arch": "x86_64",
                "build": "pl526h22169c7_0",
                "build_number": 0,
                "depends": [
                    "libgcc-ng >=7.3.0",
                    "mysql",
                    "openssl >=1.1.1a,<1.1.2a",
                    "perl >=5.26.2,<5.26.3.0a0",
                    "perl-bioperl",
                    "perl-io-string",
                    "zlib >=1.2.11,<1.3.0a0"
                ],
                "has_prefix": true,
                "license": "Apache v2.0",
                "machine": "x86_64",
                "operatingsystem": "linux",
                "platform": "linux",
                "subdir": "linux-64",
                "target-triplet": "x86_64-any-linux",
                "timestamp": 1575583673730
            },
            "basename": "linux-64/perl-bio-bigfile-1.07-pl526h22169c7_0.tar.bz2",
            "dependencies": {
                "depends": [
                    {
                        "name": "libgcc-ng",
                        "specs": [
                            [
                                ">=",
                                "7.3.0"
                            ]
                        ]
                    },
                    {
                        "name": "mysql",
                        "specs": []
                    },
                    {
                        "name": "openssl",
                        "specs": [
                            [
                                ">=",
                                "1.1.1a,<1.1.2a"
                            ]
                        ]
                    },
                    {
                        "name": "perl",
                        "specs": [
                            [
                                ">=",
                                "5.26.2,<5.26.3.0a0"
                            ]
                        ]
                    },
                    {
                        "name": "perl-bioperl",
                        "specs": []
                    },
                    {
                        "name": "perl-io-string",
                        "specs": []
                    },
                    {
                        "name": "zlib",
                        "specs": [
                            [
                                ">=",
                                "1.2.11,<1.3.0a0"
                            ]
                        ]
                    }
                ]
            },
            "description": null,
            "distribution_type": "conda",
            "download_url": "//api.anaconda.org/download/bioconda/perl-bio-bigfile/1.07/linux-64/perl-bio-bigfile-1.07-pl526h22169c7_0.tar.bz2",
            "full_name": "bioconda/perl-bio-bigfile/1.07/linux-64/perl-bio-bigfile-1.07-pl526h22169c7_0.tar.bz2",
            "labels": [
                "main"
            ],
            "md5": "954502ad9e823315cd3e313cad0774ab",
            "ndownloads": 40,
            "owner": "bioconda",
            "size": 769866,
            "type": "conda",
            "upload_time": "2019-12-06 10:06:23.572000+00:00",
            "version": "1.07"
        },
        {
            "attrs": {
                "arch": "x86_64",
                "build": "pl526hcdc9a53_0",
                "build_number": 0,
                "depends": [
                    "mysql",
                    "openssl >=1.1.1a,<1.1.2a",
                    "perl >=5.26.2,<5.26.3.0a0",
                    "perl-bioperl",
                    "perl-io-string",
                    "zlib >=1.2.11,<1.3.0a0"
                ],
                "has_prefix": true,
                "license": "Apache v2.0",
                "machine": "x86_64",
                "operatingsystem": "darwin",
                "platform": "osx",
                "subdir": "osx-64",
                "target-triplet": "x86_64-any-darwin",
                "timestamp": 1575584523310
            },
            "basename": "osx-64/perl-bio-bigfile-1.07-pl526hcdc9a53_0.tar.bz2",
            "dependencies": {
                "depends": [
                    {
                        "name": "mysql",
                        "specs": []
                    },
                    {
                        "name": "openssl",
                        "specs": [
                            [
                                ">=",
                                "1.1.1a,<1.1.2a"
                            ]
                        ]
                    },
                    {
                        "name": "perl",
                        "specs": [
                            [
                                ">=",
                                "5.26.2,<5.26.3.0a0"
                            ]
                        ]
                    },
                    {
                        "name": "perl-bioperl",
                        "specs": []
                    },
                    {
                        "name": "perl-io-string",
                        "specs": []
                    },
                    {
                        "name": "zlib",
                        "specs": [
                            [
                                ">=",
                                "1.2.11,<1.3.0a0"
                            ]
                        ]
                    }
                ]
            },
            "description": null,
            "distribution_type": "conda",
            "download_url": "//api.anaconda.org/download/bioconda/perl-bio-bigfile/1.07/osx-64/perl-bio-bigfile-1.07-pl526hcdc9a53_0.tar.bz2",
            "full_name": "bioconda/perl-bio-bigfile/1.07/osx-64/perl-bio-bigfile-1.07-pl526hcdc9a53_0.tar.bz2",
            "labels": [
                "main"
            ],
            "md5": "dcd25b6d85cd156899bc292765cc198e",
            "ndownloads": 90,
            "owner": "bioconda",
            "size": 279588,
            "type": "conda",
            "upload_time": "2019-12-06 10:06:25.732000+00:00",
            "version": "1.07"
        }
    ],
    "full_name": "bioconda/perl-bio-bigfile",
    "home": "https://metacpan.org/pod/Bio::DB::BigFile",
    "html_url": "http://anaconda.org/bioconda/perl-bio-bigfile",
    "id": "5dea281e7870580d1c2ea1be",
    "latest_version": "1.07",
    "license": "Apache v2.0",
    "license_url": null,
    "modified_at": "2019-12-06 10:06:26.164000+00:00",
    "name": "perl-bio-bigfile",
    "owner": {
        "company": "",
        "created_at": "2015-09-11 22:59:20.880000+00:00",
        "description": "Bioconda is a distribution of bioinformatics software realized as a channel for the versatile Conda package manager.",
        "location": "",
        "login": "bioconda",
        "name": "bioconda",
        "url": "",
        "user_type": "org"
    },
    "package_types": [
        "conda"
    ],
    "public": true,
    "releases": [
        {
            "distributions": [],
            "full_name": "bioconda/perl-bio-bigfile/1.07",
            "version": "1.07"
        }
    ],
    "revision": 2,
    "source_git_tag": null,
    "source_git_url": null,
    "summary": "Low-level interface to BigWig & BigBed files",
    "upvoted": 0,
    "url": "http://api.anaconda.org/packages/bioconda/perl-bio-bigfile",
    "versions": [
        "1.07"
    ],
    "watchers": 1
}