{
    "app_entry": {},
    "app_summary": {},
    "app_type": {},
    "builds": [
        "pl526h1341992_0"
    ],
    "conda_platforms": [
        "linux-64",
        "osx-64"
    ],
    "created_at": "2018-11-22 08:18:39.870000+00:00",
    "description": "",
    "dev_url": null,
    "doc_url": null,
    "files": [
        {
            "attrs": {
                "arch": "x86_64",
                "build": "pl526h1341992_0",
                "build_number": 0,
                "depends": [
                    "perl >=5.26.2,<5.26.3.0a0",
                    "zlib >=1.2.11,<1.3.0a0"
                ],
                "has_prefix": true,
                "license": "perl_5",
                "machine": "x86_64",
                "operatingsystem": "linux",
                "platform": "linux",
                "subdir": "linux-64",
                "target-triplet": "x86_64-any-linux",
                "timestamp": 1542874899619
            },
            "basename": "linux-64/perl-findbin-real-1.05-pl526h1341992_0.tar.bz2",
            "dependencies": {
                "depends": [
                    {
                        "name": "perl",
                        "specs": [
                            [
                                ">=",
                                "5.26.2,<5.26.3.0a0"
                            ]
                        ]
                    },
                    {
                        "name": "zlib",
                        "specs": [
                            [
                                ">=",
                                "1.2.11,<1.3.0a0"
                            ]
                        ]
                    }
                ]
            },
            "description": null,
            "distribution_type": "conda",
            "download_url": "//api.anaconda.org/download/bioconda/perl-findbin-real/1.05/linux-64/perl-findbin-real-1.05-pl526h1341992_0.tar.bz2",
            "full_name": "bioconda/perl-findbin-real/1.05/linux-64/perl-findbin-real-1.05-pl526h1341992_0.tar.bz2",
            "labels": [
                "main",
                "cf201901"
            ],
            "md5": "29b8786915019a60c4f6385024ef5ddb",
            "ndownloads": 190,
            "owner": "bioconda",
            "size": 9095,
            "type": "conda",
            "upload_time": "2018-11-22 08:23:59.702000+00:00",
            "version": "1.05"
        },
        {
            "attrs": {
                "arch": "x86_64",
                "build": "pl526h1341992_0",
                "build_number": 0,
                "depends": [
                    "perl >=5.26.2,<5.26.3.0a0",
                    "zlib >=1.2.11,<1.3.0a0"
                ],
                "has_prefix": true,
                "license": "perl_5",
                "machine": "x86_64",
                "operatingsystem": "darwin",
                "platform": "osx",
                "subdir": "osx-64",
                "target-triplet": "x86_64-any-darwin",
                "timestamp": 1542874701996
            },
            "basename": "osx-64/perl-findbin-real-1.05-pl526h1341992_0.tar.bz2",
            "dependencies": {
                "depends": [
                    {
                        "name": "perl",
                        "specs": [
                            [
                                ">=",
                                "5.26.2,<5.26.3.0a0"
                            ]
                        ]
                    },
                    {
                        "name": "zlib",
                        "specs": [
                            [
                                ">=",
                                "1.2.11,<1.3.0a0"
                            ]
                        ]
                    }
                ]
            },
            "description": null,
            "distribution_type": "conda",
            "download_url": "//api.anaconda.org/download/bioconda/perl-findbin-real/1.05/osx-64/perl-findbin-real-1.05-pl526h1341992_0.tar.bz2",
            "full_name": "bioconda/perl-findbin-real/1.05/osx-64/perl-findbin-real-1.05-pl526h1341992_0.tar.bz2",
            "labels": [
                "main",
                "cf201901"
            ],
            "md5": "e4b8412d4e4f8a281030c730fa898ea2",
            "ndownloads": 773,
            "owner": "bioconda",
            "size": 9148,
            "type": "conda",
            "upload_time": "2018-11-22 08:18:46.184000+00:00",
            "version": "1.05"
        }
    ],
    "full_name": "bioconda/perl-findbin-real",
    "home": "https://metacpan.org/pod/FindBin::Real",
    "html_url": "http://anaconda.org/bioconda/perl-findbin-real",
    "id": "5bf6665f75af9c138df58c66",
    "latest_version": "1.05",
    "license": "perl_5",
    "license_url": null,
    "modified_at": "2018-11-22 08:24:00.093000+00:00",
    "name": "perl-findbin-real",
    "owner": {
        "company": "",
        "created_at": "2015-09-11 22:59:20.880000+00:00",
        "description": "Bioconda is a distribution of bioinformatics software realized as a channel for the versatile Conda package manager.",
        "location": "",
        "login": "bioconda",
        "name": "bioconda",
        "url": "",
        "user_type": "org"
    },
    "package_types": [
        "conda"
    ],
    "public": true,
    "releases": [
        {
            "distributions": [],
            "full_name": "bioconda/perl-findbin-real/1.05",
            "version": "1.05"
        }
    ],
    "revision": 2,
    "source_git_tag": null,
    "source_git_url": null,
    "summary": "Locates the full path to the script bin directory to allow the use of paths relative to the bin directory.",
    "upvoted": 0,
    "url": "http://api.anaconda.org/packages/bioconda/perl-findbin-real",
    "versions": [
        "1.05"
    ],
    "watchers": 1
}