{
    "app_entry": {},
    "app_summary": {},
    "app_type": {},
    "builds": [
        "pl526_3",
        "pl526_2",
        "pl526_1",
        "pl526_0",
        "1",
        "0"
    ],
    "conda_platforms": [
        "linux-64",
        "osx-64"
    ],
    "created_at": "2016-02-23 21:57:10.771000+00:00",
    "description": "",
    "dev_url": null,
    "doc_url": null,
    "files": [
        {
            "attrs": {
                "arch": "x86_64",
                "build": "0",
                "build_number": 0,
                "depends": [
                    "perl-threaded"
                ],
                "license": "apache_2_0",
                "machine": "x86_64",
                "operatingsystem": "linux",
                "platform": "linux",
                "subdir": "linux-64",
                "target-triplet": "x86_64-any-linux"
            },
            "basename": "linux-64/perl-path-tiny-0.076-0.tar.bz2",
            "dependencies": {
                "depends": [
                    {
                        "name": "perl-threaded",
                        "specs": []
                    }
                ]
            },
            "description": null,
            "distribution_type": "conda",
            "download_url": "//api.anaconda.org/download/bioconda/perl-path-tiny/0.076/linux-64/perl-path-tiny-0.076-0.tar.bz2",
            "full_name": "bioconda/perl-path-tiny/0.076/linux-64/perl-path-tiny-0.076-0.tar.bz2",
            "labels": [
                "main",
                "cf201901"
            ],
            "md5": "6cc25c39962faa8510ac90333d0389fb",
            "ndownloads": 343,
            "owner": "bioconda",
            "size": 22967,
            "type": "conda",
            "upload_time": "2016-02-23 21:57:11.058000+00:00",
            "version": "0.076"
        },
        {
            "attrs": {
                "arch": "x86_64",
                "build": "pl526_2",
                "build_number": 2,
                "depends": [
                    "perl >=5.26.0,<5.27.0a0"
                ],
                "has_prefix": true,
                "license": "apache_2_0",
                "machine": "x86_64",
                "operatingsystem": "darwin",
                "platform": "osx",
                "subdir": "osx-64",
                "target-triplet": "x86_64-any-darwin",
                "timestamp": 1529809748573
            },
            "basename": "osx-64/perl-path-tiny-0.076-pl526_2.tar.bz2",
            "dependencies": {
                "depends": [
                    {
                        "name": "perl",
                        "specs": [
                            [
                                ">=",
                                "5.26.0,<5.27.0a0"
                            ]
                        ]
                    }
                ]
            },
            "description": null,
            "distribution_type": "conda",
            "download_url": "//api.anaconda.org/download/bioconda/perl-path-tiny/0.076/osx-64/perl-path-tiny-0.076-pl526_2.tar.bz2",
            "full_name": "bioconda/perl-path-tiny/0.076/osx-64/perl-path-tiny-0.076-pl526_2.tar.bz2",
            "labels": [
                "main",
                "cf201901"
            ],
            "md5": "f4a904ffefe5486b176dffba35f5506b",
            "ndownloads": 26,
            "owner": "bioconda",
            "size": 32137,
            "type": "conda",
            "upload_time": "2018-06-24 03:09:20.279000+00:00",
            "version": "0.076"
        },
        {
            "attrs": {
                "arch": "x86_64",
                "build": "1",
                "build_number": 1,
                "depends": [
                    "perl-threaded"
                ],
                "license": "apache_2_0",
                "machine": "x86_64",
                "operatingsystem": "darwin",
                "platform": "osx",
                "subdir": "osx-64",
                "target-triplet": "x86_64-any-darwin"
            },
            "basename": "osx-64/perl-path-tiny-0.076-1.tar.bz2",
            "dependencies": {
                "depends": [
                    {
                        "name": "perl-threaded",
                        "specs": []
                    }
                ]
            },
            "description": null,
            "distribution_type": "conda",
            "download_url": "//api.anaconda.org/download/bioconda/perl-path-tiny/0.076/osx-64/perl-path-tiny-0.076-1.tar.bz2",
            "full_name": "bioconda/perl-path-tiny/0.076/osx-64/perl-path-tiny-0.076-1.tar.bz2",
            "labels": [
                "main",
                "cf201901"
            ],
            "md5": "1e3af020659991a62ba307bb4a0a1837",
            "ndownloads": 415,
            "owner": "bioconda",
            "size": 28880,
            "type": "conda",
            "upload_time": "2016-04-14 23:51:52.184000+00:00",
            "version": "0.076"
        },
        {
            "attrs": {
                "arch": "x86_64",
                "build": "1",
                "build_number": 1,
                "depends": [
                    "perl-threaded"
                ],
                "license": "apache_2_0",
                "machine": "x86_64",
                "operatingsystem": "linux",
                "platform": "linux",
                "subdir": "linux-64",
                "target-triplet": "x86_64-any-linux"
            },
            "basename": "linux-64/perl-path-tiny-0.076-1.tar.bz2",
            "dependencies": {
                "depends": [
                    {
                        "name": "perl-threaded",
                        "specs": []
                    }
                ]
            },
            "description": null,
            "distribution_type": "conda",
            "download_url": "//api.anaconda.org/download/bioconda/perl-path-tiny/0.076/linux-64/perl-path-tiny-0.076-1.tar.bz2",
            "full_name": "bioconda/perl-path-tiny/0.076/linux-64/perl-path-tiny-0.076-1.tar.bz2",
            "labels": [
                "main",
                "cf201901"
            ],
            "md5": "48c361fa869dcc80d821bb81365ec4ab",
            "ndownloads": 627,
            "owner": "bioconda",
            "size": 22953,
            "type": "conda",
            "upload_time": "2016-04-15 00:13:55.932000+00:00",
            "version": "0.076"
        },
        {
            "attrs": {
                "arch": "x86_64",
                "build": "0",
                "build_number": 0,
                "depends": [
                    "perl-threaded"
                ],
                "license": "apache_2_0",
                "machine": "x86_64",
                "operatingsystem": "linux",
                "platform": "linux",
                "subdir": "linux-64",
                "target-triplet": "x86_64-any-linux"
            },
            "basename": "linux-64/perl-path-tiny-0.082-0.tar.bz2",
            "dependencies": {
                "depends": [
                    {
                        "name": "perl-threaded",
                        "specs": []
                    }
                ]
            },
            "description": null,
            "distribution_type": "conda",
            "download_url": "//api.anaconda.org/download/bioconda/perl-path-tiny/0.082/linux-64/perl-path-tiny-0.082-0.tar.bz2",
            "full_name": "bioconda/perl-path-tiny/0.082/linux-64/perl-path-tiny-0.082-0.tar.bz2",
            "labels": [
                "main",
                "cf201901"
            ],
            "md5": "bdbe50ebec277ca6f0cef748de6eda41",
            "ndownloads": 1510,
            "owner": "bioconda",
            "size": 25731,
            "type": "conda",
            "upload_time": "2016-06-15 18:19:06.170000+00:00",
            "version": "0.082"
        },
        {
            "attrs": {
                "arch": "x86_64",
                "build": "0",
                "build_number": 0,
                "depends": [
                    "perl-threaded"
                ],
                "license": "apache_2_0",
                "machine": "x86_64",
                "operatingsystem": "darwin",
                "platform": "osx",
                "subdir": "osx-64",
                "target-triplet": "x86_64-any-darwin"
            },
            "basename": "osx-64/perl-path-tiny-0.082-0.tar.bz2",
            "dependencies": {
                "depends": [
                    {
                        "name": "perl-threaded",
                        "specs": []
                    }
                ]
            },
            "description": null,
            "distribution_type": "conda",
            "download_url": "//api.anaconda.org/download/bioconda/perl-path-tiny/0.082/osx-64/perl-path-tiny-0.082-0.tar.bz2",
            "full_name": "bioconda/perl-path-tiny/0.082/osx-64/perl-path-tiny-0.082-0.tar.bz2",
            "labels": [
                "main",
                "cf201901"
            ],
            "md5": "8f100253250d21f867f88a03c4fa5874",
            "ndownloads": 259,
            "owner": "bioconda",
            "size": 32060,
            "type": "conda",
            "upload_time": "2016-06-15 18:32:40.916000+00:00",
            "version": "0.082"
        },
        {
            "attrs": {
                "arch": "x86_64",
                "build": "pl526_1",
                "build_number": 1,
                "depends": [
                    "perl >=5.26.0,<5.27.0a0"
                ],
                "has_prefix": true,
                "license": "apache_2_0",
                "machine": "x86_64",
                "operatingsystem": "darwin",
                "platform": "osx",
                "subdir": "osx-64",
                "target-triplet": "x86_64-any-darwin",
                "timestamp": 1529809787194
            },
            "basename": "osx-64/perl-path-tiny-0.082-pl526_1.tar.bz2",
            "dependencies": {
                "depends": [
                    {
                        "name": "perl",
                        "specs": [
                            [
                                ">=",
                                "5.26.0,<5.27.0a0"
                            ]
                        ]
                    }
                ]
            },
            "description": null,
            "distribution_type": "conda",
            "download_url": "//api.anaconda.org/download/bioconda/perl-path-tiny/0.082/osx-64/perl-path-tiny-0.082-pl526_1.tar.bz2",
            "full_name": "bioconda/perl-path-tiny/0.082/osx-64/perl-path-tiny-0.082-pl526_1.tar.bz2",
            "labels": [
                "main",
                "cf201901"
            ],
            "md5": "ca4ac2ffbdf5933b4ed1ef401a5e3d02",
            "ndownloads": 36,
            "owner": "bioconda",
            "size": 35129,
            "type": "conda",
            "upload_time": "2018-06-24 03:09:59.066000+00:00",
            "version": "0.082"
        },
        {
            "attrs": {
                "arch": "x86_64",
                "build": "pl526_0",
                "build_number": 0,
                "depends": [
                    "perl >=5.26.2,<5.26.3.0a0"
                ],
                "has_prefix": true,
                "license": "apache_2_0",
                "machine": "x86_64",
                "operatingsystem": "darwin",
                "platform": "osx",
                "subdir": "osx-64",
                "target-triplet": "x86_64-any-darwin",
                "timestamp": 1541970017151
            },
            "basename": "osx-64/perl-path-tiny-0.108-pl526_0.tar.bz2",
            "dependencies": {
                "depends": [
                    {
                        "name": "perl",
                        "specs": [
                            [
                                ">=",
                                "5.26.2,<5.26.3.0a0"
                            ]
                        ]
                    }
                ]
            },
            "description": null,
            "distribution_type": "conda",
            "download_url": "//api.anaconda.org/download/bioconda/perl-path-tiny/0.108/osx-64/perl-path-tiny-0.108-pl526_0.tar.bz2",
            "full_name": "bioconda/perl-path-tiny/0.108/osx-64/perl-path-tiny-0.108-pl526_0.tar.bz2",
            "labels": [
                "main",
                "cf201901"
            ],
            "md5": "636f88d68aa3ae8ea98cc5ea9ed31cdf",
            "ndownloads": 815,
            "owner": "bioconda",
            "size": 37029,
            "type": "conda",
            "upload_time": "2018-11-11 21:00:30.465000+00:00",
            "version": "0.108"
        },
        {
            "attrs": {
                "arch": "x86_64",
                "build": "pl526_1",
                "build_number": 1,
                "depends": [
                    "perl >=5.26.2,<5.27.0a0"
                ],
                "has_prefix": true,
                "license": "apache_2_0",
                "machine": "x86_64",
                "operatingsystem": "linux",
                "platform": "linux",
                "subdir": "linux-64",
                "target-triplet": "x86_64-any-linux",
                "timestamp": 1530918026190
            },
            "basename": "linux-64/perl-path-tiny-0.082-pl526_1.tar.bz2",
            "dependencies": {
                "depends": [
                    {
                        "name": "perl",
                        "specs": [
                            [
                                ">=",
                                "5.26.2,<5.27.0a0"
                            ]
                        ]
                    }
                ]
            },
            "description": null,
            "distribution_type": "conda",
            "download_url": "//api.anaconda.org/download/bioconda/perl-path-tiny/0.082/linux-64/perl-path-tiny-0.082-pl526_1.tar.bz2",
            "full_name": "bioconda/perl-path-tiny/0.082/linux-64/perl-path-tiny-0.082-pl526_1.tar.bz2",
            "labels": [
                "main",
                "cf201901"
            ],
            "md5": "7f332fb3f9039359812c7a71adf3876a",
            "ndownloads": 169,
            "owner": "bioconda",
            "size": 34832,
            "type": "conda",
            "upload_time": "2018-07-06 23:01:43.953000+00:00",
            "version": "0.082"
        },
        {
            "attrs": {
                "arch": "x86_64",
                "build": "pl526_2",
                "build_number": 2,
                "depends": [
                    "perl >=5.26.2,<5.26.3.0a0"
                ],
                "has_prefix": true,
                "license": "apache_2_0",
                "machine": "x86_64",
                "operatingsystem": "darwin",
                "platform": "osx",
                "subdir": "osx-64",
                "target-triplet": "x86_64-any-darwin",
                "timestamp": 1533591035596
            },
            "basename": "osx-64/perl-path-tiny-0.082-pl526_2.tar.bz2",
            "dependencies": {
                "depends": [
                    {
                        "name": "perl",
                        "specs": [
                            [
                                ">=",
                                "5.26.2,<5.26.3.0a0"
                            ]
                        ]
                    }
                ]
            },
            "description": null,
            "distribution_type": "conda",
            "download_url": "//api.anaconda.org/download/bioconda/perl-path-tiny/0.082/osx-64/perl-path-tiny-0.082-pl526_2.tar.bz2",
            "full_name": "bioconda/perl-path-tiny/0.082/osx-64/perl-path-tiny-0.082-pl526_2.tar.bz2",
            "labels": [
                "main",
                "cf201901"
            ],
            "md5": "cd80b42d7e5754a8c7a074dee1ac88ad",
            "ndownloads": 729,
            "owner": "bioconda",
            "size": 35259,
            "type": "conda",
            "upload_time": "2018-08-06 21:30:48.189000+00:00",
            "version": "0.082"
        },
        {
            "attrs": {
                "arch": "x86_64",
                "build": "pl526_0",
                "build_number": 0,
                "depends": [
                    "perl >=5.26.2,<5.26.3.0a0"
                ],
                "has_prefix": true,
                "license": "apache_2_0",
                "machine": "x86_64",
                "operatingsystem": "linux",
                "platform": "linux",
                "subdir": "linux-64",
                "target-triplet": "x86_64-any-linux",
                "timestamp": 1541969987575
            },
            "basename": "linux-64/perl-path-tiny-0.108-pl526_0.tar.bz2",
            "dependencies": {
                "depends": [
                    {
                        "name": "perl",
                        "specs": [
                            [
                                ">=",
                                "5.26.2,<5.26.3.0a0"
                            ]
                        ]
                    }
                ]
            },
            "description": null,
            "distribution_type": "conda",
            "download_url": "//api.anaconda.org/download/bioconda/perl-path-tiny/0.108/linux-64/perl-path-tiny-0.108-pl526_0.tar.bz2",
            "full_name": "bioconda/perl-path-tiny/0.108/linux-64/perl-path-tiny-0.108-pl526_0.tar.bz2",
            "labels": [
                "main",
                "cf201901"
            ],
            "md5": "4ae437900e8e4d3b3ba22368e7c8d082",
            "ndownloads": 924,
            "owner": "bioconda",
            "size": 37086,
            "type": "conda",
            "upload_time": "2018-11-11 21:02:06.738000+00:00",
            "version": "0.108"
        },
        {
            "attrs": {
                "arch": "x86_64",
                "build": "pl526_2",
                "build_number": 2,
                "depends": [
                    "perl >=5.26.2,<5.27.0a0"
                ],
                "has_prefix": true,
                "license": "apache_2_0",
                "machine": "x86_64",
                "operatingsystem": "linux",
                "platform": "linux",
                "subdir": "linux-64",
                "target-triplet": "x86_64-any-linux",
                "timestamp": 1530918220093
            },
            "basename": "linux-64/perl-path-tiny-0.076-pl526_2.tar.bz2",
            "dependencies": {
                "depends": [
                    {
                        "name": "perl",
                        "specs": [
                            [
                                ">=",
                                "5.26.2,<5.27.0a0"
                            ]
                        ]
                    }
                ]
            },
            "description": null,
            "distribution_type": "conda",
            "download_url": "//api.anaconda.org/download/bioconda/perl-path-tiny/0.076/linux-64/perl-path-tiny-0.076-pl526_2.tar.bz2",
            "full_name": "bioconda/perl-path-tiny/0.076/linux-64/perl-path-tiny-0.076-pl526_2.tar.bz2",
            "labels": [
                "main",
                "cf201901"
            ],
            "md5": "ebb10e41aa8fa344c9fce4c623db32bf",
            "ndownloads": 99,
            "owner": "bioconda",
            "size": 31929,
            "type": "conda",
            "upload_time": "2018-07-06 23:04:57.180000+00:00",
            "version": "0.076"
        },
        {
            "attrs": {
                "arch": "x86_64",
                "build": "pl526_2",
                "build_number": 2,
                "depends": [
                    "perl >=5.26.2,<5.26.3.0a0"
                ],
                "has_prefix": true,
                "license": "apache_2_0",
                "machine": "x86_64",
                "operatingsystem": "linux",
                "platform": "linux",
                "subdir": "linux-64",
                "target-triplet": "x86_64-any-linux",
                "timestamp": 1533591296315
            },
            "basename": "linux-64/perl-path-tiny-0.082-pl526_2.tar.bz2",
            "dependencies": {
                "depends": [
                    {
                        "name": "perl",
                        "specs": [
                            [
                                ">=",
                                "5.26.2,<5.26.3.0a0"
                            ]
                        ]
                    }
                ]
            },
            "description": null,
            "distribution_type": "conda",
            "download_url": "//api.anaconda.org/download/bioconda/perl-path-tiny/0.082/linux-64/perl-path-tiny-0.082-pl526_2.tar.bz2",
            "full_name": "bioconda/perl-path-tiny/0.082/linux-64/perl-path-tiny-0.082-pl526_2.tar.bz2",
            "labels": [
                "main",
                "cf201901"
            ],
            "md5": "cedf3d7170bfdd421ad0d49b19208c2e",
            "ndownloads": 171,
            "owner": "bioconda",
            "size": 35129,
            "type": "conda",
            "upload_time": "2018-08-06 21:36:22.030000+00:00",
            "version": "0.082"
        },
        {
            "attrs": {
                "arch": "x86_64",
                "build": "pl526_3",
                "build_number": 3,
                "depends": [
                    "perl >=5.26.2,<5.26.3.0a0"
                ],
                "has_prefix": true,
                "license": "apache_2_0",
                "machine": "x86_64",
                "operatingsystem": "darwin",
                "platform": "osx",
                "subdir": "osx-64",
                "target-triplet": "x86_64-any-darwin",
                "timestamp": 1552124974312
            },
            "basename": "osx-64/perl-path-tiny-0.076-pl526_3.tar.bz2",
            "dependencies": {
                "depends": [
                    {
                        "name": "perl",
                        "specs": [
                            [
                                ">=",
                                "5.26.2,<5.26.3.0a0"
                            ]
                        ]
                    }
                ]
            },
            "description": null,
            "distribution_type": "conda",
            "download_url": "//api.anaconda.org/download/bioconda/perl-path-tiny/0.076/osx-64/perl-path-tiny-0.076-pl526_3.tar.bz2",
            "full_name": "bioconda/perl-path-tiny/0.076/osx-64/perl-path-tiny-0.076-pl526_3.tar.bz2",
            "labels": [
                "main"
            ],
            "md5": "a86233522a9076a2970991cba12c4772",
            "ndownloads": 514,
            "owner": "bioconda",
            "size": 32713,
            "type": "conda",
            "upload_time": "2019-03-09 09:49:46.830000+00:00",
            "version": "0.076"
        },
        {
            "attrs": {
                "arch": "x86_64",
                "build": "pl526_3",
                "build_number": 3,
                "depends": [
                    "perl >=5.26.2,<5.26.3.0a0"
                ],
                "has_prefix": true,
                "license": "apache_2_0",
                "machine": "x86_64",
                "operatingsystem": "linux",
                "platform": "linux",
                "subdir": "linux-64",
                "target-triplet": "x86_64-any-linux",
                "timestamp": 1552130881188
            },
            "basename": "linux-64/perl-path-tiny-0.076-pl526_3.tar.bz2",
            "dependencies": {
                "depends": [
                    {
                        "name": "perl",
                        "specs": [
                            [
                                ">=",
                                "5.26.2,<5.26.3.0a0"
                            ]
                        ]
                    }
                ]
            },
            "description": null,
            "distribution_type": "conda",
            "download_url": "//api.anaconda.org/download/bioconda/perl-path-tiny/0.076/linux-64/perl-path-tiny-0.076-pl526_3.tar.bz2",
            "full_name": "bioconda/perl-path-tiny/0.076/linux-64/perl-path-tiny-0.076-pl526_3.tar.bz2",
            "labels": [
                "main"
            ],
            "md5": "6431468fe1f8d897505f1dc4e5c36c65",
            "ndownloads": 72,
            "owner": "bioconda",
            "size": 33018,
            "type": "conda",
            "upload_time": "2019-03-09 11:29:31.469000+00:00",
            "version": "0.076"
        }
    ],
    "full_name": "bioconda/perl-path-tiny",
    "home": "None",
    "html_url": "http://anaconda.org/bioconda/perl-path-tiny",
    "id": "56ccd5b6266fe4721d6ea542",
    "latest_version": "0.108",
    "license": "apache_2_0",
    "license_url": null,
    "modified_at": "2019-03-09 11:29:31.779000+00:00",
    "name": "perl-path-tiny",
    "owner": {
        "company": "",
        "created_at": "2015-09-11 22:59:20.880000+00:00",
        "description": "Bioconda is a distribution of bioinformatics software realized as a channel for the versatile Conda package manager.",
        "location": "",
        "login": "bioconda",
        "name": "bioconda",
        "url": "",
        "user_type": "org"
    },
    "package_types": [
        "conda"
    ],
    "public": true,
    "releases": [
        {
            "distributions": [
                "linux-64/perl-path-tiny-0.076-0.tar.bz2",
                "osx-64/perl-path-tiny-0.076-1.tar.bz2",
                "linux-64/perl-path-tiny-0.076-1.tar.bz2"
            ],
            "full_name": "bioconda/perl-path-tiny/0.076",
            "version": "0.076"
        },
        {
            "distributions": [
                "linux-64/perl-path-tiny-0.082-0.tar.bz2",
                "osx-64/perl-path-tiny-0.082-0.tar.bz2"
            ],
            "full_name": "bioconda/perl-path-tiny/0.082",
            "version": "0.082"
        },
        {
            "distributions": [],
            "full_name": "bioconda/perl-path-tiny/0.108",
            "version": "0.108"
        }
    ],
    "revision": 9,
    "source_git_tag": null,
    "source_git_url": null,
    "summary": "File path utility",
    "upvoted": 0,
    "url": "http://api.anaconda.org/packages/bioconda/perl-path-tiny",
    "versions": [
        "0.076",
        "0.082",
        "0.108"
    ],
    "watchers": 1
}