{
    "app_entry": {},
    "app_summary": {},
    "app_type": {},
    "builds": [
        "0",
        "pl526_1"
    ],
    "conda_platforms": [
        "linux-64"
    ],
    "created_at": "2016-02-25 23:43:55.078000+00:00",
    "description": "None",
    "dev_url": {},
    "doc_url": {},
    "files": [
        {
            "attrs": {
                "arch": "x86_64",
                "build": "0",
                "build_number": 0,
                "depends": [
                    "perl-threaded"
                ],
                "license": "apache_2_0",
                "machine": "x86_64",
                "operatingsystem": "linux",
                "platform": "linux",
                "subdir": "linux-64",
                "target-triplet": "x86_64-any-linux"
            },
            "basename": "linux-64/perl-pbkdf2-tiny-0.005-0.tar.bz2",
            "dependencies": {
                "depends": [
                    {
                        "name": "perl-threaded",
                        "specs": []
                    }
                ]
            },
            "description": null,
            "distribution_type": "conda",
            "download_url": "//api.anaconda.org/download/bioconda/perl-pbkdf2-tiny/0.005/linux-64/perl-pbkdf2-tiny-0.005-0.tar.bz2",
            "full_name": "bioconda/perl-pbkdf2-tiny/0.005/linux-64/perl-pbkdf2-tiny-0.005-0.tar.bz2",
            "labels": [
                "main",
                "cf201901"
            ],
            "md5": "568a9a078616581cb184fcfe2c7eebda",
            "ndownloads": 501,
            "owner": "bioconda",
            "size": 5137,
            "type": "conda",
            "upload_time": "2016-02-25 23:43:55.359000+00:00",
            "version": "0.005"
        },
        {
            "attrs": {
                "arch": "x86_64",
                "build": "pl526_1",
                "build_number": 1,
                "depends": [
                    "perl >=5.26.2,<5.27.0a0"
                ],
                "has_prefix": true,
                "license": "apache_2_0",
                "machine": "x86_64",
                "operatingsystem": "linux",
                "platform": "linux",
                "subdir": "linux-64",
                "target-triplet": "x86_64-any-linux",
                "timestamp": 1531655673851
            },
            "basename": "linux-64/perl-pbkdf2-tiny-0.005-pl526_1.tar.bz2",
            "dependencies": {
                "depends": [
                    {
                        "name": "perl",
                        "specs": [
                            [
                                ">=",
                                "5.26.2,<5.27.0a0"
                            ]
                        ]
                    }
                ]
            },
            "description": null,
            "distribution_type": "conda",
            "download_url": "//api.anaconda.org/download/bioconda/perl-pbkdf2-tiny/0.005/linux-64/perl-pbkdf2-tiny-0.005-pl526_1.tar.bz2",
            "full_name": "bioconda/perl-pbkdf2-tiny/0.005/linux-64/perl-pbkdf2-tiny-0.005-pl526_1.tar.bz2",
            "labels": [
                "main",
                "cf201901"
            ],
            "md5": "8672a97e7165a2656ec82677b07c56f4",
            "ndownloads": 961,
            "owner": "bioconda",
            "size": 9817,
            "type": "conda",
            "upload_time": "2018-07-15 11:55:49.324000+00:00",
            "version": "0.005"
        }
    ],
    "full_name": "bioconda/perl-pbkdf2-tiny",
    "home": "None",
    "html_url": "http://anaconda.org/bioconda/perl-pbkdf2-tiny",
    "id": "56cf91bb5b489279431e4807",
    "latest_version": "0.005",
    "license": "apache_2_0",
    "license_url": {},
    "modified_at": "2018-07-15 11:55:49.687000+00:00",
    "name": "perl-pbkdf2-tiny",
    "owner": {
        "company": "",
        "created_at": "2015-09-11 22:59:20.880000+00:00",
        "description": "Bioconda is a distribution of bioinformatics software realized as a channel for the versatile Conda package manager.",
        "location": "",
        "login": "bioconda",
        "name": "bioconda",
        "url": "",
        "user_type": "org"
    },
    "package_types": [
        "conda"
    ],
    "public": true,
    "releases": [
        {
            "distributions": [
                "linux-64/perl-pbkdf2-tiny-0.005-0.tar.bz2"
            ],
            "full_name": "bioconda/perl-pbkdf2-tiny/0.005",
            "version": "0.005"
        }
    ],
    "revision": 2,
    "source_git_tag": {},
    "source_git_url": {},
    "summary": "Minimalist PBKDF2 (RFC 2898) with HMAC-SHA1 or HMAC-SHA2",
    "upvoted": 0,
    "url": "http://api.anaconda.org/packages/bioconda/perl-pbkdf2-tiny",
    "versions": [
        "0.005"
    ],
    "watchers": 1
}