{
    "app_entry": {},
    "app_summary": {},
    "app_type": {},
    "builds": [
        "pl5.22.0_0",
        "pl526_2",
        "pl526_1"
    ],
    "conda_platforms": [
        "linux-64",
        "noarch",
        "osx-64"
    ],
    "created_at": "2017-02-24 10:22:28.682000+00:00",
    "description": "None",
    "dev_url": {},
    "doc_url": {},
    "files": [
        {
            "attrs": {
                "arch": "x86_64",
                "build": "pl526_1",
                "build_number": 1,
                "depends": [
                    "perl >=5.26.0,<5.27.0a0"
                ],
                "has_prefix": false,
                "license": "perl_5",
                "machine": "x86_64",
                "operatingsystem": "darwin",
                "platform": "osx",
                "subdir": "osx-64",
                "target-triplet": "x86_64-any-darwin",
                "timestamp": 1529902627987
            },
            "basename": "osx-64/perl-findbin-1.51-pl526_1.tar.bz2",
            "dependencies": {
                "depends": [
                    {
                        "name": "perl",
                        "specs": [
                            [
                                ">=",
                                "5.26.0,<5.27.0a0"
                            ]
                        ]
                    }
                ]
            },
            "description": null,
            "distribution_type": "conda",
            "download_url": "//api.anaconda.org/download/bioconda/perl-findbin/1.51/osx-64/perl-findbin-1.51-pl526_1.tar.bz2",
            "full_name": "bioconda/perl-findbin/1.51/osx-64/perl-findbin-1.51-pl526_1.tar.bz2",
            "labels": [
                "main",
                "cf201901"
            ],
            "md5": "49418d567fb0aca0912ddb4f14c695d6",
            "ndownloads": 916,
            "owner": "bioconda",
            "size": 3518,
            "type": "conda",
            "upload_time": "2018-06-25 04:57:14.016000+00:00",
            "version": "1.51"
        },
        {
            "attrs": {
                "arch": "x86_64",
                "build": "pl526_1",
                "build_number": 1,
                "depends": [
                    "perl >=5.26.2,<5.27.0a0"
                ],
                "has_prefix": false,
                "license": "perl_5",
                "machine": "x86_64",
                "operatingsystem": "linux",
                "platform": "linux",
                "subdir": "linux-64",
                "target-triplet": "x86_64-any-linux",
                "timestamp": 1530979257216
            },
            "basename": "linux-64/perl-findbin-1.51-pl526_1.tar.bz2",
            "dependencies": {
                "depends": [
                    {
                        "name": "perl",
                        "specs": [
                            [
                                ">=",
                                "5.26.2,<5.27.0a0"
                            ]
                        ]
                    }
                ]
            },
            "description": null,
            "distribution_type": "conda",
            "download_url": "//api.anaconda.org/download/bioconda/perl-findbin/1.51/linux-64/perl-findbin-1.51-pl526_1.tar.bz2",
            "full_name": "bioconda/perl-findbin/1.51/linux-64/perl-findbin-1.51-pl526_1.tar.bz2",
            "labels": [
                "main",
                "cf201901"
            ],
            "md5": "ba8a097ece3c2617a1d13be203b1fcfc",
            "ndownloads": 1732,
            "owner": "bioconda",
            "size": 3303,
            "type": "conda",
            "upload_time": "2018-07-07 16:02:08.909000+00:00",
            "version": "1.51"
        },
        {
            "attrs": {
                "arch": "x86_64",
                "build": "pl5.22.0_0",
                "build_number": 0,
                "depends": [
                    "perl 5.22.0*"
                ],
                "has_prefix": false,
                "license": "perl_5",
                "machine": "x86_64",
                "operatingsystem": "darwin",
                "platform": "osx",
                "subdir": "osx-64",
                "target-triplet": "x86_64-any-darwin"
            },
            "basename": "osx-64/perl-findbin-1.51-pl5.22.0_0.tar.bz2",
            "dependencies": {
                "depends": [
                    {
                        "name": "perl",
                        "specs": [
                            [
                                "==",
                                "5.22.0"
                            ]
                        ]
                    }
                ]
            },
            "description": null,
            "distribution_type": "conda",
            "download_url": "//api.anaconda.org/download/bioconda/perl-findbin/1.51/osx-64/perl-findbin-1.51-pl5.22.0_0.tar.bz2",
            "full_name": "bioconda/perl-findbin/1.51/osx-64/perl-findbin-1.51-pl5.22.0_0.tar.bz2",
            "labels": [
                "main",
                "cf201901"
            ],
            "md5": "861e1a143ff8e9924e17b5905650a9e4",
            "ndownloads": 200,
            "owner": "bioconda",
            "size": 1811,
            "type": "conda",
            "upload_time": "2017-02-24 10:58:04.039000+00:00",
            "version": "1.51"
        },
        {
            "attrs": {
                "arch": "x86_64",
                "build": "pl5.22.0_0",
                "build_number": 0,
                "depends": [
                    "perl 5.22.0*"
                ],
                "has_prefix": false,
                "license": "perl_5",
                "machine": "x86_64",
                "operatingsystem": "linux",
                "platform": "linux",
                "subdir": "linux-64",
                "target-triplet": "x86_64-any-linux"
            },
            "basename": "linux-64/perl-findbin-1.51-pl5.22.0_0.tar.bz2",
            "dependencies": {
                "depends": [
                    {
                        "name": "perl",
                        "specs": [
                            [
                                "==",
                                "5.22.0"
                            ]
                        ]
                    }
                ]
            },
            "description": null,
            "distribution_type": "conda",
            "download_url": "//api.anaconda.org/download/bioconda/perl-findbin/1.51/linux-64/perl-findbin-1.51-pl5.22.0_0.tar.bz2",
            "full_name": "bioconda/perl-findbin/1.51/linux-64/perl-findbin-1.51-pl5.22.0_0.tar.bz2",
            "labels": [
                "main",
                "cf201901"
            ],
            "md5": "2d163d52136efbaf69c872a479298f43",
            "ndownloads": 1910,
            "owner": "bioconda",
            "size": 2107,
            "type": "conda",
            "upload_time": "2017-02-24 10:22:29.011000+00:00",
            "version": "1.51"
        },
        {
            "attrs": {
                "arch": null,
                "build": "pl526_2",
                "build_number": 2,
                "depends": [
                    "perl >=5.26.2,<5.26.3.0a0"
                ],
                "has_prefix": false,
                "license": "perl_5",
                "machine": null,
                "noarch": "generic",
                "operatingsystem": null,
                "platform": null,
                "subdir": "noarch",
                "target-triplet": "None-any-None",
                "timestamp": 1564585500781
            },
            "basename": "noarch/perl-findbin-1.51-pl526_2.tar.bz2",
            "dependencies": {
                "depends": [
                    {
                        "name": "perl",
                        "specs": [
                            [
                                ">=",
                                "5.26.2,<5.26.3.0a0"
                            ]
                        ]
                    }
                ]
            },
            "description": null,
            "distribution_type": "conda",
            "download_url": "//api.anaconda.org/download/bioconda/perl-findbin/1.51/noarch/perl-findbin-1.51-pl526_2.tar.bz2",
            "full_name": "bioconda/perl-findbin/1.51/noarch/perl-findbin-1.51-pl526_2.tar.bz2",
            "labels": [
                "main"
            ],
            "md5": "e4d5c8ad55197900a71bdd4b3086e4a9",
            "ndownloads": 497,
            "owner": "bioconda",
            "size": 4684,
            "type": "conda",
            "upload_time": "2019-07-31 15:06:40.824000+00:00",
            "version": "1.51"
        }
    ],
    "full_name": "bioconda/perl-findbin",
    "home": "None",
    "html_url": "http://anaconda.org/bioconda/perl-findbin",
    "id": "58b00964eb3ae60a96e1e968",
    "latest_version": "1.51",
    "license": {},
    "license_url": {},
    "modified_at": "2019-07-31 15:06:41.198000+00:00",
    "name": "perl-findbin",
    "owner": {
        "company": "",
        "created_at": "2015-09-11 22:59:20.880000+00:00",
        "description": "Bioconda is a distribution of bioinformatics software realized as a channel for the versatile Conda package manager.",
        "location": "",
        "login": "bioconda",
        "name": "bioconda",
        "url": "",
        "user_type": "org"
    },
    "package_types": [
        "conda"
    ],
    "public": true,
    "releases": [
        {
            "distributions": [],
            "full_name": "bioconda/perl-findbin/1.51",
            "version": "1.51"
        }
    ],
    "revision": 1,
    "source_git_tag": {},
    "source_git_url": {},
    "summary": "",
    "upvoted": 0,
    "url": "http://api.anaconda.org/packages/bioconda/perl-findbin",
    "versions": [
        "1.51"
    ],
    "watchers": 1
}