{
    "app_entry": {},
    "app_summary": {},
    "app_type": {},
    "builds": [
        "0",
        "pl526_1",
        "pl526_0"
    ],
    "conda_platforms": [
        "linux-64",
        "osx-64"
    ],
    "created_at": "2016-06-18 01:20:28.104000+00:00",
    "description": "",
    "dev_url": null,
    "doc_url": null,
    "files": [
        {
            "attrs": {
                "arch": "x86_64",
                "build": "0",
                "build_number": 0,
                "depends": [
                    "perl-moo",
                    "perl-threaded",
                    "perl-type-tiny"
                ],
                "license": "perl_5",
                "machine": "x86_64",
                "operatingsystem": "linux",
                "platform": "linux",
                "subdir": "linux-64",
                "target-triplet": "x86_64-any-linux"
            },
            "basename": "linux-64/perl-array-compare-2.11-0.tar.bz2",
            "dependencies": {
                "depends": [
                    {
                        "name": "perl-moo",
                        "specs": []
                    },
                    {
                        "name": "perl-threaded",
                        "specs": []
                    },
                    {
                        "name": "perl-type-tiny",
                        "specs": []
                    }
                ]
            },
            "description": null,
            "distribution_type": "conda",
            "download_url": "//api.anaconda.org/download/bioconda/perl-array-compare/2.11/linux-64/perl-array-compare-2.11-0.tar.bz2",
            "full_name": "bioconda/perl-array-compare/2.11/linux-64/perl-array-compare-2.11-0.tar.bz2",
            "labels": [
                "main",
                "cf201901"
            ],
            "md5": "62d36a85ea525b5b722349be3e2a39ad",
            "ndownloads": 12408,
            "owner": "bioconda",
            "size": 5910,
            "type": "conda",
            "upload_time": "2016-06-18 02:30:10.743000+00:00",
            "version": "2.11"
        },
        {
            "attrs": {
                "arch": "x86_64",
                "build": "pl526_1",
                "build_number": 1,
                "depends": [
                    "perl >=5.26.2,<5.26.3.0a0",
                    "perl-carp",
                    "perl-moo",
                    "perl-type-tiny"
                ],
                "has_prefix": true,
                "license": "perl_5",
                "machine": "x86_64",
                "operatingsystem": "darwin",
                "platform": "osx",
                "subdir": "osx-64",
                "target-triplet": "x86_64-any-darwin",
                "timestamp": 1535016182345
            },
            "basename": "osx-64/perl-array-compare-3.0.1-pl526_1.tar.bz2",
            "dependencies": {
                "depends": [
                    {
                        "name": "perl",
                        "specs": [
                            [
                                ">=",
                                "5.26.2,<5.26.3.0a0"
                            ]
                        ]
                    },
                    {
                        "name": "perl-carp",
                        "specs": []
                    },
                    {
                        "name": "perl-moo",
                        "specs": []
                    },
                    {
                        "name": "perl-type-tiny",
                        "specs": []
                    }
                ]
            },
            "description": null,
            "distribution_type": "conda",
            "download_url": "//api.anaconda.org/download/bioconda/perl-array-compare/3.0.1/osx-64/perl-array-compare-3.0.1-pl526_1.tar.bz2",
            "full_name": "bioconda/perl-array-compare/3.0.1/osx-64/perl-array-compare-3.0.1-pl526_1.tar.bz2",
            "labels": [
                "main",
                "cf201901"
            ],
            "md5": "ed628b2cbf68f5d1f0fbcf2d805b3c46",
            "ndownloads": 2295,
            "owner": "bioconda",
            "size": 12471,
            "type": "conda",
            "upload_time": "2018-08-23 09:23:19.054000+00:00",
            "version": "3.0.1"
        },
        {
            "attrs": {
                "arch": "x86_64",
                "build": "pl526_1",
                "build_number": 1,
                "depends": [
                    "perl >=5.26.2,<5.26.3.0a0",
                    "perl-carp",
                    "perl-moo",
                    "perl-type-tiny"
                ],
                "has_prefix": true,
                "license": "perl_5",
                "machine": "x86_64",
                "operatingsystem": "linux",
                "platform": "linux",
                "subdir": "linux-64",
                "target-triplet": "x86_64-any-linux",
                "timestamp": 1535016314385
            },
            "basename": "linux-64/perl-array-compare-3.0.1-pl526_1.tar.bz2",
            "dependencies": {
                "depends": [
                    {
                        "name": "perl",
                        "specs": [
                            [
                                ">=",
                                "5.26.2,<5.26.3.0a0"
                            ]
                        ]
                    },
                    {
                        "name": "perl-carp",
                        "specs": []
                    },
                    {
                        "name": "perl-moo",
                        "specs": []
                    },
                    {
                        "name": "perl-type-tiny",
                        "specs": []
                    }
                ]
            },
            "description": null,
            "distribution_type": "conda",
            "download_url": "//api.anaconda.org/download/bioconda/perl-array-compare/3.0.1/linux-64/perl-array-compare-3.0.1-pl526_1.tar.bz2",
            "full_name": "bioconda/perl-array-compare/3.0.1/linux-64/perl-array-compare-3.0.1-pl526_1.tar.bz2",
            "labels": [
                "main",
                "cf201901"
            ],
            "md5": "707a482cecc408d3574ac06c1d681211",
            "ndownloads": 20696,
            "owner": "bioconda",
            "size": 12369,
            "type": "conda",
            "upload_time": "2018-08-23 09:26:32.752000+00:00",
            "version": "3.0.1"
        },
        {
            "attrs": {
                "arch": "x86_64",
                "build": "0",
                "build_number": 0,
                "depends": [
                    "perl-moo",
                    "perl-threaded",
                    "perl-type-tiny"
                ],
                "license": "perl_5",
                "machine": "x86_64",
                "operatingsystem": "darwin",
                "platform": "osx",
                "subdir": "osx-64",
                "target-triplet": "x86_64-any-darwin"
            },
            "basename": "osx-64/perl-array-compare-2.11-0.tar.bz2",
            "dependencies": {
                "depends": [
                    {
                        "name": "perl-moo",
                        "specs": []
                    },
                    {
                        "name": "perl-threaded",
                        "specs": []
                    },
                    {
                        "name": "perl-type-tiny",
                        "specs": []
                    }
                ]
            },
            "description": null,
            "distribution_type": "conda",
            "download_url": "//api.anaconda.org/download/bioconda/perl-array-compare/2.11/osx-64/perl-array-compare-2.11-0.tar.bz2",
            "full_name": "bioconda/perl-array-compare/2.11/osx-64/perl-array-compare-2.11-0.tar.bz2",
            "labels": [
                "main",
                "cf201901"
            ],
            "md5": "7db54bea7f49ebfb2ae87b6838811948",
            "ndownloads": 2800,
            "owner": "bioconda",
            "size": 9108,
            "type": "conda",
            "upload_time": "2016-06-18 01:20:28.518000+00:00",
            "version": "2.11"
        },
        {
            "attrs": {
                "arch": "x86_64",
                "build": "pl526_0",
                "build_number": 0,
                "depends": [
                    "perl >=5.26.2,<5.26.3.0a0",
                    "perl-carp",
                    "perl-moo",
                    "perl-types-standard"
                ],
                "has_prefix": true,
                "license": "perl_5",
                "machine": "x86_64",
                "operatingsystem": "darwin",
                "platform": "osx",
                "subdir": "osx-64",
                "target-triplet": "x86_64-any-darwin",
                "timestamp": 1533412916088
            },
            "basename": "osx-64/perl-array-compare-3.0.1-pl526_0.tar.bz2",
            "dependencies": {
                "depends": [
                    {
                        "name": "perl",
                        "specs": [
                            [
                                ">=",
                                "5.26.2,<5.26.3.0a0"
                            ]
                        ]
                    },
                    {
                        "name": "perl-carp",
                        "specs": []
                    },
                    {
                        "name": "perl-moo",
                        "specs": []
                    },
                    {
                        "name": "perl-types-standard",
                        "specs": []
                    }
                ]
            },
            "description": null,
            "distribution_type": "conda",
            "download_url": "//api.anaconda.org/download/bioconda/perl-array-compare/3.0.1/osx-64/perl-array-compare-3.0.1-pl526_0.tar.bz2",
            "full_name": "bioconda/perl-array-compare/3.0.1/osx-64/perl-array-compare-3.0.1-pl526_0.tar.bz2",
            "labels": [
                "main",
                "cf201901"
            ],
            "md5": "1b83102dfc6288c990e658d892c907ac",
            "ndownloads": 330,
            "owner": "bioconda",
            "size": 12478,
            "type": "conda",
            "upload_time": "2018-08-04 20:02:09.416000+00:00",
            "version": "3.0.1"
        },
        {
            "attrs": {
                "arch": "x86_64",
                "build": "pl526_0",
                "build_number": 0,
                "depends": [
                    "perl >=5.26.2,<5.26.3.0a0",
                    "perl-carp",
                    "perl-moo",
                    "perl-types-standard"
                ],
                "has_prefix": true,
                "license": "perl_5",
                "machine": "x86_64",
                "operatingsystem": "linux",
                "platform": "linux",
                "subdir": "linux-64",
                "target-triplet": "x86_64-any-linux",
                "timestamp": 1533413092219
            },
            "basename": "linux-64/perl-array-compare-3.0.1-pl526_0.tar.bz2",
            "dependencies": {
                "depends": [
                    {
                        "name": "perl",
                        "specs": [
                            [
                                ">=",
                                "5.26.2,<5.26.3.0a0"
                            ]
                        ]
                    },
                    {
                        "name": "perl-carp",
                        "specs": []
                    },
                    {
                        "name": "perl-moo",
                        "specs": []
                    },
                    {
                        "name": "perl-types-standard",
                        "specs": []
                    }
                ]
            },
            "description": null,
            "distribution_type": "conda",
            "download_url": "//api.anaconda.org/download/bioconda/perl-array-compare/3.0.1/linux-64/perl-array-compare-3.0.1-pl526_0.tar.bz2",
            "full_name": "bioconda/perl-array-compare/3.0.1/linux-64/perl-array-compare-3.0.1-pl526_0.tar.bz2",
            "labels": [
                "main",
                "cf201901"
            ],
            "md5": "b918da368d24cfe4c09caa03d99cb40d",
            "ndownloads": 728,
            "owner": "bioconda",
            "size": 12345,
            "type": "conda",
            "upload_time": "2018-08-04 20:06:09.864000+00:00",
            "version": "3.0.1"
        }
    ],
    "full_name": "bioconda/perl-array-compare",
    "home": "None",
    "html_url": "http://anaconda.org/bioconda/perl-array-compare",
    "id": "5764a1dc85581c25c558aab6",
    "latest_version": "3.0.1",
    "license": "perl_5",
    "license_url": null,
    "modified_at": "2018-08-23 09:26:33.461000+00:00",
    "name": "perl-array-compare",
    "owner": {
        "company": "",
        "created_at": "2015-09-11 22:59:20.880000+00:00",
        "description": "Bioconda is a distribution of bioinformatics software realized as a channel for the versatile Conda package manager.",
        "location": "",
        "login": "bioconda",
        "name": "bioconda",
        "url": "",
        "user_type": "org"
    },
    "package_types": [
        "conda"
    ],
    "public": true,
    "releases": [
        {
            "distributions": [
                "osx-64/perl-array-compare-2.11-0.tar.bz2",
                "linux-64/perl-array-compare-2.11-0.tar.bz2"
            ],
            "full_name": "bioconda/perl-array-compare/2.11",
            "version": "2.11"
        },
        {
            "distributions": [],
            "full_name": "bioconda/perl-array-compare/3.0.1",
            "version": "3.0.1"
        }
    ],
    "revision": 5,
    "source_git_tag": null,
    "source_git_url": null,
    "summary": "Perl extension for comparing arrays.",
    "upvoted": 0,
    "url": "http://api.anaconda.org/packages/bioconda/perl-array-compare",
    "versions": [
        "2.11",
        "3.0.1"
    ],
    "watchers": 1
}