{
    "app_entry": {},
    "app_summary": {},
    "app_type": {},
    "builds": [
        "pl5.22.0_2",
        "pl526_4",
        "pl526hfc679d8_5",
        "pl526hf484d3e_0",
        "pl526hfc679d8_0",
        "1",
        "pl526h0a44026_0",
        "pl526h6de7cb9_0",
        "pl526he1b5a44_0"
    ],
    "conda_platforms": [
        "linux-64",
        "osx-64"
    ],
    "created_at": "2016-11-08 12:38:37.535000+00:00",
    "description": "",
    "dev_url": null,
    "doc_url": null,
    "files": [
        {
            "attrs": {
                "arch": "x86_64",
                "build": "1",
                "build_number": 1,
                "depends": [
                    "perl-compress-raw-bzip2 >=2.069",
                    "perl-compress-raw-zlib",
                    "perl-scalar-list-utils",
                    "perl-threaded"
                ],
                "has_prefix": true,
                "license": "perl_5",
                "machine": "x86_64",
                "operatingsystem": "linux",
                "platform": "linux",
                "subdir": "linux-64",
                "target-triplet": "x86_64-any-linux"
            },
            "basename": "linux-64/perl-io-compress-2.069-1.tar.bz2",
            "dependencies": {
                "depends": [
                    {
                        "name": "perl-compress-raw-bzip2",
                        "specs": [
                            [
                                ">=",
                                "2.069"
                            ]
                        ]
                    },
                    {
                        "name": "perl-compress-raw-zlib",
                        "specs": []
                    },
                    {
                        "name": "perl-scalar-list-utils",
                        "specs": []
                    },
                    {
                        "name": "perl-threaded",
                        "specs": []
                    }
                ]
            },
            "description": null,
            "distribution_type": "conda",
            "download_url": "//api.anaconda.org/download/bioconda/perl-io-compress/2.069/linux-64/perl-io-compress-2.069-1.tar.bz2",
            "full_name": "bioconda/perl-io-compress/2.069/linux-64/perl-io-compress-2.069-1.tar.bz2",
            "labels": [
                "main",
                "cf201901"
            ],
            "md5": "3856f2c5a85bf4d0e4b9f378d0fcf3f1",
            "ndownloads": 3487,
            "owner": "bioconda",
            "size": 76291,
            "type": "conda",
            "upload_time": "2016-11-08 12:38:37.964000+00:00",
            "version": "2.069"
        },
        {
            "attrs": {
                "arch": "x86_64",
                "build": "1",
                "build_number": 1,
                "depends": [
                    "perl-compress-raw-bzip2 >=2.069",
                    "perl-compress-raw-zlib",
                    "perl-scalar-list-utils",
                    "perl-threaded"
                ],
                "has_prefix": true,
                "license": "perl_5",
                "machine": "x86_64",
                "operatingsystem": "darwin",
                "platform": "osx",
                "subdir": "osx-64",
                "target-triplet": "x86_64-any-darwin"
            },
            "basename": "osx-64/perl-io-compress-2.069-1.tar.bz2",
            "dependencies": {
                "depends": [
                    {
                        "name": "perl-compress-raw-bzip2",
                        "specs": [
                            [
                                ">=",
                                "2.069"
                            ]
                        ]
                    },
                    {
                        "name": "perl-compress-raw-zlib",
                        "specs": []
                    },
                    {
                        "name": "perl-scalar-list-utils",
                        "specs": []
                    },
                    {
                        "name": "perl-threaded",
                        "specs": []
                    }
                ]
            },
            "description": null,
            "distribution_type": "conda",
            "download_url": "//api.anaconda.org/download/bioconda/perl-io-compress/2.069/osx-64/perl-io-compress-2.069-1.tar.bz2",
            "full_name": "bioconda/perl-io-compress/2.069/osx-64/perl-io-compress-2.069-1.tar.bz2",
            "labels": [
                "main",
                "cf201901"
            ],
            "md5": "8e987d9fce156053f0afcc29990aea41",
            "ndownloads": 220,
            "owner": "bioconda",
            "size": 76525,
            "type": "conda",
            "upload_time": "2016-11-08 12:55:36.082000+00:00",
            "version": "2.069"
        },
        {
            "attrs": {
                "arch": "x86_64",
                "build": "pl526_4",
                "build_number": 4,
                "depends": [
                    "perl >=5.26.2,<5.27.0a0",
                    "perl-compress-raw-bzip2 >=2.069",
                    "perl-compress-raw-zlib",
                    "perl-scalar-list-utils"
                ],
                "has_prefix": true,
                "license": "perl_5",
                "machine": "x86_64",
                "operatingsystem": "darwin",
                "platform": "osx",
                "subdir": "osx-64",
                "target-triplet": "x86_64-any-darwin",
                "timestamp": 1531843884919
            },
            "basename": "osx-64/perl-io-compress-2.069-pl526_4.tar.bz2",
            "dependencies": {
                "depends": [
                    {
                        "name": "perl",
                        "specs": [
                            [
                                ">=",
                                "5.26.2,<5.27.0a0"
                            ]
                        ]
                    },
                    {
                        "name": "perl-compress-raw-bzip2",
                        "specs": [
                            [
                                ">=",
                                "2.069"
                            ]
                        ]
                    },
                    {
                        "name": "perl-compress-raw-zlib",
                        "specs": []
                    },
                    {
                        "name": "perl-scalar-list-utils",
                        "specs": []
                    }
                ]
            },
            "description": null,
            "distribution_type": "conda",
            "download_url": "//api.anaconda.org/download/bioconda/perl-io-compress/2.069/osx-64/perl-io-compress-2.069-pl526_4.tar.bz2",
            "full_name": "bioconda/perl-io-compress/2.069/osx-64/perl-io-compress-2.069-pl526_4.tar.bz2",
            "labels": [
                "main",
                "cf201901"
            ],
            "md5": "2fbaed870522dbdb1826189014953a6d",
            "ndownloads": 114,
            "owner": "bioconda",
            "size": 81178,
            "type": "conda",
            "upload_time": "2018-07-17 16:11:38.326000+00:00",
            "version": "2.069"
        },
        {
            "attrs": {
                "arch": "x86_64",
                "build": "pl526_4",
                "build_number": 4,
                "depends": [
                    "perl >=5.26.2,<5.27.0a0",
                    "perl-compress-raw-bzip2 >=2.069",
                    "perl-compress-raw-zlib",
                    "perl-scalar-list-utils"
                ],
                "has_prefix": true,
                "license": "perl_5",
                "machine": "x86_64",
                "operatingsystem": "linux",
                "platform": "linux",
                "subdir": "linux-64",
                "target-triplet": "x86_64-any-linux",
                "timestamp": 1531844185448
            },
            "basename": "linux-64/perl-io-compress-2.069-pl526_4.tar.bz2",
            "dependencies": {
                "depends": [
                    {
                        "name": "perl",
                        "specs": [
                            [
                                ">=",
                                "5.26.2,<5.27.0a0"
                            ]
                        ]
                    },
                    {
                        "name": "perl-compress-raw-bzip2",
                        "specs": [
                            [
                                ">=",
                                "2.069"
                            ]
                        ]
                    },
                    {
                        "name": "perl-compress-raw-zlib",
                        "specs": []
                    },
                    {
                        "name": "perl-scalar-list-utils",
                        "specs": []
                    }
                ]
            },
            "description": null,
            "distribution_type": "conda",
            "download_url": "//api.anaconda.org/download/bioconda/perl-io-compress/2.069/linux-64/perl-io-compress-2.069-pl526_4.tar.bz2",
            "full_name": "bioconda/perl-io-compress/2.069/linux-64/perl-io-compress-2.069-pl526_4.tar.bz2",
            "labels": [
                "main",
                "cf201901"
            ],
            "md5": "fb78b4888e8993674a2bd593833745a8",
            "ndownloads": 962,
            "owner": "bioconda",
            "size": 80863,
            "type": "conda",
            "upload_time": "2018-07-17 16:17:52.337000+00:00",
            "version": "2.069"
        },
        {
            "attrs": {
                "arch": "x86_64",
                "build": "pl5.22.0_2",
                "build_number": 2,
                "depends": [
                    "perl 5.22.0*",
                    "perl-compress-raw-bzip2 >=2.069",
                    "perl-compress-raw-zlib",
                    "perl-scalar-list-utils"
                ],
                "has_prefix": true,
                "license": "perl_5",
                "machine": "x86_64",
                "operatingsystem": "darwin",
                "platform": "osx",
                "subdir": "osx-64",
                "target-triplet": "x86_64-any-darwin"
            },
            "basename": "osx-64/perl-io-compress-2.069-pl5.22.0_2.tar.bz2",
            "dependencies": {
                "depends": [
                    {
                        "name": "perl",
                        "specs": [
                            [
                                "==",
                                "5.22.0"
                            ]
                        ]
                    },
                    {
                        "name": "perl-compress-raw-bzip2",
                        "specs": [
                            [
                                ">=",
                                "2.069"
                            ]
                        ]
                    },
                    {
                        "name": "perl-compress-raw-zlib",
                        "specs": []
                    },
                    {
                        "name": "perl-scalar-list-utils",
                        "specs": []
                    }
                ]
            },
            "description": null,
            "distribution_type": "conda",
            "download_url": "//api.anaconda.org/download/bioconda/perl-io-compress/2.069/osx-64/perl-io-compress-2.069-pl5.22.0_2.tar.bz2",
            "full_name": "bioconda/perl-io-compress/2.069/osx-64/perl-io-compress-2.069-pl5.22.0_2.tar.bz2",
            "labels": [
                "main",
                "cf201901"
            ],
            "md5": "53df0144860f5d26eb35331d6e9b1364",
            "ndownloads": 1161,
            "owner": "bioconda",
            "size": 80101,
            "type": "conda",
            "upload_time": "2018-02-15 12:34:37.202000+00:00",
            "version": "2.069"
        },
        {
            "attrs": {
                "arch": "x86_64",
                "build": "pl5.22.0_2",
                "build_number": 2,
                "depends": [
                    "perl 5.22.0*",
                    "perl-compress-raw-bzip2 >=2.069",
                    "perl-compress-raw-zlib",
                    "perl-scalar-list-utils"
                ],
                "has_prefix": true,
                "license": "perl_5",
                "machine": "x86_64",
                "operatingsystem": "linux",
                "platform": "linux",
                "subdir": "linux-64",
                "target-triplet": "x86_64-any-linux"
            },
            "basename": "linux-64/perl-io-compress-2.069-pl5.22.0_2.tar.bz2",
            "dependencies": {
                "depends": [
                    {
                        "name": "perl",
                        "specs": [
                            [
                                "==",
                                "5.22.0"
                            ]
                        ]
                    },
                    {
                        "name": "perl-compress-raw-bzip2",
                        "specs": [
                            [
                                ">=",
                                "2.069"
                            ]
                        ]
                    },
                    {
                        "name": "perl-compress-raw-zlib",
                        "specs": []
                    },
                    {
                        "name": "perl-scalar-list-utils",
                        "specs": []
                    }
                ]
            },
            "description": null,
            "distribution_type": "conda",
            "download_url": "//api.anaconda.org/download/bioconda/perl-io-compress/2.069/linux-64/perl-io-compress-2.069-pl5.22.0_2.tar.bz2",
            "full_name": "bioconda/perl-io-compress/2.069/linux-64/perl-io-compress-2.069-pl5.22.0_2.tar.bz2",
            "labels": [
                "main",
                "cf201901"
            ],
            "md5": "5f8c454ab486d480cd2cdb18b869a3b9",
            "ndownloads": 12835,
            "owner": "bioconda",
            "size": 80371,
            "type": "conda",
            "upload_time": "2018-02-15 15:17:29.472000+00:00",
            "version": "2.069"
        },
        {
            "attrs": {
                "arch": "x86_64",
                "build": "pl526hfc679d8_5",
                "build_number": 5,
                "depends": [
                    "perl >=5.26.2,<5.26.3.0a0",
                    "perl-compress-raw-bzip2 >=2.074",
                    "perl-compress-raw-zlib",
                    "perl-scalar-list-utils"
                ],
                "has_prefix": true,
                "license": "perl_5",
                "machine": "x86_64",
                "operatingsystem": "darwin",
                "platform": "osx",
                "subdir": "osx-64",
                "target-triplet": "x86_64-any-darwin",
                "timestamp": 1532104840943
            },
            "basename": "osx-64/perl-io-compress-2.069-pl526hfc679d8_5.tar.bz2",
            "dependencies": {
                "depends": [
                    {
                        "name": "perl",
                        "specs": [
                            [
                                ">=",
                                "5.26.2,<5.26.3.0a0"
                            ]
                        ]
                    },
                    {
                        "name": "perl-compress-raw-bzip2",
                        "specs": [
                            [
                                ">=",
                                "2.074"
                            ]
                        ]
                    },
                    {
                        "name": "perl-compress-raw-zlib",
                        "specs": []
                    },
                    {
                        "name": "perl-scalar-list-utils",
                        "specs": []
                    }
                ]
            },
            "description": null,
            "distribution_type": "conda",
            "download_url": "//api.anaconda.org/download/bioconda/perl-io-compress/2.069/osx-64/perl-io-compress-2.069-pl526hfc679d8_5.tar.bz2",
            "full_name": "bioconda/perl-io-compress/2.069/osx-64/perl-io-compress-2.069-pl526hfc679d8_5.tar.bz2",
            "labels": [
                "main",
                "cf201901"
            ],
            "md5": "4df1daf0ec07a73b04d8fc7f29abd110",
            "ndownloads": 1350,
            "owner": "bioconda",
            "size": 81285,
            "type": "conda",
            "upload_time": "2018-07-20 16:40:54.306000+00:00",
            "version": "2.069"
        },
        {
            "attrs": {
                "arch": "x86_64",
                "build": "pl526hfc679d8_5",
                "build_number": 5,
                "depends": [
                    "libgcc-ng >=4.9",
                    "libstdcxx-ng >=4.9",
                    "perl >=5.26.2,<5.26.3.0a0",
                    "perl-compress-raw-bzip2 >=2.074",
                    "perl-compress-raw-zlib",
                    "perl-scalar-list-utils"
                ],
                "has_prefix": true,
                "license": "perl_5",
                "machine": "x86_64",
                "operatingsystem": "linux",
                "platform": "linux",
                "subdir": "linux-64",
                "target-triplet": "x86_64-any-linux",
                "timestamp": 1532105077741
            },
            "basename": "linux-64/perl-io-compress-2.069-pl526hfc679d8_5.tar.bz2",
            "dependencies": {
                "depends": [
                    {
                        "name": "libgcc-ng",
                        "specs": [
                            [
                                ">=",
                                "4.9"
                            ]
                        ]
                    },
                    {
                        "name": "libstdcxx-ng",
                        "specs": [
                            [
                                ">=",
                                "4.9"
                            ]
                        ]
                    },
                    {
                        "name": "perl",
                        "specs": [
                            [
                                ">=",
                                "5.26.2,<5.26.3.0a0"
                            ]
                        ]
                    },
                    {
                        "name": "perl-compress-raw-bzip2",
                        "specs": [
                            [
                                ">=",
                                "2.074"
                            ]
                        ]
                    },
                    {
                        "name": "perl-compress-raw-zlib",
                        "specs": []
                    },
                    {
                        "name": "perl-scalar-list-utils",
                        "specs": []
                    }
                ]
            },
            "description": null,
            "distribution_type": "conda",
            "download_url": "//api.anaconda.org/download/bioconda/perl-io-compress/2.069/linux-64/perl-io-compress-2.069-pl526hfc679d8_5.tar.bz2",
            "full_name": "bioconda/perl-io-compress/2.069/linux-64/perl-io-compress-2.069-pl526hfc679d8_5.tar.bz2",
            "labels": [
                "main",
                "cf201901"
            ],
            "md5": "082475a42e38ee57b074ccdc92714ed7",
            "ndownloads": 11089,
            "owner": "bioconda",
            "size": 81164,
            "type": "conda",
            "upload_time": "2018-07-20 16:46:07.325000+00:00",
            "version": "2.069"
        },
        {
            "attrs": {
                "arch": "x86_64",
                "build": "pl526hfc679d8_0",
                "build_number": 0,
                "depends": [
                    "perl >=5.26.2,<5.26.3.0a0",
                    "perl-compress-raw-bzip2 >=2.074",
                    "perl-compress-raw-zlib",
                    "perl-scalar-list-utils"
                ],
                "has_prefix": true,
                "license": "perl_5",
                "machine": "x86_64",
                "operatingsystem": "darwin",
                "platform": "osx",
                "subdir": "osx-64",
                "target-triplet": "x86_64-any-darwin",
                "timestamp": 1542590432346
            },
            "basename": "osx-64/perl-io-compress-2.081-pl526hfc679d8_0.tar.bz2",
            "dependencies": {
                "depends": [
                    {
                        "name": "perl",
                        "specs": [
                            [
                                ">=",
                                "5.26.2,<5.26.3.0a0"
                            ]
                        ]
                    },
                    {
                        "name": "perl-compress-raw-bzip2",
                        "specs": [
                            [
                                ">=",
                                "2.074"
                            ]
                        ]
                    },
                    {
                        "name": "perl-compress-raw-zlib",
                        "specs": []
                    },
                    {
                        "name": "perl-scalar-list-utils",
                        "specs": []
                    }
                ]
            },
            "description": null,
            "distribution_type": "conda",
            "download_url": "//api.anaconda.org/download/bioconda/perl-io-compress/2.081/osx-64/perl-io-compress-2.081-pl526hfc679d8_0.tar.bz2",
            "full_name": "bioconda/perl-io-compress/2.081/osx-64/perl-io-compress-2.081-pl526hfc679d8_0.tar.bz2",
            "labels": [
                "main",
                "cf201901"
            ],
            "md5": "2823f59114b17e6898ade795a681ae5c",
            "ndownloads": 1053,
            "owner": "bioconda",
            "size": 81138,
            "type": "conda",
            "upload_time": "2018-11-19 01:20:45.214000+00:00",
            "version": "2.081"
        },
        {
            "attrs": {
                "arch": "x86_64",
                "build": "pl526hfc679d8_0",
                "build_number": 0,
                "depends": [
                    "libgcc-ng >=4.9",
                    "libstdcxx-ng >=4.9",
                    "perl >=5.26.2,<5.26.3.0a0",
                    "perl-compress-raw-bzip2 >=2.074",
                    "perl-compress-raw-zlib",
                    "perl-scalar-list-utils"
                ],
                "has_prefix": true,
                "license": "perl_5",
                "machine": "x86_64",
                "operatingsystem": "linux",
                "platform": "linux",
                "subdir": "linux-64",
                "target-triplet": "x86_64-any-linux",
                "timestamp": 1542595446150
            },
            "basename": "linux-64/perl-io-compress-2.081-pl526hfc679d8_0.tar.bz2",
            "dependencies": {
                "depends": [
                    {
                        "name": "libgcc-ng",
                        "specs": [
                            [
                                ">=",
                                "4.9"
                            ]
                        ]
                    },
                    {
                        "name": "libstdcxx-ng",
                        "specs": [
                            [
                                ">=",
                                "4.9"
                            ]
                        ]
                    },
                    {
                        "name": "perl",
                        "specs": [
                            [
                                ">=",
                                "5.26.2,<5.26.3.0a0"
                            ]
                        ]
                    },
                    {
                        "name": "perl-compress-raw-bzip2",
                        "specs": [
                            [
                                ">=",
                                "2.074"
                            ]
                        ]
                    },
                    {
                        "name": "perl-compress-raw-zlib",
                        "specs": []
                    },
                    {
                        "name": "perl-scalar-list-utils",
                        "specs": []
                    }
                ]
            },
            "description": null,
            "distribution_type": "conda",
            "download_url": "//api.anaconda.org/download/bioconda/perl-io-compress/2.081/linux-64/perl-io-compress-2.081-pl526hfc679d8_0.tar.bz2",
            "full_name": "bioconda/perl-io-compress/2.081/linux-64/perl-io-compress-2.081-pl526hfc679d8_0.tar.bz2",
            "labels": [
                "main",
                "cf201901"
            ],
            "md5": "da43d2a7a3aa8c252c56a7087b8560a6",
            "ndownloads": 3067,
            "owner": "bioconda",
            "size": 81139,
            "type": "conda",
            "upload_time": "2018-11-19 02:45:27.206000+00:00",
            "version": "2.081"
        },
        {
            "attrs": {
                "arch": "x86_64",
                "build": "pl526hfc679d8_0",
                "build_number": 0,
                "depends": [
                    "perl >=5.26.2,<5.26.3.0a0",
                    "perl-compress-raw-bzip2 >=2.083",
                    "perl-compress-raw-zlib",
                    "perl-scalar-list-utils"
                ],
                "has_prefix": true,
                "license": "perl_5",
                "machine": "x86_64",
                "operatingsystem": "darwin",
                "platform": "osx",
                "subdir": "osx-64",
                "target-triplet": "x86_64-any-darwin",
                "timestamp": 1546515446742
            },
            "basename": "osx-64/perl-io-compress-2.083-pl526hfc679d8_0.tar.bz2",
            "dependencies": {
                "depends": [
                    {
                        "name": "perl",
                        "specs": [
                            [
                                ">=",
                                "5.26.2,<5.26.3.0a0"
                            ]
                        ]
                    },
                    {
                        "name": "perl-compress-raw-bzip2",
                        "specs": [
                            [
                                ">=",
                                "2.083"
                            ]
                        ]
                    },
                    {
                        "name": "perl-compress-raw-zlib",
                        "specs": []
                    },
                    {
                        "name": "perl-scalar-list-utils",
                        "specs": []
                    }
                ]
            },
            "description": null,
            "distribution_type": "conda",
            "download_url": "//api.anaconda.org/download/bioconda/perl-io-compress/2.083/osx-64/perl-io-compress-2.083-pl526hfc679d8_0.tar.bz2",
            "full_name": "bioconda/perl-io-compress/2.083/osx-64/perl-io-compress-2.083-pl526hfc679d8_0.tar.bz2",
            "labels": [
                "main",
                "cf201901"
            ],
            "md5": "998ee48c7da13b8620eb5cd8c96275fc",
            "ndownloads": 802,
            "owner": "bioconda",
            "size": 81153,
            "type": "conda",
            "upload_time": "2019-01-03 11:37:40.899000+00:00",
            "version": "2.083"
        },
        {
            "attrs": {
                "arch": "x86_64",
                "build": "pl526hfc679d8_0",
                "build_number": 0,
                "depends": [
                    "libgcc-ng >=4.9",
                    "libstdcxx-ng >=4.9",
                    "perl >=5.26.2,<5.26.3.0a0",
                    "perl-compress-raw-bzip2 >=2.083",
                    "perl-compress-raw-zlib",
                    "perl-scalar-list-utils"
                ],
                "has_prefix": true,
                "license": "perl_5",
                "machine": "x86_64",
                "operatingsystem": "linux",
                "platform": "linux",
                "subdir": "linux-64",
                "target-triplet": "x86_64-any-linux",
                "timestamp": 1546515600074
            },
            "basename": "linux-64/perl-io-compress-2.083-pl526hfc679d8_0.tar.bz2",
            "dependencies": {
                "depends": [
                    {
                        "name": "libgcc-ng",
                        "specs": [
                            [
                                ">=",
                                "4.9"
                            ]
                        ]
                    },
                    {
                        "name": "libstdcxx-ng",
                        "specs": [
                            [
                                ">=",
                                "4.9"
                            ]
                        ]
                    },
                    {
                        "name": "perl",
                        "specs": [
                            [
                                ">=",
                                "5.26.2,<5.26.3.0a0"
                            ]
                        ]
                    },
                    {
                        "name": "perl-compress-raw-bzip2",
                        "specs": [
                            [
                                ">=",
                                "2.083"
                            ]
                        ]
                    },
                    {
                        "name": "perl-compress-raw-zlib",
                        "specs": []
                    },
                    {
                        "name": "perl-scalar-list-utils",
                        "specs": []
                    }
                ]
            },
            "description": null,
            "distribution_type": "conda",
            "download_url": "//api.anaconda.org/download/bioconda/perl-io-compress/2.083/linux-64/perl-io-compress-2.083-pl526hfc679d8_0.tar.bz2",
            "full_name": "bioconda/perl-io-compress/2.083/linux-64/perl-io-compress-2.083-pl526hfc679d8_0.tar.bz2",
            "labels": [
                "main",
                "cf201901"
            ],
            "md5": "41df934c30496d258c9880da13b6529b",
            "ndownloads": 404,
            "owner": "bioconda",
            "size": 81693,
            "type": "conda",
            "upload_time": "2019-01-03 11:41:22.419000+00:00",
            "version": "2.083"
        },
        {
            "attrs": {
                "arch": "x86_64",
                "build": "pl526hfc679d8_0",
                "build_number": 0,
                "depends": [
                    "libgcc-ng >=4.9",
                    "libstdcxx-ng >=4.9",
                    "perl >=5.26.2,<5.26.3.0a0",
                    "perl-compress-raw-bzip2 >=2.084",
                    "perl-compress-raw-zlib >=2.084",
                    "perl-scalar-list-utils"
                ],
                "has_prefix": true,
                "license": "perl_5",
                "machine": "x86_64",
                "operatingsystem": "linux",
                "platform": "linux",
                "subdir": "linux-64",
                "target-triplet": "x86_64-any-linux",
                "timestamp": 1546965492669
            },
            "basename": "linux-64/perl-io-compress-2.084-pl526hfc679d8_0.tar.bz2",
            "dependencies": {
                "depends": [
                    {
                        "name": "libgcc-ng",
                        "specs": [
                            [
                                ">=",
                                "4.9"
                            ]
                        ]
                    },
                    {
                        "name": "libstdcxx-ng",
                        "specs": [
                            [
                                ">=",
                                "4.9"
                            ]
                        ]
                    },
                    {
                        "name": "perl",
                        "specs": [
                            [
                                ">=",
                                "5.26.2,<5.26.3.0a0"
                            ]
                        ]
                    },
                    {
                        "name": "perl-compress-raw-bzip2",
                        "specs": [
                            [
                                ">=",
                                "2.084"
                            ]
                        ]
                    },
                    {
                        "name": "perl-compress-raw-zlib",
                        "specs": [
                            [
                                ">=",
                                "2.084"
                            ]
                        ]
                    },
                    {
                        "name": "perl-scalar-list-utils",
                        "specs": []
                    }
                ]
            },
            "description": null,
            "distribution_type": "conda",
            "download_url": "//api.anaconda.org/download/bioconda/perl-io-compress/2.084/linux-64/perl-io-compress-2.084-pl526hfc679d8_0.tar.bz2",
            "full_name": "bioconda/perl-io-compress/2.084/linux-64/perl-io-compress-2.084-pl526hfc679d8_0.tar.bz2",
            "labels": [
                "main",
                "cf201901"
            ],
            "md5": "ffe6e51d5ad633c918c8fa91c897e6fe",
            "ndownloads": 38103,
            "owner": "bioconda",
            "size": 81796,
            "type": "conda",
            "upload_time": "2019-01-08 16:39:32.661000+00:00",
            "version": "2.084"
        },
        {
            "attrs": {
                "arch": "x86_64",
                "build": "pl526hfc679d8_0",
                "build_number": 0,
                "depends": [
                    "perl >=5.26.2,<5.26.3.0a0",
                    "perl-compress-raw-bzip2 >=2.084",
                    "perl-compress-raw-zlib >=2.084",
                    "perl-scalar-list-utils"
                ],
                "has_prefix": true,
                "license": "perl_5",
                "machine": "x86_64",
                "operatingsystem": "darwin",
                "platform": "osx",
                "subdir": "osx-64",
                "target-triplet": "x86_64-any-darwin",
                "timestamp": 1546965612806
            },
            "basename": "osx-64/perl-io-compress-2.084-pl526hfc679d8_0.tar.bz2",
            "dependencies": {
                "depends": [
                    {
                        "name": "perl",
                        "specs": [
                            [
                                ">=",
                                "5.26.2,<5.26.3.0a0"
                            ]
                        ]
                    },
                    {
                        "name": "perl-compress-raw-bzip2",
                        "specs": [
                            [
                                ">=",
                                "2.084"
                            ]
                        ]
                    },
                    {
                        "name": "perl-compress-raw-zlib",
                        "specs": [
                            [
                                ">=",
                                "2.084"
                            ]
                        ]
                    },
                    {
                        "name": "perl-scalar-list-utils",
                        "specs": []
                    }
                ]
            },
            "description": null,
            "distribution_type": "conda",
            "download_url": "//api.anaconda.org/download/bioconda/perl-io-compress/2.084/osx-64/perl-io-compress-2.084-pl526hfc679d8_0.tar.bz2",
            "full_name": "bioconda/perl-io-compress/2.084/osx-64/perl-io-compress-2.084-pl526hfc679d8_0.tar.bz2",
            "labels": [
                "main",
                "cf201901"
            ],
            "md5": "19c3c618c982abe2284a02409d47cd6d",
            "ndownloads": 1241,
            "owner": "bioconda",
            "size": 81283,
            "type": "conda",
            "upload_time": "2019-01-08 16:40:30.253000+00:00",
            "version": "2.084"
        },
        {
            "attrs": {
                "arch": "x86_64",
                "build": "pl526hf484d3e_0",
                "build_number": 0,
                "depends": [
                    "libgcc-ng >=7.3.0",
                    "libstdcxx-ng >=7.3.0",
                    "perl >=5.26.2,<5.26.3.0a0",
                    "perl-compress-raw-bzip2 >=2.084",
                    "perl-compress-raw-zlib >=2.084",
                    "perl-scalar-list-utils"
                ],
                "has_prefix": true,
                "license": "perl_5",
                "machine": "x86_64",
                "operatingsystem": "linux",
                "platform": "linux",
                "subdir": "linux-64",
                "target-triplet": "x86_64-any-linux",
                "timestamp": 1556377240060
            },
            "basename": "linux-64/perl-io-compress-2.086-pl526hf484d3e_0.tar.bz2",
            "dependencies": {
                "depends": [
                    {
                        "name": "libgcc-ng",
                        "specs": [
                            [
                                ">=",
                                "7.3.0"
                            ]
                        ]
                    },
                    {
                        "name": "libstdcxx-ng",
                        "specs": [
                            [
                                ">=",
                                "7.3.0"
                            ]
                        ]
                    },
                    {
                        "name": "perl",
                        "specs": [
                            [
                                ">=",
                                "5.26.2,<5.26.3.0a0"
                            ]
                        ]
                    },
                    {
                        "name": "perl-compress-raw-bzip2",
                        "specs": [
                            [
                                ">=",
                                "2.084"
                            ]
                        ]
                    },
                    {
                        "name": "perl-compress-raw-zlib",
                        "specs": [
                            [
                                ">=",
                                "2.084"
                            ]
                        ]
                    },
                    {
                        "name": "perl-scalar-list-utils",
                        "specs": []
                    }
                ]
            },
            "description": null,
            "distribution_type": "conda",
            "download_url": "//api.anaconda.org/download/bioconda/perl-io-compress/2.086/linux-64/perl-io-compress-2.086-pl526hf484d3e_0.tar.bz2",
            "full_name": "bioconda/perl-io-compress/2.086/linux-64/perl-io-compress-2.086-pl526hf484d3e_0.tar.bz2",
            "labels": [
                "main"
            ],
            "md5": "b0e98686c6726521d6a5173c42d40837",
            "ndownloads": 15331,
            "owner": "bioconda",
            "size": 82252,
            "type": "conda",
            "upload_time": "2019-04-27 15:02:28.740000+00:00",
            "version": "2.086"
        },
        {
            "attrs": {
                "arch": "x86_64",
                "build": "pl526h0a44026_0",
                "build_number": 0,
                "depends": [
                    "libcxx >=4.0.1",
                    "perl >=5.26.2,<5.26.3.0a0",
                    "perl-compress-raw-bzip2 >=2.084",
                    "perl-compress-raw-zlib >=2.084",
                    "perl-scalar-list-utils"
                ],
                "has_prefix": true,
                "license": "perl_5",
                "machine": "x86_64",
                "operatingsystem": "darwin",
                "platform": "osx",
                "subdir": "osx-64",
                "target-triplet": "x86_64-any-darwin",
                "timestamp": 1556383652362
            },
            "basename": "osx-64/perl-io-compress-2.086-pl526h0a44026_0.tar.bz2",
            "dependencies": {
                "depends": [
                    {
                        "name": "libcxx",
                        "specs": [
                            [
                                ">=",
                                "4.0.1"
                            ]
                        ]
                    },
                    {
                        "name": "perl",
                        "specs": [
                            [
                                ">=",
                                "5.26.2,<5.26.3.0a0"
                            ]
                        ]
                    },
                    {
                        "name": "perl-compress-raw-bzip2",
                        "specs": [
                            [
                                ">=",
                                "2.084"
                            ]
                        ]
                    },
                    {
                        "name": "perl-compress-raw-zlib",
                        "specs": [
                            [
                                ">=",
                                "2.084"
                            ]
                        ]
                    },
                    {
                        "name": "perl-scalar-list-utils",
                        "specs": []
                    }
                ]
            },
            "description": null,
            "distribution_type": "conda",
            "download_url": "//api.anaconda.org/download/bioconda/perl-io-compress/2.086/osx-64/perl-io-compress-2.086-pl526h0a44026_0.tar.bz2",
            "full_name": "bioconda/perl-io-compress/2.086/osx-64/perl-io-compress-2.086-pl526h0a44026_0.tar.bz2",
            "labels": [
                "main"
            ],
            "md5": "50b41e86342142c6b39ef604f0398b0e",
            "ndownloads": 2534,
            "owner": "bioconda",
            "size": 82343,
            "type": "conda",
            "upload_time": "2019-04-27 16:47:53.267000+00:00",
            "version": "2.086"
        },
        {
            "attrs": {
                "arch": "x86_64",
                "build": "pl526h6de7cb9_0",
                "build_number": 0,
                "depends": [
                    "libcxx >=4.0.1",
                    "perl >=5.26.2,<5.26.3.0a0",
                    "perl-compress-raw-bzip2 >=2.087",
                    "perl-compress-raw-zlib >=2.087",
                    "perl-scalar-list-utils"
                ],
                "has_prefix": true,
                "license": "perl_5",
                "machine": "x86_64",
                "operatingsystem": "darwin",
                "platform": "osx",
                "subdir": "osx-64",
                "target-triplet": "x86_64-any-darwin",
                "timestamp": 1565469125421
            },
            "basename": "osx-64/perl-io-compress-2.087-pl526h6de7cb9_0.tar.bz2",
            "dependencies": {
                "depends": [
                    {
                        "name": "libcxx",
                        "specs": [
                            [
                                ">=",
                                "4.0.1"
                            ]
                        ]
                    },
                    {
                        "name": "perl",
                        "specs": [
                            [
                                ">=",
                                "5.26.2,<5.26.3.0a0"
                            ]
                        ]
                    },
                    {
                        "name": "perl-compress-raw-bzip2",
                        "specs": [
                            [
                                ">=",
                                "2.087"
                            ]
                        ]
                    },
                    {
                        "name": "perl-compress-raw-zlib",
                        "specs": [
                            [
                                ">=",
                                "2.087"
                            ]
                        ]
                    },
                    {
                        "name": "perl-scalar-list-utils",
                        "specs": []
                    }
                ]
            },
            "description": null,
            "distribution_type": "conda",
            "download_url": "//api.anaconda.org/download/bioconda/perl-io-compress/2.087/osx-64/perl-io-compress-2.087-pl526h6de7cb9_0.tar.bz2",
            "full_name": "bioconda/perl-io-compress/2.087/osx-64/perl-io-compress-2.087-pl526h6de7cb9_0.tar.bz2",
            "labels": [
                "main"
            ],
            "md5": "fd2c76c0de115da140ab9e56bc8e99fc",
            "ndownloads": 1293,
            "owner": "bioconda",
            "size": 82477,
            "type": "conda",
            "upload_time": "2019-08-10 20:32:23.975000+00:00",
            "version": "2.087"
        },
        {
            "attrs": {
                "arch": "x86_64",
                "build": "pl526he1b5a44_0",
                "build_number": 0,
                "depends": [
                    "libgcc-ng >=7.3.0",
                    "libstdcxx-ng >=7.3.0",
                    "perl >=5.26.2,<5.26.3.0a0",
                    "perl-compress-raw-bzip2 >=2.087",
                    "perl-compress-raw-zlib >=2.087",
                    "perl-scalar-list-utils"
                ],
                "has_prefix": false,
                "license": "perl_5",
                "machine": "x86_64",
                "operatingsystem": "linux",
                "platform": "linux",
                "subdir": "linux-64",
                "target-triplet": "x86_64-any-linux",
                "timestamp": 1565469123864
            },
            "basename": "linux-64/perl-io-compress-2.087-pl526he1b5a44_0.tar.bz2",
            "dependencies": {
                "depends": [
                    {
                        "name": "libgcc-ng",
                        "specs": [
                            [
                                ">=",
                                "7.3.0"
                            ]
                        ]
                    },
                    {
                        "name": "libstdcxx-ng",
                        "specs": [
                            [
                                ">=",
                                "7.3.0"
                            ]
                        ]
                    },
                    {
                        "name": "perl",
                        "specs": [
                            [
                                ">=",
                                "5.26.2,<5.26.3.0a0"
                            ]
                        ]
                    },
                    {
                        "name": "perl-compress-raw-bzip2",
                        "specs": [
                            [
                                ">=",
                                "2.087"
                            ]
                        ]
                    },
                    {
                        "name": "perl-compress-raw-zlib",
                        "specs": [
                            [
                                ">=",
                                "2.087"
                            ]
                        ]
                    },
                    {
                        "name": "perl-scalar-list-utils",
                        "specs": []
                    }
                ]
            },
            "description": null,
            "distribution_type": "conda",
            "download_url": "//api.anaconda.org/download/bioconda/perl-io-compress/2.087/linux-64/perl-io-compress-2.087-pl526he1b5a44_0.tar.bz2",
            "full_name": "bioconda/perl-io-compress/2.087/linux-64/perl-io-compress-2.087-pl526he1b5a44_0.tar.bz2",
            "labels": [
                "main"
            ],
            "md5": "67679464cddb80ccc4692c6d76a439d5",
            "ndownloads": 9611,
            "owner": "bioconda",
            "size": 82633,
            "type": "conda",
            "upload_time": "2019-08-10 20:33:53.727000+00:00",
            "version": "2.087"
        }
    ],
    "full_name": "bioconda/perl-io-compress",
    "home": "None",
    "html_url": "http://anaconda.org/bioconda/perl-io-compress",
    "id": "5821c74d9f69800f166780bb",
    "latest_version": "2.087",
    "license": "perl_5",
    "license_url": null,
    "modified_at": "2019-08-10 20:33:54.075000+00:00",
    "name": "perl-io-compress",
    "owner": {
        "company": "",
        "created_at": "2015-09-11 22:59:20.880000+00:00",
        "description": "Bioconda is a distribution of bioinformatics software realized as a channel for the versatile Conda package manager.",
        "location": "",
        "login": "bioconda",
        "name": "bioconda",
        "url": "",
        "user_type": "org"
    },
    "package_types": [
        "conda"
    ],
    "public": true,
    "releases": [
        {
            "distributions": [],
            "full_name": "bioconda/perl-io-compress/2.069",
            "version": "2.069"
        },
        {
            "distributions": [],
            "full_name": "bioconda/perl-io-compress/2.081",
            "version": "2.081"
        },
        {
            "distributions": [],
            "full_name": "bioconda/perl-io-compress/2.083",
            "version": "2.083"
        },
        {
            "distributions": [],
            "full_name": "bioconda/perl-io-compress/2.084",
            "version": "2.084"
        },
        {
            "distributions": [],
            "full_name": "bioconda/perl-io-compress/2.086",
            "version": "2.086"
        },
        {
            "distributions": [],
            "full_name": "bioconda/perl-io-compress/2.087",
            "version": "2.087"
        }
    ],
    "revision": 11,
    "source_git_tag": null,
    "source_git_url": null,
    "summary": "IO Interface to compressed data files/buffers",
    "upvoted": 0,
    "url": "http://api.anaconda.org/packages/bioconda/perl-io-compress",
    "versions": [
        "2.069",
        "2.081",
        "2.083",
        "2.084",
        "2.086",
        "2.087"
    ],
    "watchers": 1
}