{
    "app_entry": {},
    "app_summary": {},
    "app_type": {},
    "builds": [
        "pl5.22.0_0",
        "pl526_1"
    ],
    "conda_platforms": [
        "linux-64",
        "osx-64"
    ],
    "created_at": "2017-03-05 08:30:28.394000+00:00",
    "description": "None",
    "dev_url": {},
    "doc_url": {},
    "files": [
        {
            "attrs": {
                "arch": "x86_64",
                "build": "pl526_1",
                "build_number": 1,
                "depends": [
                    "perl >=5.26.2,<5.27.0a0",
                    "perl-clone"
                ],
                "has_prefix": true,
                "license": "unknown",
                "machine": "x86_64",
                "operatingsystem": "darwin",
                "platform": "osx",
                "subdir": "osx-64",
                "target-triplet": "x86_64-any-darwin",
                "timestamp": 1530978707606
            },
            "basename": "osx-64/perl-data-utilities-0.04-pl526_1.tar.bz2",
            "dependencies": {
                "depends": [
                    {
                        "name": "perl",
                        "specs": [
                            [
                                ">=",
                                "5.26.2,<5.27.0a0"
                            ]
                        ]
                    },
                    {
                        "name": "perl-clone",
                        "specs": []
                    }
                ]
            },
            "description": null,
            "distribution_type": "conda",
            "download_url": "//api.anaconda.org/download/bioconda/perl-data-utilities/0.04/osx-64/perl-data-utilities-0.04-pl526_1.tar.bz2",
            "full_name": "bioconda/perl-data-utilities/0.04/osx-64/perl-data-utilities-0.04-pl526_1.tar.bz2",
            "labels": [
                "main",
                "cf201901"
            ],
            "md5": "82269e79344f9192ccd7f9922eb11a16",
            "ndownloads": 501,
            "owner": "bioconda",
            "size": 21835,
            "type": "conda",
            "upload_time": "2018-07-07 15:52:00.307000+00:00",
            "version": "0.04"
        },
        {
            "attrs": {
                "arch": "x86_64",
                "build": "pl526_1",
                "build_number": 1,
                "depends": [
                    "perl >=5.26.2,<5.27.0a0",
                    "perl-clone"
                ],
                "has_prefix": true,
                "license": "unknown",
                "machine": "x86_64",
                "operatingsystem": "linux",
                "platform": "linux",
                "subdir": "linux-64",
                "target-triplet": "x86_64-any-linux",
                "timestamp": 1530985876516
            },
            "basename": "linux-64/perl-data-utilities-0.04-pl526_1.tar.bz2",
            "dependencies": {
                "depends": [
                    {
                        "name": "perl",
                        "specs": [
                            [
                                ">=",
                                "5.26.2,<5.27.0a0"
                            ]
                        ]
                    },
                    {
                        "name": "perl-clone",
                        "specs": []
                    }
                ]
            },
            "description": null,
            "distribution_type": "conda",
            "download_url": "//api.anaconda.org/download/bioconda/perl-data-utilities/0.04/linux-64/perl-data-utilities-0.04-pl526_1.tar.bz2",
            "full_name": "bioconda/perl-data-utilities/0.04/linux-64/perl-data-utilities-0.04-pl526_1.tar.bz2",
            "labels": [
                "main",
                "cf201901"
            ],
            "md5": "80b8631e641391f1b986baa2d6a45157",
            "ndownloads": 119,
            "owner": "bioconda",
            "size": 21608,
            "type": "conda",
            "upload_time": "2018-07-07 17:52:34.320000+00:00",
            "version": "0.04"
        },
        {
            "attrs": {
                "arch": "x86_64",
                "build": "pl5.22.0_0",
                "build_number": 0,
                "depends": [
                    "perl 5.22.0*",
                    "perl-clone"
                ],
                "has_prefix": true,
                "license": "unknown",
                "machine": "x86_64",
                "operatingsystem": "linux",
                "platform": "linux",
                "subdir": "linux-64",
                "target-triplet": "x86_64-any-linux"
            },
            "basename": "linux-64/perl-data-utilities-0.04-pl5.22.0_0.tar.bz2",
            "dependencies": {
                "depends": [
                    {
                        "name": "perl",
                        "specs": [
                            [
                                "==",
                                "5.22.0"
                            ]
                        ]
                    },
                    {
                        "name": "perl-clone",
                        "specs": []
                    }
                ]
            },
            "description": null,
            "distribution_type": "conda",
            "download_url": "//api.anaconda.org/download/bioconda/perl-data-utilities/0.04/linux-64/perl-data-utilities-0.04-pl5.22.0_0.tar.bz2",
            "full_name": "bioconda/perl-data-utilities/0.04/linux-64/perl-data-utilities-0.04-pl5.22.0_0.tar.bz2",
            "labels": [
                "main",
                "cf201901"
            ],
            "md5": "3bf6995aa76820f1969a6d6b29290980",
            "ndownloads": 548,
            "owner": "bioconda",
            "size": 19244,
            "type": "conda",
            "upload_time": "2017-03-05 08:32:06.133000+00:00",
            "version": "0.04"
        },
        {
            "attrs": {
                "arch": "x86_64",
                "build": "pl5.22.0_0",
                "build_number": 0,
                "depends": [
                    "perl 5.22.0*",
                    "perl-clone"
                ],
                "has_prefix": true,
                "license": "unknown",
                "machine": "x86_64",
                "operatingsystem": "darwin",
                "platform": "osx",
                "subdir": "osx-64",
                "target-triplet": "x86_64-any-darwin"
            },
            "basename": "osx-64/perl-data-utilities-0.04-pl5.22.0_0.tar.bz2",
            "dependencies": {
                "depends": [
                    {
                        "name": "perl",
                        "specs": [
                            [
                                "==",
                                "5.22.0"
                            ]
                        ]
                    },
                    {
                        "name": "perl-clone",
                        "specs": []
                    }
                ]
            },
            "description": null,
            "distribution_type": "conda",
            "download_url": "//api.anaconda.org/download/bioconda/perl-data-utilities/0.04/osx-64/perl-data-utilities-0.04-pl5.22.0_0.tar.bz2",
            "full_name": "bioconda/perl-data-utilities/0.04/osx-64/perl-data-utilities-0.04-pl5.22.0_0.tar.bz2",
            "labels": [
                "main",
                "cf201901"
            ],
            "md5": "a8282cbf6b3815ec115c7a98671aef2a",
            "ndownloads": 271,
            "owner": "bioconda",
            "size": 18979,
            "type": "conda",
            "upload_time": "2017-03-05 08:30:28.675000+00:00",
            "version": "0.04"
        }
    ],
    "full_name": "bioconda/perl-data-utilities",
    "home": "None",
    "html_url": "http://anaconda.org/bioconda/perl-data-utilities",
    "id": "58bbcca45190100ad6dab96f",
    "latest_version": "0.04",
    "license": {},
    "license_url": {},
    "modified_at": "2018-07-07 17:52:34.755000+00:00",
    "name": "perl-data-utilities",
    "owner": {
        "company": "",
        "created_at": "2015-09-11 22:59:20.880000+00:00",
        "description": "Bioconda is a distribution of bioinformatics software realized as a channel for the versatile Conda package manager.",
        "location": "",
        "login": "bioconda",
        "name": "bioconda",
        "url": "",
        "user_type": "org"
    },
    "package_types": [
        "conda"
    ],
    "public": true,
    "releases": [
        {
            "distributions": [],
            "full_name": "bioconda/perl-data-utilities/0.04",
            "version": "0.04"
        }
    ],
    "revision": 1,
    "source_git_tag": {},
    "source_git_url": {},
    "summary": "",
    "upvoted": 0,
    "url": "http://api.anaconda.org/packages/bioconda/perl-data-utilities",
    "versions": [
        "0.04"
    ],
    "watchers": 1
}