{
    "app_entry": {},
    "app_summary": {},
    "app_type": {},
    "builds": [
        "pl526_1",
        "pl526_0"
    ],
    "conda_platforms": [
        "linux-64",
        "osx-64"
    ],
    "created_at": "2018-08-20 12:18:25.620000+00:00",
    "description": "",
    "dev_url": null,
    "doc_url": null,
    "files": [
        {
            "attrs": {
                "arch": "x86_64",
                "build": "pl526_0",
                "build_number": 0,
                "depends": [
                    "perl >=5.26.2,<5.26.3.0a0"
                ],
                "has_prefix": true,
                "license": "perl_5",
                "machine": "x86_64",
                "operatingsystem": "darwin",
                "platform": "osx",
                "subdir": "osx-64",
                "target-triplet": "x86_64-any-darwin",
                "timestamp": 1534767490418
            },
            "basename": "osx-64/perl-env-1.04-pl526_0.tar.bz2",
            "dependencies": {
                "depends": [
                    {
                        "name": "perl",
                        "specs": [
                            [
                                ">=",
                                "5.26.2,<5.26.3.0a0"
                            ]
                        ]
                    }
                ]
            },
            "description": null,
            "distribution_type": "conda",
            "download_url": "//api.anaconda.org/download/bioconda/perl-env/1.04/osx-64/perl-env-1.04-pl526_0.tar.bz2",
            "full_name": "bioconda/perl-env/1.04/osx-64/perl-env-1.04-pl526_0.tar.bz2",
            "labels": [
                "main",
                "cf201901"
            ],
            "md5": "b52b15ef063dbc90e43026d7f189a80c",
            "ndownloads": 273,
            "owner": "bioconda",
            "size": 6376,
            "type": "conda",
            "upload_time": "2018-08-20 12:18:26.997000+00:00",
            "version": "1.04"
        },
        {
            "attrs": {
                "arch": "x86_64",
                "build": "pl526_0",
                "build_number": 0,
                "depends": [
                    "perl >=5.26.2,<5.26.3.0a0"
                ],
                "has_prefix": true,
                "license": "perl_5",
                "machine": "x86_64",
                "operatingsystem": "linux",
                "platform": "linux",
                "subdir": "linux-64",
                "target-triplet": "x86_64-any-linux",
                "timestamp": 1534767638519
            },
            "basename": "linux-64/perl-env-1.04-pl526_0.tar.bz2",
            "dependencies": {
                "depends": [
                    {
                        "name": "perl",
                        "specs": [
                            [
                                ">=",
                                "5.26.2,<5.26.3.0a0"
                            ]
                        ]
                    }
                ]
            },
            "description": null,
            "distribution_type": "conda",
            "download_url": "//api.anaconda.org/download/bioconda/perl-env/1.04/linux-64/perl-env-1.04-pl526_0.tar.bz2",
            "full_name": "bioconda/perl-env/1.04/linux-64/perl-env-1.04-pl526_0.tar.bz2",
            "labels": [
                "main",
                "cf201901"
            ],
            "md5": "0f4d76294254e726f096b28280f7992f",
            "ndownloads": 264,
            "owner": "bioconda",
            "size": 6226,
            "type": "conda",
            "upload_time": "2018-08-20 12:21:54.039000+00:00",
            "version": "1.04"
        },
        {
            "attrs": {
                "arch": "x86_64",
                "build": "pl526_1",
                "build_number": 1,
                "depends": [
                    "perl >=5.26.2,<5.26.3.0a0"
                ],
                "has_prefix": true,
                "license": "perl_5",
                "machine": "x86_64",
                "operatingsystem": "darwin",
                "platform": "osx",
                "subdir": "osx-64",
                "target-triplet": "x86_64-any-darwin",
                "timestamp": 1556830783361
            },
            "basename": "osx-64/perl-env-1.04-pl526_1.tar.bz2",
            "dependencies": {
                "depends": [
                    {
                        "name": "perl",
                        "specs": [
                            [
                                ">=",
                                "5.26.2,<5.26.3.0a0"
                            ]
                        ]
                    }
                ]
            },
            "description": null,
            "distribution_type": "conda",
            "download_url": "//api.anaconda.org/download/bioconda/perl-env/1.04/osx-64/perl-env-1.04-pl526_1.tar.bz2",
            "full_name": "bioconda/perl-env/1.04/osx-64/perl-env-1.04-pl526_1.tar.bz2",
            "labels": [
                "main"
            ],
            "md5": "e8d5ab34b287a4ca73deb9f3edf7d8ed",
            "ndownloads": 492,
            "owner": "bioconda",
            "size": 6788,
            "type": "conda",
            "upload_time": "2019-05-02 21:00:04.324000+00:00",
            "version": "1.04"
        },
        {
            "attrs": {
                "arch": "x86_64",
                "build": "pl526_1",
                "build_number": 1,
                "depends": [
                    "perl >=5.26.2,<5.26.3.0a0"
                ],
                "has_prefix": true,
                "license": "perl_5",
                "machine": "x86_64",
                "operatingsystem": "linux",
                "platform": "linux",
                "subdir": "linux-64",
                "target-triplet": "x86_64-any-linux",
                "timestamp": 1556831355746
            },
            "basename": "linux-64/perl-env-1.04-pl526_1.tar.bz2",
            "dependencies": {
                "depends": [
                    {
                        "name": "perl",
                        "specs": [
                            [
                                ">=",
                                "5.26.2,<5.26.3.0a0"
                            ]
                        ]
                    }
                ]
            },
            "description": null,
            "distribution_type": "conda",
            "download_url": "//api.anaconda.org/download/bioconda/perl-env/1.04/linux-64/perl-env-1.04-pl526_1.tar.bz2",
            "full_name": "bioconda/perl-env/1.04/linux-64/perl-env-1.04-pl526_1.tar.bz2",
            "labels": [
                "main"
            ],
            "md5": "441aaee05c7fe98a51898907442dbaea",
            "ndownloads": 131,
            "owner": "bioconda",
            "size": 6817,
            "type": "conda",
            "upload_time": "2019-05-02 21:11:01.724000+00:00",
            "version": "1.04"
        }
    ],
    "full_name": "bioconda/perl-env",
    "home": "http://search.cpan.org/dist/Env",
    "html_url": "http://anaconda.org/bioconda/perl-env",
    "id": "5b7ab1911abf28133a1764ec",
    "latest_version": "1.04",
    "license": "perl_5",
    "license_url": null,
    "modified_at": "2019-05-02 21:11:02.147000+00:00",
    "name": "perl-env",
    "owner": {
        "company": "",
        "created_at": "2015-09-11 22:59:20.880000+00:00",
        "description": "Bioconda is a distribution of bioinformatics software realized as a channel for the versatile Conda package manager.",
        "location": "",
        "login": "bioconda",
        "name": "bioconda",
        "url": "",
        "user_type": "org"
    },
    "package_types": [
        "conda"
    ],
    "public": true,
    "releases": [
        {
            "distributions": [],
            "full_name": "bioconda/perl-env/1.04",
            "version": "1.04"
        }
    ],
    "revision": 2,
    "source_git_tag": null,
    "source_git_url": null,
    "summary": "perl module that imports environment variables as scalars or arrays",
    "upvoted": 0,
    "url": "http://api.anaconda.org/packages/bioconda/perl-env",
    "versions": [
        "1.04"
    ],
    "watchers": 1
}