{
    "app_entry": {},
    "app_summary": {},
    "app_type": {},
    "builds": [
        "0",
        "pl526_1",
        "pl526_0"
    ],
    "conda_platforms": [
        "linux-64",
        "osx-64"
    ],
    "created_at": "2016-04-06 00:01:12.582000+00:00",
    "description": "",
    "dev_url": null,
    "doc_url": null,
    "files": [
        {
            "attrs": {
                "arch": "x86_64",
                "build": "pl526_1",
                "build_number": 1,
                "depends": [
                    "perl >=5.26.2,<5.27.0a0"
                ],
                "has_prefix": true,
                "license": "perl_5",
                "machine": "x86_64",
                "operatingsystem": "linux",
                "platform": "linux",
                "subdir": "linux-64",
                "target-triplet": "x86_64-any-linux",
                "timestamp": 1530909231779
            },
            "basename": "linux-64/perl-xml-sax-base-1.08-pl526_1.tar.bz2",
            "dependencies": {
                "depends": [
                    {
                        "name": "perl",
                        "specs": [
                            [
                                ">=",
                                "5.26.2,<5.27.0a0"
                            ]
                        ]
                    }
                ]
            },
            "description": null,
            "distribution_type": "conda",
            "download_url": "//api.anaconda.org/download/bioconda/perl-xml-sax-base/1.08/linux-64/perl-xml-sax-base-1.08-pl526_1.tar.bz2",
            "full_name": "bioconda/perl-xml-sax-base/1.08/linux-64/perl-xml-sax-base-1.08-pl526_1.tar.bz2",
            "labels": [
                "main",
                "cf201901"
            ],
            "md5": "2e8000d8c786b3d9f57d73aca35ed9c1",
            "ndownloads": 188,
            "owner": "bioconda",
            "size": 19178,
            "type": "conda",
            "upload_time": "2018-07-06 20:35:09.996000+00:00",
            "version": "1.08"
        },
        {
            "attrs": {
                "arch": "x86_64",
                "build": "pl526_1",
                "build_number": 1,
                "depends": [
                    "perl >=5.26.0,<5.27.0a0"
                ],
                "has_prefix": true,
                "license": "perl_5",
                "machine": "x86_64",
                "operatingsystem": "darwin",
                "platform": "osx",
                "subdir": "osx-64",
                "target-triplet": "x86_64-any-darwin",
                "timestamp": 1529799945171
            },
            "basename": "osx-64/perl-xml-sax-base-1.08-pl526_1.tar.bz2",
            "dependencies": {
                "depends": [
                    {
                        "name": "perl",
                        "specs": [
                            [
                                ">=",
                                "5.26.0,<5.27.0a0"
                            ]
                        ]
                    }
                ]
            },
            "description": null,
            "distribution_type": "conda",
            "download_url": "//api.anaconda.org/download/bioconda/perl-xml-sax-base/1.08/osx-64/perl-xml-sax-base-1.08-pl526_1.tar.bz2",
            "full_name": "bioconda/perl-xml-sax-base/1.08/osx-64/perl-xml-sax-base-1.08-pl526_1.tar.bz2",
            "labels": [
                "main",
                "cf201901"
            ],
            "md5": "d3e55c7243e472fdb2b8f34a0f381d1c",
            "ndownloads": 617,
            "owner": "bioconda",
            "size": 19366,
            "type": "conda",
            "upload_time": "2018-06-24 00:25:57.155000+00:00",
            "version": "1.08"
        },
        {
            "attrs": {
                "arch": "x86_64",
                "build": "0",
                "build_number": 0,
                "depends": [
                    "perl-threaded"
                ],
                "license": "perl_5",
                "machine": "x86_64",
                "operatingsystem": "linux",
                "platform": "linux",
                "subdir": "linux-64",
                "target-triplet": "x86_64-any-linux"
            },
            "basename": "linux-64/perl-xml-sax-base-1.08-0.tar.bz2",
            "dependencies": {
                "depends": [
                    {
                        "name": "perl-threaded",
                        "specs": []
                    }
                ]
            },
            "description": null,
            "distribution_type": "conda",
            "download_url": "//api.anaconda.org/download/bioconda/perl-xml-sax-base/1.08/linux-64/perl-xml-sax-base-1.08-0.tar.bz2",
            "full_name": "bioconda/perl-xml-sax-base/1.08/linux-64/perl-xml-sax-base-1.08-0.tar.bz2",
            "labels": [
                "main",
                "cf201901"
            ],
            "md5": "a4f141524d450da3e58e2048186bbfcb",
            "ndownloads": 19976,
            "owner": "bioconda",
            "size": 12852,
            "type": "conda",
            "upload_time": "2016-04-06 00:01:12.879000+00:00",
            "version": "1.08"
        },
        {
            "attrs": {
                "arch": "x86_64",
                "build": "0",
                "build_number": 0,
                "depends": [
                    "perl-threaded"
                ],
                "license": "perl_5",
                "machine": "x86_64",
                "operatingsystem": "darwin",
                "platform": "osx",
                "subdir": "osx-64",
                "target-triplet": "x86_64-any-darwin"
            },
            "basename": "osx-64/perl-xml-sax-base-1.08-0.tar.bz2",
            "dependencies": {
                "depends": [
                    {
                        "name": "perl-threaded",
                        "specs": []
                    }
                ]
            },
            "description": null,
            "distribution_type": "conda",
            "download_url": "//api.anaconda.org/download/bioconda/perl-xml-sax-base/1.08/osx-64/perl-xml-sax-base-1.08-0.tar.bz2",
            "full_name": "bioconda/perl-xml-sax-base/1.08/osx-64/perl-xml-sax-base-1.08-0.tar.bz2",
            "labels": [
                "main",
                "cf201901"
            ],
            "md5": "d91c7ccc6ec866c99f2312db4c864e1f",
            "ndownloads": 2513,
            "owner": "bioconda",
            "size": 15990,
            "type": "conda",
            "upload_time": "2016-04-06 00:02:28.836000+00:00",
            "version": "1.08"
        },
        {
            "attrs": {
                "arch": "x86_64",
                "build": "pl526_0",
                "build_number": 0,
                "depends": [
                    "perl >=5.26.2,<5.27.0a0"
                ],
                "has_prefix": true,
                "license": "perl_5",
                "machine": "x86_64",
                "operatingsystem": "linux",
                "platform": "linux",
                "subdir": "linux-64",
                "target-triplet": "x86_64-any-linux",
                "timestamp": 1531199880795
            },
            "basename": "linux-64/perl-xml-sax-base-1.09-pl526_0.tar.bz2",
            "dependencies": {
                "depends": [
                    {
                        "name": "perl",
                        "specs": [
                            [
                                ">=",
                                "5.26.2,<5.27.0a0"
                            ]
                        ]
                    }
                ]
            },
            "description": null,
            "distribution_type": "conda",
            "download_url": "//api.anaconda.org/download/bioconda/perl-xml-sax-base/1.09/linux-64/perl-xml-sax-base-1.09-pl526_0.tar.bz2",
            "full_name": "bioconda/perl-xml-sax-base/1.09/linux-64/perl-xml-sax-base-1.09-pl526_0.tar.bz2",
            "labels": [
                "main",
                "cf201901"
            ],
            "md5": "1a66227c893c9aa02e442019f8052374",
            "ndownloads": 38640,
            "owner": "bioconda",
            "size": 18987,
            "type": "conda",
            "upload_time": "2018-07-10 05:19:23.162000+00:00",
            "version": "1.09"
        },
        {
            "attrs": {
                "arch": "x86_64",
                "build": "pl526_0",
                "build_number": 0,
                "depends": [
                    "perl >=5.26.2,<5.27.0a0"
                ],
                "has_prefix": true,
                "license": "perl_5",
                "machine": "x86_64",
                "operatingsystem": "darwin",
                "platform": "osx",
                "subdir": "osx-64",
                "target-triplet": "x86_64-any-darwin",
                "timestamp": 1531199692669
            },
            "basename": "osx-64/perl-xml-sax-base-1.09-pl526_0.tar.bz2",
            "dependencies": {
                "depends": [
                    {
                        "name": "perl",
                        "specs": [
                            [
                                ">=",
                                "5.26.2,<5.27.0a0"
                            ]
                        ]
                    }
                ]
            },
            "description": null,
            "distribution_type": "conda",
            "download_url": "//api.anaconda.org/download/bioconda/perl-xml-sax-base/1.09/osx-64/perl-xml-sax-base-1.09-pl526_0.tar.bz2",
            "full_name": "bioconda/perl-xml-sax-base/1.09/osx-64/perl-xml-sax-base-1.09-pl526_0.tar.bz2",
            "labels": [
                "main",
                "cf201901"
            ],
            "md5": "91b0f650078a73e27bea2d3649c66838",
            "ndownloads": 5571,
            "owner": "bioconda",
            "size": 19196,
            "type": "conda",
            "upload_time": "2018-07-10 05:15:04.594000+00:00",
            "version": "1.09"
        }
    ],
    "full_name": "bioconda/perl-xml-sax-base",
    "home": "None",
    "html_url": "http://anaconda.org/bioconda/perl-xml-sax-base",
    "id": "570451c80697b669a72d5c4f",
    "latest_version": "1.09",
    "license": "perl_5",
    "license_url": null,
    "modified_at": "2018-07-10 05:19:23.577000+00:00",
    "name": "perl-xml-sax-base",
    "owner": {
        "company": "",
        "created_at": "2015-09-11 22:59:20.880000+00:00",
        "description": "Bioconda is a distribution of bioinformatics software realized as a channel for the versatile Conda package manager.",
        "location": "",
        "login": "bioconda",
        "name": "bioconda",
        "url": "",
        "user_type": "org"
    },
    "package_types": [
        "conda"
    ],
    "public": true,
    "releases": [
        {
            "distributions": [
                "linux-64/perl-xml-sax-base-1.08-0.tar.bz2",
                "osx-64/perl-xml-sax-base-1.08-0.tar.bz2"
            ],
            "full_name": "bioconda/perl-xml-sax-base/1.08",
            "version": "1.08"
        },
        {
            "distributions": [],
            "full_name": "bioconda/perl-xml-sax-base/1.09",
            "version": "1.09"
        }
    ],
    "revision": 5,
    "source_git_tag": null,
    "source_git_url": null,
    "summary": "Base class for SAX Drivers and Filters",
    "upvoted": 0,
    "url": "http://api.anaconda.org/packages/bioconda/perl-xml-sax-base",
    "versions": [
        "1.08",
        "1.09"
    ],
    "watchers": 1
}