{
    "app_entry": {},
    "app_summary": {},
    "app_type": {},
    "builds": [
        "0",
        "pl526_1"
    ],
    "conda_platforms": [
        "linux-64",
        "osx-64"
    ],
    "created_at": "2016-06-21 06:55:08.271000+00:00",
    "description": "None",
    "dev_url": {},
    "doc_url": {},
    "files": [
        {
            "attrs": {
                "arch": "x86_64",
                "build": "0",
                "build_number": 0,
                "depends": [
                    "perl-threaded"
                ],
                "license": "unknown",
                "machine": "x86_64",
                "operatingsystem": "darwin",
                "platform": "osx",
                "subdir": "osx-64",
                "target-triplet": "x86_64-any-darwin"
            },
            "basename": "osx-64/perl-math-round-0.07-0.tar.bz2",
            "dependencies": {
                "depends": [
                    {
                        "name": "perl-threaded",
                        "specs": []
                    }
                ]
            },
            "description": null,
            "distribution_type": "conda",
            "download_url": "//api.anaconda.org/download/bioconda/perl-math-round/0.07/osx-64/perl-math-round-0.07-0.tar.bz2",
            "full_name": "bioconda/perl-math-round/0.07/osx-64/perl-math-round-0.07-0.tar.bz2",
            "labels": [
                "main",
                "cf201901"
            ],
            "md5": "ca74772da9bd76ffcd201f49456502c2",
            "ndownloads": 567,
            "owner": "bioconda",
            "size": 6681,
            "type": "conda",
            "upload_time": "2016-06-21 07:06:07.996000+00:00",
            "version": "0.07"
        },
        {
            "attrs": {
                "arch": "x86_64",
                "build": "0",
                "build_number": 0,
                "depends": [
                    "perl-threaded"
                ],
                "license": "unknown",
                "machine": "x86_64",
                "operatingsystem": "linux",
                "platform": "linux",
                "subdir": "linux-64",
                "target-triplet": "x86_64-any-linux"
            },
            "basename": "linux-64/perl-math-round-0.07-0.tar.bz2",
            "dependencies": {
                "depends": [
                    {
                        "name": "perl-threaded",
                        "specs": []
                    }
                ]
            },
            "description": null,
            "distribution_type": "conda",
            "download_url": "//api.anaconda.org/download/bioconda/perl-math-round/0.07/linux-64/perl-math-round-0.07-0.tar.bz2",
            "full_name": "bioconda/perl-math-round/0.07/linux-64/perl-math-round-0.07-0.tar.bz2",
            "labels": [
                "main",
                "cf201901"
            ],
            "md5": "5ebc786a400d3a29289b917fac5008cf",
            "ndownloads": 4156,
            "owner": "bioconda",
            "size": 4734,
            "type": "conda",
            "upload_time": "2016-06-21 06:55:08.794000+00:00",
            "version": "0.07"
        },
        {
            "attrs": {
                "arch": "x86_64",
                "build": "pl526_1",
                "build_number": 1,
                "depends": [
                    "perl >=5.26.2,<5.27.0a0"
                ],
                "has_prefix": true,
                "license": "unknown",
                "machine": "x86_64",
                "operatingsystem": "linux",
                "platform": "linux",
                "subdir": "linux-64",
                "target-triplet": "x86_64-any-linux",
                "timestamp": 1530235796403
            },
            "basename": "linux-64/perl-math-round-0.07-pl526_1.tar.bz2",
            "dependencies": {
                "depends": [
                    {
                        "name": "perl",
                        "specs": [
                            [
                                ">=",
                                "5.26.2,<5.27.0a0"
                            ]
                        ]
                    }
                ]
            },
            "description": null,
            "distribution_type": "conda",
            "download_url": "//api.anaconda.org/download/bioconda/perl-math-round/0.07/linux-64/perl-math-round-0.07-pl526_1.tar.bz2",
            "full_name": "bioconda/perl-math-round/0.07/linux-64/perl-math-round-0.07-pl526_1.tar.bz2",
            "labels": [
                "main",
                "cf201901"
            ],
            "md5": "e83e315d32b7d9c06d276495482a7728",
            "ndownloads": 8644,
            "owner": "bioconda",
            "size": 9281,
            "type": "conda",
            "upload_time": "2018-06-29 01:31:11.163000+00:00",
            "version": "0.07"
        },
        {
            "attrs": {
                "arch": "x86_64",
                "build": "pl526_1",
                "build_number": 1,
                "depends": [
                    "perl >=5.26.2,<5.27.0a0"
                ],
                "has_prefix": true,
                "license": "unknown",
                "machine": "x86_64",
                "operatingsystem": "darwin",
                "platform": "osx",
                "subdir": "osx-64",
                "target-triplet": "x86_64-any-darwin",
                "timestamp": 1531053699181
            },
            "basename": "osx-64/perl-math-round-0.07-pl526_1.tar.bz2",
            "dependencies": {
                "depends": [
                    {
                        "name": "perl",
                        "specs": [
                            [
                                ">=",
                                "5.26.2,<5.27.0a0"
                            ]
                        ]
                    }
                ]
            },
            "description": null,
            "distribution_type": "conda",
            "download_url": "//api.anaconda.org/download/bioconda/perl-math-round/0.07/osx-64/perl-math-round-0.07-pl526_1.tar.bz2",
            "full_name": "bioconda/perl-math-round/0.07/osx-64/perl-math-round-0.07-pl526_1.tar.bz2",
            "labels": [
                "main",
                "cf201901"
            ],
            "md5": "8154abb9c715f95d856e4b8344b36c90",
            "ndownloads": 1339,
            "owner": "bioconda",
            "size": 9272,
            "type": "conda",
            "upload_time": "2018-07-08 12:41:50.602000+00:00",
            "version": "0.07"
        }
    ],
    "full_name": "bioconda/perl-math-round",
    "home": "None",
    "html_url": "http://anaconda.org/bioconda/perl-math-round",
    "id": "5768e4cc9e73581006e450fa",
    "latest_version": "0.07",
    "license": "unknown",
    "license_url": {},
    "modified_at": "2018-07-08 12:41:51.081000+00:00",
    "name": "perl-math-round",
    "owner": {
        "company": "",
        "created_at": "2015-09-11 22:59:20.880000+00:00",
        "description": "Bioconda is a distribution of bioinformatics software realized as a channel for the versatile Conda package manager.",
        "location": "",
        "login": "bioconda",
        "name": "bioconda",
        "url": "",
        "user_type": "org"
    },
    "package_types": [
        "conda"
    ],
    "public": true,
    "releases": [
        {
            "distributions": [
                "linux-64/perl-math-round-0.07-0.tar.bz2",
                "osx-64/perl-math-round-0.07-0.tar.bz2"
            ],
            "full_name": "bioconda/perl-math-round/0.07",
            "version": "0.07"
        }
    ],
    "revision": 3,
    "source_git_tag": {},
    "source_git_url": {},
    "summary": "Perl extension for rounding numbers",
    "upvoted": 0,
    "url": "http://api.anaconda.org/packages/bioconda/perl-math-round",
    "versions": [
        "0.07"
    ],
    "watchers": 1
}