{
    "app_entry": {},
    "app_summary": {},
    "app_type": {},
    "builds": [
        "pl526_1",
        "pl526_0"
    ],
    "conda_platforms": [
        "linux-64",
        "noarch",
        "osx-64"
    ],
    "created_at": "2018-10-04 20:03:46.057000+00:00",
    "description": "",
    "dev_url": null,
    "doc_url": null,
    "files": [
        {
            "attrs": {
                "arch": "x86_64",
                "build": "pl526_0",
                "build_number": 0,
                "depends": [
                    "blast",
                    "hmmer",
                    "parallel",
                    "perl >=5.26.2,<5.26.3.0a0",
                    "perl-bioperl",
                    "perl-bioperl-run",
                    "perl-exception-class",
                    "perl-file-slurper",
                    "perl-file-temp",
                    "perl-getopt-long",
                    "perl-moose",
                    "perl-text-csv",
                    "perl-time-piece",
                    "perl-xml-simple",
                    "prodigal"
                ],
                "has_prefix": true,
                "license": "open_source",
                "machine": "x86_64",
                "operatingsystem": "darwin",
                "platform": "osx",
                "subdir": "osx-64",
                "target-triplet": "x86_64-any-darwin",
                "timestamp": 1538683311285
            },
            "basename": "osx-64/perl-bio-automatedannotation-1.182770-pl526_0.tar.bz2",
            "dependencies": {
                "depends": [
                    {
                        "name": "blast",
                        "specs": []
                    },
                    {
                        "name": "hmmer",
                        "specs": []
                    },
                    {
                        "name": "parallel",
                        "specs": []
                    },
                    {
                        "name": "perl",
                        "specs": [
                            [
                                ">=",
                                "5.26.2,<5.26.3.0a0"
                            ]
                        ]
                    },
                    {
                        "name": "perl-bioperl",
                        "specs": []
                    },
                    {
                        "name": "perl-bioperl-run",
                        "specs": []
                    },
                    {
                        "name": "perl-exception-class",
                        "specs": []
                    },
                    {
                        "name": "perl-file-slurper",
                        "specs": []
                    },
                    {
                        "name": "perl-file-temp",
                        "specs": []
                    },
                    {
                        "name": "perl-getopt-long",
                        "specs": []
                    },
                    {
                        "name": "perl-moose",
                        "specs": []
                    },
                    {
                        "name": "perl-text-csv",
                        "specs": []
                    },
                    {
                        "name": "perl-time-piece",
                        "specs": []
                    },
                    {
                        "name": "perl-xml-simple",
                        "specs": []
                    },
                    {
                        "name": "prodigal",
                        "specs": []
                    }
                ]
            },
            "description": null,
            "distribution_type": "conda",
            "download_url": "//api.anaconda.org/download/bioconda/perl-bio-automatedannotation/1.182770/osx-64/perl-bio-automatedannotation-1.182770-pl526_0.tar.bz2",
            "full_name": "bioconda/perl-bio-automatedannotation/1.182770/osx-64/perl-bio-automatedannotation-1.182770-pl526_0.tar.bz2",
            "labels": [
                "main",
                "cf201901"
            ],
            "md5": "2d1fcc39ea873f8b7fc27e0a6c9caa63",
            "ndownloads": 739,
            "owner": "bioconda",
            "size": 30670,
            "type": "conda",
            "upload_time": "2018-10-04 20:03:46.836000+00:00",
            "version": "1.182770"
        },
        {
            "attrs": {
                "arch": "x86_64",
                "build": "pl526_0",
                "build_number": 0,
                "depends": [
                    "blast",
                    "hmmer",
                    "parallel",
                    "perl >=5.26.2,<5.26.3.0a0",
                    "perl-bioperl",
                    "perl-bioperl-run",
                    "perl-exception-class",
                    "perl-file-slurper",
                    "perl-file-temp",
                    "perl-getopt-long",
                    "perl-moose",
                    "perl-text-csv",
                    "perl-time-piece",
                    "perl-xml-simple",
                    "prodigal"
                ],
                "has_prefix": true,
                "license": "open_source",
                "machine": "x86_64",
                "operatingsystem": "linux",
                "platform": "linux",
                "subdir": "linux-64",
                "target-triplet": "x86_64-any-linux",
                "timestamp": 1538683382679
            },
            "basename": "linux-64/perl-bio-automatedannotation-1.182770-pl526_0.tar.bz2",
            "dependencies": {
                "depends": [
                    {
                        "name": "blast",
                        "specs": []
                    },
                    {
                        "name": "hmmer",
                        "specs": []
                    },
                    {
                        "name": "parallel",
                        "specs": []
                    },
                    {
                        "name": "perl",
                        "specs": [
                            [
                                ">=",
                                "5.26.2,<5.26.3.0a0"
                            ]
                        ]
                    },
                    {
                        "name": "perl-bioperl",
                        "specs": []
                    },
                    {
                        "name": "perl-bioperl-run",
                        "specs": []
                    },
                    {
                        "name": "perl-exception-class",
                        "specs": []
                    },
                    {
                        "name": "perl-file-slurper",
                        "specs": []
                    },
                    {
                        "name": "perl-file-temp",
                        "specs": []
                    },
                    {
                        "name": "perl-getopt-long",
                        "specs": []
                    },
                    {
                        "name": "perl-moose",
                        "specs": []
                    },
                    {
                        "name": "perl-text-csv",
                        "specs": []
                    },
                    {
                        "name": "perl-time-piece",
                        "specs": []
                    },
                    {
                        "name": "perl-xml-simple",
                        "specs": []
                    },
                    {
                        "name": "prodigal",
                        "specs": []
                    }
                ]
            },
            "description": null,
            "distribution_type": "conda",
            "download_url": "//api.anaconda.org/download/bioconda/perl-bio-automatedannotation/1.182770/linux-64/perl-bio-automatedannotation-1.182770-pl526_0.tar.bz2",
            "full_name": "bioconda/perl-bio-automatedannotation/1.182770/linux-64/perl-bio-automatedannotation-1.182770-pl526_0.tar.bz2",
            "labels": [
                "main",
                "cf201901"
            ],
            "md5": "2ed2368af90fa405e265f6e89b82f902",
            "ndownloads": 264,
            "owner": "bioconda",
            "size": 30878,
            "type": "conda",
            "upload_time": "2018-10-04 20:10:10.657000+00:00",
            "version": "1.182770"
        },
        {
            "attrs": {
                "arch": null,
                "build": "pl526_1",
                "build_number": 1,
                "depends": [
                    "blast",
                    "hmmer",
                    "parallel",
                    "perl >=5.26.2,<5.26.3.0a0",
                    "perl-bioperl",
                    "perl-bioperl-run",
                    "perl-exception-class",
                    "perl-file-slurper",
                    "perl-file-temp",
                    "perl-getopt-long",
                    "perl-moose",
                    "perl-text-csv",
                    "perl-time-piece",
                    "perl-xml-simple",
                    "prodigal"
                ],
                "has_prefix": false,
                "license": "open_source",
                "machine": null,
                "noarch": "generic",
                "operatingsystem": null,
                "platform": null,
                "subdir": "noarch",
                "target-triplet": "None-any-None",
                "timestamp": 1572171381188
            },
            "basename": "noarch/perl-bio-automatedannotation-1.182770-pl526_1.tar.bz2",
            "dependencies": {
                "depends": [
                    {
                        "name": "blast",
                        "specs": []
                    },
                    {
                        "name": "hmmer",
                        "specs": []
                    },
                    {
                        "name": "parallel",
                        "specs": []
                    },
                    {
                        "name": "perl",
                        "specs": [
                            [
                                ">=",
                                "5.26.2,<5.26.3.0a0"
                            ]
                        ]
                    },
                    {
                        "name": "perl-bioperl",
                        "specs": []
                    },
                    {
                        "name": "perl-bioperl-run",
                        "specs": []
                    },
                    {
                        "name": "perl-exception-class",
                        "specs": []
                    },
                    {
                        "name": "perl-file-slurper",
                        "specs": []
                    },
                    {
                        "name": "perl-file-temp",
                        "specs": []
                    },
                    {
                        "name": "perl-getopt-long",
                        "specs": []
                    },
                    {
                        "name": "perl-moose",
                        "specs": []
                    },
                    {
                        "name": "perl-text-csv",
                        "specs": []
                    },
                    {
                        "name": "perl-time-piece",
                        "specs": []
                    },
                    {
                        "name": "perl-xml-simple",
                        "specs": []
                    },
                    {
                        "name": "prodigal",
                        "specs": []
                    }
                ]
            },
            "description": null,
            "distribution_type": "conda",
            "download_url": "//api.anaconda.org/download/bioconda/perl-bio-automatedannotation/1.182770/noarch/perl-bio-automatedannotation-1.182770-pl526_1.tar.bz2",
            "full_name": "bioconda/perl-bio-automatedannotation/1.182770/noarch/perl-bio-automatedannotation-1.182770-pl526_1.tar.bz2",
            "labels": [
                "main"
            ],
            "md5": "8ed7d6c6b8a69b1d7c135513890e81f2",
            "ndownloads": 22,
            "owner": "bioconda",
            "size": 31688,
            "type": "conda",
            "upload_time": "2019-10-27 10:22:58.666000+00:00",
            "version": "1.182770"
        }
    ],
    "full_name": "bioconda/perl-bio-automatedannotation",
    "home": "http://www.sanger.ac.uk/",
    "html_url": "http://anaconda.org/bioconda/perl-bio-automatedannotation",
    "id": "5bb67222c5eaa8778048c337",
    "latest_version": "1.182770",
    "license": "open_source",
    "license_url": null,
    "modified_at": "2019-10-27 10:22:58.888000+00:00",
    "name": "perl-bio-automatedannotation",
    "owner": {
        "company": "",
        "created_at": "2015-09-11 22:59:20.880000+00:00",
        "description": "Bioconda is a distribution of bioinformatics software realized as a channel for the versatile Conda package manager.",
        "location": "",
        "login": "bioconda",
        "name": "bioconda",
        "url": "",
        "user_type": "org"
    },
    "package_types": [
        "conda"
    ],
    "public": true,
    "releases": [
        {
            "distributions": [],
            "full_name": "bioconda/perl-bio-automatedannotation/1.182770",
            "version": "1.182770"
        }
    ],
    "revision": 2,
    "source_git_tag": null,
    "source_git_url": null,
    "summary": "Automated annotation of assemblies",
    "upvoted": 0,
    "url": "http://api.anaconda.org/packages/bioconda/perl-bio-automatedannotation",
    "versions": [
        "1.182770"
    ],
    "watchers": 1
}