{
    "app_entry": {},
    "app_summary": {},
    "app_type": {},
    "builds": [
        "0",
        "pl526_2",
        "pl526_1"
    ],
    "conda_platforms": [
        "linux-64",
        "osx-64"
    ],
    "created_at": "2016-06-18 01:21:14.970000+00:00",
    "description": "None",
    "dev_url": {},
    "doc_url": {},
    "files": [
        {
            "attrs": {
                "arch": "x86_64",
                "build": "pl526_1",
                "build_number": 1,
                "depends": [
                    "perl >=5.26.0,<5.27.0a0"
                ],
                "has_prefix": true,
                "license": "unknown",
                "machine": "x86_64",
                "operatingsystem": "darwin",
                "platform": "osx",
                "subdir": "osx-64",
                "target-triplet": "x86_64-any-darwin",
                "timestamp": 1529799611863
            },
            "basename": "osx-64/perl-xml-xpathengine-0.14-pl526_1.tar.bz2",
            "dependencies": {
                "depends": [
                    {
                        "name": "perl",
                        "specs": [
                            [
                                ">=",
                                "5.26.0,<5.27.0a0"
                            ]
                        ]
                    }
                ]
            },
            "description": null,
            "distribution_type": "conda",
            "download_url": "//api.anaconda.org/download/bioconda/perl-xml-xpathengine/0.14/osx-64/perl-xml-xpathengine-0.14-pl526_1.tar.bz2",
            "full_name": "bioconda/perl-xml-xpathengine/0.14/osx-64/perl-xml-xpathengine-0.14-pl526_1.tar.bz2",
            "labels": [
                "main",
                "cf201901"
            ],
            "md5": "5ee25a0bda9f4a0357df0c4e32b14efe",
            "ndownloads": 137,
            "owner": "bioconda",
            "size": 26648,
            "type": "conda",
            "upload_time": "2018-06-24 00:20:23.730000+00:00",
            "version": "0.14"
        },
        {
            "attrs": {
                "arch": "x86_64",
                "build": "pl526_1",
                "build_number": 1,
                "depends": [
                    "perl >=5.26.2,<5.27.0a0"
                ],
                "has_prefix": true,
                "license": "unknown",
                "machine": "x86_64",
                "operatingsystem": "linux",
                "platform": "linux",
                "subdir": "linux-64",
                "target-triplet": "x86_64-any-linux",
                "timestamp": 1530908864727
            },
            "basename": "linux-64/perl-xml-xpathengine-0.14-pl526_1.tar.bz2",
            "dependencies": {
                "depends": [
                    {
                        "name": "perl",
                        "specs": [
                            [
                                ">=",
                                "5.26.2,<5.27.0a0"
                            ]
                        ]
                    }
                ]
            },
            "description": null,
            "distribution_type": "conda",
            "download_url": "//api.anaconda.org/download/bioconda/perl-xml-xpathengine/0.14/linux-64/perl-xml-xpathengine-0.14-pl526_1.tar.bz2",
            "full_name": "bioconda/perl-xml-xpathengine/0.14/linux-64/perl-xml-xpathengine-0.14-pl526_1.tar.bz2",
            "labels": [
                "main",
                "cf201901"
            ],
            "md5": "bd98d0692ed15d85486f28aacb94daa4",
            "ndownloads": 482,
            "owner": "bioconda",
            "size": 26438,
            "type": "conda",
            "upload_time": "2018-07-06 20:29:00.817000+00:00",
            "version": "0.14"
        },
        {
            "attrs": {
                "arch": "x86_64",
                "build": "0",
                "build_number": 0,
                "depends": [
                    "perl-threaded"
                ],
                "license": "unknown",
                "machine": "x86_64",
                "operatingsystem": "linux",
                "platform": "linux",
                "subdir": "linux-64",
                "target-triplet": "x86_64-any-linux"
            },
            "basename": "linux-64/perl-xml-xpathengine-0.14-0.tar.bz2",
            "dependencies": {
                "depends": [
                    {
                        "name": "perl-threaded",
                        "specs": []
                    }
                ]
            },
            "description": null,
            "distribution_type": "conda",
            "download_url": "//api.anaconda.org/download/bioconda/perl-xml-xpathengine/0.14/linux-64/perl-xml-xpathengine-0.14-0.tar.bz2",
            "full_name": "bioconda/perl-xml-xpathengine/0.14/linux-64/perl-xml-xpathengine-0.14-0.tar.bz2",
            "labels": [
                "main",
                "cf201901"
            ],
            "md5": "069f86f7900cca0f3b79dcb756015b84",
            "ndownloads": 12288,
            "owner": "bioconda",
            "size": 18757,
            "type": "conda",
            "upload_time": "2016-06-18 02:25:17.680000+00:00",
            "version": "0.14"
        },
        {
            "attrs": {
                "arch": "x86_64",
                "build": "0",
                "build_number": 0,
                "depends": [
                    "perl-threaded"
                ],
                "license": "unknown",
                "machine": "x86_64",
                "operatingsystem": "darwin",
                "platform": "osx",
                "subdir": "osx-64",
                "target-triplet": "x86_64-any-darwin"
            },
            "basename": "osx-64/perl-xml-xpathengine-0.14-0.tar.bz2",
            "dependencies": {
                "depends": [
                    {
                        "name": "perl-threaded",
                        "specs": []
                    }
                ]
            },
            "description": null,
            "distribution_type": "conda",
            "download_url": "//api.anaconda.org/download/bioconda/perl-xml-xpathengine/0.14/osx-64/perl-xml-xpathengine-0.14-0.tar.bz2",
            "full_name": "bioconda/perl-xml-xpathengine/0.14/osx-64/perl-xml-xpathengine-0.14-0.tar.bz2",
            "labels": [
                "main",
                "cf201901"
            ],
            "md5": "aea61577176911ea2b716a11221dcc86",
            "ndownloads": 1801,
            "owner": "bioconda",
            "size": 22809,
            "type": "conda",
            "upload_time": "2016-06-18 01:21:15.349000+00:00",
            "version": "0.14"
        },
        {
            "attrs": {
                "arch": "x86_64",
                "build": "pl526_2",
                "build_number": 2,
                "depends": [
                    "perl >=5.26.2,<5.26.3.0a0"
                ],
                "has_prefix": true,
                "license": "unknown",
                "machine": "x86_64",
                "operatingsystem": "linux",
                "platform": "linux",
                "subdir": "linux-64",
                "target-triplet": "x86_64-any-linux",
                "timestamp": 1533591111093
            },
            "basename": "linux-64/perl-xml-xpathengine-0.14-pl526_2.tar.bz2",
            "dependencies": {
                "depends": [
                    {
                        "name": "perl",
                        "specs": [
                            [
                                ">=",
                                "5.26.2,<5.26.3.0a0"
                            ]
                        ]
                    }
                ]
            },
            "description": null,
            "distribution_type": "conda",
            "download_url": "//api.anaconda.org/download/bioconda/perl-xml-xpathengine/0.14/linux-64/perl-xml-xpathengine-0.14-pl526_2.tar.bz2",
            "full_name": "bioconda/perl-xml-xpathengine/0.14/linux-64/perl-xml-xpathengine-0.14-pl526_2.tar.bz2",
            "labels": [
                "main",
                "cf201901"
            ],
            "md5": "d268cc26d463321abc01f107beaf2553",
            "ndownloads": 21389,
            "owner": "bioconda",
            "size": 26691,
            "type": "conda",
            "upload_time": "2018-08-06 21:33:12.689000+00:00",
            "version": "0.14"
        },
        {
            "attrs": {
                "arch": "x86_64",
                "build": "pl526_2",
                "build_number": 2,
                "depends": [
                    "perl >=5.26.2,<5.26.3.0a0"
                ],
                "has_prefix": true,
                "license": "unknown",
                "machine": "x86_64",
                "operatingsystem": "darwin",
                "platform": "osx",
                "subdir": "osx-64",
                "target-triplet": "x86_64-any-darwin",
                "timestamp": 1533590981303
            },
            "basename": "osx-64/perl-xml-xpathengine-0.14-pl526_2.tar.bz2",
            "dependencies": {
                "depends": [
                    {
                        "name": "perl",
                        "specs": [
                            [
                                ">=",
                                "5.26.2,<5.26.3.0a0"
                            ]
                        ]
                    }
                ]
            },
            "description": null,
            "distribution_type": "conda",
            "download_url": "//api.anaconda.org/download/bioconda/perl-xml-xpathengine/0.14/osx-64/perl-xml-xpathengine-0.14-pl526_2.tar.bz2",
            "full_name": "bioconda/perl-xml-xpathengine/0.14/osx-64/perl-xml-xpathengine-0.14-pl526_2.tar.bz2",
            "labels": [
                "main",
                "cf201901"
            ],
            "md5": "cb3f84f28950b6d5b0275bf3451c38e0",
            "ndownloads": 2363,
            "owner": "bioconda",
            "size": 26854,
            "type": "conda",
            "upload_time": "2018-08-06 21:29:54.105000+00:00",
            "version": "0.14"
        }
    ],
    "full_name": "bioconda/perl-xml-xpathengine",
    "home": "None",
    "html_url": "http://anaconda.org/bioconda/perl-xml-xpathengine",
    "id": "5764a20a85581c262350ae70",
    "latest_version": "0.14",
    "license": "unknown",
    "license_url": {},
    "modified_at": "2018-08-06 21:33:13.061000+00:00",
    "name": "perl-xml-xpathengine",
    "owner": {
        "company": "",
        "created_at": "2015-09-11 22:59:20.880000+00:00",
        "description": "Bioconda is a distribution of bioinformatics software realized as a channel for the versatile Conda package manager.",
        "location": "",
        "login": "bioconda",
        "name": "bioconda",
        "url": "",
        "user_type": "org"
    },
    "package_types": [
        "conda"
    ],
    "public": true,
    "releases": [
        {
            "distributions": [
                "osx-64/perl-xml-xpathengine-0.14-0.tar.bz2",
                "linux-64/perl-xml-xpathengine-0.14-0.tar.bz2"
            ],
            "full_name": "bioconda/perl-xml-xpathengine/0.14",
            "version": "0.14"
        }
    ],
    "revision": 3,
    "source_git_tag": {},
    "source_git_url": {},
    "summary": "a re-usable XPath engine for DOM-like trees",
    "upvoted": 0,
    "url": "http://api.anaconda.org/packages/bioconda/perl-xml-xpathengine",
    "versions": [
        "0.14"
    ],
    "watchers": 1
}