{
    "app_entry": {},
    "app_summary": {},
    "app_type": {},
    "builds": [
        "py34_1",
        "py27_1",
        "py27_0",
        "py36_1",
        "py34_0",
        "py35_0",
        "py35_1"
    ],
    "conda_platforms": [
        "linux-64",
        "osx-64"
    ],
    "created_at": "2016-02-26 07:38:00.873000+00:00",
    "description": "",
    "dev_url": {},
    "doc_url": {},
    "files": [
        {
            "attrs": {
                "arch": "x86_64",
                "build": "py36_1",
                "build_number": 1,
                "depends": [
                    "python 3.6*"
                ],
                "has_prefix": true,
                "license": "MIT License",
                "machine": "x86_64",
                "operatingsystem": "darwin",
                "platform": "osx",
                "subdir": "osx-64",
                "target-triplet": "x86_64-any-darwin"
            },
            "basename": "osx-64/phylotoast-1.3.0-py36_1.tar.bz2",
            "dependencies": {
                "depends": [
                    {
                        "name": "python",
                        "specs": [
                            [
                                "==",
                                "3.6"
                            ]
                        ]
                    }
                ]
            },
            "description": null,
            "distribution_type": "conda",
            "download_url": "//api.anaconda.org/download/bioconda/phylotoast/1.3.0/osx-64/phylotoast-1.3.0-py36_1.tar.bz2",
            "full_name": "bioconda/phylotoast/1.3.0/osx-64/phylotoast-1.3.0-py36_1.tar.bz2",
            "labels": [
                "main",
                "cf201901"
            ],
            "md5": "ae010bacd1ae7b144950ae620665d326",
            "ndownloads": 506,
            "owner": "bioconda",
            "size": 479255,
            "type": "conda",
            "upload_time": "2017-05-09 07:49:26.371000+00:00",
            "version": "1.3.0"
        },
        {
            "attrs": {
                "arch": "x86_64",
                "build": "py35_0",
                "build_number": 0,
                "depends": [
                    "python 3.5*"
                ],
                "license": "MIT License",
                "machine": "x86_64",
                "operatingsystem": "linux",
                "platform": "linux",
                "subdir": "linux-64",
                "target-triplet": "x86_64-any-linux"
            },
            "basename": "linux-64/phylotoast-1.3.0-py35_0.tar.bz2",
            "dependencies": {
                "depends": [
                    {
                        "name": "python",
                        "specs": [
                            [
                                "==",
                                "3.5"
                            ]
                        ]
                    }
                ]
            },
            "description": null,
            "distribution_type": "conda",
            "download_url": "//api.anaconda.org/download/bioconda/phylotoast/1.3.0/linux-64/phylotoast-1.3.0-py35_0.tar.bz2",
            "full_name": "bioconda/phylotoast/1.3.0/linux-64/phylotoast-1.3.0-py35_0.tar.bz2",
            "labels": [
                "main",
                "cf201901"
            ],
            "md5": "ee803984eb1acf2097d45ef6bce280be",
            "ndownloads": 349,
            "owner": "bioconda",
            "size": 475471,
            "type": "conda",
            "upload_time": "2016-02-26 07:38:01.186000+00:00",
            "version": "1.3.0"
        },
        {
            "attrs": {
                "arch": "x86_64",
                "build": "py34_0",
                "build_number": 0,
                "depends": [
                    "python 3.4*"
                ],
                "license": "MIT License",
                "machine": "x86_64",
                "operatingsystem": "linux",
                "platform": "linux",
                "subdir": "linux-64",
                "target-triplet": "x86_64-any-linux"
            },
            "basename": "linux-64/phylotoast-1.3.0-py34_0.tar.bz2",
            "dependencies": {
                "depends": [
                    {
                        "name": "python",
                        "specs": [
                            [
                                "==",
                                "3.4"
                            ]
                        ]
                    }
                ]
            },
            "description": null,
            "distribution_type": "conda",
            "download_url": "//api.anaconda.org/download/bioconda/phylotoast/1.3.0/linux-64/phylotoast-1.3.0-py34_0.tar.bz2",
            "full_name": "bioconda/phylotoast/1.3.0/linux-64/phylotoast-1.3.0-py34_0.tar.bz2",
            "labels": [
                "main",
                "cf201901"
            ],
            "md5": "aec6af97302823a713c1ef69bb651efe",
            "ndownloads": 476,
            "owner": "bioconda",
            "size": 483452,
            "type": "conda",
            "upload_time": "2016-02-26 07:38:03.602000+00:00",
            "version": "1.3.0"
        },
        {
            "attrs": {
                "arch": "x86_64",
                "build": "py27_0",
                "build_number": 0,
                "depends": [
                    "python 2.7*"
                ],
                "license": "MIT License",
                "machine": "x86_64",
                "operatingsystem": "linux",
                "platform": "linux",
                "subdir": "linux-64",
                "target-triplet": "x86_64-any-linux"
            },
            "basename": "linux-64/phylotoast-1.3.0-py27_0.tar.bz2",
            "dependencies": {
                "depends": [
                    {
                        "name": "python",
                        "specs": [
                            [
                                "==",
                                "2.7"
                            ]
                        ]
                    }
                ]
            },
            "description": null,
            "distribution_type": "conda",
            "download_url": "//api.anaconda.org/download/bioconda/phylotoast/1.3.0/linux-64/phylotoast-1.3.0-py27_0.tar.bz2",
            "full_name": "bioconda/phylotoast/1.3.0/linux-64/phylotoast-1.3.0-py27_0.tar.bz2",
            "labels": [
                "main",
                "cf201901"
            ],
            "md5": "5c52ae7e538d916ab48a460052114d2d",
            "ndownloads": 399,
            "owner": "bioconda",
            "size": 479242,
            "type": "conda",
            "upload_time": "2016-02-26 07:38:05.041000+00:00",
            "version": "1.3.0"
        },
        {
            "attrs": {
                "arch": "x86_64",
                "build": "py27_0",
                "build_number": 0,
                "depends": [
                    "biom-format >=2.1.5",
                    "biopython >=1.60",
                    "h5py",
                    "matplotlib <=1.5.3",
                    "numpy",
                    "palettable",
                    "pandas",
                    "python 2.7*",
                    "scikit-bio <=0.4.2",
                    "scikit-learn",
                    "scipy",
                    "statsmodels"
                ],
                "has_prefix": true,
                "license": "MIT",
                "machine": "x86_64",
                "operatingsystem": "linux",
                "platform": "linux",
                "subdir": "linux-64",
                "target-triplet": "x86_64-any-linux"
            },
            "basename": "linux-64/phylotoast-1.4.0rc2-py27_0.tar.bz2",
            "dependencies": {
                "depends": [
                    {
                        "name": "biom-format",
                        "specs": [
                            [
                                ">=",
                                "2.1.5"
                            ]
                        ]
                    },
                    {
                        "name": "biopython",
                        "specs": [
                            [
                                ">=",
                                "1.60"
                            ]
                        ]
                    },
                    {
                        "name": "h5py",
                        "specs": []
                    },
                    {
                        "name": "matplotlib",
                        "specs": [
                            [
                                "<=",
                                "1.5.3"
                            ]
                        ]
                    },
                    {
                        "name": "numpy",
                        "specs": []
                    },
                    {
                        "name": "palettable",
                        "specs": []
                    },
                    {
                        "name": "pandas",
                        "specs": []
                    },
                    {
                        "name": "python",
                        "specs": [
                            [
                                "==",
                                "2.7"
                            ]
                        ]
                    },
                    {
                        "name": "scikit-bio",
                        "specs": [
                            [
                                "<=",
                                "0.4.2"
                            ]
                        ]
                    },
                    {
                        "name": "scikit-learn",
                        "specs": []
                    },
                    {
                        "name": "scipy",
                        "specs": []
                    },
                    {
                        "name": "statsmodels",
                        "specs": []
                    }
                ]
            },
            "description": null,
            "distribution_type": "conda",
            "download_url": "//api.anaconda.org/download/bioconda/phylotoast/1.4.0rc2/linux-64/phylotoast-1.4.0rc2-py27_0.tar.bz2",
            "full_name": "bioconda/phylotoast/1.4.0rc2/linux-64/phylotoast-1.4.0rc2-py27_0.tar.bz2",
            "labels": [
                "main",
                "cf201901"
            ],
            "md5": "c5d5b2383325e0179fc4b17f4eb1b3ed",
            "ndownloads": 564,
            "owner": "bioconda",
            "size": 105789,
            "type": "conda",
            "upload_time": "2017-06-01 21:11:19.747000+00:00",
            "version": "1.4.0rc2"
        },
        {
            "attrs": {
                "arch": "x86_64",
                "build": "py27_0",
                "build_number": 0,
                "depends": [
                    "biom-format >=2.1.5",
                    "biopython >=1.60",
                    "h5py",
                    "matplotlib <=1.5.3",
                    "numpy",
                    "palettable",
                    "pandas",
                    "python 2.7*",
                    "scikit-bio <=0.4.2",
                    "scikit-learn",
                    "scipy",
                    "statsmodels"
                ],
                "has_prefix": true,
                "license": "MIT",
                "machine": "x86_64",
                "operatingsystem": "darwin",
                "platform": "osx",
                "subdir": "osx-64",
                "target-triplet": "x86_64-any-darwin"
            },
            "basename": "osx-64/phylotoast-1.4.0rc2-py27_0.tar.bz2",
            "dependencies": {
                "depends": [
                    {
                        "name": "biom-format",
                        "specs": [
                            [
                                ">=",
                                "2.1.5"
                            ]
                        ]
                    },
                    {
                        "name": "biopython",
                        "specs": [
                            [
                                ">=",
                                "1.60"
                            ]
                        ]
                    },
                    {
                        "name": "h5py",
                        "specs": []
                    },
                    {
                        "name": "matplotlib",
                        "specs": [
                            [
                                "<=",
                                "1.5.3"
                            ]
                        ]
                    },
                    {
                        "name": "numpy",
                        "specs": []
                    },
                    {
                        "name": "palettable",
                        "specs": []
                    },
                    {
                        "name": "pandas",
                        "specs": []
                    },
                    {
                        "name": "python",
                        "specs": [
                            [
                                "==",
                                "2.7"
                            ]
                        ]
                    },
                    {
                        "name": "scikit-bio",
                        "specs": [
                            [
                                "<=",
                                "0.4.2"
                            ]
                        ]
                    },
                    {
                        "name": "scikit-learn",
                        "specs": []
                    },
                    {
                        "name": "scipy",
                        "specs": []
                    },
                    {
                        "name": "statsmodels",
                        "specs": []
                    }
                ]
            },
            "description": null,
            "distribution_type": "conda",
            "download_url": "//api.anaconda.org/download/bioconda/phylotoast/1.4.0rc2/osx-64/phylotoast-1.4.0rc2-py27_0.tar.bz2",
            "full_name": "bioconda/phylotoast/1.4.0rc2/osx-64/phylotoast-1.4.0rc2-py27_0.tar.bz2",
            "labels": [
                "main",
                "cf201901"
            ],
            "md5": "cf51236344bf096017cad2e9636cf2da",
            "ndownloads": 773,
            "owner": "bioconda",
            "size": 105207,
            "type": "conda",
            "upload_time": "2017-06-01 21:22:49.856000+00:00",
            "version": "1.4.0rc2"
        },
        {
            "attrs": {
                "arch": "x86_64",
                "build": "py34_0",
                "build_number": 0,
                "depends": [
                    "python 3.4*"
                ],
                "license": "MIT License",
                "machine": "x86_64",
                "operatingsystem": "darwin",
                "platform": "osx",
                "subdir": "osx-64",
                "target-triplet": "x86_64-any-darwin"
            },
            "basename": "osx-64/phylotoast-1.3.0-py34_0.tar.bz2",
            "dependencies": {
                "depends": [
                    {
                        "name": "python",
                        "specs": [
                            [
                                "==",
                                "3.4"
                            ]
                        ]
                    }
                ]
            },
            "description": null,
            "distribution_type": "conda",
            "download_url": "//api.anaconda.org/download/bioconda/phylotoast/1.3.0/osx-64/phylotoast-1.3.0-py34_0.tar.bz2",
            "full_name": "bioconda/phylotoast/1.3.0/osx-64/phylotoast-1.3.0-py34_0.tar.bz2",
            "labels": [
                "main",
                "cf201901"
            ],
            "md5": "e0eb39b08eb2d709c224be4f960a4291",
            "ndownloads": 29,
            "owner": "bioconda",
            "size": 483493,
            "type": "conda",
            "upload_time": "2016-03-13 13:58:50.840000+00:00",
            "version": "1.3.0"
        },
        {
            "attrs": {
                "arch": "x86_64",
                "build": "py35_0",
                "build_number": 0,
                "depends": [
                    "python 3.5*"
                ],
                "license": "MIT License",
                "machine": "x86_64",
                "operatingsystem": "darwin",
                "platform": "osx",
                "subdir": "osx-64",
                "target-triplet": "x86_64-any-darwin"
            },
            "basename": "osx-64/phylotoast-1.3.0-py35_0.tar.bz2",
            "dependencies": {
                "depends": [
                    {
                        "name": "python",
                        "specs": [
                            [
                                "==",
                                "3.5"
                            ]
                        ]
                    }
                ]
            },
            "description": null,
            "distribution_type": "conda",
            "download_url": "//api.anaconda.org/download/bioconda/phylotoast/1.3.0/osx-64/phylotoast-1.3.0-py35_0.tar.bz2",
            "full_name": "bioconda/phylotoast/1.3.0/osx-64/phylotoast-1.3.0-py35_0.tar.bz2",
            "labels": [
                "main",
                "cf201901"
            ],
            "md5": "5eccc497d5e3341227d038a563784797",
            "ndownloads": 28,
            "owner": "bioconda",
            "size": 475503,
            "type": "conda",
            "upload_time": "2016-03-13 13:58:53.418000+00:00",
            "version": "1.3.0"
        },
        {
            "attrs": {
                "arch": "x86_64",
                "build": "py27_0",
                "build_number": 0,
                "depends": [
                    "python 2.7*"
                ],
                "license": "MIT License",
                "machine": "x86_64",
                "operatingsystem": "darwin",
                "platform": "osx",
                "subdir": "osx-64",
                "target-triplet": "x86_64-any-darwin"
            },
            "basename": "osx-64/phylotoast-1.3.0-py27_0.tar.bz2",
            "dependencies": {
                "depends": [
                    {
                        "name": "python",
                        "specs": [
                            [
                                "==",
                                "2.7"
                            ]
                        ]
                    }
                ]
            },
            "description": null,
            "distribution_type": "conda",
            "download_url": "//api.anaconda.org/download/bioconda/phylotoast/1.3.0/osx-64/phylotoast-1.3.0-py27_0.tar.bz2",
            "full_name": "bioconda/phylotoast/1.3.0/osx-64/phylotoast-1.3.0-py27_0.tar.bz2",
            "labels": [
                "main",
                "cf201901"
            ],
            "md5": "e1a11568f59a07a1f1279615e7b21c53",
            "ndownloads": 269,
            "owner": "bioconda",
            "size": 479301,
            "type": "conda",
            "upload_time": "2016-03-13 13:58:55.012000+00:00",
            "version": "1.3.0"
        },
        {
            "attrs": {
                "arch": "x86_64",
                "build": "py35_1",
                "build_number": 1,
                "depends": [
                    "python 3.5*"
                ],
                "license": "MIT License",
                "machine": "x86_64",
                "operatingsystem": "linux",
                "platform": "linux",
                "subdir": "linux-64",
                "target-triplet": "x86_64-any-linux"
            },
            "basename": "linux-64/phylotoast-1.3.0-py35_1.tar.bz2",
            "dependencies": {
                "depends": [
                    {
                        "name": "python",
                        "specs": [
                            [
                                "==",
                                "3.5"
                            ]
                        ]
                    }
                ]
            },
            "description": null,
            "distribution_type": "conda",
            "download_url": "//api.anaconda.org/download/bioconda/phylotoast/1.3.0/linux-64/phylotoast-1.3.0-py35_1.tar.bz2",
            "full_name": "bioconda/phylotoast/1.3.0/linux-64/phylotoast-1.3.0-py35_1.tar.bz2",
            "labels": [
                "main",
                "cf201901"
            ],
            "md5": "4e4271027e279b27c575b516ffedcee3",
            "ndownloads": 418,
            "owner": "bioconda",
            "size": 475256,
            "type": "conda",
            "upload_time": "2016-03-18 20:54:07.908000+00:00",
            "version": "1.3.0"
        },
        {
            "attrs": {
                "arch": "x86_64",
                "build": "py27_1",
                "build_number": 1,
                "depends": [
                    "python 2.7*"
                ],
                "license": "MIT License",
                "machine": "x86_64",
                "operatingsystem": "linux",
                "platform": "linux",
                "subdir": "linux-64",
                "target-triplet": "x86_64-any-linux"
            },
            "basename": "linux-64/phylotoast-1.3.0-py27_1.tar.bz2",
            "dependencies": {
                "depends": [
                    {
                        "name": "python",
                        "specs": [
                            [
                                "==",
                                "2.7"
                            ]
                        ]
                    }
                ]
            },
            "description": null,
            "distribution_type": "conda",
            "download_url": "//api.anaconda.org/download/bioconda/phylotoast/1.3.0/linux-64/phylotoast-1.3.0-py27_1.tar.bz2",
            "full_name": "bioconda/phylotoast/1.3.0/linux-64/phylotoast-1.3.0-py27_1.tar.bz2",
            "labels": [
                "main",
                "cf201901"
            ],
            "md5": "8f650f746c8fe2ecb2c4544c8452a7ca",
            "ndownloads": 437,
            "owner": "bioconda",
            "size": 479013,
            "type": "conda",
            "upload_time": "2016-03-18 20:54:09.527000+00:00",
            "version": "1.3.0"
        },
        {
            "attrs": {
                "arch": "x86_64",
                "build": "py34_1",
                "build_number": 1,
                "depends": [
                    "python 3.4*"
                ],
                "license": "MIT License",
                "machine": "x86_64",
                "operatingsystem": "linux",
                "platform": "linux",
                "subdir": "linux-64",
                "target-triplet": "x86_64-any-linux"
            },
            "basename": "linux-64/phylotoast-1.3.0-py34_1.tar.bz2",
            "dependencies": {
                "depends": [
                    {
                        "name": "python",
                        "specs": [
                            [
                                "==",
                                "3.4"
                            ]
                        ]
                    }
                ]
            },
            "description": null,
            "distribution_type": "conda",
            "download_url": "//api.anaconda.org/download/bioconda/phylotoast/1.3.0/linux-64/phylotoast-1.3.0-py34_1.tar.bz2",
            "full_name": "bioconda/phylotoast/1.3.0/linux-64/phylotoast-1.3.0-py34_1.tar.bz2",
            "labels": [
                "main",
                "cf201901"
            ],
            "md5": "3c838922e03fd47a5fce6e64edec898b",
            "ndownloads": 390,
            "owner": "bioconda",
            "size": 483213,
            "type": "conda",
            "upload_time": "2016-03-18 20:54:11.005000+00:00",
            "version": "1.3.0"
        },
        {
            "attrs": {
                "arch": "x86_64",
                "build": "py34_1",
                "build_number": 1,
                "depends": [
                    "python 3.4*"
                ],
                "license": "MIT License",
                "machine": "x86_64",
                "operatingsystem": "darwin",
                "platform": "osx",
                "subdir": "osx-64",
                "target-triplet": "x86_64-any-darwin"
            },
            "basename": "osx-64/phylotoast-1.3.0-py34_1.tar.bz2",
            "dependencies": {
                "depends": [
                    {
                        "name": "python",
                        "specs": [
                            [
                                "==",
                                "3.4"
                            ]
                        ]
                    }
                ]
            },
            "description": null,
            "distribution_type": "conda",
            "download_url": "//api.anaconda.org/download/bioconda/phylotoast/1.3.0/osx-64/phylotoast-1.3.0-py34_1.tar.bz2",
            "full_name": "bioconda/phylotoast/1.3.0/osx-64/phylotoast-1.3.0-py34_1.tar.bz2",
            "labels": [
                "main",
                "cf201901"
            ],
            "md5": "9c7c7eb961aa43a38cffa74aca6787e4",
            "ndownloads": 59,
            "owner": "bioconda",
            "size": 483289,
            "type": "conda",
            "upload_time": "2016-03-21 13:45:40.320000+00:00",
            "version": "1.3.0"
        },
        {
            "attrs": {
                "arch": "x86_64",
                "build": "py35_1",
                "build_number": 1,
                "depends": [
                    "python 3.5*"
                ],
                "license": "MIT License",
                "machine": "x86_64",
                "operatingsystem": "darwin",
                "platform": "osx",
                "subdir": "osx-64",
                "target-triplet": "x86_64-any-darwin"
            },
            "basename": "osx-64/phylotoast-1.3.0-py35_1.tar.bz2",
            "dependencies": {
                "depends": [
                    {
                        "name": "python",
                        "specs": [
                            [
                                "==",
                                "3.5"
                            ]
                        ]
                    }
                ]
            },
            "description": null,
            "distribution_type": "conda",
            "download_url": "//api.anaconda.org/download/bioconda/phylotoast/1.3.0/osx-64/phylotoast-1.3.0-py35_1.tar.bz2",
            "full_name": "bioconda/phylotoast/1.3.0/osx-64/phylotoast-1.3.0-py35_1.tar.bz2",
            "labels": [
                "main",
                "cf201901"
            ],
            "md5": "0144b04bf47c1853ec514457b2fcb876",
            "ndownloads": 85,
            "owner": "bioconda",
            "size": 475319,
            "type": "conda",
            "upload_time": "2016-03-21 13:45:43.084000+00:00",
            "version": "1.3.0"
        },
        {
            "attrs": {
                "arch": "x86_64",
                "build": "py27_1",
                "build_number": 1,
                "depends": [
                    "python 2.7*"
                ],
                "license": "MIT License",
                "machine": "x86_64",
                "operatingsystem": "darwin",
                "platform": "osx",
                "subdir": "osx-64",
                "target-triplet": "x86_64-any-darwin"
            },
            "basename": "osx-64/phylotoast-1.3.0-py27_1.tar.bz2",
            "dependencies": {
                "depends": [
                    {
                        "name": "python",
                        "specs": [
                            [
                                "==",
                                "2.7"
                            ]
                        ]
                    }
                ]
            },
            "description": null,
            "distribution_type": "conda",
            "download_url": "//api.anaconda.org/download/bioconda/phylotoast/1.3.0/osx-64/phylotoast-1.3.0-py27_1.tar.bz2",
            "full_name": "bioconda/phylotoast/1.3.0/osx-64/phylotoast-1.3.0-py27_1.tar.bz2",
            "labels": [
                "main",
                "cf201901"
            ],
            "md5": "d0b9ead1d1ad6bea57471eb841a727cd",
            "ndownloads": 98,
            "owner": "bioconda",
            "size": 479065,
            "type": "conda",
            "upload_time": "2016-03-21 13:45:46.472000+00:00",
            "version": "1.3.0"
        },
        {
            "attrs": {
                "arch": "x86_64",
                "build": "py36_1",
                "build_number": 1,
                "depends": [
                    "python 3.6*"
                ],
                "has_prefix": true,
                "license": "MIT License",
                "machine": "x86_64",
                "operatingsystem": "linux",
                "platform": "linux",
                "subdir": "linux-64",
                "target-triplet": "x86_64-any-linux"
            },
            "basename": "linux-64/phylotoast-1.3.0-py36_1.tar.bz2",
            "dependencies": {
                "depends": [
                    {
                        "name": "python",
                        "specs": [
                            [
                                "==",
                                "3.6"
                            ]
                        ]
                    }
                ]
            },
            "description": null,
            "distribution_type": "conda",
            "download_url": "//api.anaconda.org/download/bioconda/phylotoast/1.3.0/linux-64/phylotoast-1.3.0-py36_1.tar.bz2",
            "full_name": "bioconda/phylotoast/1.3.0/linux-64/phylotoast-1.3.0-py36_1.tar.bz2",
            "labels": [
                "main",
                "cf201901"
            ],
            "md5": "3df2ae5aaf69ab3c2dd47a8252f081e6",
            "ndownloads": 369,
            "owner": "bioconda",
            "size": 479136,
            "type": "conda",
            "upload_time": "2017-05-06 11:57:50.556000+00:00",
            "version": "1.3.0"
        }
    ],
    "full_name": "bioconda/phylotoast",
    "home": "None",
    "html_url": "http://anaconda.org/bioconda/phylotoast",
    "id": "56d000d85b4892032ba8094a",
    "latest_version": "1.4.0rc2",
    "license": {},
    "license_url": {},
    "modified_at": "2017-06-01 21:22:50.834000+00:00",
    "name": "phylotoast",
    "owner": {
        "company": "",
        "created_at": "2015-09-11 22:59:20.880000+00:00",
        "description": "Bioconda is a distribution of bioinformatics software realized as a channel for the versatile Conda package manager.",
        "location": "",
        "login": "bioconda",
        "name": "bioconda",
        "url": "",
        "user_type": "org"
    },
    "package_types": [
        "conda"
    ],
    "public": true,
    "releases": [
        {
            "distributions": [
                "linux-64/phylotoast-1.3.0-py35_0.tar.bz2",
                "linux-64/phylotoast-1.3.0-py34_0.tar.bz2",
                "linux-64/phylotoast-1.3.0-py27_0.tar.bz2",
                "osx-64/phylotoast-1.3.0-py34_0.tar.bz2",
                "osx-64/phylotoast-1.3.0-py35_0.tar.bz2",
                "osx-64/phylotoast-1.3.0-py27_0.tar.bz2",
                "linux-64/phylotoast-1.3.0-py35_1.tar.bz2",
                "linux-64/phylotoast-1.3.0-py27_1.tar.bz2",
                "linux-64/phylotoast-1.3.0-py34_1.tar.bz2",
                "osx-64/phylotoast-1.3.0-py34_1.tar.bz2",
                "osx-64/phylotoast-1.3.0-py35_1.tar.bz2",
                "osx-64/phylotoast-1.3.0-py27_1.tar.bz2"
            ],
            "full_name": "bioconda/phylotoast/1.3.0",
            "version": "1.3.0"
        },
        {
            "distributions": [],
            "full_name": "bioconda/phylotoast/1.4.0rc2",
            "version": "1.4.0rc2"
        }
    ],
    "revision": 15,
    "source_git_tag": {},
    "source_git_url": {},
    "summary": "",
    "upvoted": 0,
    "url": "http://api.anaconda.org/packages/bioconda/phylotoast",
    "versions": [
        "1.3.0",
        "1.4.0rc2"
    ],
    "watchers": 1
}