{
    "app_entry": {},
    "app_summary": {},
    "app_type": {},
    "builds": [
        "pyh24bf2e0_0",
        "py27_2",
        "py27_1",
        "py27_0"
    ],
    "conda_platforms": [
        "linux-64",
        "noarch",
        "osx-64"
    ],
    "created_at": "2016-11-03 18:29:03.286000+00:00",
    "description": "",
    "dev_url": null,
    "doc_url": null,
    "files": [
        {
            "attrs": {
                "arch": "x86_64",
                "build": "py27_0",
                "build_number": 0,
                "depends": [
                    "biom-format >=2.1.4,<2.2.0",
                    "cogent >=1.5.3",
                    "numpy >=1.5.1",
                    "python 2.7*"
                ],
                "has_prefix": true,
                "license": "GPL",
                "machine": "x86_64",
                "operatingsystem": "linux",
                "platform": "linux",
                "subdir": "linux-64",
                "target-triplet": "x86_64-any-linux"
            },
            "basename": "linux-64/picrust-1.0.1-py27_0.tar.bz2",
            "dependencies": {
                "depends": [
                    {
                        "name": "biom-format",
                        "specs": [
                            [
                                ">=",
                                "2.1.4,<2.2.0"
                            ]
                        ]
                    },
                    {
                        "name": "cogent",
                        "specs": [
                            [
                                ">=",
                                "1.5.3"
                            ]
                        ]
                    },
                    {
                        "name": "numpy",
                        "specs": [
                            [
                                ">=",
                                "1.5.1"
                            ]
                        ]
                    },
                    {
                        "name": "python",
                        "specs": [
                            [
                                "==",
                                "2.7"
                            ]
                        ]
                    }
                ]
            },
            "description": null,
            "distribution_type": "conda",
            "download_url": "//api.anaconda.org/download/bioconda/picrust/1.0.1/linux-64/picrust-1.0.1-py27_0.tar.bz2",
            "full_name": "bioconda/picrust/1.0.1/linux-64/picrust-1.0.1-py27_0.tar.bz2",
            "labels": [
                "main",
                "cf201901"
            ],
            "md5": "af923b5636fbfe1d99391f876e255a8c",
            "ndownloads": 700,
            "owner": "bioconda",
            "size": 1396580,
            "type": "conda",
            "upload_time": "2016-11-03 18:29:03.948000+00:00",
            "version": "1.0.1"
        },
        {
            "attrs": {
                "arch": "x86_64",
                "build": "py27_0",
                "build_number": 0,
                "depends": [
                    "biom-format >=2.1.4,<2.2.0",
                    "cogent >=1.5.3",
                    "numpy >=1.5.1",
                    "python 2.7*"
                ],
                "has_prefix": true,
                "license": "GPL",
                "machine": "x86_64",
                "operatingsystem": "darwin",
                "platform": "osx",
                "subdir": "osx-64",
                "target-triplet": "x86_64-any-darwin"
            },
            "basename": "osx-64/picrust-1.0.1-py27_0.tar.bz2",
            "dependencies": {
                "depends": [
                    {
                        "name": "biom-format",
                        "specs": [
                            [
                                ">=",
                                "2.1.4,<2.2.0"
                            ]
                        ]
                    },
                    {
                        "name": "cogent",
                        "specs": [
                            [
                                ">=",
                                "1.5.3"
                            ]
                        ]
                    },
                    {
                        "name": "numpy",
                        "specs": [
                            [
                                ">=",
                                "1.5.1"
                            ]
                        ]
                    },
                    {
                        "name": "python",
                        "specs": [
                            [
                                "==",
                                "2.7"
                            ]
                        ]
                    }
                ]
            },
            "description": null,
            "distribution_type": "conda",
            "download_url": "//api.anaconda.org/download/bioconda/picrust/1.0.1/osx-64/picrust-1.0.1-py27_0.tar.bz2",
            "full_name": "bioconda/picrust/1.0.1/osx-64/picrust-1.0.1-py27_0.tar.bz2",
            "labels": [
                "main",
                "cf201901"
            ],
            "md5": "c2d87187e2a8a9fb93ea7c271172da8b",
            "ndownloads": 770,
            "owner": "bioconda",
            "size": 1396994,
            "type": "conda",
            "upload_time": "2016-11-03 19:55:45.612000+00:00",
            "version": "1.0.1"
        },
        {
            "attrs": {
                "arch": "x86_64",
                "build": "py27_0",
                "build_number": 0,
                "depends": [
                    "biom-format >=2.1.4,<2.2.0",
                    "cogent >=1.5.3",
                    "numpy >=1.5.1",
                    "python 2.7*"
                ],
                "has_prefix": true,
                "license": "GPL",
                "machine": "x86_64",
                "operatingsystem": "linux",
                "platform": "linux",
                "subdir": "linux-64",
                "target-triplet": "x86_64-any-linux"
            },
            "basename": "linux-64/picrust-1.1.0-py27_0.tar.bz2",
            "dependencies": {
                "depends": [
                    {
                        "name": "biom-format",
                        "specs": [
                            [
                                ">=",
                                "2.1.4,<2.2.0"
                            ]
                        ]
                    },
                    {
                        "name": "cogent",
                        "specs": [
                            [
                                ">=",
                                "1.5.3"
                            ]
                        ]
                    },
                    {
                        "name": "numpy",
                        "specs": [
                            [
                                ">=",
                                "1.5.1"
                            ]
                        ]
                    },
                    {
                        "name": "python",
                        "specs": [
                            [
                                "==",
                                "2.7"
                            ]
                        ]
                    }
                ]
            },
            "description": null,
            "distribution_type": "conda",
            "download_url": "//api.anaconda.org/download/bioconda/picrust/1.1.0/linux-64/picrust-1.1.0-py27_0.tar.bz2",
            "full_name": "bioconda/picrust/1.1.0/linux-64/picrust-1.1.0-py27_0.tar.bz2",
            "labels": [
                "main",
                "cf201901"
            ],
            "md5": "8640a168733b4ff333344562d953aaf0",
            "ndownloads": 673,
            "owner": "bioconda",
            "size": 1396688,
            "type": "conda",
            "upload_time": "2016-11-27 22:30:19.348000+00:00",
            "version": "1.1.0"
        },
        {
            "attrs": {
                "arch": "x86_64",
                "build": "py27_0",
                "build_number": 0,
                "depends": [
                    "biom-format >=2.1.4,<2.2.0",
                    "cogent >=1.5.3",
                    "numpy >=1.5.1",
                    "python 2.7*"
                ],
                "has_prefix": true,
                "license": "GPL",
                "machine": "x86_64",
                "operatingsystem": "darwin",
                "platform": "osx",
                "subdir": "osx-64",
                "target-triplet": "x86_64-any-darwin"
            },
            "basename": "osx-64/picrust-1.1.0-py27_0.tar.bz2",
            "dependencies": {
                "depends": [
                    {
                        "name": "biom-format",
                        "specs": [
                            [
                                ">=",
                                "2.1.4,<2.2.0"
                            ]
                        ]
                    },
                    {
                        "name": "cogent",
                        "specs": [
                            [
                                ">=",
                                "1.5.3"
                            ]
                        ]
                    },
                    {
                        "name": "numpy",
                        "specs": [
                            [
                                ">=",
                                "1.5.1"
                            ]
                        ]
                    },
                    {
                        "name": "python",
                        "specs": [
                            [
                                "==",
                                "2.7"
                            ]
                        ]
                    }
                ]
            },
            "description": null,
            "distribution_type": "conda",
            "download_url": "//api.anaconda.org/download/bioconda/picrust/1.1.0/osx-64/picrust-1.1.0-py27_0.tar.bz2",
            "full_name": "bioconda/picrust/1.1.0/osx-64/picrust-1.1.0-py27_0.tar.bz2",
            "labels": [
                "main",
                "cf201901"
            ],
            "md5": "56bb761c27fe8d0988eb348f5a16c659",
            "ndownloads": 780,
            "owner": "bioconda",
            "size": 1396972,
            "type": "conda",
            "upload_time": "2016-11-27 22:38:30.008000+00:00",
            "version": "1.1.0"
        },
        {
            "attrs": {
                "arch": "x86_64",
                "build": "py27_0",
                "build_number": 0,
                "depends": [
                    "biom-format >=2.1.4,<2.2.0",
                    "cogent >=1.5.3",
                    "future >=0.16",
                    "h5py >=1.7.0",
                    "numpy >=1.5.1",
                    "python 2.7*"
                ],
                "has_prefix": true,
                "license": "GPL-3.0",
                "machine": "x86_64",
                "operatingsystem": "darwin",
                "platform": "osx",
                "subdir": "osx-64",
                "target-triplet": "x86_64-any-darwin"
            },
            "basename": "osx-64/picrust-1.1.2-py27_0.tar.bz2",
            "dependencies": {
                "depends": [
                    {
                        "name": "biom-format",
                        "specs": [
                            [
                                ">=",
                                "2.1.4,<2.2.0"
                            ]
                        ]
                    },
                    {
                        "name": "cogent",
                        "specs": [
                            [
                                ">=",
                                "1.5.3"
                            ]
                        ]
                    },
                    {
                        "name": "future",
                        "specs": [
                            [
                                ">=",
                                "0.16"
                            ]
                        ]
                    },
                    {
                        "name": "h5py",
                        "specs": [
                            [
                                ">=",
                                "1.7.0"
                            ]
                        ]
                    },
                    {
                        "name": "numpy",
                        "specs": [
                            [
                                ">=",
                                "1.5.1"
                            ]
                        ]
                    },
                    {
                        "name": "python",
                        "specs": [
                            [
                                "==",
                                "2.7"
                            ]
                        ]
                    }
                ]
            },
            "description": null,
            "distribution_type": "conda",
            "download_url": "//api.anaconda.org/download/bioconda/picrust/1.1.2/osx-64/picrust-1.1.2-py27_0.tar.bz2",
            "full_name": "bioconda/picrust/1.1.2/osx-64/picrust-1.1.2-py27_0.tar.bz2",
            "labels": [
                "main",
                "cf201901"
            ],
            "md5": "7e699864d4cd3782b7d35d2c429faee4",
            "ndownloads": 781,
            "owner": "bioconda",
            "size": 1379882,
            "type": "conda",
            "upload_time": "2017-09-01 11:55:35.494000+00:00",
            "version": "1.1.2"
        },
        {
            "attrs": {
                "arch": "x86_64",
                "build": "py27_1",
                "build_number": 1,
                "depends": [
                    "biom-format >=2.1.4,<2.2.0",
                    "cogent >=1.5.3",
                    "future >=0.16",
                    "h5py >=1.7.0",
                    "numpy >=1.5.1",
                    "python 2.7*",
                    "r-ape >=5.0"
                ],
                "has_prefix": true,
                "license": "GPL-3.0",
                "machine": "x86_64",
                "operatingsystem": "linux",
                "platform": "linux",
                "subdir": "linux-64",
                "target-triplet": "x86_64-any-linux"
            },
            "basename": "linux-64/picrust-1.1.3-py27_1.tar.bz2",
            "dependencies": {
                "depends": [
                    {
                        "name": "biom-format",
                        "specs": [
                            [
                                ">=",
                                "2.1.4,<2.2.0"
                            ]
                        ]
                    },
                    {
                        "name": "cogent",
                        "specs": [
                            [
                                ">=",
                                "1.5.3"
                            ]
                        ]
                    },
                    {
                        "name": "future",
                        "specs": [
                            [
                                ">=",
                                "0.16"
                            ]
                        ]
                    },
                    {
                        "name": "h5py",
                        "specs": [
                            [
                                ">=",
                                "1.7.0"
                            ]
                        ]
                    },
                    {
                        "name": "numpy",
                        "specs": [
                            [
                                ">=",
                                "1.5.1"
                            ]
                        ]
                    },
                    {
                        "name": "python",
                        "specs": [
                            [
                                "==",
                                "2.7"
                            ]
                        ]
                    },
                    {
                        "name": "r-ape",
                        "specs": [
                            [
                                ">=",
                                "5.0"
                            ]
                        ]
                    }
                ]
            },
            "description": null,
            "distribution_type": "conda",
            "download_url": "//api.anaconda.org/download/bioconda/picrust/1.1.3/linux-64/picrust-1.1.3-py27_1.tar.bz2",
            "full_name": "bioconda/picrust/1.1.3/linux-64/picrust-1.1.3-py27_1.tar.bz2",
            "labels": [
                "main",
                "cf201901"
            ],
            "md5": "440f544c5f70e6133ca1c7dd735d38b1",
            "ndownloads": 742,
            "owner": "bioconda",
            "size": 1380179,
            "type": "conda",
            "upload_time": "2018-01-23 14:49:24.584000+00:00",
            "version": "1.1.3"
        },
        {
            "attrs": {
                "arch": "x86_64",
                "build": "py27_0",
                "build_number": 0,
                "depends": [
                    "biom-format >=2.1.4,<2.2.0",
                    "cogent >=1.5.3",
                    "h5py >=1.7.0",
                    "numpy >=1.5.1",
                    "python 2.7*"
                ],
                "has_prefix": true,
                "license": "GPL",
                "machine": "x86_64",
                "operatingsystem": "darwin",
                "platform": "osx",
                "subdir": "osx-64",
                "target-triplet": "x86_64-any-darwin"
            },
            "basename": "osx-64/picrust-1.1.1-py27_0.tar.bz2",
            "dependencies": {
                "depends": [
                    {
                        "name": "biom-format",
                        "specs": [
                            [
                                ">=",
                                "2.1.4,<2.2.0"
                            ]
                        ]
                    },
                    {
                        "name": "cogent",
                        "specs": [
                            [
                                ">=",
                                "1.5.3"
                            ]
                        ]
                    },
                    {
                        "name": "h5py",
                        "specs": [
                            [
                                ">=",
                                "1.7.0"
                            ]
                        ]
                    },
                    {
                        "name": "numpy",
                        "specs": [
                            [
                                ">=",
                                "1.5.1"
                            ]
                        ]
                    },
                    {
                        "name": "python",
                        "specs": [
                            [
                                "==",
                                "2.7"
                            ]
                        ]
                    }
                ]
            },
            "description": null,
            "distribution_type": "conda",
            "download_url": "//api.anaconda.org/download/bioconda/picrust/1.1.1/osx-64/picrust-1.1.1-py27_0.tar.bz2",
            "full_name": "bioconda/picrust/1.1.1/osx-64/picrust-1.1.1-py27_0.tar.bz2",
            "labels": [
                "main",
                "cf201901"
            ],
            "md5": "96c39a89e22c6fa3faff826e4df09ba7",
            "ndownloads": 778,
            "owner": "bioconda",
            "size": 1377917,
            "type": "conda",
            "upload_time": "2017-08-01 11:23:05.605000+00:00",
            "version": "1.1.1"
        },
        {
            "attrs": {
                "arch": "x86_64",
                "build": "py27_0",
                "build_number": 0,
                "depends": [
                    "biom-format >=2.1.4,<2.2.0",
                    "cogent >=1.5.3",
                    "h5py >=1.7.0",
                    "numpy >=1.5.1",
                    "python 2.7*"
                ],
                "has_prefix": true,
                "license": "GPL",
                "machine": "x86_64",
                "operatingsystem": "linux",
                "platform": "linux",
                "subdir": "linux-64",
                "target-triplet": "x86_64-any-linux"
            },
            "basename": "linux-64/picrust-1.1.1-py27_0.tar.bz2",
            "dependencies": {
                "depends": [
                    {
                        "name": "biom-format",
                        "specs": [
                            [
                                ">=",
                                "2.1.4,<2.2.0"
                            ]
                        ]
                    },
                    {
                        "name": "cogent",
                        "specs": [
                            [
                                ">=",
                                "1.5.3"
                            ]
                        ]
                    },
                    {
                        "name": "h5py",
                        "specs": [
                            [
                                ">=",
                                "1.7.0"
                            ]
                        ]
                    },
                    {
                        "name": "numpy",
                        "specs": [
                            [
                                ">=",
                                "1.5.1"
                            ]
                        ]
                    },
                    {
                        "name": "python",
                        "specs": [
                            [
                                "==",
                                "2.7"
                            ]
                        ]
                    }
                ]
            },
            "description": null,
            "distribution_type": "conda",
            "download_url": "//api.anaconda.org/download/bioconda/picrust/1.1.1/linux-64/picrust-1.1.1-py27_0.tar.bz2",
            "full_name": "bioconda/picrust/1.1.1/linux-64/picrust-1.1.1-py27_0.tar.bz2",
            "labels": [
                "main",
                "cf201901"
            ],
            "md5": "847440286c292416c96af27e916490c9",
            "ndownloads": 754,
            "owner": "bioconda",
            "size": 1378160,
            "type": "conda",
            "upload_time": "2017-08-01 11:37:52.584000+00:00",
            "version": "1.1.1"
        },
        {
            "attrs": {
                "arch": "x86_64",
                "build": "py27_0",
                "build_number": 0,
                "depends": [
                    "biom-format >=2.1.4,<2.2.0",
                    "cogent >=1.5.3",
                    "future >=0.16",
                    "h5py >=1.7.0",
                    "numpy >=1.5.1",
                    "python 2.7*"
                ],
                "has_prefix": true,
                "license": "GPL-3.0",
                "machine": "x86_64",
                "operatingsystem": "linux",
                "platform": "linux",
                "subdir": "linux-64",
                "target-triplet": "x86_64-any-linux"
            },
            "basename": "linux-64/picrust-1.1.2-py27_0.tar.bz2",
            "dependencies": {
                "depends": [
                    {
                        "name": "biom-format",
                        "specs": [
                            [
                                ">=",
                                "2.1.4,<2.2.0"
                            ]
                        ]
                    },
                    {
                        "name": "cogent",
                        "specs": [
                            [
                                ">=",
                                "1.5.3"
                            ]
                        ]
                    },
                    {
                        "name": "future",
                        "specs": [
                            [
                                ">=",
                                "0.16"
                            ]
                        ]
                    },
                    {
                        "name": "h5py",
                        "specs": [
                            [
                                ">=",
                                "1.7.0"
                            ]
                        ]
                    },
                    {
                        "name": "numpy",
                        "specs": [
                            [
                                ">=",
                                "1.5.1"
                            ]
                        ]
                    },
                    {
                        "name": "python",
                        "specs": [
                            [
                                "==",
                                "2.7"
                            ]
                        ]
                    }
                ]
            },
            "description": null,
            "distribution_type": "conda",
            "download_url": "//api.anaconda.org/download/bioconda/picrust/1.1.2/linux-64/picrust-1.1.2-py27_0.tar.bz2",
            "full_name": "bioconda/picrust/1.1.2/linux-64/picrust-1.1.2-py27_0.tar.bz2",
            "labels": [
                "main",
                "cf201901"
            ],
            "md5": "2e6551e63e6965f0f15b3211b1e74a0c",
            "ndownloads": 588,
            "owner": "bioconda",
            "size": 1380417,
            "type": "conda",
            "upload_time": "2017-09-01 10:58:06.912000+00:00",
            "version": "1.1.2"
        },
        {
            "attrs": {
                "arch": "x86_64",
                "build": "py27_0",
                "build_number": 0,
                "depends": [
                    "biom-format >=2.1.4,<2.2.0",
                    "cogent >=1.5.3",
                    "future >=0.16",
                    "h5py >=1.7.0",
                    "numpy >=1.5.1",
                    "python 2.7*"
                ],
                "has_prefix": true,
                "license": "GPL-3.0",
                "machine": "x86_64",
                "operatingsystem": "darwin",
                "platform": "osx",
                "subdir": "osx-64",
                "target-triplet": "x86_64-any-darwin"
            },
            "basename": "osx-64/picrust-1.1.3-py27_0.tar.bz2",
            "dependencies": {
                "depends": [
                    {
                        "name": "biom-format",
                        "specs": [
                            [
                                ">=",
                                "2.1.4,<2.2.0"
                            ]
                        ]
                    },
                    {
                        "name": "cogent",
                        "specs": [
                            [
                                ">=",
                                "1.5.3"
                            ]
                        ]
                    },
                    {
                        "name": "future",
                        "specs": [
                            [
                                ">=",
                                "0.16"
                            ]
                        ]
                    },
                    {
                        "name": "h5py",
                        "specs": [
                            [
                                ">=",
                                "1.7.0"
                            ]
                        ]
                    },
                    {
                        "name": "numpy",
                        "specs": [
                            [
                                ">=",
                                "1.5.1"
                            ]
                        ]
                    },
                    {
                        "name": "python",
                        "specs": [
                            [
                                "==",
                                "2.7"
                            ]
                        ]
                    }
                ]
            },
            "description": null,
            "distribution_type": "conda",
            "download_url": "//api.anaconda.org/download/bioconda/picrust/1.1.3/osx-64/picrust-1.1.3-py27_0.tar.bz2",
            "full_name": "bioconda/picrust/1.1.3/osx-64/picrust-1.1.3-py27_0.tar.bz2",
            "labels": [
                "main",
                "cf201901"
            ],
            "md5": "299e97745dae3e3bf47a7b04378f6c15",
            "ndownloads": 739,
            "owner": "bioconda",
            "size": 1379875,
            "type": "conda",
            "upload_time": "2017-12-07 07:12:58.215000+00:00",
            "version": "1.1.3"
        },
        {
            "attrs": {
                "arch": "x86_64",
                "build": "py27_0",
                "build_number": 0,
                "depends": [
                    "biom-format >=2.1.4,<2.2.0",
                    "cogent >=1.5.3",
                    "future >=0.16",
                    "h5py >=1.7.0",
                    "numpy >=1.5.1",
                    "python 2.7*"
                ],
                "has_prefix": true,
                "license": "GPL-3.0",
                "machine": "x86_64",
                "operatingsystem": "linux",
                "platform": "linux",
                "subdir": "linux-64",
                "target-triplet": "x86_64-any-linux"
            },
            "basename": "linux-64/picrust-1.1.3-py27_0.tar.bz2",
            "dependencies": {
                "depends": [
                    {
                        "name": "biom-format",
                        "specs": [
                            [
                                ">=",
                                "2.1.4,<2.2.0"
                            ]
                        ]
                    },
                    {
                        "name": "cogent",
                        "specs": [
                            [
                                ">=",
                                "1.5.3"
                            ]
                        ]
                    },
                    {
                        "name": "future",
                        "specs": [
                            [
                                ">=",
                                "0.16"
                            ]
                        ]
                    },
                    {
                        "name": "h5py",
                        "specs": [
                            [
                                ">=",
                                "1.7.0"
                            ]
                        ]
                    },
                    {
                        "name": "numpy",
                        "specs": [
                            [
                                ">=",
                                "1.5.1"
                            ]
                        ]
                    },
                    {
                        "name": "python",
                        "specs": [
                            [
                                "==",
                                "2.7"
                            ]
                        ]
                    }
                ]
            },
            "description": null,
            "distribution_type": "conda",
            "download_url": "//api.anaconda.org/download/bioconda/picrust/1.1.3/linux-64/picrust-1.1.3-py27_0.tar.bz2",
            "full_name": "bioconda/picrust/1.1.3/linux-64/picrust-1.1.3-py27_0.tar.bz2",
            "labels": [
                "main",
                "cf201901"
            ],
            "md5": "3e5f7e5976508c311b6ffd27c27f15e8",
            "ndownloads": 1096,
            "owner": "bioconda",
            "size": 1380115,
            "type": "conda",
            "upload_time": "2017-12-07 07:14:44.769000+00:00",
            "version": "1.1.3"
        },
        {
            "attrs": {
                "arch": "x86_64",
                "build": "py27_1",
                "build_number": 1,
                "depends": [
                    "biom-format >=2.1.4,<2.2.0",
                    "cogent >=1.5.3",
                    "future >=0.16",
                    "h5py >=1.7.0",
                    "numpy >=1.5.1",
                    "python 2.7*",
                    "r-ape >=5.0"
                ],
                "has_prefix": true,
                "license": "GPL-3.0",
                "machine": "x86_64",
                "operatingsystem": "darwin",
                "platform": "osx",
                "subdir": "osx-64",
                "target-triplet": "x86_64-any-darwin"
            },
            "basename": "osx-64/picrust-1.1.3-py27_1.tar.bz2",
            "dependencies": {
                "depends": [
                    {
                        "name": "biom-format",
                        "specs": [
                            [
                                ">=",
                                "2.1.4,<2.2.0"
                            ]
                        ]
                    },
                    {
                        "name": "cogent",
                        "specs": [
                            [
                                ">=",
                                "1.5.3"
                            ]
                        ]
                    },
                    {
                        "name": "future",
                        "specs": [
                            [
                                ">=",
                                "0.16"
                            ]
                        ]
                    },
                    {
                        "name": "h5py",
                        "specs": [
                            [
                                ">=",
                                "1.7.0"
                            ]
                        ]
                    },
                    {
                        "name": "numpy",
                        "specs": [
                            [
                                ">=",
                                "1.5.1"
                            ]
                        ]
                    },
                    {
                        "name": "python",
                        "specs": [
                            [
                                "==",
                                "2.7"
                            ]
                        ]
                    },
                    {
                        "name": "r-ape",
                        "specs": [
                            [
                                ">=",
                                "5.0"
                            ]
                        ]
                    }
                ]
            },
            "description": null,
            "distribution_type": "conda",
            "download_url": "//api.anaconda.org/download/bioconda/picrust/1.1.3/osx-64/picrust-1.1.3-py27_1.tar.bz2",
            "full_name": "bioconda/picrust/1.1.3/osx-64/picrust-1.1.3-py27_1.tar.bz2",
            "labels": [
                "main",
                "cf201901"
            ],
            "md5": "d53fe4f39e42c08936e1477f6a74750f",
            "ndownloads": 133,
            "owner": "bioconda",
            "size": 1379955,
            "type": "conda",
            "upload_time": "2018-01-26 03:33:53.773000+00:00",
            "version": "1.1.3"
        },
        {
            "attrs": {
                "arch": "x86_64",
                "build": "py27_2",
                "build_number": 2,
                "depends": [
                    "biom-format >=2.1.4,<2.2.0",
                    "cogent >=1.5.3",
                    "future >=0.16",
                    "h5py >=1.7.0",
                    "numpy >=1.5.1",
                    "python >=2.7,<2.8.0a0",
                    "r-ape >=5.0"
                ],
                "has_prefix": true,
                "license": "GPL-3.0",
                "machine": "x86_64",
                "operatingsystem": "darwin",
                "platform": "osx",
                "subdir": "osx-64",
                "target-triplet": "x86_64-any-darwin",
                "timestamp": 1529905447352
            },
            "basename": "osx-64/picrust-1.1.3-py27_2.tar.bz2",
            "dependencies": {
                "depends": [
                    {
                        "name": "biom-format",
                        "specs": [
                            [
                                ">=",
                                "2.1.4,<2.2.0"
                            ]
                        ]
                    },
                    {
                        "name": "cogent",
                        "specs": [
                            [
                                ">=",
                                "1.5.3"
                            ]
                        ]
                    },
                    {
                        "name": "future",
                        "specs": [
                            [
                                ">=",
                                "0.16"
                            ]
                        ]
                    },
                    {
                        "name": "h5py",
                        "specs": [
                            [
                                ">=",
                                "1.7.0"
                            ]
                        ]
                    },
                    {
                        "name": "numpy",
                        "specs": [
                            [
                                ">=",
                                "1.5.1"
                            ]
                        ]
                    },
                    {
                        "name": "python",
                        "specs": [
                            [
                                ">=",
                                "2.7,<2.8.0a0"
                            ]
                        ]
                    },
                    {
                        "name": "r-ape",
                        "specs": [
                            [
                                ">=",
                                "5.0"
                            ]
                        ]
                    }
                ]
            },
            "description": null,
            "distribution_type": "conda",
            "download_url": "//api.anaconda.org/download/bioconda/picrust/1.1.3/osx-64/picrust-1.1.3-py27_2.tar.bz2",
            "full_name": "bioconda/picrust/1.1.3/osx-64/picrust-1.1.3-py27_2.tar.bz2",
            "labels": [
                "main",
                "cf201901"
            ],
            "md5": "f88adbac2a5ccdf8d059629638fccce5",
            "ndownloads": 781,
            "owner": "bioconda",
            "size": 1380758,
            "type": "conda",
            "upload_time": "2018-06-25 05:45:26.905000+00:00",
            "version": "1.1.3"
        },
        {
            "attrs": {
                "arch": "x86_64",
                "build": "py27_2",
                "build_number": 2,
                "depends": [
                    "biom-format >=2.1.4,<2.2.0",
                    "cogent >=1.5.3",
                    "future >=0.16",
                    "h5py >=1.7.0",
                    "numpy >=1.5.1",
                    "python >=2.7,<2.8.0a0",
                    "r-ape >=5.0"
                ],
                "has_prefix": true,
                "license": "GPL-3.0",
                "machine": "x86_64",
                "operatingsystem": "linux",
                "platform": "linux",
                "subdir": "linux-64",
                "target-triplet": "x86_64-any-linux",
                "timestamp": 1530204331878
            },
            "basename": "linux-64/picrust-1.1.3-py27_2.tar.bz2",
            "dependencies": {
                "depends": [
                    {
                        "name": "biom-format",
                        "specs": [
                            [
                                ">=",
                                "2.1.4,<2.2.0"
                            ]
                        ]
                    },
                    {
                        "name": "cogent",
                        "specs": [
                            [
                                ">=",
                                "1.5.3"
                            ]
                        ]
                    },
                    {
                        "name": "future",
                        "specs": [
                            [
                                ">=",
                                "0.16"
                            ]
                        ]
                    },
                    {
                        "name": "h5py",
                        "specs": [
                            [
                                ">=",
                                "1.7.0"
                            ]
                        ]
                    },
                    {
                        "name": "numpy",
                        "specs": [
                            [
                                ">=",
                                "1.5.1"
                            ]
                        ]
                    },
                    {
                        "name": "python",
                        "specs": [
                            [
                                ">=",
                                "2.7,<2.8.0a0"
                            ]
                        ]
                    },
                    {
                        "name": "r-ape",
                        "specs": [
                            [
                                ">=",
                                "5.0"
                            ]
                        ]
                    }
                ]
            },
            "description": null,
            "distribution_type": "conda",
            "download_url": "//api.anaconda.org/download/bioconda/picrust/1.1.3/linux-64/picrust-1.1.3-py27_2.tar.bz2",
            "full_name": "bioconda/picrust/1.1.3/linux-64/picrust-1.1.3-py27_2.tar.bz2",
            "labels": [
                "main",
                "cf201901"
            ],
            "md5": "c16584f1c3ba386efeaeea12d82781e0",
            "ndownloads": 1467,
            "owner": "bioconda",
            "size": 1381261,
            "type": "conda",
            "upload_time": "2018-06-28 16:54:04.757000+00:00",
            "version": "1.1.3"
        },
        {
            "attrs": {
                "arch": null,
                "build": "pyh24bf2e0_0",
                "build_number": 0,
                "depends": [
                    "biom-format >=2.1.4,<2.2.0",
                    "cogent >=1.5.3",
                    "future >=0.16",
                    "h5py >=2.7.1",
                    "numpy",
                    "python 2.7.*",
                    "r-ape >=5.0"
                ],
                "has_prefix": false,
                "license": "GPL-3.0",
                "machine": null,
                "noarch": "python",
                "operatingsystem": null,
                "platform": null,
                "subdir": "noarch",
                "target-triplet": "None-any-None",
                "timestamp": 1561657289800
            },
            "basename": "noarch/picrust-1.1.4-pyh24bf2e0_0.tar.bz2",
            "dependencies": {
                "depends": [
                    {
                        "name": "biom-format",
                        "specs": [
                            [
                                ">=",
                                "2.1.4,<2.2.0"
                            ]
                        ]
                    },
                    {
                        "name": "cogent",
                        "specs": [
                            [
                                ">=",
                                "1.5.3"
                            ]
                        ]
                    },
                    {
                        "name": "future",
                        "specs": [
                            [
                                ">=",
                                "0.16"
                            ]
                        ]
                    },
                    {
                        "name": "h5py",
                        "specs": [
                            [
                                ">=",
                                "2.7.1"
                            ]
                        ]
                    },
                    {
                        "name": "numpy",
                        "specs": []
                    },
                    {
                        "name": "python",
                        "specs": [
                            [
                                "==",
                                "2.7."
                            ]
                        ]
                    },
                    {
                        "name": "r-ape",
                        "specs": [
                            [
                                ">=",
                                "5.0"
                            ]
                        ]
                    }
                ]
            },
            "description": null,
            "distribution_type": "conda",
            "download_url": "//api.anaconda.org/download/bioconda/picrust/1.1.4/noarch/picrust-1.1.4-pyh24bf2e0_0.tar.bz2",
            "full_name": "bioconda/picrust/1.1.4/noarch/picrust-1.1.4-pyh24bf2e0_0.tar.bz2",
            "labels": [
                "main"
            ],
            "md5": "2dbb6906bccaa349fda45d5a17e37806",
            "ndownloads": 837,
            "owner": "bioconda",
            "size": 1350174,
            "type": "conda",
            "upload_time": "2019-06-27 17:50:13.948000+00:00",
            "version": "1.1.4"
        }
    ],
    "full_name": "bioconda/picrust",
    "home": "None",
    "html_url": "http://anaconda.org/bioconda/picrust",
    "id": "581b81efc467131189174fde",
    "latest_version": "1.1.4",
    "license": "GPL-3.0",
    "license_url": null,
    "modified_at": "2019-06-27 17:50:14.373000+00:00",
    "name": "picrust",
    "owner": {
        "company": "",
        "created_at": "2015-09-11 22:59:20.880000+00:00",
        "description": "Bioconda is a distribution of bioinformatics software realized as a channel for the versatile Conda package manager.",
        "location": "",
        "login": "bioconda",
        "name": "bioconda",
        "url": "",
        "user_type": "org"
    },
    "package_types": [
        "conda"
    ],
    "public": true,
    "releases": [
        {
            "distributions": [],
            "full_name": "bioconda/picrust/1.0.1",
            "version": "1.0.1"
        },
        {
            "distributions": [],
            "full_name": "bioconda/picrust/1.1.0",
            "version": "1.1.0"
        },
        {
            "distributions": [],
            "full_name": "bioconda/picrust/1.1.1",
            "version": "1.1.1"
        },
        {
            "distributions": [],
            "full_name": "bioconda/picrust/1.1.2",
            "version": "1.1.2"
        },
        {
            "distributions": [],
            "full_name": "bioconda/picrust/1.1.3",
            "version": "1.1.3"
        },
        {
            "distributions": [],
            "full_name": "bioconda/picrust/1.1.4",
            "version": "1.1.4"
        }
    ],
    "revision": 10,
    "source_git_tag": null,
    "source_git_url": null,
    "summary": "PICRUSt: Phylogenetic Investigation of Communities by Reconstruction of Unobserved States",
    "upvoted": 0,
    "url": "http://api.anaconda.org/packages/bioconda/picrust",
    "versions": [
        "1.0.1",
        "1.1.0",
        "1.1.1",
        "1.1.2",
        "1.1.3",
        "1.1.4"
    ],
    "watchers": 1
}