{
    "app_entry": {},
    "app_summary": {},
    "app_type": {},
    "builds": [
        "hba1f1f8_0",
        "h88e4a8a_0"
    ],
    "conda_platforms": [
        "linux-64",
        "osx-64"
    ],
    "created_at": "2019-08-11 19:29:38.823000+00:00",
    "description": "",
    "dev_url": null,
    "doc_url": null,
    "files": [
        {
            "attrs": {
                "arch": "x86_64",
                "build": "h88e4a8a_0",
                "build_number": 0,
                "depends": [
                    "gsl >=2.5,<2.6.0a0",
                    "libgcc-ng >=7.3.0"
                ],
                "has_prefix": false,
                "license": "GPL3",
                "machine": "x86_64",
                "operatingsystem": "linux",
                "platform": "linux",
                "subdir": "linux-64",
                "target-triplet": "x86_64-any-linux",
                "timestamp": 1565551671719
            },
            "basename": "linux-64/prefersim-1.0-h88e4a8a_0.tar.bz2",
            "dependencies": {
                "depends": [
                    {
                        "name": "gsl",
                        "specs": [
                            [
                                ">=",
                                "2.5,<2.6.0a0"
                            ]
                        ]
                    },
                    {
                        "name": "libgcc-ng",
                        "specs": [
                            [
                                ">=",
                                "7.3.0"
                            ]
                        ]
                    }
                ]
            },
            "description": null,
            "distribution_type": "conda",
            "download_url": "//api.anaconda.org/download/bioconda/prefersim/1.0/linux-64/prefersim-1.0-h88e4a8a_0.tar.bz2",
            "full_name": "bioconda/prefersim/1.0/linux-64/prefersim-1.0-h88e4a8a_0.tar.bz2",
            "labels": [
                "main"
            ],
            "md5": "cfc41236d56b1b06b2ba5d62eabc9e10",
            "ndownloads": 30,
            "owner": "bioconda",
            "size": 79110,
            "type": "conda",
            "upload_time": "2019-08-11 19:29:39.625000+00:00",
            "version": "1.0"
        },
        {
            "attrs": {
                "arch": "x86_64",
                "build": "hba1f1f8_0",
                "build_number": 0,
                "depends": [
                    "gsl >=2.5,<2.6.0a0"
                ],
                "has_prefix": true,
                "license": "GPL3",
                "machine": "x86_64",
                "operatingsystem": "darwin",
                "platform": "osx",
                "subdir": "osx-64",
                "target-triplet": "x86_64-any-darwin",
                "timestamp": 1565551823178
            },
            "basename": "osx-64/prefersim-1.0-hba1f1f8_0.tar.bz2",
            "dependencies": {
                "depends": [
                    {
                        "name": "gsl",
                        "specs": [
                            [
                                ">=",
                                "2.5,<2.6.0a0"
                            ]
                        ]
                    }
                ]
            },
            "description": null,
            "distribution_type": "conda",
            "download_url": "//api.anaconda.org/download/bioconda/prefersim/1.0/osx-64/prefersim-1.0-hba1f1f8_0.tar.bz2",
            "full_name": "bioconda/prefersim/1.0/osx-64/prefersim-1.0-hba1f1f8_0.tar.bz2",
            "labels": [
                "main"
            ],
            "md5": "a1a1c87d4d05f39b8aa9fac83480818b",
            "ndownloads": 307,
            "owner": "bioconda",
            "size": 57567,
            "type": "conda",
            "upload_time": "2019-08-11 19:30:39.880000+00:00",
            "version": "1.0"
        }
    ],
    "full_name": "bioconda/prefersim",
    "home": "https://github.com/LohmuellerLab/PReFerSim",
    "html_url": "http://anaconda.org/bioconda/prefersim",
    "id": "5d506ca27870580c4c8076e7",
    "latest_version": "1.0",
    "license": "GPL3",
    "license_url": null,
    "modified_at": "2019-08-11 19:30:40.994000+00:00",
    "name": "prefersim",
    "owner": {
        "company": "",
        "created_at": "2015-09-11 22:59:20.880000+00:00",
        "description": "Bioconda is a distribution of bioinformatics software realized as a channel for the versatile Conda package manager.",
        "location": "",
        "login": "bioconda",
        "name": "bioconda",
        "url": "",
        "user_type": "org"
    },
    "package_types": [
        "conda"
    ],
    "public": true,
    "releases": [
        {
            "distributions": [],
            "full_name": "bioconda/prefersim/1.0",
            "version": "1.0"
        }
    ],
    "revision": 2,
    "source_git_tag": null,
    "source_git_url": null,
    "summary": "PReFerSim is an ANSI C program that performs forward simulations under the PRF model",
    "upvoted": 0,
    "url": "http://api.anaconda.org/packages/bioconda/prefersim",
    "versions": [
        "1.0"
    ],
    "watchers": 1
}