{
    "app_entry": {},
    "app_summary": {},
    "app_type": {},
    "builds": [
        "hb5cc489_0",
        "py36_gsl1.16_gmp5.1_1",
        "py35_gsl1.16_gmp5.1_1",
        "h090ddda_0",
        "py34_gsl1.16_gmp5.1_1",
        "gsl1.16_0",
        "gsl1.16_gmp5.1_0"
    ],
    "conda_platforms": [
        "linux-64",
        "osx-64"
    ],
    "created_at": "2016-06-15 15:38:29.793000+00:00",
    "description": "",
    "dev_url": null,
    "doc_url": null,
    "files": [
        {
            "attrs": {
                "arch": "x86_64",
                "build": "gsl1.16_0",
                "build_number": 0,
                "depends": [
                    "gsl 1.16*",
                    "libgcc",
                    "zlib"
                ],
                "has_prefix": true,
                "license": "GPLv3",
                "machine": "x86_64",
                "operatingsystem": "linux",
                "platform": "linux",
                "subdir": "linux-64",
                "target-triplet": "x86_64-any-linux"
            },
            "basename": "linux-64/prosic-2.0.0-gsl1.16_0.tar.bz2",
            "dependencies": {
                "depends": [
                    {
                        "name": "gsl",
                        "specs": [
                            [
                                "==",
                                "1.16"
                            ]
                        ]
                    },
                    {
                        "name": "libgcc",
                        "specs": []
                    },
                    {
                        "name": "zlib",
                        "specs": []
                    }
                ]
            },
            "description": null,
            "distribution_type": "conda",
            "download_url": "//api.anaconda.org/download/bioconda/prosic/2.0.0/linux-64/prosic-2.0.0-gsl1.16_0.tar.bz2",
            "full_name": "bioconda/prosic/2.0.0/linux-64/prosic-2.0.0-gsl1.16_0.tar.bz2",
            "labels": [
                "main",
                "cf201901"
            ],
            "md5": "e618f4c5e1980fa80a0b64aa8e73816d",
            "ndownloads": 524,
            "owner": "bioconda",
            "size": 1491511,
            "type": "conda",
            "upload_time": "2016-11-02 22:23:26.888000+00:00",
            "version": "2.0.0"
        },
        {
            "attrs": {
                "arch": "x86_64",
                "build": "gsl1.16_gmp5.1_0",
                "build_number": 0,
                "depends": [
                    "gmp 5.1*",
                    "gsl 1.16*",
                    "numpy",
                    "pysam",
                    "python 3.4*",
                    "pyvcf"
                ],
                "license": "GPLv3",
                "machine": "x86_64",
                "operatingsystem": "linux",
                "platform": "linux",
                "subdir": "linux-64",
                "target-triplet": "x86_64-any-linux"
            },
            "basename": "linux-64/prosic-1.0-gsl1.16_gmp5.1_0.tar.bz2",
            "dependencies": {
                "depends": [
                    {
                        "name": "gmp",
                        "specs": [
                            [
                                "==",
                                "5.1"
                            ]
                        ]
                    },
                    {
                        "name": "gsl",
                        "specs": [
                            [
                                "==",
                                "1.16"
                            ]
                        ]
                    },
                    {
                        "name": "numpy",
                        "specs": []
                    },
                    {
                        "name": "pysam",
                        "specs": []
                    },
                    {
                        "name": "python",
                        "specs": [
                            [
                                "==",
                                "3.4"
                            ]
                        ]
                    },
                    {
                        "name": "pyvcf",
                        "specs": []
                    }
                ]
            },
            "description": null,
            "distribution_type": "conda",
            "download_url": "//api.anaconda.org/download/bioconda/prosic/1.0/linux-64/prosic-1.0-gsl1.16_gmp5.1_0.tar.bz2",
            "full_name": "bioconda/prosic/1.0/linux-64/prosic-1.0-gsl1.16_gmp5.1_0.tar.bz2",
            "labels": [
                "main",
                "cf201901"
            ],
            "md5": "60181839e5dcb78aa47eabf6f1ff74b1",
            "ndownloads": 606,
            "owner": "bioconda",
            "size": 61408,
            "type": "conda",
            "upload_time": "2016-06-15 15:38:30.391000+00:00",
            "version": "1.0"
        },
        {
            "attrs": {
                "arch": "x86_64",
                "build": "gsl1.16_gmp5.1_0",
                "build_number": 0,
                "depends": [
                    "gmp 5.1*",
                    "gsl 1.16*",
                    "numpy",
                    "pysam",
                    "python 3.4*",
                    "pyvcf"
                ],
                "license": "GPLv3",
                "machine": "x86_64",
                "operatingsystem": "darwin",
                "platform": "osx",
                "subdir": "osx-64",
                "target-triplet": "x86_64-any-darwin"
            },
            "basename": "osx-64/prosic-1.0-gsl1.16_gmp5.1_0.tar.bz2",
            "dependencies": {
                "depends": [
                    {
                        "name": "gmp",
                        "specs": [
                            [
                                "==",
                                "5.1"
                            ]
                        ]
                    },
                    {
                        "name": "gsl",
                        "specs": [
                            [
                                "==",
                                "1.16"
                            ]
                        ]
                    },
                    {
                        "name": "numpy",
                        "specs": []
                    },
                    {
                        "name": "pysam",
                        "specs": []
                    },
                    {
                        "name": "python",
                        "specs": [
                            [
                                "==",
                                "3.4"
                            ]
                        ]
                    },
                    {
                        "name": "pyvcf",
                        "specs": []
                    }
                ]
            },
            "description": null,
            "distribution_type": "conda",
            "download_url": "//api.anaconda.org/download/bioconda/prosic/1.0/osx-64/prosic-1.0-gsl1.16_gmp5.1_0.tar.bz2",
            "full_name": "bioconda/prosic/1.0/osx-64/prosic-1.0-gsl1.16_gmp5.1_0.tar.bz2",
            "labels": [
                "main",
                "cf201901"
            ],
            "md5": "3b153bb544c3134ed78d4d9020226195",
            "ndownloads": 31,
            "owner": "bioconda",
            "size": 59604,
            "type": "conda",
            "upload_time": "2016-06-15 15:44:06.898000+00:00",
            "version": "1.0"
        },
        {
            "attrs": {
                "arch": "x86_64",
                "build": "py34_gsl1.16_gmp5.1_1",
                "build_number": 1,
                "depends": [
                    "gmp 5.1*",
                    "gsl 1.16*",
                    "numpy",
                    "pysam",
                    "python 3.4*",
                    "pyvcf"
                ],
                "license": "GPLv3",
                "machine": "x86_64",
                "operatingsystem": "linux",
                "platform": "linux",
                "subdir": "linux-64",
                "target-triplet": "x86_64-any-linux"
            },
            "basename": "linux-64/prosic-1.0-py34_gsl1.16_gmp5.1_1.tar.bz2",
            "dependencies": {
                "depends": [
                    {
                        "name": "gmp",
                        "specs": [
                            [
                                "==",
                                "5.1"
                            ]
                        ]
                    },
                    {
                        "name": "gsl",
                        "specs": [
                            [
                                "==",
                                "1.16"
                            ]
                        ]
                    },
                    {
                        "name": "numpy",
                        "specs": []
                    },
                    {
                        "name": "pysam",
                        "specs": []
                    },
                    {
                        "name": "python",
                        "specs": [
                            [
                                "==",
                                "3.4"
                            ]
                        ]
                    },
                    {
                        "name": "pyvcf",
                        "specs": []
                    }
                ]
            },
            "description": null,
            "distribution_type": "conda",
            "download_url": "//api.anaconda.org/download/bioconda/prosic/1.0/linux-64/prosic-1.0-py34_gsl1.16_gmp5.1_1.tar.bz2",
            "full_name": "bioconda/prosic/1.0/linux-64/prosic-1.0-py34_gsl1.16_gmp5.1_1.tar.bz2",
            "labels": [
                "main",
                "cf201901"
            ],
            "md5": "acddc81f0d283d02086c78cee1a5ae85",
            "ndownloads": 468,
            "owner": "bioconda",
            "size": 61485,
            "type": "conda",
            "upload_time": "2016-06-16 15:29:31.282000+00:00",
            "version": "1.0"
        },
        {
            "attrs": {
                "arch": "x86_64",
                "build": "py35_gsl1.16_gmp5.1_1",
                "build_number": 1,
                "depends": [
                    "gmp 5.1*",
                    "gsl 1.16*",
                    "numpy",
                    "pysam",
                    "python 3.5*",
                    "pyvcf"
                ],
                "license": "GPLv3",
                "machine": "x86_64",
                "operatingsystem": "linux",
                "platform": "linux",
                "subdir": "linux-64",
                "target-triplet": "x86_64-any-linux"
            },
            "basename": "linux-64/prosic-1.0-py35_gsl1.16_gmp5.1_1.tar.bz2",
            "dependencies": {
                "depends": [
                    {
                        "name": "gmp",
                        "specs": [
                            [
                                "==",
                                "5.1"
                            ]
                        ]
                    },
                    {
                        "name": "gsl",
                        "specs": [
                            [
                                "==",
                                "1.16"
                            ]
                        ]
                    },
                    {
                        "name": "numpy",
                        "specs": []
                    },
                    {
                        "name": "pysam",
                        "specs": []
                    },
                    {
                        "name": "python",
                        "specs": [
                            [
                                "==",
                                "3.5"
                            ]
                        ]
                    },
                    {
                        "name": "pyvcf",
                        "specs": []
                    }
                ]
            },
            "description": null,
            "distribution_type": "conda",
            "download_url": "//api.anaconda.org/download/bioconda/prosic/1.0/linux-64/prosic-1.0-py35_gsl1.16_gmp5.1_1.tar.bz2",
            "full_name": "bioconda/prosic/1.0/linux-64/prosic-1.0-py35_gsl1.16_gmp5.1_1.tar.bz2",
            "labels": [
                "main",
                "cf201901"
            ],
            "md5": "ccda8c533f7d0f6b3447456a82aa2d99",
            "ndownloads": 429,
            "owner": "bioconda",
            "size": 61182,
            "type": "conda",
            "upload_time": "2016-06-16 15:29:33.137000+00:00",
            "version": "1.0"
        },
        {
            "attrs": {
                "arch": "x86_64",
                "build": "py35_gsl1.16_gmp5.1_1",
                "build_number": 1,
                "depends": [
                    "gmp 5.1*",
                    "gsl 1.16*",
                    "numpy",
                    "pysam",
                    "python 3.5*",
                    "pyvcf"
                ],
                "license": "GPLv3",
                "machine": "x86_64",
                "operatingsystem": "darwin",
                "platform": "osx",
                "subdir": "osx-64",
                "target-triplet": "x86_64-any-darwin"
            },
            "basename": "osx-64/prosic-1.0-py35_gsl1.16_gmp5.1_1.tar.bz2",
            "dependencies": {
                "depends": [
                    {
                        "name": "gmp",
                        "specs": [
                            [
                                "==",
                                "5.1"
                            ]
                        ]
                    },
                    {
                        "name": "gsl",
                        "specs": [
                            [
                                "==",
                                "1.16"
                            ]
                        ]
                    },
                    {
                        "name": "numpy",
                        "specs": []
                    },
                    {
                        "name": "pysam",
                        "specs": []
                    },
                    {
                        "name": "python",
                        "specs": [
                            [
                                "==",
                                "3.5"
                            ]
                        ]
                    },
                    {
                        "name": "pyvcf",
                        "specs": []
                    }
                ]
            },
            "description": null,
            "distribution_type": "conda",
            "download_url": "//api.anaconda.org/download/bioconda/prosic/1.0/osx-64/prosic-1.0-py35_gsl1.16_gmp5.1_1.tar.bz2",
            "full_name": "bioconda/prosic/1.0/osx-64/prosic-1.0-py35_gsl1.16_gmp5.1_1.tar.bz2",
            "labels": [
                "main",
                "cf201901"
            ],
            "md5": "7be96c3e03a75e7b6bff9ad594dbf886",
            "ndownloads": 44,
            "owner": "bioconda",
            "size": 59411,
            "type": "conda",
            "upload_time": "2016-06-16 15:41:10.707000+00:00",
            "version": "1.0"
        },
        {
            "attrs": {
                "arch": "x86_64",
                "build": "py34_gsl1.16_gmp5.1_1",
                "build_number": 1,
                "depends": [
                    "gmp 5.1*",
                    "gsl 1.16*",
                    "numpy",
                    "pysam",
                    "python 3.4*",
                    "pyvcf"
                ],
                "license": "GPLv3",
                "machine": "x86_64",
                "operatingsystem": "darwin",
                "platform": "osx",
                "subdir": "osx-64",
                "target-triplet": "x86_64-any-darwin"
            },
            "basename": "osx-64/prosic-1.0-py34_gsl1.16_gmp5.1_1.tar.bz2",
            "dependencies": {
                "depends": [
                    {
                        "name": "gmp",
                        "specs": [
                            [
                                "==",
                                "5.1"
                            ]
                        ]
                    },
                    {
                        "name": "gsl",
                        "specs": [
                            [
                                "==",
                                "1.16"
                            ]
                        ]
                    },
                    {
                        "name": "numpy",
                        "specs": []
                    },
                    {
                        "name": "pysam",
                        "specs": []
                    },
                    {
                        "name": "python",
                        "specs": [
                            [
                                "==",
                                "3.4"
                            ]
                        ]
                    },
                    {
                        "name": "pyvcf",
                        "specs": []
                    }
                ]
            },
            "description": null,
            "distribution_type": "conda",
            "download_url": "//api.anaconda.org/download/bioconda/prosic/1.0/osx-64/prosic-1.0-py34_gsl1.16_gmp5.1_1.tar.bz2",
            "full_name": "bioconda/prosic/1.0/osx-64/prosic-1.0-py34_gsl1.16_gmp5.1_1.tar.bz2",
            "labels": [
                "main",
                "cf201901"
            ],
            "md5": "f5ac0096c5003be8ef37e54fe7314e21",
            "ndownloads": 46,
            "owner": "bioconda",
            "size": 59628,
            "type": "conda",
            "upload_time": "2016-06-16 15:41:13.647000+00:00",
            "version": "1.0"
        },
        {
            "attrs": {
                "arch": "x86_64",
                "build": "gsl1.16_0",
                "build_number": 0,
                "depends": [
                    "gsl 1.16*",
                    "libgcc",
                    "zlib"
                ],
                "has_prefix": true,
                "license": "GPLv3",
                "machine": "x86_64",
                "operatingsystem": "darwin",
                "platform": "osx",
                "subdir": "osx-64",
                "target-triplet": "x86_64-any-darwin"
            },
            "basename": "osx-64/prosic-2.0.0-gsl1.16_0.tar.bz2",
            "dependencies": {
                "depends": [
                    {
                        "name": "gsl",
                        "specs": [
                            [
                                "==",
                                "1.16"
                            ]
                        ]
                    },
                    {
                        "name": "libgcc",
                        "specs": []
                    },
                    {
                        "name": "zlib",
                        "specs": []
                    }
                ]
            },
            "description": null,
            "distribution_type": "conda",
            "download_url": "//api.anaconda.org/download/bioconda/prosic/2.0.0/osx-64/prosic-2.0.0-gsl1.16_0.tar.bz2",
            "full_name": "bioconda/prosic/2.0.0/osx-64/prosic-2.0.0-gsl1.16_0.tar.bz2",
            "labels": [
                "main",
                "cf201901"
            ],
            "md5": "d3706609f222644c69bdb9d89b19a836",
            "ndownloads": 735,
            "owner": "bioconda",
            "size": 786911,
            "type": "conda",
            "upload_time": "2016-11-02 23:49:15.164000+00:00",
            "version": "2.0.0"
        },
        {
            "attrs": {
                "arch": "x86_64",
                "build": "gsl1.16_0",
                "build_number": 0,
                "depends": [
                    "gsl 1.16*",
                    "libgcc",
                    "zlib"
                ],
                "has_prefix": true,
                "license": "GPLv3",
                "machine": "x86_64",
                "operatingsystem": "darwin",
                "platform": "osx",
                "subdir": "osx-64",
                "target-triplet": "x86_64-any-darwin"
            },
            "basename": "osx-64/prosic-2.1.0-gsl1.16_0.tar.bz2",
            "dependencies": {
                "depends": [
                    {
                        "name": "gsl",
                        "specs": [
                            [
                                "==",
                                "1.16"
                            ]
                        ]
                    },
                    {
                        "name": "libgcc",
                        "specs": []
                    },
                    {
                        "name": "zlib",
                        "specs": []
                    }
                ]
            },
            "description": null,
            "distribution_type": "conda",
            "download_url": "//api.anaconda.org/download/bioconda/prosic/2.1.0/osx-64/prosic-2.1.0-gsl1.16_0.tar.bz2",
            "full_name": "bioconda/prosic/2.1.0/osx-64/prosic-2.1.0-gsl1.16_0.tar.bz2",
            "labels": [
                "main",
                "cf201901"
            ],
            "md5": "2e8208863d225d995220e6290ec4738b",
            "ndownloads": 774,
            "owner": "bioconda",
            "size": 818064,
            "type": "conda",
            "upload_time": "2017-03-28 19:54:22.623000+00:00",
            "version": "2.1.0"
        },
        {
            "attrs": {
                "arch": "x86_64",
                "build": "gsl1.16_0",
                "build_number": 0,
                "depends": [
                    "gsl 1.16*",
                    "libgcc",
                    "zlib"
                ],
                "has_prefix": true,
                "license": "GPLv3",
                "machine": "x86_64",
                "operatingsystem": "linux",
                "platform": "linux",
                "subdir": "linux-64",
                "target-triplet": "x86_64-any-linux"
            },
            "basename": "linux-64/prosic-2.1.0-gsl1.16_0.tar.bz2",
            "dependencies": {
                "depends": [
                    {
                        "name": "gsl",
                        "specs": [
                            [
                                "==",
                                "1.16"
                            ]
                        ]
                    },
                    {
                        "name": "libgcc",
                        "specs": []
                    },
                    {
                        "name": "zlib",
                        "specs": []
                    }
                ]
            },
            "description": null,
            "distribution_type": "conda",
            "download_url": "//api.anaconda.org/download/bioconda/prosic/2.1.0/linux-64/prosic-2.1.0-gsl1.16_0.tar.bz2",
            "full_name": "bioconda/prosic/2.1.0/linux-64/prosic-2.1.0-gsl1.16_0.tar.bz2",
            "labels": [
                "main",
                "cf201901"
            ],
            "md5": "6c4129c6d86255f59191ca730b12d006",
            "ndownloads": 537,
            "owner": "bioconda",
            "size": 1842786,
            "type": "conda",
            "upload_time": "2017-03-28 19:48:31.688000+00:00",
            "version": "2.1.0"
        },
        {
            "attrs": {
                "arch": "x86_64",
                "build": "py36_gsl1.16_gmp5.1_1",
                "build_number": 1,
                "depends": [
                    "gmp 5.1*",
                    "gsl 1.16*",
                    "numpy",
                    "pysam",
                    "python 3.6*",
                    "pyvcf"
                ],
                "has_prefix": true,
                "license": "GPLv3",
                "machine": "x86_64",
                "operatingsystem": "darwin",
                "platform": "osx",
                "subdir": "osx-64",
                "target-triplet": "x86_64-any-darwin"
            },
            "basename": "osx-64/prosic-1.0-py36_gsl1.16_gmp5.1_1.tar.bz2",
            "dependencies": {
                "depends": [
                    {
                        "name": "gmp",
                        "specs": [
                            [
                                "==",
                                "5.1"
                            ]
                        ]
                    },
                    {
                        "name": "gsl",
                        "specs": [
                            [
                                "==",
                                "1.16"
                            ]
                        ]
                    },
                    {
                        "name": "numpy",
                        "specs": []
                    },
                    {
                        "name": "pysam",
                        "specs": []
                    },
                    {
                        "name": "python",
                        "specs": [
                            [
                                "==",
                                "3.6"
                            ]
                        ]
                    },
                    {
                        "name": "pyvcf",
                        "specs": []
                    }
                ]
            },
            "description": null,
            "distribution_type": "conda",
            "download_url": "//api.anaconda.org/download/bioconda/prosic/1.0/osx-64/prosic-1.0-py36_gsl1.16_gmp5.1_1.tar.bz2",
            "full_name": "bioconda/prosic/1.0/osx-64/prosic-1.0-py36_gsl1.16_gmp5.1_1.tar.bz2",
            "labels": [
                "main",
                "cf201901"
            ],
            "md5": "48960c7e7f581f3e72f4e8493f1d34d1",
            "ndownloads": 767,
            "owner": "bioconda",
            "size": 59784,
            "type": "conda",
            "upload_time": "2017-05-16 16:17:02.812000+00:00",
            "version": "1.0"
        },
        {
            "attrs": {
                "arch": "x86_64",
                "build": "hb5cc489_0",
                "build_number": 0,
                "depends": [
                    "bzip2 >=1.0.8,<2.0a0",
                    "gsl >=2.5,<2.6.0a0",
                    "openblas >=0.3.6,<0.3.7.0a0",
                    "xz >=5.2.4,<5.3.0a0",
                    "zlib >=1.2.11,<1.3.0a0"
                ],
                "has_prefix": false,
                "license": "GPLv3",
                "machine": "x86_64",
                "operatingsystem": "darwin",
                "platform": "osx",
                "subdir": "osx-64",
                "target-triplet": "x86_64-any-darwin",
                "timestamp": 1571755334353
            },
            "basename": "osx-64/prosic-2.1.2-hb5cc489_0.tar.bz2",
            "dependencies": {
                "depends": [
                    {
                        "name": "bzip2",
                        "specs": [
                            [
                                ">=",
                                "1.0.8,<2.0a0"
                            ]
                        ]
                    },
                    {
                        "name": "gsl",
                        "specs": [
                            [
                                ">=",
                                "2.5,<2.6.0a0"
                            ]
                        ]
                    },
                    {
                        "name": "openblas",
                        "specs": [
                            [
                                ">=",
                                "0.3.6,<0.3.7.0a0"
                            ]
                        ]
                    },
                    {
                        "name": "xz",
                        "specs": [
                            [
                                ">=",
                                "5.2.4,<5.3.0a0"
                            ]
                        ]
                    },
                    {
                        "name": "zlib",
                        "specs": [
                            [
                                ">=",
                                "1.2.11,<1.3.0a0"
                            ]
                        ]
                    }
                ]
            },
            "description": null,
            "distribution_type": "conda",
            "download_url": "//api.anaconda.org/download/bioconda/prosic/2.1.2/osx-64/prosic-2.1.2-hb5cc489_0.tar.bz2",
            "full_name": "bioconda/prosic/2.1.2/osx-64/prosic-2.1.2-hb5cc489_0.tar.bz2",
            "labels": [
                "main"
            ],
            "md5": "b809b7b2557b5b4298b24b65e3aaebdb",
            "ndownloads": 178,
            "owner": "bioconda",
            "size": 892861,
            "type": "conda",
            "upload_time": "2019-10-22 14:42:41.841000+00:00",
            "version": "2.1.2"
        },
        {
            "attrs": {
                "arch": "x86_64",
                "build": "h090ddda_0",
                "build_number": 0,
                "depends": [
                    "bzip2 >=1.0.8,<2.0a0",
                    "gsl >=2.5,<2.6.0a0",
                    "libgcc-ng >=7.3.0",
                    "openblas >=0.3.6,<0.3.7.0a0",
                    "xz >=5.2.4,<5.3.0a0",
                    "zlib >=1.2.11,<1.3.0a0"
                ],
                "has_prefix": false,
                "license": "GPLv3",
                "machine": "x86_64",
                "operatingsystem": "linux",
                "platform": "linux",
                "subdir": "linux-64",
                "target-triplet": "x86_64-any-linux",
                "timestamp": 1571755638179
            },
            "basename": "linux-64/prosic-2.1.2-h090ddda_0.tar.bz2",
            "dependencies": {
                "depends": [
                    {
                        "name": "bzip2",
                        "specs": [
                            [
                                ">=",
                                "1.0.8,<2.0a0"
                            ]
                        ]
                    },
                    {
                        "name": "gsl",
                        "specs": [
                            [
                                ">=",
                                "2.5,<2.6.0a0"
                            ]
                        ]
                    },
                    {
                        "name": "libgcc-ng",
                        "specs": [
                            [
                                ">=",
                                "7.3.0"
                            ]
                        ]
                    },
                    {
                        "name": "openblas",
                        "specs": [
                            [
                                ">=",
                                "0.3.6,<0.3.7.0a0"
                            ]
                        ]
                    },
                    {
                        "name": "xz",
                        "specs": [
                            [
                                ">=",
                                "5.2.4,<5.3.0a0"
                            ]
                        ]
                    },
                    {
                        "name": "zlib",
                        "specs": [
                            [
                                ">=",
                                "1.2.11,<1.3.0a0"
                            ]
                        ]
                    }
                ]
            },
            "description": null,
            "distribution_type": "conda",
            "download_url": "//api.anaconda.org/download/bioconda/prosic/2.1.2/linux-64/prosic-2.1.2-h090ddda_0.tar.bz2",
            "full_name": "bioconda/prosic/2.1.2/linux-64/prosic-2.1.2-h090ddda_0.tar.bz2",
            "labels": [
                "main"
            ],
            "md5": "ad0a75e39ee118d40ca7f6c1d6cd58de",
            "ndownloads": 23,
            "owner": "bioconda",
            "size": 1472146,
            "type": "conda",
            "upload_time": "2019-10-22 14:49:14.182000+00:00",
            "version": "2.1.2"
        }
    ],
    "full_name": "bioconda/prosic",
    "home": "None",
    "html_url": "http://anaconda.org/bioconda/prosic",
    "id": "5761767585581c077ede741a",
    "latest_version": "2.1.2",
    "license": "GPLv3",
    "license_url": null,
    "modified_at": "2019-10-22 14:49:15.747000+00:00",
    "name": "prosic",
    "owner": {
        "company": "",
        "created_at": "2015-09-11 22:59:20.880000+00:00",
        "description": "Bioconda is a distribution of bioinformatics software realized as a channel for the versatile Conda package manager.",
        "location": "",
        "login": "bioconda",
        "name": "bioconda",
        "url": "",
        "user_type": "org"
    },
    "package_types": [
        "conda"
    ],
    "public": true,
    "releases": [
        {
            "distributions": [
                "linux-64/prosic-1.0-gsl1.16_gmp5.1_0.tar.bz2",
                "osx-64/prosic-1.0-gsl1.16_gmp5.1_0.tar.bz2",
                "linux-64/prosic-1.0-py34_gsl1.16_gmp5.1_1.tar.bz2",
                "linux-64/prosic-1.0-py35_gsl1.16_gmp5.1_1.tar.bz2",
                "osx-64/prosic-1.0-py35_gsl1.16_gmp5.1_1.tar.bz2",
                "osx-64/prosic-1.0-py34_gsl1.16_gmp5.1_1.tar.bz2"
            ],
            "full_name": "bioconda/prosic/1.0",
            "version": "1.0"
        },
        {
            "distributions": [],
            "full_name": "bioconda/prosic/2.0.0",
            "version": "2.0.0"
        },
        {
            "distributions": [],
            "full_name": "bioconda/prosic/2.1.0",
            "version": "2.1.0"
        },
        {
            "distributions": [],
            "full_name": "bioconda/prosic/2.1.2",
            "version": "2.1.2"
        }
    ],
    "revision": 12,
    "source_git_tag": null,
    "source_git_url": null,
    "summary": "A highly sensitive and accurate Bayesian caller for somatic insertions and deletions.",
    "upvoted": 0,
    "url": "http://api.anaconda.org/packages/bioconda/prosic",
    "versions": [
        "1.0",
        "2.0.0",
        "2.1.0",
        "2.1.2"
    ],
    "watchers": 1
}