{
    "app_entry": {},
    "app_summary": {},
    "app_type": {},
    "builds": [
        "hc9558a2_0",
        "h770b8ee_0"
    ],
    "conda_platforms": [
        "linux-64",
        "osx-64"
    ],
    "created_at": "2019-07-17 09:02:12.735000+00:00",
    "description": "",
    "dev_url": null,
    "doc_url": null,
    "files": [
        {
            "attrs": {
                "arch": "x86_64",
                "build": "h770b8ee_0",
                "build_number": 0,
                "depends": [
                    "libcxx >=4.0.1"
                ],
                "has_prefix": false,
                "license": "GPLv3",
                "machine": "x86_64",
                "operatingsystem": "darwin",
                "platform": "osx",
                "subdir": "osx-64",
                "target-triplet": "x86_64-any-darwin",
                "timestamp": 1563354116115
            },
            "basename": "osx-64/prosampler-1.0-h770b8ee_0.tar.bz2",
            "dependencies": {
                "depends": [
                    {
                        "name": "libcxx",
                        "specs": [
                            [
                                ">=",
                                "4.0.1"
                            ]
                        ]
                    }
                ]
            },
            "description": null,
            "distribution_type": "conda",
            "download_url": "//api.anaconda.org/download/bioconda/prosampler/1.0/osx-64/prosampler-1.0-h770b8ee_0.tar.bz2",
            "full_name": "bioconda/prosampler/1.0/osx-64/prosampler-1.0-h770b8ee_0.tar.bz2",
            "labels": [
                "main"
            ],
            "md5": "649c9c374abb80b7e6a19a1100e0a792",
            "ndownloads": 390,
            "owner": "bioconda",
            "size": 187113,
            "type": "conda",
            "upload_time": "2019-07-17 09:02:13.660000+00:00",
            "version": "1.0"
        },
        {
            "attrs": {
                "arch": "x86_64",
                "build": "hc9558a2_0",
                "build_number": 0,
                "depends": [
                    "libgcc-ng >=7.3.0",
                    "libstdcxx-ng >=7.3.0"
                ],
                "has_prefix": false,
                "license": "GPLv3",
                "machine": "x86_64",
                "operatingsystem": "linux",
                "platform": "linux",
                "subdir": "linux-64",
                "target-triplet": "x86_64-any-linux",
                "timestamp": 1563354098687
            },
            "basename": "linux-64/prosampler-1.0-hc9558a2_0.tar.bz2",
            "dependencies": {
                "depends": [
                    {
                        "name": "libgcc-ng",
                        "specs": [
                            [
                                ">=",
                                "7.3.0"
                            ]
                        ]
                    },
                    {
                        "name": "libstdcxx-ng",
                        "specs": [
                            [
                                ">=",
                                "7.3.0"
                            ]
                        ]
                    }
                ]
            },
            "description": null,
            "distribution_type": "conda",
            "download_url": "//api.anaconda.org/download/bioconda/prosampler/1.0/linux-64/prosampler-1.0-hc9558a2_0.tar.bz2",
            "full_name": "bioconda/prosampler/1.0/linux-64/prosampler-1.0-hc9558a2_0.tar.bz2",
            "labels": [
                "main"
            ],
            "md5": "d4838363495b714d4001f35f3293327f",
            "ndownloads": 94,
            "owner": "bioconda",
            "size": 130603,
            "type": "conda",
            "upload_time": "2019-07-17 09:03:19.742000+00:00",
            "version": "1.0"
        }
    ],
    "full_name": "bioconda/prosampler",
    "home": "https://github.com/zhengchangsulab/ProSampler",
    "html_url": "http://anaconda.org/bioconda/prosampler",
    "id": "5d2ee414a77eb52f0c707b1b",
    "latest_version": "1.0",
    "license": "GPLv3",
    "license_url": null,
    "modified_at": "2019-07-17 09:03:20.087000+00:00",
    "name": "prosampler",
    "owner": {
        "company": "",
        "created_at": "2015-09-11 22:59:20.880000+00:00",
        "description": "Bioconda is a distribution of bioinformatics software realized as a channel for the versatile Conda package manager.",
        "location": "",
        "login": "bioconda",
        "name": "bioconda",
        "url": "",
        "user_type": "org"
    },
    "package_types": [
        "conda"
    ],
    "public": true,
    "releases": [
        {
            "distributions": [],
            "full_name": "bioconda/prosampler/1.0",
            "version": "1.0"
        }
    ],
    "revision": 2,
    "source_git_tag": null,
    "source_git_url": null,
    "summary": "An ultra-fast motif finding program in large ChIP-seq datasets.",
    "upvoted": 0,
    "url": "http://api.anaconda.org/packages/bioconda/prosampler",
    "versions": [
        "1.0"
    ],
    "watchers": 1
}