{
    "app_entry": {},
    "app_summary": {},
    "app_type": {},
    "builds": [
        "pyh5ca1d4c_0",
        "pyh24bf2e0_0"
    ],
    "conda_platforms": [
        "noarch"
    ],
    "created_at": "2019-04-02 23:12:11.002000+00:00",
    "description": "",
    "dev_url": "https://github.com/cbg-ethz/pybda",
    "doc_url": "https://pybda.readthedocs.io/en/latest/",
    "files": [
        {
            "attrs": {
                "arch": null,
                "build": "pyh24bf2e0_0",
                "build_number": 0,
                "depends": [
                    "click >=6.7",
                    "joypy >=0.1.10",
                    "matplotlib",
                    "numpy >=1.15.0",
                    "pandas >=0.23.3",
                    "pyspark 2.4.0.*",
                    "python 3.6.*",
                    "scipy >=1.0.0",
                    "seaborn",
                    "snakemake >=5.2.2",
                    "sparkhpc >=0.3.post4"
                ],
                "has_prefix": false,
                "license": "GNU General Public v3 (GPLv3)",
                "license_family": "GPL3",
                "machine": null,
                "noarch": "python",
                "operatingsystem": null,
                "platform": null,
                "subdir": "noarch",
                "target-triplet": "None-any-None",
                "timestamp": 1554246100640
            },
            "basename": "noarch/pybda-0.0.6-pyh24bf2e0_0.tar.bz2",
            "dependencies": {
                "depends": [
                    {
                        "name": "click",
                        "specs": [
                            [
                                ">=",
                                "6.7"
                            ]
                        ]
                    },
                    {
                        "name": "joypy",
                        "specs": [
                            [
                                ">=",
                                "0.1.10"
                            ]
                        ]
                    },
                    {
                        "name": "matplotlib",
                        "specs": []
                    },
                    {
                        "name": "numpy",
                        "specs": [
                            [
                                ">=",
                                "1.15.0"
                            ]
                        ]
                    },
                    {
                        "name": "pandas",
                        "specs": [
                            [
                                ">=",
                                "0.23.3"
                            ]
                        ]
                    },
                    {
                        "name": "pyspark",
                        "specs": [
                            [
                                "==",
                                "2.4.0."
                            ]
                        ]
                    },
                    {
                        "name": "python",
                        "specs": [
                            [
                                "==",
                                "3.6."
                            ]
                        ]
                    },
                    {
                        "name": "scipy",
                        "specs": [
                            [
                                ">=",
                                "1.0.0"
                            ]
                        ]
                    },
                    {
                        "name": "seaborn",
                        "specs": []
                    },
                    {
                        "name": "snakemake",
                        "specs": [
                            [
                                ">=",
                                "5.2.2"
                            ]
                        ]
                    },
                    {
                        "name": "sparkhpc",
                        "specs": [
                            [
                                ">=",
                                "0.3.post4"
                            ]
                        ]
                    }
                ]
            },
            "description": null,
            "distribution_type": "conda",
            "download_url": "//api.anaconda.org/download/bioconda/pybda/0.0.6/noarch/pybda-0.0.6-pyh24bf2e0_0.tar.bz2",
            "full_name": "bioconda/pybda/0.0.6/noarch/pybda-0.0.6-pyh24bf2e0_0.tar.bz2",
            "labels": [
                "main"
            ],
            "md5": "45f58cb78b44112844ed13ef067a9f6c",
            "ndownloads": 68,
            "owner": "bioconda",
            "size": 41750,
            "type": "conda",
            "upload_time": "2019-04-02 23:12:11.718000+00:00",
            "version": "0.0.6"
        },
        {
            "attrs": {
                "arch": null,
                "build": "pyh5ca1d4c_0",
                "build_number": 0,
                "depends": [
                    "click >=6.7",
                    "joypy >=0.1.10",
                    "matplotlib",
                    "numpy >=1.15.0",
                    "pandas >=0.23.3",
                    "pyspark 2.4.0.*",
                    "python 3.6.*",
                    "scipy >=1.0.0",
                    "seaborn",
                    "snakemake >=5.2.2",
                    "sparkhpc >=0.3.post4"
                ],
                "has_prefix": false,
                "license": "GNU General Public v3 (GPLv3)",
                "license_family": "GPL3",
                "machine": null,
                "noarch": "python",
                "operatingsystem": null,
                "platform": null,
                "subdir": "noarch",
                "target-triplet": "None-any-None",
                "timestamp": 1565817172551
            },
            "basename": "noarch/pybda-0.1.0-pyh5ca1d4c_0.tar.bz2",
            "dependencies": {
                "depends": [
                    {
                        "name": "click",
                        "specs": [
                            [
                                ">=",
                                "6.7"
                            ]
                        ]
                    },
                    {
                        "name": "joypy",
                        "specs": [
                            [
                                ">=",
                                "0.1.10"
                            ]
                        ]
                    },
                    {
                        "name": "matplotlib",
                        "specs": []
                    },
                    {
                        "name": "numpy",
                        "specs": [
                            [
                                ">=",
                                "1.15.0"
                            ]
                        ]
                    },
                    {
                        "name": "pandas",
                        "specs": [
                            [
                                ">=",
                                "0.23.3"
                            ]
                        ]
                    },
                    {
                        "name": "pyspark",
                        "specs": [
                            [
                                "==",
                                "2.4.0."
                            ]
                        ]
                    },
                    {
                        "name": "python",
                        "specs": [
                            [
                                "==",
                                "3.6."
                            ]
                        ]
                    },
                    {
                        "name": "scipy",
                        "specs": [
                            [
                                ">=",
                                "1.0.0"
                            ]
                        ]
                    },
                    {
                        "name": "seaborn",
                        "specs": []
                    },
                    {
                        "name": "snakemake",
                        "specs": [
                            [
                                ">=",
                                "5.2.2"
                            ]
                        ]
                    },
                    {
                        "name": "sparkhpc",
                        "specs": [
                            [
                                ">=",
                                "0.3.post4"
                            ]
                        ]
                    }
                ]
            },
            "description": null,
            "distribution_type": "conda",
            "download_url": "//api.anaconda.org/download/bioconda/pybda/0.1.0/noarch/pybda-0.1.0-pyh5ca1d4c_0.tar.bz2",
            "full_name": "bioconda/pybda/0.1.0/noarch/pybda-0.1.0-pyh5ca1d4c_0.tar.bz2",
            "labels": [
                "main"
            ],
            "md5": "62469c564202caf59fa848d54a7a1db7",
            "ndownloads": 24,
            "owner": "bioconda",
            "size": 58779,
            "type": "conda",
            "upload_time": "2019-08-15 06:52:18.304000+00:00",
            "version": "0.1.0"
        }
    ],
    "full_name": "bioconda/pybda",
    "home": "https://github.com/cbg-ethz/pybda",
    "html_url": "http://anaconda.org/bioconda/pybda",
    "id": "5ca3ec4b036b861cb753cae2",
    "latest_version": "0.1.0",
    "license": "GNU General Public v3 (GPLv3)",
    "license_url": null,
    "modified_at": "2019-08-15 06:52:18.591000+00:00",
    "name": "pybda",
    "owner": {
        "company": "",
        "created_at": "2015-09-11 22:59:20.880000+00:00",
        "description": "Bioconda is a distribution of bioinformatics software realized as a channel for the versatile Conda package manager.",
        "location": "",
        "login": "bioconda",
        "name": "bioconda",
        "url": "",
        "user_type": "org"
    },
    "package_types": [
        "conda"
    ],
    "public": true,
    "releases": [
        {
            "distributions": [],
            "full_name": "bioconda/pybda/0.0.6",
            "version": "0.0.6"
        },
        {
            "distributions": [],
            "full_name": "bioconda/pybda/0.1.0",
            "version": "0.1.0"
        }
    ],
    "revision": 4,
    "source_git_tag": null,
    "source_git_url": null,
    "summary": "Big biological data analytics powered by Apache Spark",
    "upvoted": 0,
    "url": "http://api.anaconda.org/packages/bioconda/pybda",
    "versions": [
        "0.0.6",
        "0.1.0"
    ],
    "watchers": 1
}