{
    "app_entry": {},
    "app_summary": {},
    "app_type": {},
    "builds": [
        "py27hc9558a2_1",
        "py36h470a237_0",
        "py36h04f5b5a_0",
        "py36h770b8ee_1",
        "py27h770b8ee_1",
        "py27h6bb024c_0",
        "py36h6bb024c_0",
        "py35h470a237_0",
        "py37h770b8ee_1",
        "py27h04f5b5a_0",
        "py36hc9558a2_1",
        "py37hc9558a2_1",
        "py37h6bb024c_0",
        "py27h470a237_0",
        "py37h04f5b5a_0"
    ],
    "conda_platforms": [
        "linux-64",
        "osx-64"
    ],
    "created_at": "2018-08-16 15:00:10.495000+00:00",
    "description": "",
    "dev_url": null,
    "doc_url": null,
    "files": [
        {
            "attrs": {
                "arch": "x86_64",
                "build": "py36h470a237_0",
                "build_number": 0,
                "depends": [
                    "python >=3.6,<3.7.0a0"
                ],
                "has_prefix": true,
                "license": "Apache 2.0",
                "machine": "x86_64",
                "operatingsystem": "darwin",
                "platform": "osx",
                "subdir": "osx-64",
                "target-triplet": "x86_64-any-darwin",
                "timestamp": 1534431469029
            },
            "basename": "osx-64/python-msgpack-0.5.6-py36h470a237_0.tar.bz2",
            "dependencies": {
                "depends": [
                    {
                        "name": "python",
                        "specs": [
                            [
                                ">=",
                                "3.6,<3.7.0a0"
                            ]
                        ]
                    }
                ]
            },
            "description": null,
            "distribution_type": "conda",
            "download_url": "//api.anaconda.org/download/bioconda/python-msgpack/0.5.6/osx-64/python-msgpack-0.5.6-py36h470a237_0.tar.bz2",
            "full_name": "bioconda/python-msgpack/0.5.6/osx-64/python-msgpack-0.5.6-py36h470a237_0.tar.bz2",
            "labels": [
                "main",
                "cf201901"
            ],
            "md5": "641a1f1ac369fa577052c5ca45c36499",
            "ndownloads": 684,
            "owner": "bioconda",
            "size": 94656,
            "type": "conda",
            "upload_time": "2018-08-16 15:00:15.450000+00:00",
            "version": "0.5.6"
        },
        {
            "attrs": {
                "arch": "x86_64",
                "build": "py27h470a237_0",
                "build_number": 0,
                "depends": [
                    "python >=2.7,<2.8.0a0"
                ],
                "has_prefix": true,
                "license": "Apache 2.0",
                "machine": "x86_64",
                "operatingsystem": "darwin",
                "platform": "osx",
                "subdir": "osx-64",
                "target-triplet": "x86_64-any-darwin",
                "timestamp": 1534431585125
            },
            "basename": "osx-64/python-msgpack-0.5.6-py27h470a237_0.tar.bz2",
            "dependencies": {
                "depends": [
                    {
                        "name": "python",
                        "specs": [
                            [
                                ">=",
                                "2.7,<2.8.0a0"
                            ]
                        ]
                    }
                ]
            },
            "description": null,
            "distribution_type": "conda",
            "download_url": "//api.anaconda.org/download/bioconda/python-msgpack/0.5.6/osx-64/python-msgpack-0.5.6-py27h470a237_0.tar.bz2",
            "full_name": "bioconda/python-msgpack/0.5.6/osx-64/python-msgpack-0.5.6-py27h470a237_0.tar.bz2",
            "labels": [
                "main",
                "cf201901"
            ],
            "md5": "ba4b1114ad8d7eb976a1f1bb3b58d9d0",
            "ndownloads": 21,
            "owner": "bioconda",
            "size": 98530,
            "type": "conda",
            "upload_time": "2018-08-16 15:00:11.505000+00:00",
            "version": "0.5.6"
        },
        {
            "attrs": {
                "arch": "x86_64",
                "build": "py35h470a237_0",
                "build_number": 0,
                "depends": [
                    "python >=3.5,<3.6.0a0"
                ],
                "has_prefix": true,
                "license": "Apache 2.0",
                "machine": "x86_64",
                "operatingsystem": "darwin",
                "platform": "osx",
                "subdir": "osx-64",
                "target-triplet": "x86_64-any-darwin",
                "timestamp": 1534431525034
            },
            "basename": "osx-64/python-msgpack-0.5.6-py35h470a237_0.tar.bz2",
            "dependencies": {
                "depends": [
                    {
                        "name": "python",
                        "specs": [
                            [
                                ">=",
                                "3.5,<3.6.0a0"
                            ]
                        ]
                    }
                ]
            },
            "description": null,
            "distribution_type": "conda",
            "download_url": "//api.anaconda.org/download/bioconda/python-msgpack/0.5.6/osx-64/python-msgpack-0.5.6-py35h470a237_0.tar.bz2",
            "full_name": "bioconda/python-msgpack/0.5.6/osx-64/python-msgpack-0.5.6-py35h470a237_0.tar.bz2",
            "labels": [
                "main",
                "cf201901"
            ],
            "md5": "0e4a99350e405bbd3446b77a7f7ca87a",
            "ndownloads": 98,
            "owner": "bioconda",
            "size": 94330,
            "type": "conda",
            "upload_time": "2018-08-16 15:00:19.854000+00:00",
            "version": "0.5.6"
        },
        {
            "attrs": {
                "arch": "x86_64",
                "build": "py35h470a237_0",
                "build_number": 0,
                "depends": [
                    "libgcc-ng >=4.9",
                    "python >=3.5,<3.6.0a0"
                ],
                "has_prefix": true,
                "license": "Apache 2.0",
                "machine": "x86_64",
                "operatingsystem": "linux",
                "platform": "linux",
                "subdir": "linux-64",
                "target-triplet": "x86_64-any-linux",
                "timestamp": 1534431673838
            },
            "basename": "linux-64/python-msgpack-0.5.6-py35h470a237_0.tar.bz2",
            "dependencies": {
                "depends": [
                    {
                        "name": "libgcc-ng",
                        "specs": [
                            [
                                ">=",
                                "4.9"
                            ]
                        ]
                    },
                    {
                        "name": "python",
                        "specs": [
                            [
                                ">=",
                                "3.5,<3.6.0a0"
                            ]
                        ]
                    }
                ]
            },
            "description": null,
            "distribution_type": "conda",
            "download_url": "//api.anaconda.org/download/bioconda/python-msgpack/0.5.6/linux-64/python-msgpack-0.5.6-py35h470a237_0.tar.bz2",
            "full_name": "bioconda/python-msgpack/0.5.6/linux-64/python-msgpack-0.5.6-py35h470a237_0.tar.bz2",
            "labels": [
                "main",
                "cf201901"
            ],
            "md5": "21233913a234a2b9835ae589afd45b51",
            "ndownloads": 78,
            "owner": "bioconda",
            "size": 308236,
            "type": "conda",
            "upload_time": "2018-08-16 15:05:56.966000+00:00",
            "version": "0.5.6"
        },
        {
            "attrs": {
                "arch": "x86_64",
                "build": "py36h470a237_0",
                "build_number": 0,
                "depends": [
                    "libgcc-ng >=4.9",
                    "python >=3.6,<3.7.0a0"
                ],
                "has_prefix": true,
                "license": "Apache 2.0",
                "machine": "x86_64",
                "operatingsystem": "linux",
                "platform": "linux",
                "subdir": "linux-64",
                "target-triplet": "x86_64-any-linux",
                "timestamp": 1534431634115
            },
            "basename": "linux-64/python-msgpack-0.5.6-py36h470a237_0.tar.bz2",
            "dependencies": {
                "depends": [
                    {
                        "name": "libgcc-ng",
                        "specs": [
                            [
                                ">=",
                                "4.9"
                            ]
                        ]
                    },
                    {
                        "name": "python",
                        "specs": [
                            [
                                ">=",
                                "3.6,<3.7.0a0"
                            ]
                        ]
                    }
                ]
            },
            "description": null,
            "distribution_type": "conda",
            "download_url": "//api.anaconda.org/download/bioconda/python-msgpack/0.5.6/linux-64/python-msgpack-0.5.6-py36h470a237_0.tar.bz2",
            "full_name": "bioconda/python-msgpack/0.5.6/linux-64/python-msgpack-0.5.6-py36h470a237_0.tar.bz2",
            "labels": [
                "main",
                "cf201901"
            ],
            "md5": "7fb47cb6241350c0233582bdf50a8ba3",
            "ndownloads": 116,
            "owner": "bioconda",
            "size": 314607,
            "type": "conda",
            "upload_time": "2018-08-16 15:05:54.264000+00:00",
            "version": "0.5.6"
        },
        {
            "attrs": {
                "arch": "x86_64",
                "build": "py27h470a237_0",
                "build_number": 0,
                "depends": [
                    "libgcc-ng >=4.9",
                    "python >=2.7,<2.8.0a0"
                ],
                "has_prefix": true,
                "license": "Apache 2.0",
                "machine": "x86_64",
                "operatingsystem": "linux",
                "platform": "linux",
                "subdir": "linux-64",
                "target-triplet": "x86_64-any-linux",
                "timestamp": 1534431600168
            },
            "basename": "linux-64/python-msgpack-0.5.6-py27h470a237_0.tar.bz2",
            "dependencies": {
                "depends": [
                    {
                        "name": "libgcc-ng",
                        "specs": [
                            [
                                ">=",
                                "4.9"
                            ]
                        ]
                    },
                    {
                        "name": "python",
                        "specs": [
                            [
                                ">=",
                                "2.7,<2.8.0a0"
                            ]
                        ]
                    }
                ]
            },
            "description": null,
            "distribution_type": "conda",
            "download_url": "//api.anaconda.org/download/bioconda/python-msgpack/0.5.6/linux-64/python-msgpack-0.5.6-py27h470a237_0.tar.bz2",
            "full_name": "bioconda/python-msgpack/0.5.6/linux-64/python-msgpack-0.5.6-py27h470a237_0.tar.bz2",
            "labels": [
                "main",
                "cf201901"
            ],
            "md5": "4edf8aa736cb47aa3a05f1e9f8a4a155",
            "ndownloads": 1400,
            "owner": "bioconda",
            "size": 289186,
            "type": "conda",
            "upload_time": "2018-08-16 15:05:51.312000+00:00",
            "version": "0.5.6"
        },
        {
            "attrs": {
                "arch": "x86_64",
                "build": "py37h04f5b5a_0",
                "build_number": 0,
                "depends": [
                    "libcxx >=4.0.1",
                    "python >=3.7,<3.8.0a0"
                ],
                "has_prefix": true,
                "license": "Apache 2.0",
                "machine": "x86_64",
                "operatingsystem": "darwin",
                "platform": "osx",
                "subdir": "osx-64",
                "target-triplet": "x86_64-any-darwin",
                "timestamp": 1556938542382
            },
            "basename": "osx-64/python-msgpack-0.6.1-py37h04f5b5a_0.tar.bz2",
            "dependencies": {
                "depends": [
                    {
                        "name": "libcxx",
                        "specs": [
                            [
                                ">=",
                                "4.0.1"
                            ]
                        ]
                    },
                    {
                        "name": "python",
                        "specs": [
                            [
                                ">=",
                                "3.7,<3.8.0a0"
                            ]
                        ]
                    }
                ]
            },
            "description": null,
            "distribution_type": "conda",
            "download_url": "//api.anaconda.org/download/bioconda/python-msgpack/0.6.1/osx-64/python-msgpack-0.6.1-py37h04f5b5a_0.tar.bz2",
            "full_name": "bioconda/python-msgpack/0.6.1/osx-64/python-msgpack-0.6.1-py37h04f5b5a_0.tar.bz2",
            "labels": [
                "main"
            ],
            "md5": "931373a6d5a6546705e0f7fe7a371654",
            "ndownloads": 359,
            "owner": "bioconda",
            "size": 84426,
            "type": "conda",
            "upload_time": "2019-05-04 02:57:03.322000+00:00",
            "version": "0.6.1"
        },
        {
            "attrs": {
                "arch": "x86_64",
                "build": "py27h04f5b5a_0",
                "build_number": 0,
                "depends": [
                    "libcxx >=4.0.1",
                    "python >=2.7,<2.8.0a0"
                ],
                "has_prefix": true,
                "license": "Apache 2.0",
                "machine": "x86_64",
                "operatingsystem": "darwin",
                "platform": "osx",
                "subdir": "osx-64",
                "target-triplet": "x86_64-any-darwin",
                "timestamp": 1556938484641
            },
            "basename": "osx-64/python-msgpack-0.6.1-py27h04f5b5a_0.tar.bz2",
            "dependencies": {
                "depends": [
                    {
                        "name": "libcxx",
                        "specs": [
                            [
                                ">=",
                                "4.0.1"
                            ]
                        ]
                    },
                    {
                        "name": "python",
                        "specs": [
                            [
                                ">=",
                                "2.7,<2.8.0a0"
                            ]
                        ]
                    }
                ]
            },
            "description": null,
            "distribution_type": "conda",
            "download_url": "//api.anaconda.org/download/bioconda/python-msgpack/0.6.1/osx-64/python-msgpack-0.6.1-py27h04f5b5a_0.tar.bz2",
            "full_name": "bioconda/python-msgpack/0.6.1/osx-64/python-msgpack-0.6.1-py27h04f5b5a_0.tar.bz2",
            "labels": [
                "main"
            ],
            "md5": "470d1ad46a30cf54b51125bb0f0c955c",
            "ndownloads": 20,
            "owner": "bioconda",
            "size": 84864,
            "type": "conda",
            "upload_time": "2019-05-04 02:57:06.649000+00:00",
            "version": "0.6.1"
        },
        {
            "attrs": {
                "arch": "x86_64",
                "build": "py36h04f5b5a_0",
                "build_number": 0,
                "depends": [
                    "libcxx >=4.0.1",
                    "python >=3.6,<3.7.0a0"
                ],
                "has_prefix": true,
                "license": "Apache 2.0",
                "machine": "x86_64",
                "operatingsystem": "darwin",
                "platform": "osx",
                "subdir": "osx-64",
                "target-triplet": "x86_64-any-darwin",
                "timestamp": 1556938598305
            },
            "basename": "osx-64/python-msgpack-0.6.1-py36h04f5b5a_0.tar.bz2",
            "dependencies": {
                "depends": [
                    {
                        "name": "libcxx",
                        "specs": [
                            [
                                ">=",
                                "4.0.1"
                            ]
                        ]
                    },
                    {
                        "name": "python",
                        "specs": [
                            [
                                ">=",
                                "3.6,<3.7.0a0"
                            ]
                        ]
                    }
                ]
            },
            "description": null,
            "distribution_type": "conda",
            "download_url": "//api.anaconda.org/download/bioconda/python-msgpack/0.6.1/osx-64/python-msgpack-0.6.1-py36h04f5b5a_0.tar.bz2",
            "full_name": "bioconda/python-msgpack/0.6.1/osx-64/python-msgpack-0.6.1-py36h04f5b5a_0.tar.bz2",
            "labels": [
                "main"
            ],
            "md5": "8a29341bce3cd5685d31bf38965b9ea3",
            "ndownloads": 19,
            "owner": "bioconda",
            "size": 85695,
            "type": "conda",
            "upload_time": "2019-05-04 02:57:09.721000+00:00",
            "version": "0.6.1"
        },
        {
            "attrs": {
                "arch": "x86_64",
                "build": "py37h6bb024c_0",
                "build_number": 0,
                "depends": [
                    "libgcc-ng >=7.3.0",
                    "libstdcxx-ng >=7.3.0",
                    "python >=3.7,<3.8.0a0"
                ],
                "has_prefix": false,
                "license": "Apache 2.0",
                "machine": "x86_64",
                "operatingsystem": "linux",
                "platform": "linux",
                "subdir": "linux-64",
                "target-triplet": "x86_64-any-linux",
                "timestamp": 1556938592853
            },
            "basename": "linux-64/python-msgpack-0.6.1-py37h6bb024c_0.tar.bz2",
            "dependencies": {
                "depends": [
                    {
                        "name": "libgcc-ng",
                        "specs": [
                            [
                                ">=",
                                "7.3.0"
                            ]
                        ]
                    },
                    {
                        "name": "libstdcxx-ng",
                        "specs": [
                            [
                                ">=",
                                "7.3.0"
                            ]
                        ]
                    },
                    {
                        "name": "python",
                        "specs": [
                            [
                                ">=",
                                "3.7,<3.8.0a0"
                            ]
                        ]
                    }
                ]
            },
            "description": null,
            "distribution_type": "conda",
            "download_url": "//api.anaconda.org/download/bioconda/python-msgpack/0.6.1/linux-64/python-msgpack-0.6.1-py37h6bb024c_0.tar.bz2",
            "full_name": "bioconda/python-msgpack/0.6.1/linux-64/python-msgpack-0.6.1-py37h6bb024c_0.tar.bz2",
            "labels": [
                "main"
            ],
            "md5": "130bddf4a01ff2877e4d00abe01834d9",
            "ndownloads": 447,
            "owner": "bioconda",
            "size": 91748,
            "type": "conda",
            "upload_time": "2019-05-04 03:02:42.073000+00:00",
            "version": "0.6.1"
        },
        {
            "attrs": {
                "arch": "x86_64",
                "build": "py27h6bb024c_0",
                "build_number": 0,
                "depends": [
                    "libgcc-ng >=7.3.0",
                    "libstdcxx-ng >=7.3.0",
                    "python >=2.7,<2.8.0a0"
                ],
                "has_prefix": false,
                "license": "Apache 2.0",
                "machine": "x86_64",
                "operatingsystem": "linux",
                "platform": "linux",
                "subdir": "linux-64",
                "target-triplet": "x86_64-any-linux",
                "timestamp": 1556938709079
            },
            "basename": "linux-64/python-msgpack-0.6.1-py27h6bb024c_0.tar.bz2",
            "dependencies": {
                "depends": [
                    {
                        "name": "libgcc-ng",
                        "specs": [
                            [
                                ">=",
                                "7.3.0"
                            ]
                        ]
                    },
                    {
                        "name": "libstdcxx-ng",
                        "specs": [
                            [
                                ">=",
                                "7.3.0"
                            ]
                        ]
                    },
                    {
                        "name": "python",
                        "specs": [
                            [
                                ">=",
                                "2.7,<2.8.0a0"
                            ]
                        ]
                    }
                ]
            },
            "description": null,
            "distribution_type": "conda",
            "download_url": "//api.anaconda.org/download/bioconda/python-msgpack/0.6.1/linux-64/python-msgpack-0.6.1-py27h6bb024c_0.tar.bz2",
            "full_name": "bioconda/python-msgpack/0.6.1/linux-64/python-msgpack-0.6.1-py27h6bb024c_0.tar.bz2",
            "labels": [
                "main"
            ],
            "md5": "2ccaf58852d256c0da40fca69d9f9d8e",
            "ndownloads": 354,
            "owner": "bioconda",
            "size": 89706,
            "type": "conda",
            "upload_time": "2019-05-04 03:02:44.220000+00:00",
            "version": "0.6.1"
        },
        {
            "attrs": {
                "arch": "x86_64",
                "build": "py36h6bb024c_0",
                "build_number": 0,
                "depends": [
                    "libgcc-ng >=7.3.0",
                    "libstdcxx-ng >=7.3.0",
                    "python >=3.6,<3.7.0a0"
                ],
                "has_prefix": false,
                "license": "Apache 2.0",
                "machine": "x86_64",
                "operatingsystem": "linux",
                "platform": "linux",
                "subdir": "linux-64",
                "target-triplet": "x86_64-any-linux",
                "timestamp": 1556938656480
            },
            "basename": "linux-64/python-msgpack-0.6.1-py36h6bb024c_0.tar.bz2",
            "dependencies": {
                "depends": [
                    {
                        "name": "libgcc-ng",
                        "specs": [
                            [
                                ">=",
                                "7.3.0"
                            ]
                        ]
                    },
                    {
                        "name": "libstdcxx-ng",
                        "specs": [
                            [
                                ">=",
                                "7.3.0"
                            ]
                        ]
                    },
                    {
                        "name": "python",
                        "specs": [
                            [
                                ">=",
                                "3.6,<3.7.0a0"
                            ]
                        ]
                    }
                ]
            },
            "description": null,
            "distribution_type": "conda",
            "download_url": "//api.anaconda.org/download/bioconda/python-msgpack/0.6.1/linux-64/python-msgpack-0.6.1-py36h6bb024c_0.tar.bz2",
            "full_name": "bioconda/python-msgpack/0.6.1/linux-64/python-msgpack-0.6.1-py36h6bb024c_0.tar.bz2",
            "labels": [
                "main"
            ],
            "md5": "06efbd6c423338c82a9241e1e181e8b2",
            "ndownloads": 200,
            "owner": "bioconda",
            "size": 92193,
            "type": "conda",
            "upload_time": "2019-05-04 03:02:46.399000+00:00",
            "version": "0.6.1"
        },
        {
            "attrs": {
                "arch": "x86_64",
                "build": "py37hc9558a2_1",
                "build_number": 1,
                "depends": [
                    "libgcc-ng >=7.3.0",
                    "libstdcxx-ng >=7.3.0",
                    "python >=3.7,<3.8.0a0"
                ],
                "has_prefix": false,
                "license": "Apache 2.0",
                "machine": "x86_64",
                "operatingsystem": "linux",
                "platform": "linux",
                "subdir": "linux-64",
                "target-triplet": "x86_64-any-linux",
                "timestamp": 1572092926599
            },
            "basename": "linux-64/python-msgpack-0.6.1-py37hc9558a2_1.tar.bz2",
            "dependencies": {
                "depends": [
                    {
                        "name": "libgcc-ng",
                        "specs": [
                            [
                                ">=",
                                "7.3.0"
                            ]
                        ]
                    },
                    {
                        "name": "libstdcxx-ng",
                        "specs": [
                            [
                                ">=",
                                "7.3.0"
                            ]
                        ]
                    },
                    {
                        "name": "python",
                        "specs": [
                            [
                                ">=",
                                "3.7,<3.8.0a0"
                            ]
                        ]
                    }
                ]
            },
            "description": null,
            "distribution_type": "conda",
            "download_url": "//api.anaconda.org/download/bioconda/python-msgpack/0.6.1/linux-64/python-msgpack-0.6.1-py37hc9558a2_1.tar.bz2",
            "full_name": "bioconda/python-msgpack/0.6.1/linux-64/python-msgpack-0.6.1-py37hc9558a2_1.tar.bz2",
            "labels": [
                "main"
            ],
            "md5": "d88577d3ba1cf41399cadec46e821e14",
            "ndownloads": 112,
            "owner": "bioconda",
            "size": 92094,
            "type": "conda",
            "upload_time": "2019-10-26 12:37:18.529000+00:00",
            "version": "0.6.1"
        },
        {
            "attrs": {
                "arch": "x86_64",
                "build": "py36hc9558a2_1",
                "build_number": 1,
                "depends": [
                    "libgcc-ng >=7.3.0",
                    "libstdcxx-ng >=7.3.0",
                    "python >=3.6,<3.7.0a0"
                ],
                "has_prefix": false,
                "license": "Apache 2.0",
                "machine": "x86_64",
                "operatingsystem": "linux",
                "platform": "linux",
                "subdir": "linux-64",
                "target-triplet": "x86_64-any-linux",
                "timestamp": 1572092999953
            },
            "basename": "linux-64/python-msgpack-0.6.1-py36hc9558a2_1.tar.bz2",
            "dependencies": {
                "depends": [
                    {
                        "name": "libgcc-ng",
                        "specs": [
                            [
                                ">=",
                                "7.3.0"
                            ]
                        ]
                    },
                    {
                        "name": "libstdcxx-ng",
                        "specs": [
                            [
                                ">=",
                                "7.3.0"
                            ]
                        ]
                    },
                    {
                        "name": "python",
                        "specs": [
                            [
                                ">=",
                                "3.6,<3.7.0a0"
                            ]
                        ]
                    }
                ]
            },
            "description": null,
            "distribution_type": "conda",
            "download_url": "//api.anaconda.org/download/bioconda/python-msgpack/0.6.1/linux-64/python-msgpack-0.6.1-py36hc9558a2_1.tar.bz2",
            "full_name": "bioconda/python-msgpack/0.6.1/linux-64/python-msgpack-0.6.1-py36hc9558a2_1.tar.bz2",
            "labels": [
                "main"
            ],
            "md5": "da3cf013f4cf119d0554b8ec5efd0f9e",
            "ndownloads": 33,
            "owner": "bioconda",
            "size": 92370,
            "type": "conda",
            "upload_time": "2019-10-26 12:37:20.327000+00:00",
            "version": "0.6.1"
        },
        {
            "attrs": {
                "arch": "x86_64",
                "build": "py27hc9558a2_1",
                "build_number": 1,
                "depends": [
                    "libgcc-ng >=7.3.0",
                    "libstdcxx-ng >=7.3.0",
                    "python >=2.7,<2.8.0a0"
                ],
                "has_prefix": false,
                "license": "Apache 2.0",
                "machine": "x86_64",
                "operatingsystem": "linux",
                "platform": "linux",
                "subdir": "linux-64",
                "target-triplet": "x86_64-any-linux",
                "timestamp": 1572092846560
            },
            "basename": "linux-64/python-msgpack-0.6.1-py27hc9558a2_1.tar.bz2",
            "dependencies": {
                "depends": [
                    {
                        "name": "libgcc-ng",
                        "specs": [
                            [
                                ">=",
                                "7.3.0"
                            ]
                        ]
                    },
                    {
                        "name": "libstdcxx-ng",
                        "specs": [
                            [
                                ">=",
                                "7.3.0"
                            ]
                        ]
                    },
                    {
                        "name": "python",
                        "specs": [
                            [
                                ">=",
                                "2.7,<2.8.0a0"
                            ]
                        ]
                    }
                ]
            },
            "description": null,
            "distribution_type": "conda",
            "download_url": "//api.anaconda.org/download/bioconda/python-msgpack/0.6.1/linux-64/python-msgpack-0.6.1-py27hc9558a2_1.tar.bz2",
            "full_name": "bioconda/python-msgpack/0.6.1/linux-64/python-msgpack-0.6.1-py27hc9558a2_1.tar.bz2",
            "labels": [
                "main"
            ],
            "md5": "222f56efedd83bc73855efdf7cecacbc",
            "ndownloads": 78,
            "owner": "bioconda",
            "size": 89822,
            "type": "conda",
            "upload_time": "2019-10-26 12:37:21.970000+00:00",
            "version": "0.6.1"
        },
        {
            "attrs": {
                "arch": "x86_64",
                "build": "py37h770b8ee_1",
                "build_number": 1,
                "depends": [
                    "libcxx >=4.0.1",
                    "python >=3.7,<3.8.0a0"
                ],
                "has_prefix": true,
                "license": "Apache 2.0",
                "machine": "x86_64",
                "operatingsystem": "darwin",
                "platform": "osx",
                "subdir": "osx-64",
                "target-triplet": "x86_64-any-darwin",
                "timestamp": 1572110716203
            },
            "basename": "osx-64/python-msgpack-0.6.1-py37h770b8ee_1.tar.bz2",
            "dependencies": {
                "depends": [
                    {
                        "name": "libcxx",
                        "specs": [
                            [
                                ">=",
                                "4.0.1"
                            ]
                        ]
                    },
                    {
                        "name": "python",
                        "specs": [
                            [
                                ">=",
                                "3.7,<3.8.0a0"
                            ]
                        ]
                    }
                ]
            },
            "description": null,
            "distribution_type": "conda",
            "download_url": "//api.anaconda.org/download/bioconda/python-msgpack/0.6.1/osx-64/python-msgpack-0.6.1-py37h770b8ee_1.tar.bz2",
            "full_name": "bioconda/python-msgpack/0.6.1/osx-64/python-msgpack-0.6.1-py37h770b8ee_1.tar.bz2",
            "labels": [
                "main"
            ],
            "md5": "bb4e1451150fcb4411516e8f3f211671",
            "ndownloads": 170,
            "owner": "bioconda",
            "size": 84723,
            "type": "conda",
            "upload_time": "2019-10-26 17:25:41.372000+00:00",
            "version": "0.6.1"
        },
        {
            "attrs": {
                "arch": "x86_64",
                "build": "py27h770b8ee_1",
                "build_number": 1,
                "depends": [
                    "libcxx >=4.0.1",
                    "python >=2.7,<2.8.0a0"
                ],
                "has_prefix": true,
                "license": "Apache 2.0",
                "machine": "x86_64",
                "operatingsystem": "darwin",
                "platform": "osx",
                "subdir": "osx-64",
                "target-triplet": "x86_64-any-darwin",
                "timestamp": 1572110630564
            },
            "basename": "osx-64/python-msgpack-0.6.1-py27h770b8ee_1.tar.bz2",
            "dependencies": {
                "depends": [
                    {
                        "name": "libcxx",
                        "specs": [
                            [
                                ">=",
                                "4.0.1"
                            ]
                        ]
                    },
                    {
                        "name": "python",
                        "specs": [
                            [
                                ">=",
                                "2.7,<2.8.0a0"
                            ]
                        ]
                    }
                ]
            },
            "description": null,
            "distribution_type": "conda",
            "download_url": "//api.anaconda.org/download/bioconda/python-msgpack/0.6.1/osx-64/python-msgpack-0.6.1-py27h770b8ee_1.tar.bz2",
            "full_name": "bioconda/python-msgpack/0.6.1/osx-64/python-msgpack-0.6.1-py27h770b8ee_1.tar.bz2",
            "labels": [
                "main"
            ],
            "md5": "20e62bf8d54240852e3332fb47bc155d",
            "ndownloads": 12,
            "owner": "bioconda",
            "size": 85158,
            "type": "conda",
            "upload_time": "2019-10-26 17:25:43.936000+00:00",
            "version": "0.6.1"
        },
        {
            "attrs": {
                "arch": "x86_64",
                "build": "py36h770b8ee_1",
                "build_number": 1,
                "depends": [
                    "libcxx >=4.0.1",
                    "python >=3.6,<3.7.0a0"
                ],
                "has_prefix": true,
                "license": "Apache 2.0",
                "machine": "x86_64",
                "operatingsystem": "darwin",
                "platform": "osx",
                "subdir": "osx-64",
                "target-triplet": "x86_64-any-darwin",
                "timestamp": 1572110552302
            },
            "basename": "osx-64/python-msgpack-0.6.1-py36h770b8ee_1.tar.bz2",
            "dependencies": {
                "depends": [
                    {
                        "name": "libcxx",
                        "specs": [
                            [
                                ">=",
                                "4.0.1"
                            ]
                        ]
                    },
                    {
                        "name": "python",
                        "specs": [
                            [
                                ">=",
                                "3.6,<3.7.0a0"
                            ]
                        ]
                    }
                ]
            },
            "description": null,
            "distribution_type": "conda",
            "download_url": "//api.anaconda.org/download/bioconda/python-msgpack/0.6.1/osx-64/python-msgpack-0.6.1-py36h770b8ee_1.tar.bz2",
            "full_name": "bioconda/python-msgpack/0.6.1/osx-64/python-msgpack-0.6.1-py36h770b8ee_1.tar.bz2",
            "labels": [
                "main"
            ],
            "md5": "22cc4f12143fd288ec7412a86a7c148d",
            "ndownloads": 11,
            "owner": "bioconda",
            "size": 86055,
            "type": "conda",
            "upload_time": "2019-10-26 17:25:46.411000+00:00",
            "version": "0.6.1"
        }
    ],
    "full_name": "bioconda/python-msgpack",
    "home": "https://pypi.org/project/msgpack/#description",
    "html_url": "http://anaconda.org/bioconda/python-msgpack",
    "id": "5b75917ac77f6a136339ee65",
    "latest_version": "0.6.1",
    "license": "Apache 2.0",
    "license_url": null,
    "modified_at": "2019-10-26 17:25:46.904000+00:00",
    "name": "python-msgpack",
    "owner": {
        "company": "",
        "created_at": "2015-09-11 22:59:20.880000+00:00",
        "description": "Bioconda is a distribution of bioinformatics software realized as a channel for the versatile Conda package manager.",
        "location": "",
        "login": "bioconda",
        "name": "bioconda",
        "url": "",
        "user_type": "org"
    },
    "package_types": [
        "conda"
    ],
    "public": true,
    "releases": [
        {
            "distributions": [],
            "full_name": "bioconda/python-msgpack/0.5.6",
            "version": "0.5.6"
        },
        {
            "distributions": [],
            "full_name": "bioconda/python-msgpack/0.6.1",
            "version": "0.6.1"
        }
    ],
    "revision": 4,
    "source_git_tag": null,
    "source_git_url": null,
    "summary": "It's like JSON. But fast and small.",
    "upvoted": 0,
    "url": "http://api.anaconda.org/packages/bioconda/python-msgpack",
    "versions": [
        "0.5.6",
        "0.6.1"
    ],
    "watchers": 1
}