{
    "app_entry": {},
    "app_summary": {},
    "app_type": {},
    "builds": [
        "py27_0",
        "py34_0"
    ],
    "conda_platforms": [
        "linux-64"
    ],
    "created_at": "2015-11-06 14:40:16.283000+00:00",
    "description": "None",
    "dev_url": {},
    "doc_url": {},
    "files": [
        {
            "attrs": {
                "arch": "x86_64",
                "build": "py34_0",
                "build_number": 0,
                "depends": [
                    "nose",
                    "python 3.4*",
                    "six"
                ],
                "license": "BSD License",
                "machine": "x86_64",
                "operatingsystem": "linux",
                "platform": "linux",
                "subdir": "linux-64",
                "target-triplet": "x86_64-any-linux"
            },
            "basename": "linux-64/pyutilib-5.1.3556-py34_0.tar.bz2",
            "dependencies": {
                "depends": [
                    {
                        "name": "nose",
                        "specs": []
                    },
                    {
                        "name": "python",
                        "specs": [
                            [
                                "==",
                                "3.4"
                            ]
                        ]
                    },
                    {
                        "name": "six",
                        "specs": []
                    }
                ]
            },
            "description": null,
            "distribution_type": "conda",
            "download_url": "//api.anaconda.org/download/bioconda/pyutilib/5.1.3556/linux-64/pyutilib-5.1.3556-py34_0.tar.bz2",
            "full_name": "bioconda/pyutilib/5.1.3556/linux-64/pyutilib-5.1.3556-py34_0.tar.bz2",
            "labels": [
                "main",
                "cf201901"
            ],
            "md5": "e4e2b183b428b635ad6a427b11a20b6f",
            "ndownloads": 1274,
            "owner": "bioconda",
            "size": 297972,
            "type": "conda",
            "upload_time": "2015-12-08 12:22:52.834000+00:00",
            "version": "5.1.3556"
        },
        {
            "attrs": {
                "arch": "x86_64",
                "build": "py27_0",
                "build_number": 0,
                "depends": [
                    "nose",
                    "python 2.7*",
                    "six"
                ],
                "license": "BSD License",
                "machine": "x86_64",
                "operatingsystem": "linux",
                "platform": "linux",
                "subdir": "linux-64",
                "target-triplet": "x86_64-any-linux"
            },
            "basename": "linux-64/pyutilib-5.1.3556-py27_0.tar.bz2",
            "dependencies": {
                "depends": [
                    {
                        "name": "nose",
                        "specs": []
                    },
                    {
                        "name": "python",
                        "specs": [
                            [
                                "==",
                                "2.7"
                            ]
                        ]
                    },
                    {
                        "name": "six",
                        "specs": []
                    }
                ]
            },
            "description": null,
            "distribution_type": "conda",
            "download_url": "//api.anaconda.org/download/bioconda/pyutilib/5.1.3556/linux-64/pyutilib-5.1.3556-py27_0.tar.bz2",
            "full_name": "bioconda/pyutilib/5.1.3556/linux-64/pyutilib-5.1.3556-py27_0.tar.bz2",
            "labels": [
                "main",
                "cf201901"
            ],
            "md5": "46aa2ea724f115660965ad6e22810a9c",
            "ndownloads": 3664,
            "owner": "bioconda",
            "size": 286762,
            "type": "conda",
            "upload_time": "2015-11-06 14:40:16.493000+00:00",
            "version": "5.1.3556"
        }
    ],
    "full_name": "bioconda/pyutilib",
    "home": "None",
    "html_url": "http://anaconda.org/bioconda/pyutilib",
    "id": "563cbbd07bb5bd51deca6ddb",
    "latest_version": "5.1.3556",
    "license": "BSD License",
    "license_url": {},
    "modified_at": "2016-12-01 01:29:02.283000+00:00",
    "name": "pyutilib",
    "owner": {
        "company": "",
        "created_at": "2015-09-11 22:59:20.880000+00:00",
        "description": "Bioconda is a distribution of bioinformatics software realized as a channel for the versatile Conda package manager.",
        "location": "",
        "login": "bioconda",
        "name": "bioconda",
        "url": "",
        "user_type": "org"
    },
    "package_types": [
        "conda"
    ],
    "public": true,
    "releases": [
        {
            "distributions": [
                "linux-64/pyutilib-5.1.3556-py27_0.tar.bz2",
                "linux-64/pyutilib-5.1.3556-py34_0.tar.bz2"
            ],
            "full_name": "bioconda/pyutilib/5.1.3556",
            "version": "5.1.3556"
        }
    ],
    "revision": 3,
    "source_git_tag": {},
    "source_git_url": {},
    "summary": "PyUtilib: A collection of Python utilities",
    "upvoted": 0,
    "url": "http://api.anaconda.org/packages/bioconda/pyutilib",
    "versions": [
        "5.1.3556"
    ],
    "watchers": 1
}