{
    "app_entry": {},
    "app_summary": {},
    "app_type": {},
    "builds": [
        "0"
    ],
    "conda_platforms": [
        "noarch"
    ],
    "created_at": "2019-09-30 17:20:06.721000+00:00",
    "description": "QuasiRecomb presents a jumping hidden Markov model that describes the generation of the viral quasispecies and a method to infer its parameters by analysing next generation sequencing data. It offers an implementation of the EM algorithm to find maximum a posteriori estimates of the model parameters and a method to estimate the distribution of viral strains in the quasispecies.\n",
    "dev_url": null,
    "doc_url": null,
    "files": [
        {
            "attrs": {
                "arch": null,
                "build": "0",
                "build_number": 0,
                "depends": [
                    "openjdk >=8",
                    "python"
                ],
                "has_prefix": false,
                "license": "GNU GPLv3",
                "license_family": "GPL3",
                "machine": null,
                "noarch": "generic",
                "operatingsystem": null,
                "platform": null,
                "subdir": "noarch",
                "target-triplet": "None-any-None",
                "timestamp": 1569863791993
            },
            "basename": "noarch/quasirecomb-1.2-0.tar.bz2",
            "dependencies": {
                "depends": [
                    {
                        "name": "openjdk",
                        "specs": [
                            [
                                ">=",
                                "8"
                            ]
                        ]
                    },
                    {
                        "name": "python",
                        "specs": []
                    }
                ]
            },
            "description": null,
            "distribution_type": "conda",
            "download_url": "//api.anaconda.org/download/bioconda/quasirecomb/1.2/noarch/quasirecomb-1.2-0.tar.bz2",
            "full_name": "bioconda/quasirecomb/1.2/noarch/quasirecomb-1.2-0.tar.bz2",
            "labels": [
                "main"
            ],
            "md5": "40f8a3209478f3cf377d38243be08635",
            "ndownloads": 26,
            "owner": "bioconda",
            "size": 3914374,
            "type": "conda",
            "upload_time": "2019-09-30 17:20:07.637000+00:00",
            "version": "1.2"
        }
    ],
    "full_name": "bioconda/quasirecomb",
    "home": "https://github.com/cbg-ethz/QuasiRecomb",
    "html_url": "http://anaconda.org/bioconda/quasirecomb",
    "id": "5d923946778a870c844f849b",
    "latest_version": "1.2",
    "license": "GNU GPLv3",
    "license_url": null,
    "modified_at": "2019-09-30 17:20:07.976000+00:00",
    "name": "quasirecomb",
    "owner": {
        "company": "",
        "created_at": "2015-09-11 22:59:20.880000+00:00",
        "description": "Bioconda is a distribution of bioinformatics software realized as a channel for the versatile Conda package manager.",
        "location": "",
        "login": "bioconda",
        "name": "bioconda",
        "url": "",
        "user_type": "org"
    },
    "package_types": [
        "conda"
    ],
    "public": true,
    "releases": [
        {
            "distributions": [],
            "full_name": "bioconda/quasirecomb/1.2",
            "version": "1.2"
        }
    ],
    "revision": 2,
    "source_git_tag": null,
    "source_git_url": null,
    "summary": "Software of Inference of Quasispecies subjected to Recombination",
    "upvoted": 0,
    "url": "http://api.anaconda.org/packages/bioconda/quasirecomb",
    "versions": [
        "1.2"
    ],
    "watchers": 1
}