{
    "app_entry": {},
    "app_summary": {},
    "app_type": {},
    "builds": [
        "r3.3.1_0",
        "r3.3.2_0"
    ],
    "conda_platforms": [
        "linux-64",
        "osx-64"
    ],
    "created_at": "2016-11-13 08:59:27.963000+00:00",
    "description": "None",
    "dev_url": {},
    "doc_url": {},
    "files": [
        {
            "attrs": {
                "arch": "x86_64",
                "build": "r3.3.2_0",
                "build_number": 0,
                "depends": [
                    "libgcc",
                    "r-base 3.3.2*"
                ],
                "has_prefix": true,
                "license": "GPL (>= 2)",
                "license_family": "GPL3",
                "machine": "x86_64",
                "operatingsystem": "linux",
                "platform": "linux",
                "subdir": "linux-64",
                "target-triplet": "x86_64-any-linux"
            },
            "basename": "linux-64/r-algdesign-1.1_7.3-r3.3.2_0.tar.bz2",
            "dependencies": {
                "depends": [
                    {
                        "name": "libgcc",
                        "specs": []
                    },
                    {
                        "name": "r-base",
                        "specs": [
                            [
                                "==",
                                "3.3.2"
                            ]
                        ]
                    }
                ]
            },
            "description": null,
            "distribution_type": "conda",
            "download_url": "//api.anaconda.org/download/bioconda/r-algdesign/1.1_7.3/linux-64/r-algdesign-1.1_7.3-r3.3.2_0.tar.bz2",
            "full_name": "bioconda/r-algdesign/1.1_7.3/linux-64/r-algdesign-1.1_7.3-r3.3.2_0.tar.bz2",
            "labels": [
                "main",
                "cf201901"
            ],
            "md5": "afb840611ea8c648213040b417d86c75",
            "ndownloads": 626,
            "owner": "bioconda",
            "size": 532065,
            "type": "conda",
            "upload_time": "2017-06-04 04:25:54.669000+00:00",
            "version": "1.1_7.3"
        },
        {
            "attrs": {
                "arch": "x86_64",
                "build": "r3.3.2_0",
                "build_number": 0,
                "depends": [
                    "r-base 3.3.2*"
                ],
                "has_prefix": false,
                "license": "GPL (>= 2)",
                "license_family": "GPL3",
                "machine": "x86_64",
                "operatingsystem": "darwin",
                "platform": "osx",
                "subdir": "osx-64",
                "target-triplet": "x86_64-any-darwin"
            },
            "basename": "osx-64/r-algdesign-1.1_7.3-r3.3.2_0.tar.bz2",
            "dependencies": {
                "depends": [
                    {
                        "name": "r-base",
                        "specs": [
                            [
                                "==",
                                "3.3.2"
                            ]
                        ]
                    }
                ]
            },
            "description": null,
            "distribution_type": "conda",
            "download_url": "//api.anaconda.org/download/bioconda/r-algdesign/1.1_7.3/osx-64/r-algdesign-1.1_7.3-r3.3.2_0.tar.bz2",
            "full_name": "bioconda/r-algdesign/1.1_7.3/osx-64/r-algdesign-1.1_7.3-r3.3.2_0.tar.bz2",
            "labels": [
                "main",
                "cf201901"
            ],
            "md5": "40d1395e7491b6b5b54ab9b928fdd846",
            "ndownloads": 780,
            "owner": "bioconda",
            "size": 535053,
            "type": "conda",
            "upload_time": "2017-06-03 15:27:10.135000+00:00",
            "version": "1.1_7.3"
        },
        {
            "attrs": {
                "arch": "x86_64",
                "build": "r3.3.1_0",
                "build_number": 0,
                "depends": [
                    "libgcc",
                    "r 3.3.1*"
                ],
                "has_prefix": true,
                "license": "GPL (>= 2)",
                "license_family": "GPL3",
                "machine": "x86_64",
                "operatingsystem": "linux",
                "platform": "linux",
                "subdir": "linux-64",
                "target-triplet": "x86_64-any-linux"
            },
            "basename": "linux-64/r-algdesign-1.1_7.3-r3.3.1_0.tar.bz2",
            "dependencies": {
                "depends": [
                    {
                        "name": "libgcc",
                        "specs": []
                    },
                    {
                        "name": "r",
                        "specs": [
                            [
                                "==",
                                "3.3.1"
                            ]
                        ]
                    }
                ]
            },
            "description": null,
            "distribution_type": "conda",
            "download_url": "//api.anaconda.org/download/bioconda/r-algdesign/1.1_7.3/linux-64/r-algdesign-1.1_7.3-r3.3.1_0.tar.bz2",
            "full_name": "bioconda/r-algdesign/1.1_7.3/linux-64/r-algdesign-1.1_7.3-r3.3.1_0.tar.bz2",
            "labels": [
                "main",
                "cf201901"
            ],
            "md5": "04c3eb696bc4f8450b2cccd3be735592",
            "ndownloads": 514,
            "owner": "bioconda",
            "size": 528199,
            "type": "conda",
            "upload_time": "2016-11-13 08:59:28.408000+00:00",
            "version": "1.1_7.3"
        },
        {
            "attrs": {
                "arch": "x86_64",
                "build": "r3.3.1_0",
                "build_number": 0,
                "depends": [
                    "r 3.3.1*"
                ],
                "has_prefix": false,
                "license": "GPL (>= 2)",
                "license_family": "GPL3",
                "machine": "x86_64",
                "operatingsystem": "darwin",
                "platform": "osx",
                "subdir": "osx-64",
                "target-triplet": "x86_64-any-darwin"
            },
            "basename": "osx-64/r-algdesign-1.1_7.3-r3.3.1_0.tar.bz2",
            "dependencies": {
                "depends": [
                    {
                        "name": "r",
                        "specs": [
                            [
                                "==",
                                "3.3.1"
                            ]
                        ]
                    }
                ]
            },
            "description": null,
            "distribution_type": "conda",
            "download_url": "//api.anaconda.org/download/bioconda/r-algdesign/1.1_7.3/osx-64/r-algdesign-1.1_7.3-r3.3.1_0.tar.bz2",
            "full_name": "bioconda/r-algdesign/1.1_7.3/osx-64/r-algdesign-1.1_7.3-r3.3.1_0.tar.bz2",
            "labels": [
                "main",
                "cf201901"
            ],
            "md5": "e4a5c75c1742cbe22f08c36489d9cb75",
            "ndownloads": 38,
            "owner": "bioconda",
            "size": 532834,
            "type": "conda",
            "upload_time": "2016-11-13 09:06:16.593000+00:00",
            "version": "1.1_7.3"
        }
    ],
    "full_name": "bioconda/r-algdesign",
    "home": "None",
    "html_url": "http://anaconda.org/bioconda/r-algdesign",
    "id": "58282b6f9f69800f16af0769",
    "latest_version": "1.1_7.3",
    "license": {},
    "license_url": {},
    "modified_at": "2017-06-04 04:25:55.347000+00:00",
    "name": "r-algdesign",
    "owner": {
        "company": "",
        "created_at": "2015-09-11 22:59:20.880000+00:00",
        "description": "Bioconda is a distribution of bioinformatics software realized as a channel for the versatile Conda package manager.",
        "location": "",
        "login": "bioconda",
        "name": "bioconda",
        "url": "",
        "user_type": "org"
    },
    "package_types": [
        "conda"
    ],
    "public": true,
    "releases": [
        {
            "distributions": [],
            "full_name": "bioconda/r-algdesign/1.1_7.3",
            "version": "1.1_7.3"
        }
    ],
    "revision": 1,
    "source_git_tag": {},
    "source_git_url": {},
    "summary": "",
    "upvoted": 0,
    "url": "http://api.anaconda.org/packages/bioconda/r-algdesign",
    "versions": [
        "1.1_7.3"
    ],
    "watchers": 1
}