{
    "app_entry": {},
    "app_summary": {},
    "app_type": {},
    "builds": [
        "r351_2",
        "r36_0",
        "r341_1",
        "r3.4.1_0",
        "r36_3"
    ],
    "conda_platforms": [
        "linux-64",
        "noarch",
        "osx-64"
    ],
    "created_at": "2018-06-01 15:28:07.034000+00:00",
    "description": "",
    "dev_url": null,
    "doc_url": null,
    "files": [
        {
            "attrs": {
                "arch": "x86_64",
                "build": "r3.4.1_0",
                "build_number": 0,
                "depends": [
                    "r-base 3.4.1*",
                    "r-tibble"
                ],
                "has_prefix": false,
                "license": "GPL-3",
                "license_family": "GPL3",
                "machine": "x86_64",
                "operatingsystem": "darwin",
                "platform": "osx",
                "subdir": "osx-64",
                "target-triplet": "x86_64-any-darwin"
            },
            "basename": "osx-64/r-annotables-v0.1.90-r3.4.1_0.tar.bz2",
            "dependencies": {
                "depends": [
                    {
                        "name": "r-base",
                        "specs": [
                            [
                                "==",
                                "3.4.1"
                            ]
                        ]
                    },
                    {
                        "name": "r-tibble",
                        "specs": []
                    }
                ]
            },
            "description": null,
            "distribution_type": "conda",
            "download_url": "//api.anaconda.org/download/bioconda/r-annotables/v0.1.90/osx-64/r-annotables-v0.1.90-r3.4.1_0.tar.bz2",
            "full_name": "bioconda/r-annotables/v0.1.90/osx-64/r-annotables-v0.1.90-r3.4.1_0.tar.bz2",
            "labels": [
                "main",
                "cf201901"
            ],
            "md5": "bc1b4a5331c4a5d580514bf1a3125cfe",
            "ndownloads": 269,
            "owner": "bioconda",
            "size": 11304862,
            "type": "conda",
            "upload_time": "2018-06-01 15:28:08.068000+00:00",
            "version": "v0.1.90"
        },
        {
            "attrs": {
                "arch": "x86_64",
                "build": "r3.4.1_0",
                "build_number": 0,
                "depends": [
                    "r-base 3.4.1*",
                    "r-tibble"
                ],
                "has_prefix": false,
                "license": "GPL-3",
                "license_family": "GPL3",
                "machine": "x86_64",
                "operatingsystem": "linux",
                "platform": "linux",
                "subdir": "linux-64",
                "target-triplet": "x86_64-any-linux"
            },
            "basename": "linux-64/r-annotables-v0.1.90-r3.4.1_0.tar.bz2",
            "dependencies": {
                "depends": [
                    {
                        "name": "r-base",
                        "specs": [
                            [
                                "==",
                                "3.4.1"
                            ]
                        ]
                    },
                    {
                        "name": "r-tibble",
                        "specs": []
                    }
                ]
            },
            "description": null,
            "distribution_type": "conda",
            "download_url": "//api.anaconda.org/download/bioconda/r-annotables/v0.1.90/linux-64/r-annotables-v0.1.90-r3.4.1_0.tar.bz2",
            "full_name": "bioconda/r-annotables/v0.1.90/linux-64/r-annotables-v0.1.90-r3.4.1_0.tar.bz2",
            "labels": [
                "main",
                "cf201901"
            ],
            "md5": "60e9253be1e5e6c72319d67c2006816c",
            "ndownloads": 272,
            "owner": "bioconda",
            "size": 11304948,
            "type": "conda",
            "upload_time": "2018-06-01 15:30:22.892000+00:00",
            "version": "v0.1.90"
        },
        {
            "attrs": {
                "arch": "x86_64",
                "build": "r341_1",
                "build_number": 1,
                "depends": [
                    "r-base >=3.4.1,<3.4.2.0a0",
                    "r-tibble"
                ],
                "has_prefix": false,
                "license": "GPL-3",
                "license_family": "GPL3",
                "machine": "x86_64",
                "operatingsystem": "darwin",
                "platform": "osx",
                "subdir": "osx-64",
                "target-triplet": "x86_64-any-darwin",
                "timestamp": 1529789753172
            },
            "basename": "osx-64/r-annotables-v0.1.90-r341_1.tar.bz2",
            "dependencies": {
                "depends": [
                    {
                        "name": "r-base",
                        "specs": [
                            [
                                ">=",
                                "3.4.1,<3.4.2.0a0"
                            ]
                        ]
                    },
                    {
                        "name": "r-tibble",
                        "specs": []
                    }
                ]
            },
            "description": null,
            "distribution_type": "conda",
            "download_url": "//api.anaconda.org/download/bioconda/r-annotables/v0.1.90/osx-64/r-annotables-v0.1.90-r341_1.tar.bz2",
            "full_name": "bioconda/r-annotables/v0.1.90/osx-64/r-annotables-v0.1.90-r341_1.tar.bz2",
            "labels": [
                "main",
                "cf201901"
            ],
            "md5": "e0be7c3b6cb46d4523f3fcd1411a08ba",
            "ndownloads": 528,
            "owner": "bioconda",
            "size": 11304610,
            "type": "conda",
            "upload_time": "2018-06-23 21:36:33.987000+00:00",
            "version": "v0.1.90"
        },
        {
            "attrs": {
                "arch": null,
                "build": "r351_2",
                "build_number": 2,
                "depends": [
                    "r-base >=3.5.1,<3.5.2.0a0",
                    "r-tibble"
                ],
                "has_prefix": false,
                "license": "GPL-3",
                "license_family": "GPL3",
                "machine": null,
                "noarch": "generic",
                "operatingsystem": null,
                "platform": null,
                "subdir": "noarch",
                "target-triplet": "None-any-None",
                "timestamp": 1563118707298
            },
            "basename": "noarch/r-annotables-v0.1.90-r351_2.tar.bz2",
            "dependencies": {
                "depends": [
                    {
                        "name": "r-base",
                        "specs": [
                            [
                                ">=",
                                "3.5.1,<3.5.2.0a0"
                            ]
                        ]
                    },
                    {
                        "name": "r-tibble",
                        "specs": []
                    }
                ]
            },
            "description": null,
            "distribution_type": "conda",
            "download_url": "//api.anaconda.org/download/bioconda/r-annotables/v0.1.90/noarch/r-annotables-v0.1.90-r351_2.tar.bz2",
            "full_name": "bioconda/r-annotables/v0.1.90/noarch/r-annotables-v0.1.90-r351_2.tar.bz2",
            "labels": [
                "main"
            ],
            "md5": "fd93e9799de0a8371b40977381062d38",
            "ndownloads": 41,
            "owner": "bioconda",
            "size": 11310111,
            "type": "conda",
            "upload_time": "2019-07-14 15:42:42.558000+00:00",
            "version": "v0.1.90"
        },
        {
            "attrs": {
                "arch": null,
                "build": "r36_3",
                "build_number": 3,
                "depends": [
                    "r-base >=3.6,<3.7.0a0",
                    "r-tibble"
                ],
                "has_prefix": false,
                "license": "GPL-3",
                "license_family": "GPL3",
                "machine": null,
                "noarch": "generic",
                "operatingsystem": null,
                "platform": null,
                "subdir": "noarch",
                "target-triplet": "None-any-None",
                "timestamp": 1566804584846
            },
            "basename": "noarch/r-annotables-v0.1.90-r36_3.tar.bz2",
            "dependencies": {
                "depends": [
                    {
                        "name": "r-base",
                        "specs": [
                            [
                                ">=",
                                "3.6,<3.7.0a0"
                            ]
                        ]
                    },
                    {
                        "name": "r-tibble",
                        "specs": []
                    }
                ]
            },
            "description": null,
            "distribution_type": "conda",
            "download_url": "//api.anaconda.org/download/bioconda/r-annotables/v0.1.90/noarch/r-annotables-v0.1.90-r36_3.tar.bz2",
            "full_name": "bioconda/r-annotables/v0.1.90/noarch/r-annotables-v0.1.90-r36_3.tar.bz2",
            "labels": [
                "main"
            ],
            "md5": "8f634c2616d0bfc2f73c86de6a7c5fe2",
            "ndownloads": 40,
            "owner": "bioconda",
            "size": 11309690,
            "type": "conda",
            "upload_time": "2019-08-26 07:33:51.632000+00:00",
            "version": "v0.1.90"
        },
        {
            "attrs": {
                "arch": null,
                "build": "r36_0",
                "build_number": 0,
                "depends": [
                    "r-base >=3.6,<3.7.0a0",
                    "r-tibble"
                ],
                "has_prefix": false,
                "license": "GPL-3",
                "license_family": "GPL3",
                "machine": null,
                "noarch": "generic",
                "operatingsystem": null,
                "platform": null,
                "subdir": "noarch",
                "target-triplet": "None-any-None",
                "timestamp": 1577335806718
            },
            "basename": "noarch/r-annotables-0.1.90-r36_0.tar.bz2",
            "dependencies": {
                "depends": [
                    {
                        "name": "r-base",
                        "specs": [
                            [
                                ">=",
                                "3.6,<3.7.0a0"
                            ]
                        ]
                    },
                    {
                        "name": "r-tibble",
                        "specs": []
                    }
                ]
            },
            "description": null,
            "distribution_type": "conda",
            "download_url": "//api.anaconda.org/download/bioconda/r-annotables/0.1.90/noarch/r-annotables-0.1.90-r36_0.tar.bz2",
            "full_name": "bioconda/r-annotables/0.1.90/noarch/r-annotables-0.1.90-r36_0.tar.bz2",
            "labels": [
                "main"
            ],
            "md5": "f66911da94f645be72449fb1c5bf543e",
            "ndownloads": 17,
            "owner": "bioconda",
            "size": 11308840,
            "type": "conda",
            "upload_time": "2019-12-26 08:43:32.022000+00:00",
            "version": "0.1.90"
        }
    ],
    "full_name": "bioconda/r-annotables",
    "home": "https://github.com/stephenturner/annotables",
    "html_url": "http://anaconda.org/bioconda/r-annotables",
    "id": "5b1166075d3358120c03ad33",
    "latest_version": "0.1.90",
    "license": "GPL-3",
    "license_url": null,
    "modified_at": "2019-12-26 08:43:32.465000+00:00",
    "name": "r-annotables",
    "owner": {
        "company": "",
        "created_at": "2015-09-11 22:59:20.880000+00:00",
        "description": "Bioconda is a distribution of bioinformatics software realized as a channel for the versatile Conda package manager.",
        "location": "",
        "login": "bioconda",
        "name": "bioconda",
        "url": "",
        "user_type": "org"
    },
    "package_types": [
        "conda"
    ],
    "public": true,
    "releases": [
        {
            "distributions": [],
            "full_name": "bioconda/r-annotables/v0.1.90",
            "version": "v0.1.90"
        },
        {
            "distributions": [],
            "full_name": "bioconda/r-annotables/0.1.90",
            "version": "0.1.90"
        }
    ],
    "revision": 4,
    "source_git_tag": null,
    "source_git_url": null,
    "summary": "Provides tables for converting and annotating Ensembl Gene IDs.",
    "upvoted": 0,
    "url": "http://api.anaconda.org/packages/bioconda/r-annotables",
    "versions": [
        "v0.1.90",
        "0.1.90"
    ],
    "watchers": 1
}