{
    "app_entry": {},
    "app_summary": {},
    "app_type": {},
    "builds": [
        "r3.2.2_0",
        "r3.3.1_0",
        "r3.3.2_0"
    ],
    "conda_platforms": [
        "linux-64",
        "osx-64"
    ],
    "created_at": "2016-03-16 06:10:50.096000+00:00",
    "description": "None",
    "dev_url": {},
    "doc_url": {},
    "files": [
        {
            "attrs": {
                "arch": "x86_64",
                "build": "r3.2.2_0",
                "build_number": 0,
                "depends": [
                    "fftw",
                    "libgcc",
                    "r 3.2.2*"
                ],
                "license": "GPL (>= 2)",
                "machine": "x86_64",
                "operatingsystem": "linux",
                "platform": "linux",
                "subdir": "linux-64",
                "target-triplet": "x86_64-any-linux"
            },
            "basename": "linux-64/r-fftwtools-0.9.7-r3.2.2_0.tar.bz2",
            "dependencies": {
                "depends": [
                    {
                        "name": "fftw",
                        "specs": []
                    },
                    {
                        "name": "libgcc",
                        "specs": []
                    },
                    {
                        "name": "r",
                        "specs": [
                            [
                                "==",
                                "3.2.2"
                            ]
                        ]
                    }
                ]
            },
            "description": null,
            "distribution_type": "conda",
            "download_url": "//api.anaconda.org/download/bioconda/r-fftwtools/0.9.7/linux-64/r-fftwtools-0.9.7-r3.2.2_0.tar.bz2",
            "full_name": "bioconda/r-fftwtools/0.9.7/linux-64/r-fftwtools-0.9.7-r3.2.2_0.tar.bz2",
            "labels": [
                "main",
                "cf201901"
            ],
            "md5": "c0c1682875133bc7819c9b821a45495f",
            "ndownloads": 568,
            "owner": "bioconda",
            "size": 160409,
            "type": "conda",
            "upload_time": "2016-03-16 06:10:50.382000+00:00",
            "version": "0.9.7"
        },
        {
            "attrs": {
                "arch": "x86_64",
                "build": "r3.2.2_0",
                "build_number": 0,
                "depends": [
                    "fftw",
                    "libgcc",
                    "r 3.2.2*"
                ],
                "license": "GPL (>= 2)",
                "machine": "x86_64",
                "operatingsystem": "darwin",
                "platform": "osx",
                "subdir": "osx-64",
                "target-triplet": "x86_64-any-darwin"
            },
            "basename": "osx-64/r-fftwtools-0.9.7-r3.2.2_0.tar.bz2",
            "dependencies": {
                "depends": [
                    {
                        "name": "fftw",
                        "specs": []
                    },
                    {
                        "name": "libgcc",
                        "specs": []
                    },
                    {
                        "name": "r",
                        "specs": [
                            [
                                "==",
                                "3.2.2"
                            ]
                        ]
                    }
                ]
            },
            "description": null,
            "distribution_type": "conda",
            "download_url": "//api.anaconda.org/download/bioconda/r-fftwtools/0.9.7/osx-64/r-fftwtools-0.9.7-r3.2.2_0.tar.bz2",
            "full_name": "bioconda/r-fftwtools/0.9.7/osx-64/r-fftwtools-0.9.7-r3.2.2_0.tar.bz2",
            "labels": [
                "main",
                "cf201901"
            ],
            "md5": "4f152563026d678f210b7661b4a3c861",
            "ndownloads": 773,
            "owner": "bioconda",
            "size": 159052,
            "type": "conda",
            "upload_time": "2016-03-19 21:26:30.310000+00:00",
            "version": "0.9.7"
        },
        {
            "attrs": {
                "arch": "x86_64",
                "build": "r3.3.1_0",
                "build_number": 0,
                "depends": [
                    "fftw",
                    "libgcc",
                    "r 3.3.1*"
                ],
                "license": "GPL (>= 2)",
                "machine": "x86_64",
                "operatingsystem": "linux",
                "platform": "linux",
                "subdir": "linux-64",
                "target-triplet": "x86_64-any-linux"
            },
            "basename": "linux-64/r-fftwtools-0.9.7-r3.3.1_0.tar.bz2",
            "dependencies": {
                "depends": [
                    {
                        "name": "fftw",
                        "specs": []
                    },
                    {
                        "name": "libgcc",
                        "specs": []
                    },
                    {
                        "name": "r",
                        "specs": [
                            [
                                "==",
                                "3.3.1"
                            ]
                        ]
                    }
                ]
            },
            "description": null,
            "distribution_type": "conda",
            "download_url": "//api.anaconda.org/download/bioconda/r-fftwtools/0.9.7/linux-64/r-fftwtools-0.9.7-r3.3.1_0.tar.bz2",
            "full_name": "bioconda/r-fftwtools/0.9.7/linux-64/r-fftwtools-0.9.7-r3.3.1_0.tar.bz2",
            "labels": [
                "main",
                "cf201901"
            ],
            "md5": "d09f6286b5fe56b2b1fc02b4abfad345",
            "ndownloads": 383,
            "owner": "bioconda",
            "size": 160640,
            "type": "conda",
            "upload_time": "2016-09-30 23:07:41.195000+00:00",
            "version": "0.9.7"
        },
        {
            "attrs": {
                "arch": "x86_64",
                "build": "r3.3.2_0",
                "build_number": 0,
                "depends": [
                    "fftw",
                    "libgcc",
                    "r-base 3.3.2*"
                ],
                "has_prefix": true,
                "license": "GPL (>= 2)",
                "machine": "x86_64",
                "operatingsystem": "linux",
                "platform": "linux",
                "subdir": "linux-64",
                "target-triplet": "x86_64-any-linux"
            },
            "basename": "linux-64/r-fftwtools-0.9.7-r3.3.2_0.tar.bz2",
            "dependencies": {
                "depends": [
                    {
                        "name": "fftw",
                        "specs": []
                    },
                    {
                        "name": "libgcc",
                        "specs": []
                    },
                    {
                        "name": "r-base",
                        "specs": [
                            [
                                "==",
                                "3.3.2"
                            ]
                        ]
                    }
                ]
            },
            "description": null,
            "distribution_type": "conda",
            "download_url": "//api.anaconda.org/download/bioconda/r-fftwtools/0.9.7/linux-64/r-fftwtools-0.9.7-r3.3.2_0.tar.bz2",
            "full_name": "bioconda/r-fftwtools/0.9.7/linux-64/r-fftwtools-0.9.7-r3.3.2_0.tar.bz2",
            "labels": [
                "main",
                "cf201901"
            ],
            "md5": "c6886a5ad5c3cb3d4115c35368bbc46b",
            "ndownloads": 805,
            "owner": "bioconda",
            "size": 163016,
            "type": "conda",
            "upload_time": "2017-06-04 16:33:34.930000+00:00",
            "version": "0.9.7"
        }
    ],
    "full_name": "bioconda/r-fftwtools",
    "home": "None",
    "html_url": "http://anaconda.org/bioconda/r-fftwtools",
    "id": "56e8f8ea89fc205fc5730bd2",
    "latest_version": "0.9.7",
    "license": "GPL (>= 2)",
    "license_url": {},
    "modified_at": "2017-06-04 16:33:35.615000+00:00",
    "name": "r-fftwtools",
    "owner": {
        "company": "",
        "created_at": "2015-09-11 22:59:20.880000+00:00",
        "description": "Bioconda is a distribution of bioinformatics software realized as a channel for the versatile Conda package manager.",
        "location": "",
        "login": "bioconda",
        "name": "bioconda",
        "url": "",
        "user_type": "org"
    },
    "package_types": [
        "conda"
    ],
    "public": true,
    "releases": [
        {
            "distributions": [
                "linux-64/r-fftwtools-0.9.7-r3.2.2_0.tar.bz2",
                "osx-64/r-fftwtools-0.9.7-r3.2.2_0.tar.bz2"
            ],
            "full_name": "bioconda/r-fftwtools/0.9.7",
            "version": "0.9.7"
        }
    ],
    "revision": 3,
    "source_git_tag": {},
    "source_git_url": {},
    "summary": "Provides a wrapper for several FFTW functions. This package provides access to the two-dimensional FFT, the multivariate FFT, and the one-dimensional real to complex FFT using FFTW3. The package includes the functions fftw and mvfftw which are designed to mimic the functionality of the R functions fft and mvfft. The FFT functions have a parameter that allows them to not return the redundant complex conjugate when the input is real data. ",
    "upvoted": 0,
    "url": "http://api.anaconda.org/packages/bioconda/r-fftwtools",
    "versions": [
        "0.9.7"
    ],
    "watchers": 1
}