{
    "app_entry": {},
    "app_summary": {},
    "app_type": {},
    "builds": [
        "r3.3.2_0"
    ],
    "conda_platforms": [
        "linux-64",
        "osx-64"
    ],
    "created_at": "2017-07-20 10:34:12.985000+00:00",
    "description": "",
    "dev_url": null,
    "doc_url": null,
    "files": [
        {
            "attrs": {
                "arch": "x86_64",
                "build": "r3.3.2_0",
                "build_number": 0,
                "depends": [
                    "libgcc",
                    "r-base 3.3.2*",
                    "r-lattice",
                    "r-modeltools"
                ],
                "has_prefix": true,
                "license": "GPL-2",
                "machine": "x86_64",
                "operatingsystem": "linux",
                "platform": "linux",
                "subdir": "linux-64",
                "target-triplet": "x86_64-any-linux"
            },
            "basename": "linux-64/r-flexclust-1.3_4-r3.3.2_0.tar.bz2",
            "dependencies": {
                "depends": [
                    {
                        "name": "libgcc",
                        "specs": []
                    },
                    {
                        "name": "r-base",
                        "specs": [
                            [
                                "==",
                                "3.3.2"
                            ]
                        ]
                    },
                    {
                        "name": "r-lattice",
                        "specs": []
                    },
                    {
                        "name": "r-modeltools",
                        "specs": []
                    }
                ]
            },
            "description": null,
            "distribution_type": "conda",
            "download_url": "//api.anaconda.org/download/bioconda/r-flexclust/1.3_4/linux-64/r-flexclust-1.3_4-r3.3.2_0.tar.bz2",
            "full_name": "bioconda/r-flexclust/1.3_4/linux-64/r-flexclust-1.3_4-r3.3.2_0.tar.bz2",
            "labels": [
                "main",
                "cf201901"
            ],
            "md5": "0c0ad4267bcf05671da73001b630f7bb",
            "ndownloads": 761,
            "owner": "bioconda",
            "size": 387729,
            "type": "conda",
            "upload_time": "2017-07-20 10:58:04.623000+00:00",
            "version": "1.3_4"
        },
        {
            "attrs": {
                "arch": "x86_64",
                "build": "r3.3.2_0",
                "build_number": 0,
                "depends": [
                    "libgcc",
                    "r-base 3.3.2*",
                    "r-lattice",
                    "r-modeltools"
                ],
                "has_prefix": false,
                "license": "GPL-2",
                "machine": "x86_64",
                "operatingsystem": "darwin",
                "platform": "osx",
                "subdir": "osx-64",
                "target-triplet": "x86_64-any-darwin"
            },
            "basename": "osx-64/r-flexclust-1.3_4-r3.3.2_0.tar.bz2",
            "dependencies": {
                "depends": [
                    {
                        "name": "libgcc",
                        "specs": []
                    },
                    {
                        "name": "r-base",
                        "specs": [
                            [
                                "==",
                                "3.3.2"
                            ]
                        ]
                    },
                    {
                        "name": "r-lattice",
                        "specs": []
                    },
                    {
                        "name": "r-modeltools",
                        "specs": []
                    }
                ]
            },
            "description": null,
            "distribution_type": "conda",
            "download_url": "//api.anaconda.org/download/bioconda/r-flexclust/1.3_4/osx-64/r-flexclust-1.3_4-r3.3.2_0.tar.bz2",
            "full_name": "bioconda/r-flexclust/1.3_4/osx-64/r-flexclust-1.3_4-r3.3.2_0.tar.bz2",
            "labels": [
                "main",
                "cf201901"
            ],
            "md5": "bfa8bb990014831fa04a58c3527da350",
            "ndownloads": 739,
            "owner": "bioconda",
            "size": 386344,
            "type": "conda",
            "upload_time": "2017-07-20 10:34:13.836000+00:00",
            "version": "1.3_4"
        }
    ],
    "full_name": "bioconda/r-flexclust",
    "home": "https://CRAN.R-project.org/package=flexclust",
    "html_url": "http://anaconda.org/bioconda/r-flexclust",
    "id": "59708724c045d01280783881",
    "latest_version": "1.3_4",
    "license": "GPL-2",
    "license_url": null,
    "modified_at": "2017-07-20 10:58:05.279000+00:00",
    "name": "r-flexclust",
    "owner": {
        "company": "",
        "created_at": "2015-09-11 22:59:20.880000+00:00",
        "description": "Bioconda is a distribution of bioinformatics software realized as a channel for the versatile Conda package manager.",
        "location": "",
        "login": "bioconda",
        "name": "bioconda",
        "url": "",
        "user_type": "org"
    },
    "package_types": [
        "conda"
    ],
    "public": true,
    "releases": [
        {
            "distributions": [],
            "full_name": "bioconda/r-flexclust/1.3_4",
            "version": "1.3_4"
        }
    ],
    "revision": 2,
    "source_git_tag": null,
    "source_git_url": null,
    "summary": "The main function kcca implements a general framework for k-centroids cluster analysis supporting arbitrary distance measures and centroid computation. Further cluster methods include hard competitive learning, neural gas, and QT clustering. There are numerous visualization methods for cluster results (neighborhood graphs, convex cluster hulls, barcharts of centroids, ...), and bootstrap methods for the analysis of cluster stability.",
    "upvoted": 0,
    "url": "http://api.anaconda.org/packages/bioconda/r-flexclust",
    "versions": [
        "1.3_4"
    ],
    "watchers": 1
}