{
    "app_entry": {},
    "app_summary": {},
    "app_type": {},
    "builds": [
        "r341h6115d3f_0",
        "r351h6115d3f_0"
    ],
    "conda_platforms": [
        "linux-64",
        "osx-64"
    ],
    "created_at": "2018-11-01 01:33:59.052000+00:00",
    "description": "",
    "dev_url": null,
    "doc_url": null,
    "files": [
        {
            "attrs": {
                "arch": "x86_64",
                "build": "r341h6115d3f_0",
                "build_number": 0,
                "depends": [
                    "r-base >=3.4.1,<3.4.2.0a0",
                    "r-fields",
                    "r-mgcv",
                    "r-vegan"
                ],
                "has_prefix": false,
                "license": "GPL (>= 2)",
                "license_family": "GPL3",
                "machine": "x86_64",
                "operatingsystem": "linux",
                "platform": "linux",
                "subdir": "linux-64",
                "target-triplet": "x86_64-any-linux",
                "timestamp": 1541035748976
            },
            "basename": "linux-64/r-goeveg-0.3.3-r341h6115d3f_0.tar.bz2",
            "dependencies": {
                "depends": [
                    {
                        "name": "r-base",
                        "specs": [
                            [
                                ">=",
                                "3.4.1,<3.4.2.0a0"
                            ]
                        ]
                    },
                    {
                        "name": "r-fields",
                        "specs": []
                    },
                    {
                        "name": "r-mgcv",
                        "specs": []
                    },
                    {
                        "name": "r-vegan",
                        "specs": []
                    }
                ]
            },
            "description": null,
            "distribution_type": "conda",
            "download_url": "//api.anaconda.org/download/bioconda/r-goeveg/0.3.3/linux-64/r-goeveg-0.3.3-r341h6115d3f_0.tar.bz2",
            "full_name": "bioconda/r-goeveg/0.3.3/linux-64/r-goeveg-0.3.3-r341h6115d3f_0.tar.bz2",
            "labels": [
                "main",
                "cf201901"
            ],
            "md5": "bf6373c0dceb5dc634fbf11673d78276",
            "ndownloads": 86,
            "owner": "bioconda",
            "size": 55533,
            "type": "conda",
            "upload_time": "2018-11-01 01:33:59.796000+00:00",
            "version": "0.3.3"
        },
        {
            "attrs": {
                "arch": "x86_64",
                "build": "r351h6115d3f_0",
                "build_number": 0,
                "depends": [
                    "r-base >=3.5.1,<3.5.2.0a0",
                    "r-fields",
                    "r-mgcv",
                    "r-vegan"
                ],
                "has_prefix": false,
                "license": "GPL (>= 2)",
                "license_family": "GPL3",
                "machine": "x86_64",
                "operatingsystem": "linux",
                "platform": "linux",
                "subdir": "linux-64",
                "target-triplet": "x86_64-any-linux",
                "timestamp": 1541035684643
            },
            "basename": "linux-64/r-goeveg-0.3.3-r351h6115d3f_0.tar.bz2",
            "dependencies": {
                "depends": [
                    {
                        "name": "r-base",
                        "specs": [
                            [
                                ">=",
                                "3.5.1,<3.5.2.0a0"
                            ]
                        ]
                    },
                    {
                        "name": "r-fields",
                        "specs": []
                    },
                    {
                        "name": "r-mgcv",
                        "specs": []
                    },
                    {
                        "name": "r-vegan",
                        "specs": []
                    }
                ]
            },
            "description": null,
            "distribution_type": "conda",
            "download_url": "//api.anaconda.org/download/bioconda/r-goeveg/0.3.3/linux-64/r-goeveg-0.3.3-r351h6115d3f_0.tar.bz2",
            "full_name": "bioconda/r-goeveg/0.3.3/linux-64/r-goeveg-0.3.3-r351h6115d3f_0.tar.bz2",
            "labels": [
                "main",
                "cf201901"
            ],
            "md5": "9c3098a6a9f853f10e2f31f2d9a83005",
            "ndownloads": 208,
            "owner": "bioconda",
            "size": 67937,
            "type": "conda",
            "upload_time": "2018-11-01 01:34:02.679000+00:00",
            "version": "0.3.3"
        },
        {
            "attrs": {
                "arch": "x86_64",
                "build": "r341h6115d3f_0",
                "build_number": 0,
                "depends": [
                    "r-base >=3.4.1,<3.4.2.0a0",
                    "r-fields",
                    "r-mgcv",
                    "r-vegan"
                ],
                "has_prefix": false,
                "license": "GPL (>= 2)",
                "license_family": "GPL3",
                "machine": "x86_64",
                "operatingsystem": "darwin",
                "platform": "osx",
                "subdir": "osx-64",
                "target-triplet": "x86_64-any-darwin",
                "timestamp": 1541039579435
            },
            "basename": "osx-64/r-goeveg-0.3.3-r341h6115d3f_0.tar.bz2",
            "dependencies": {
                "depends": [
                    {
                        "name": "r-base",
                        "specs": [
                            [
                                ">=",
                                "3.4.1,<3.4.2.0a0"
                            ]
                        ]
                    },
                    {
                        "name": "r-fields",
                        "specs": []
                    },
                    {
                        "name": "r-mgcv",
                        "specs": []
                    },
                    {
                        "name": "r-vegan",
                        "specs": []
                    }
                ]
            },
            "description": null,
            "distribution_type": "conda",
            "download_url": "//api.anaconda.org/download/bioconda/r-goeveg/0.3.3/osx-64/r-goeveg-0.3.3-r341h6115d3f_0.tar.bz2",
            "full_name": "bioconda/r-goeveg/0.3.3/osx-64/r-goeveg-0.3.3-r341h6115d3f_0.tar.bz2",
            "labels": [
                "main",
                "cf201901"
            ],
            "md5": "da9e93fc209feb09970f2587cd5521e4",
            "ndownloads": 156,
            "owner": "bioconda",
            "size": 55875,
            "type": "conda",
            "upload_time": "2018-11-01 02:34:55.067000+00:00",
            "version": "0.3.3"
        },
        {
            "attrs": {
                "arch": "x86_64",
                "build": "r351h6115d3f_0",
                "build_number": 0,
                "depends": [
                    "r-base >=3.5.1,<3.5.2.0a0",
                    "r-fields",
                    "r-mgcv",
                    "r-vegan"
                ],
                "has_prefix": false,
                "license": "GPL (>= 2)",
                "license_family": "GPL3",
                "machine": "x86_64",
                "operatingsystem": "darwin",
                "platform": "osx",
                "subdir": "osx-64",
                "target-triplet": "x86_64-any-darwin",
                "timestamp": 1541039658264
            },
            "basename": "osx-64/r-goeveg-0.3.3-r351h6115d3f_0.tar.bz2",
            "dependencies": {
                "depends": [
                    {
                        "name": "r-base",
                        "specs": [
                            [
                                ">=",
                                "3.5.1,<3.5.2.0a0"
                            ]
                        ]
                    },
                    {
                        "name": "r-fields",
                        "specs": []
                    },
                    {
                        "name": "r-mgcv",
                        "specs": []
                    },
                    {
                        "name": "r-vegan",
                        "specs": []
                    }
                ]
            },
            "description": null,
            "distribution_type": "conda",
            "download_url": "//api.anaconda.org/download/bioconda/r-goeveg/0.3.3/osx-64/r-goeveg-0.3.3-r351h6115d3f_0.tar.bz2",
            "full_name": "bioconda/r-goeveg/0.3.3/osx-64/r-goeveg-0.3.3-r351h6115d3f_0.tar.bz2",
            "labels": [
                "main",
                "cf201901"
            ],
            "md5": "89b4d13dadb335b9f98645abde8d5269",
            "ndownloads": 614,
            "owner": "bioconda",
            "size": 68414,
            "type": "conda",
            "upload_time": "2018-11-01 02:35:00.209000+00:00",
            "version": "0.3.3"
        },
        {
            "attrs": {
                "arch": "x86_64",
                "build": "r351h6115d3f_0",
                "build_number": 0,
                "depends": [
                    "r-base >=3.5.1,<3.5.2.0a0",
                    "r-fields",
                    "r-hmisc",
                    "r-mgcv",
                    "r-vegan"
                ],
                "has_prefix": false,
                "license": "GPL (>= 2)",
                "license_family": "GPL3",
                "machine": "x86_64",
                "operatingsystem": "linux",
                "platform": "linux",
                "subdir": "linux-64",
                "target-triplet": "x86_64-any-linux",
                "timestamp": 1544019581664
            },
            "basename": "linux-64/r-goeveg-0.4.2-r351h6115d3f_0.tar.bz2",
            "dependencies": {
                "depends": [
                    {
                        "name": "r-base",
                        "specs": [
                            [
                                ">=",
                                "3.5.1,<3.5.2.0a0"
                            ]
                        ]
                    },
                    {
                        "name": "r-fields",
                        "specs": []
                    },
                    {
                        "name": "r-hmisc",
                        "specs": []
                    },
                    {
                        "name": "r-mgcv",
                        "specs": []
                    },
                    {
                        "name": "r-vegan",
                        "specs": []
                    }
                ]
            },
            "description": null,
            "distribution_type": "conda",
            "download_url": "//api.anaconda.org/download/bioconda/r-goeveg/0.4.2/linux-64/r-goeveg-0.4.2-r351h6115d3f_0.tar.bz2",
            "full_name": "bioconda/r-goeveg/0.4.2/linux-64/r-goeveg-0.4.2-r351h6115d3f_0.tar.bz2",
            "labels": [
                "main",
                "cf201901"
            ],
            "md5": "15684c435dd514be719c77a641c1350a",
            "ndownloads": 136,
            "owner": "bioconda",
            "size": 121575,
            "type": "conda",
            "upload_time": "2018-12-05 14:23:38.005000+00:00",
            "version": "0.4.2"
        },
        {
            "attrs": {
                "arch": "x86_64",
                "build": "r351h6115d3f_0",
                "build_number": 0,
                "depends": [
                    "r-base >=3.5.1,<3.5.2.0a0",
                    "r-fields",
                    "r-hmisc",
                    "r-mgcv",
                    "r-vegan"
                ],
                "has_prefix": false,
                "license": "GPL (>= 2)",
                "license_family": "GPL3",
                "machine": "x86_64",
                "operatingsystem": "darwin",
                "platform": "osx",
                "subdir": "osx-64",
                "target-triplet": "x86_64-any-darwin",
                "timestamp": 1544019955469
            },
            "basename": "osx-64/r-goeveg-0.4.2-r351h6115d3f_0.tar.bz2",
            "dependencies": {
                "depends": [
                    {
                        "name": "r-base",
                        "specs": [
                            [
                                ">=",
                                "3.5.1,<3.5.2.0a0"
                            ]
                        ]
                    },
                    {
                        "name": "r-fields",
                        "specs": []
                    },
                    {
                        "name": "r-hmisc",
                        "specs": []
                    },
                    {
                        "name": "r-mgcv",
                        "specs": []
                    },
                    {
                        "name": "r-vegan",
                        "specs": []
                    }
                ]
            },
            "description": null,
            "distribution_type": "conda",
            "download_url": "//api.anaconda.org/download/bioconda/r-goeveg/0.4.2/osx-64/r-goeveg-0.4.2-r351h6115d3f_0.tar.bz2",
            "full_name": "bioconda/r-goeveg/0.4.2/osx-64/r-goeveg-0.4.2-r351h6115d3f_0.tar.bz2",
            "labels": [
                "main",
                "cf201901"
            ],
            "md5": "f1b21dd39aa22e58b73fb504c13f1d56",
            "ndownloads": 749,
            "owner": "bioconda",
            "size": 122167,
            "type": "conda",
            "upload_time": "2018-12-05 14:26:46.363000+00:00",
            "version": "0.4.2"
        }
    ],
    "full_name": "bioconda/r-goeveg",
    "home": "http://github.com/fgoral/goeveg",
    "html_url": "http://anaconda.org/bioconda/r-goeveg",
    "id": "5bda58075c4b9a13301e1376",
    "latest_version": "0.4.2",
    "license": "GPL (>= 2)",
    "license_url": null,
    "modified_at": "2018-12-05 14:26:47.048000+00:00",
    "name": "r-goeveg",
    "owner": {
        "company": "",
        "created_at": "2015-09-11 22:59:20.880000+00:00",
        "description": "Bioconda is a distribution of bioinformatics software realized as a channel for the versatile Conda package manager.",
        "location": "",
        "login": "bioconda",
        "name": "bioconda",
        "url": "",
        "user_type": "org"
    },
    "package_types": [
        "conda"
    ],
    "public": true,
    "releases": [
        {
            "distributions": [],
            "full_name": "bioconda/r-goeveg/0.3.3",
            "version": "0.3.3"
        },
        {
            "distributions": [],
            "full_name": "bioconda/r-goeveg/0.4.2",
            "version": "0.4.2"
        }
    ],
    "revision": 4,
    "source_git_tag": null,
    "source_git_url": null,
    "summary": "A collection of functions useful in (vegetation) community analyses and ordinations, mainly to facilitate plotting and interpretation. Includes automatic species selection for ordination diagrams, species response curves and rank-abundance curves.",
    "upvoted": 0,
    "url": "http://api.anaconda.org/packages/bioconda/r-goeveg",
    "versions": [
        "0.3.3",
        "0.4.2"
    ],
    "watchers": 1
}