{
    "app_entry": {},
    "app_summary": {},
    "app_type": {},
    "builds": [
        "r3.3.1_0",
        "r3.3.2_0"
    ],
    "conda_platforms": [
        "linux-64",
        "osx-64"
    ],
    "created_at": "2017-02-19 23:22:56.763000+00:00",
    "description": "None",
    "dev_url": {},
    "doc_url": {},
    "files": [
        {
            "attrs": {
                "arch": "x86_64",
                "build": "r3.3.2_0",
                "build_number": 0,
                "depends": [
                    "r-base 3.3.2*",
                    "r-iterators >=1.0.0"
                ],
                "has_prefix": false,
                "license": "GPL-2",
                "license_family": "GPL2",
                "machine": "x86_64",
                "operatingsystem": "darwin",
                "platform": "osx",
                "subdir": "osx-64",
                "target-triplet": "x86_64-any-darwin"
            },
            "basename": "osx-64/r-itertools-0.1_3-r3.3.2_0.tar.bz2",
            "dependencies": {
                "depends": [
                    {
                        "name": "r-base",
                        "specs": [
                            [
                                "==",
                                "3.3.2"
                            ]
                        ]
                    },
                    {
                        "name": "r-iterators",
                        "specs": [
                            [
                                ">=",
                                "1.0.0"
                            ]
                        ]
                    }
                ]
            },
            "description": null,
            "distribution_type": "conda",
            "download_url": "//api.anaconda.org/download/bioconda/r-itertools/0.1_3/osx-64/r-itertools-0.1_3-r3.3.2_0.tar.bz2",
            "full_name": "bioconda/r-itertools/0.1_3/osx-64/r-itertools-0.1_3-r3.3.2_0.tar.bz2",
            "labels": [
                "main",
                "cf201901"
            ],
            "md5": "d159619e1435a713ff17ede8c46e5d40",
            "ndownloads": 742,
            "owner": "bioconda",
            "size": 79143,
            "type": "conda",
            "upload_time": "2017-06-03 18:29:56.041000+00:00",
            "version": "0.1_3"
        },
        {
            "attrs": {
                "arch": "x86_64",
                "build": "r3.3.1_0",
                "build_number": 0,
                "depends": [
                    "r-base 3.3.1*",
                    "r-iterators >=1.0.0"
                ],
                "has_prefix": false,
                "license": "GPL-2",
                "license_family": "GPL2",
                "machine": "x86_64",
                "operatingsystem": "linux",
                "platform": "linux",
                "subdir": "linux-64",
                "target-triplet": "x86_64-any-linux"
            },
            "basename": "linux-64/r-itertools-0.1_3-r3.3.1_0.tar.bz2",
            "dependencies": {
                "depends": [
                    {
                        "name": "r-base",
                        "specs": [
                            [
                                "==",
                                "3.3.1"
                            ]
                        ]
                    },
                    {
                        "name": "r-iterators",
                        "specs": [
                            [
                                ">=",
                                "1.0.0"
                            ]
                        ]
                    }
                ]
            },
            "description": null,
            "distribution_type": "conda",
            "download_url": "//api.anaconda.org/download/bioconda/r-itertools/0.1_3/linux-64/r-itertools-0.1_3-r3.3.1_0.tar.bz2",
            "full_name": "bioconda/r-itertools/0.1_3/linux-64/r-itertools-0.1_3-r3.3.1_0.tar.bz2",
            "labels": [
                "main",
                "cf201901"
            ],
            "md5": "222f71f0ecd15e31955d6c7808c89697",
            "ndownloads": 367,
            "owner": "bioconda",
            "size": 77365,
            "type": "conda",
            "upload_time": "2017-02-19 23:22:57.109000+00:00",
            "version": "0.1_3"
        },
        {
            "attrs": {
                "arch": "x86_64",
                "build": "r3.3.2_0",
                "build_number": 0,
                "depends": [
                    "r-base 3.3.2*",
                    "r-iterators >=1.0.0"
                ],
                "has_prefix": false,
                "license": "GPL-2",
                "license_family": "GPL2",
                "machine": "x86_64",
                "operatingsystem": "linux",
                "platform": "linux",
                "subdir": "linux-64",
                "target-triplet": "x86_64-any-linux"
            },
            "basename": "linux-64/r-itertools-0.1_3-r3.3.2_0.tar.bz2",
            "dependencies": {
                "depends": [
                    {
                        "name": "r-base",
                        "specs": [
                            [
                                "==",
                                "3.3.2"
                            ]
                        ]
                    },
                    {
                        "name": "r-iterators",
                        "specs": [
                            [
                                ">=",
                                "1.0.0"
                            ]
                        ]
                    }
                ]
            },
            "description": null,
            "distribution_type": "conda",
            "download_url": "//api.anaconda.org/download/bioconda/r-itertools/0.1_3/linux-64/r-itertools-0.1_3-r3.3.2_0.tar.bz2",
            "full_name": "bioconda/r-itertools/0.1_3/linux-64/r-itertools-0.1_3-r3.3.2_0.tar.bz2",
            "labels": [
                "main",
                "cf201901"
            ],
            "md5": "ca4edd329ab01ce899eadbd287d92519",
            "ndownloads": 726,
            "owner": "bioconda",
            "size": 79659,
            "type": "conda",
            "upload_time": "2017-06-03 14:22:33.034000+00:00",
            "version": "0.1_3"
        },
        {
            "attrs": {
                "arch": "x86_64",
                "build": "r3.3.1_0",
                "build_number": 0,
                "depends": [
                    "r-base 3.3.1*",
                    "r-iterators >=1.0.0"
                ],
                "has_prefix": false,
                "license": "GPL-2",
                "license_family": "GPL2",
                "machine": "x86_64",
                "operatingsystem": "darwin",
                "platform": "osx",
                "subdir": "osx-64",
                "target-triplet": "x86_64-any-darwin"
            },
            "basename": "osx-64/r-itertools-0.1_3-r3.3.1_0.tar.bz2",
            "dependencies": {
                "depends": [
                    {
                        "name": "r-base",
                        "specs": [
                            [
                                "==",
                                "3.3.1"
                            ]
                        ]
                    },
                    {
                        "name": "r-iterators",
                        "specs": [
                            [
                                ">=",
                                "1.0.0"
                            ]
                        ]
                    }
                ]
            },
            "description": null,
            "distribution_type": "conda",
            "download_url": "//api.anaconda.org/download/bioconda/r-itertools/0.1_3/osx-64/r-itertools-0.1_3-r3.3.1_0.tar.bz2",
            "full_name": "bioconda/r-itertools/0.1_3/osx-64/r-itertools-0.1_3-r3.3.1_0.tar.bz2",
            "labels": [
                "main",
                "cf201901"
            ],
            "md5": "dacf5d0eb810f749b59596471575094b",
            "ndownloads": 33,
            "owner": "bioconda",
            "size": 76848,
            "type": "conda",
            "upload_time": "2017-02-19 23:31:30.120000+00:00",
            "version": "0.1_3"
        }
    ],
    "full_name": "bioconda/r-itertools",
    "home": "None",
    "html_url": "http://anaconda.org/bioconda/r-itertools",
    "id": "58aa28d0f9e4b211572dd24b",
    "latest_version": "0.1_3",
    "license": {},
    "license_url": {},
    "modified_at": "2017-06-03 18:29:57.251000+00:00",
    "name": "r-itertools",
    "owner": {
        "company": "",
        "created_at": "2015-09-11 22:59:20.880000+00:00",
        "description": "Bioconda is a distribution of bioinformatics software realized as a channel for the versatile Conda package manager.",
        "location": "",
        "login": "bioconda",
        "name": "bioconda",
        "url": "",
        "user_type": "org"
    },
    "package_types": [
        "conda"
    ],
    "public": true,
    "releases": [
        {
            "distributions": [],
            "full_name": "bioconda/r-itertools/0.1_3",
            "version": "0.1_3"
        }
    ],
    "revision": 1,
    "source_git_tag": {},
    "source_git_url": {},
    "summary": "",
    "upvoted": 0,
    "url": "http://api.anaconda.org/packages/bioconda/r-itertools",
    "versions": [
        "0.1_3"
    ],
    "watchers": 1
}