{
    "app_entry": {},
    "app_summary": {},
    "app_type": {},
    "builds": [
        "r351h96ca727_0",
        "r341_1",
        "r351h46e59ec_4",
        "r351h96ca727_4",
        "r351hc070d10_2",
        "r3.4.1_0",
        "r351h46e59ec_0",
        "r351h46e59ec_3",
        "r351hc070d10_3",
        "r351h96ca727_3",
        "r341hc070d10_2"
    ],
    "conda_platforms": [
        "linux-64",
        "osx-64"
    ],
    "created_at": "2018-06-02 09:58:09.090000+00:00",
    "description": "",
    "dev_url": null,
    "doc_url": null,
    "files": [
        {
            "attrs": {
                "arch": "x86_64",
                "build": "r3.4.1_0",
                "build_number": 0,
                "depends": [
                    "r-base 3.4.1*",
                    "r-expm",
                    "r-mvtnorm",
                    "r-survival"
                ],
                "has_prefix": true,
                "license": "GPL (>= 2)",
                "license_family": "GPL3",
                "machine": "x86_64",
                "operatingsystem": "linux",
                "platform": "linux",
                "subdir": "linux-64",
                "target-triplet": "x86_64-any-linux"
            },
            "basename": "linux-64/r-msm-1.6.6-r3.4.1_0.tar.bz2",
            "dependencies": {
                "depends": [
                    {
                        "name": "r-base",
                        "specs": [
                            [
                                "==",
                                "3.4.1"
                            ]
                        ]
                    },
                    {
                        "name": "r-expm",
                        "specs": []
                    },
                    {
                        "name": "r-mvtnorm",
                        "specs": []
                    },
                    {
                        "name": "r-survival",
                        "specs": []
                    }
                ]
            },
            "description": null,
            "distribution_type": "conda",
            "download_url": "//api.anaconda.org/download/bioconda/r-msm/1.6.6/linux-64/r-msm-1.6.6-r3.4.1_0.tar.bz2",
            "full_name": "bioconda/r-msm/1.6.6/linux-64/r-msm-1.6.6-r3.4.1_0.tar.bz2",
            "labels": [
                "main",
                "cf201901"
            ],
            "md5": "59f96da887157d0515fba86013fde43b",
            "ndownloads": 142,
            "owner": "bioconda",
            "size": 1048667,
            "type": "conda",
            "upload_time": "2018-06-02 10:00:49.803000+00:00",
            "version": "1.6.6"
        },
        {
            "attrs": {
                "arch": "x86_64",
                "build": "r3.4.1_0",
                "build_number": 0,
                "depends": [
                    "r-base 3.4.1*",
                    "r-expm",
                    "r-mvtnorm",
                    "r-survival"
                ],
                "has_prefix": false,
                "license": "GPL (>= 2)",
                "license_family": "GPL3",
                "machine": "x86_64",
                "operatingsystem": "darwin",
                "platform": "osx",
                "subdir": "osx-64",
                "target-triplet": "x86_64-any-darwin"
            },
            "basename": "osx-64/r-msm-1.6.6-r3.4.1_0.tar.bz2",
            "dependencies": {
                "depends": [
                    {
                        "name": "r-base",
                        "specs": [
                            [
                                "==",
                                "3.4.1"
                            ]
                        ]
                    },
                    {
                        "name": "r-expm",
                        "specs": []
                    },
                    {
                        "name": "r-mvtnorm",
                        "specs": []
                    },
                    {
                        "name": "r-survival",
                        "specs": []
                    }
                ]
            },
            "description": null,
            "distribution_type": "conda",
            "download_url": "//api.anaconda.org/download/bioconda/r-msm/1.6.6/osx-64/r-msm-1.6.6-r3.4.1_0.tar.bz2",
            "full_name": "bioconda/r-msm/1.6.6/osx-64/r-msm-1.6.6-r3.4.1_0.tar.bz2",
            "labels": [
                "main",
                "cf201901"
            ],
            "md5": "94ff5ab58be04b4fe2a0f2bcce8462c4",
            "ndownloads": 28,
            "owner": "bioconda",
            "size": 1053046,
            "type": "conda",
            "upload_time": "2018-06-02 09:58:09.706000+00:00",
            "version": "1.6.6"
        },
        {
            "attrs": {
                "arch": "x86_64",
                "build": "r341_1",
                "build_number": 1,
                "depends": [
                    "r-base >=3.4.1,<3.4.2.0a0",
                    "r-expm",
                    "r-mvtnorm",
                    "r-survival"
                ],
                "has_prefix": false,
                "license": "GPL (>= 2)",
                "license_family": "GPL3",
                "machine": "x86_64",
                "operatingsystem": "darwin",
                "platform": "osx",
                "subdir": "osx-64",
                "target-triplet": "x86_64-any-darwin",
                "timestamp": 1529787690340
            },
            "basename": "osx-64/r-msm-1.6.6-r341_1.tar.bz2",
            "dependencies": {
                "depends": [
                    {
                        "name": "r-base",
                        "specs": [
                            [
                                ">=",
                                "3.4.1,<3.4.2.0a0"
                            ]
                        ]
                    },
                    {
                        "name": "r-expm",
                        "specs": []
                    },
                    {
                        "name": "r-mvtnorm",
                        "specs": []
                    },
                    {
                        "name": "r-survival",
                        "specs": []
                    }
                ]
            },
            "description": null,
            "distribution_type": "conda",
            "download_url": "//api.anaconda.org/download/bioconda/r-msm/1.6.6/osx-64/r-msm-1.6.6-r341_1.tar.bz2",
            "full_name": "bioconda/r-msm/1.6.6/osx-64/r-msm-1.6.6-r341_1.tar.bz2",
            "labels": [
                "main",
                "cf201901"
            ],
            "md5": "e1c75bfa93c800843eb8ef00d98c5075",
            "ndownloads": 143,
            "owner": "bioconda",
            "size": 1055266,
            "type": "conda",
            "upload_time": "2018-06-23 21:02:11.713000+00:00",
            "version": "1.6.6"
        },
        {
            "attrs": {
                "arch": "x86_64",
                "build": "r351hc070d10_2",
                "build_number": 2,
                "depends": [
                    "r-base >=3.5.1,<3.5.2.0a0",
                    "r-expm",
                    "r-mvtnorm",
                    "r-survival"
                ],
                "has_prefix": true,
                "license": "GPL (>= 2)",
                "license_family": "GPL3",
                "machine": "x86_64",
                "operatingsystem": "darwin",
                "platform": "osx",
                "subdir": "osx-64",
                "target-triplet": "x86_64-any-darwin",
                "timestamp": 1540672391288
            },
            "basename": "osx-64/r-msm-1.6.6-r351hc070d10_2.tar.bz2",
            "dependencies": {
                "depends": [
                    {
                        "name": "r-base",
                        "specs": [
                            [
                                ">=",
                                "3.5.1,<3.5.2.0a0"
                            ]
                        ]
                    },
                    {
                        "name": "r-expm",
                        "specs": []
                    },
                    {
                        "name": "r-mvtnorm",
                        "specs": []
                    },
                    {
                        "name": "r-survival",
                        "specs": []
                    }
                ]
            },
            "description": null,
            "distribution_type": "conda",
            "download_url": "//api.anaconda.org/download/bioconda/r-msm/1.6.6/osx-64/r-msm-1.6.6-r351hc070d10_2.tar.bz2",
            "full_name": "bioconda/r-msm/1.6.6/osx-64/r-msm-1.6.6-r351hc070d10_2.tar.bz2",
            "labels": [
                "main",
                "cf201901"
            ],
            "md5": "0d53b22c497d89aca01f255b32c3bbc7",
            "ndownloads": 27,
            "owner": "bioconda",
            "size": 1452526,
            "type": "conda",
            "upload_time": "2018-10-27 20:35:12.861000+00:00",
            "version": "1.6.6"
        },
        {
            "attrs": {
                "arch": "x86_64",
                "build": "r341hc070d10_2",
                "build_number": 2,
                "depends": [
                    "r-base >=3.4.1,<3.4.2.0a0",
                    "r-expm",
                    "r-mvtnorm",
                    "r-survival"
                ],
                "has_prefix": true,
                "license": "GPL (>= 2)",
                "license_family": "GPL3",
                "machine": "x86_64",
                "operatingsystem": "darwin",
                "platform": "osx",
                "subdir": "osx-64",
                "target-triplet": "x86_64-any-darwin",
                "timestamp": 1540672473366
            },
            "basename": "osx-64/r-msm-1.6.6-r341hc070d10_2.tar.bz2",
            "dependencies": {
                "depends": [
                    {
                        "name": "r-base",
                        "specs": [
                            [
                                ">=",
                                "3.4.1,<3.4.2.0a0"
                            ]
                        ]
                    },
                    {
                        "name": "r-expm",
                        "specs": []
                    },
                    {
                        "name": "r-mvtnorm",
                        "specs": []
                    },
                    {
                        "name": "r-survival",
                        "specs": []
                    }
                ]
            },
            "description": null,
            "distribution_type": "conda",
            "download_url": "//api.anaconda.org/download/bioconda/r-msm/1.6.6/osx-64/r-msm-1.6.6-r341hc070d10_2.tar.bz2",
            "full_name": "bioconda/r-msm/1.6.6/osx-64/r-msm-1.6.6-r341hc070d10_2.tar.bz2",
            "labels": [
                "main",
                "cf201901"
            ],
            "md5": "eeba2fe8f5f42234b5614c78e635a0ad",
            "ndownloads": 89,
            "owner": "bioconda",
            "size": 1055806,
            "type": "conda",
            "upload_time": "2018-10-27 20:35:21.566000+00:00",
            "version": "1.6.6"
        },
        {
            "attrs": {
                "arch": "x86_64",
                "build": "r341hc070d10_2",
                "build_number": 2,
                "depends": [
                    "libgcc-ng >=4.9",
                    "r-base >=3.4.1,<3.4.2.0a0",
                    "r-expm",
                    "r-mvtnorm",
                    "r-survival"
                ],
                "has_prefix": false,
                "license": "GPL (>= 2)",
                "license_family": "GPL3",
                "machine": "x86_64",
                "operatingsystem": "linux",
                "platform": "linux",
                "subdir": "linux-64",
                "target-triplet": "x86_64-any-linux",
                "timestamp": 1540935934240
            },
            "basename": "linux-64/r-msm-1.6.6-r341hc070d10_2.tar.bz2",
            "dependencies": {
                "depends": [
                    {
                        "name": "libgcc-ng",
                        "specs": [
                            [
                                ">=",
                                "4.9"
                            ]
                        ]
                    },
                    {
                        "name": "r-base",
                        "specs": [
                            [
                                ">=",
                                "3.4.1,<3.4.2.0a0"
                            ]
                        ]
                    },
                    {
                        "name": "r-expm",
                        "specs": []
                    },
                    {
                        "name": "r-mvtnorm",
                        "specs": []
                    },
                    {
                        "name": "r-survival",
                        "specs": []
                    }
                ]
            },
            "description": null,
            "distribution_type": "conda",
            "download_url": "//api.anaconda.org/download/bioconda/r-msm/1.6.6/linux-64/r-msm-1.6.6-r341hc070d10_2.tar.bz2",
            "full_name": "bioconda/r-msm/1.6.6/linux-64/r-msm-1.6.6-r341hc070d10_2.tar.bz2",
            "labels": [
                "main",
                "cf201901"
            ],
            "md5": "c5fca8c07e95d014e43698ce9a1f1ca2",
            "ndownloads": 224,
            "owner": "bioconda",
            "size": 1051131,
            "type": "conda",
            "upload_time": "2018-10-30 21:51:44.495000+00:00",
            "version": "1.6.6"
        },
        {
            "attrs": {
                "arch": "x86_64",
                "build": "r351hc070d10_2",
                "build_number": 2,
                "depends": [
                    "libgcc-ng >=4.9",
                    "r-base >=3.5.1,<3.5.2.0a0",
                    "r-expm",
                    "r-mvtnorm",
                    "r-survival"
                ],
                "has_prefix": false,
                "license": "GPL (>= 2)",
                "license_family": "GPL3",
                "machine": "x86_64",
                "operatingsystem": "linux",
                "platform": "linux",
                "subdir": "linux-64",
                "target-triplet": "x86_64-any-linux",
                "timestamp": 1540936004963
            },
            "basename": "linux-64/r-msm-1.6.6-r351hc070d10_2.tar.bz2",
            "dependencies": {
                "depends": [
                    {
                        "name": "libgcc-ng",
                        "specs": [
                            [
                                ">=",
                                "4.9"
                            ]
                        ]
                    },
                    {
                        "name": "r-base",
                        "specs": [
                            [
                                ">=",
                                "3.5.1,<3.5.2.0a0"
                            ]
                        ]
                    },
                    {
                        "name": "r-expm",
                        "specs": []
                    },
                    {
                        "name": "r-mvtnorm",
                        "specs": []
                    },
                    {
                        "name": "r-survival",
                        "specs": []
                    }
                ]
            },
            "description": null,
            "distribution_type": "conda",
            "download_url": "//api.anaconda.org/download/bioconda/r-msm/1.6.6/linux-64/r-msm-1.6.6-r351hc070d10_2.tar.bz2",
            "full_name": "bioconda/r-msm/1.6.6/linux-64/r-msm-1.6.6-r351hc070d10_2.tar.bz2",
            "labels": [
                "main",
                "cf201901"
            ],
            "md5": "84aa27616256488c6f9ff25f660a652a",
            "ndownloads": 114,
            "owner": "bioconda",
            "size": 1447180,
            "type": "conda",
            "upload_time": "2018-10-30 21:51:47.805000+00:00",
            "version": "1.6.6"
        },
        {
            "attrs": {
                "arch": "x86_64",
                "build": "r351h46e59ec_3",
                "build_number": 3,
                "depends": [
                    "r-base >=3.5.1,<3.5.2.0a0",
                    "r-expm",
                    "r-mvtnorm",
                    "r-survival"
                ],
                "has_prefix": true,
                "license": "GPL (>= 2)",
                "license_family": "GPL3",
                "machine": "x86_64",
                "operatingsystem": "darwin",
                "platform": "osx",
                "subdir": "osx-64",
                "target-triplet": "x86_64-any-darwin",
                "timestamp": 1545632703642
            },
            "basename": "osx-64/r-msm-1.6.6-r351h46e59ec_3.tar.bz2",
            "dependencies": {
                "depends": [
                    {
                        "name": "r-base",
                        "specs": [
                            [
                                ">=",
                                "3.5.1,<3.5.2.0a0"
                            ]
                        ]
                    },
                    {
                        "name": "r-expm",
                        "specs": []
                    },
                    {
                        "name": "r-mvtnorm",
                        "specs": []
                    },
                    {
                        "name": "r-survival",
                        "specs": []
                    }
                ]
            },
            "description": null,
            "distribution_type": "conda",
            "download_url": "//api.anaconda.org/download/bioconda/r-msm/1.6.6/osx-64/r-msm-1.6.6-r351h46e59ec_3.tar.bz2",
            "full_name": "bioconda/r-msm/1.6.6/osx-64/r-msm-1.6.6-r351h46e59ec_3.tar.bz2",
            "labels": [
                "gcc7",
                "main"
            ],
            "md5": "f6e6b59d9ceb820c1c91b28cc8c55fdc",
            "ndownloads": 77,
            "owner": "bioconda",
            "size": 1469155,
            "type": "conda",
            "upload_time": "2018-12-24 06:25:46.718000+00:00",
            "version": "1.6.6"
        },
        {
            "attrs": {
                "arch": "x86_64",
                "build": "r351h96ca727_3",
                "build_number": 3,
                "depends": [
                    "libgcc-ng >=7.3.0",
                    "r-base >=3.5.1,<3.5.2.0a0",
                    "r-expm",
                    "r-mvtnorm",
                    "r-survival"
                ],
                "has_prefix": false,
                "license": "GPL (>= 2)",
                "license_family": "GPL3",
                "machine": "x86_64",
                "operatingsystem": "linux",
                "platform": "linux",
                "subdir": "linux-64",
                "target-triplet": "x86_64-any-linux",
                "timestamp": 1545632674007
            },
            "basename": "linux-64/r-msm-1.6.6-r351h96ca727_3.tar.bz2",
            "dependencies": {
                "depends": [
                    {
                        "name": "libgcc-ng",
                        "specs": [
                            [
                                ">=",
                                "7.3.0"
                            ]
                        ]
                    },
                    {
                        "name": "r-base",
                        "specs": [
                            [
                                ">=",
                                "3.5.1,<3.5.2.0a0"
                            ]
                        ]
                    },
                    {
                        "name": "r-expm",
                        "specs": []
                    },
                    {
                        "name": "r-mvtnorm",
                        "specs": []
                    },
                    {
                        "name": "r-survival",
                        "specs": []
                    }
                ]
            },
            "description": null,
            "distribution_type": "conda",
            "download_url": "//api.anaconda.org/download/bioconda/r-msm/1.6.6/linux-64/r-msm-1.6.6-r351h96ca727_3.tar.bz2",
            "full_name": "bioconda/r-msm/1.6.6/linux-64/r-msm-1.6.6-r351h96ca727_3.tar.bz2",
            "labels": [
                "gcc7",
                "main"
            ],
            "md5": "f56f53a068cb5ec48323298ecab704a1",
            "ndownloads": 100,
            "owner": "bioconda",
            "size": 1462259,
            "type": "conda",
            "upload_time": "2018-12-24 06:27:11.185000+00:00",
            "version": "1.6.6"
        },
        {
            "attrs": {
                "arch": "x86_64",
                "build": "r351hc070d10_3",
                "build_number": 3,
                "depends": [
                    "r-base >=3.5.1,<3.5.2.0a0",
                    "r-expm",
                    "r-mvtnorm",
                    "r-survival"
                ],
                "has_prefix": true,
                "license": "GPL (>= 2)",
                "license_family": "GPL3",
                "machine": "x86_64",
                "operatingsystem": "darwin",
                "platform": "osx",
                "subdir": "osx-64",
                "target-triplet": "x86_64-any-darwin",
                "timestamp": 1548565112128
            },
            "basename": "osx-64/r-msm-1.6.6-r351hc070d10_3.tar.bz2",
            "dependencies": {
                "depends": [
                    {
                        "name": "r-base",
                        "specs": [
                            [
                                ">=",
                                "3.5.1,<3.5.2.0a0"
                            ]
                        ]
                    },
                    {
                        "name": "r-expm",
                        "specs": []
                    },
                    {
                        "name": "r-mvtnorm",
                        "specs": []
                    },
                    {
                        "name": "r-survival",
                        "specs": []
                    }
                ]
            },
            "description": null,
            "distribution_type": "conda",
            "download_url": "//api.anaconda.org/download/bioconda/r-msm/1.6.6/osx-64/r-msm-1.6.6-r351hc070d10_3.tar.bz2",
            "full_name": "bioconda/r-msm/1.6.6/osx-64/r-msm-1.6.6-r351hc070d10_3.tar.bz2",
            "labels": [
                "main"
            ],
            "md5": "da5fc53d0c792bd1cec3e26fc3dd448c",
            "ndownloads": 496,
            "owner": "bioconda",
            "size": 1453050,
            "type": "conda",
            "upload_time": "2019-01-27 04:59:17.556000+00:00",
            "version": "1.6.6"
        },
        {
            "attrs": {
                "arch": "x86_64",
                "build": "r351h46e59ec_4",
                "build_number": 4,
                "depends": [
                    "r-base >=3.5.1,<3.5.2.0a0",
                    "r-expm",
                    "r-mvtnorm",
                    "r-survival"
                ],
                "has_prefix": true,
                "license": "GPL (>= 2)",
                "license_family": "GPL3",
                "machine": "x86_64",
                "operatingsystem": "darwin",
                "platform": "osx",
                "subdir": "osx-64",
                "target-triplet": "x86_64-any-darwin",
                "timestamp": 1552395548374
            },
            "basename": "osx-64/r-msm-1.6.6-r351h46e59ec_4.tar.bz2",
            "dependencies": {
                "depends": [
                    {
                        "name": "r-base",
                        "specs": [
                            [
                                ">=",
                                "3.5.1,<3.5.2.0a0"
                            ]
                        ]
                    },
                    {
                        "name": "r-expm",
                        "specs": []
                    },
                    {
                        "name": "r-mvtnorm",
                        "specs": []
                    },
                    {
                        "name": "r-survival",
                        "specs": []
                    }
                ]
            },
            "description": null,
            "distribution_type": "conda",
            "download_url": "//api.anaconda.org/download/bioconda/r-msm/1.6.6/osx-64/r-msm-1.6.6-r351h46e59ec_4.tar.bz2",
            "full_name": "bioconda/r-msm/1.6.6/osx-64/r-msm-1.6.6-r351h46e59ec_4.tar.bz2",
            "labels": [
                "main"
            ],
            "md5": "9468cdb89925c923a459b396a1072b06",
            "ndownloads": 25,
            "owner": "bioconda",
            "size": 1469682,
            "type": "conda",
            "upload_time": "2019-03-12 12:59:52.041000+00:00",
            "version": "1.6.6"
        },
        {
            "attrs": {
                "arch": "x86_64",
                "build": "r351h96ca727_4",
                "build_number": 4,
                "depends": [
                    "libgcc-ng >=7.3.0",
                    "r-base >=3.5.1,<3.5.2.0a0",
                    "r-expm",
                    "r-mvtnorm",
                    "r-survival"
                ],
                "has_prefix": false,
                "license": "GPL (>= 2)",
                "license_family": "GPL3",
                "machine": "x86_64",
                "operatingsystem": "linux",
                "platform": "linux",
                "subdir": "linux-64",
                "target-triplet": "x86_64-any-linux",
                "timestamp": 1552396367085
            },
            "basename": "linux-64/r-msm-1.6.6-r351h96ca727_4.tar.bz2",
            "dependencies": {
                "depends": [
                    {
                        "name": "libgcc-ng",
                        "specs": [
                            [
                                ">=",
                                "7.3.0"
                            ]
                        ]
                    },
                    {
                        "name": "r-base",
                        "specs": [
                            [
                                ">=",
                                "3.5.1,<3.5.2.0a0"
                            ]
                        ]
                    },
                    {
                        "name": "r-expm",
                        "specs": []
                    },
                    {
                        "name": "r-mvtnorm",
                        "specs": []
                    },
                    {
                        "name": "r-survival",
                        "specs": []
                    }
                ]
            },
            "description": null,
            "distribution_type": "conda",
            "download_url": "//api.anaconda.org/download/bioconda/r-msm/1.6.6/linux-64/r-msm-1.6.6-r351h96ca727_4.tar.bz2",
            "full_name": "bioconda/r-msm/1.6.6/linux-64/r-msm-1.6.6-r351h96ca727_4.tar.bz2",
            "labels": [
                "main"
            ],
            "md5": "216bc858bf45ff1eb6ecbb713f8359c9",
            "ndownloads": 86,
            "owner": "bioconda",
            "size": 1462041,
            "type": "conda",
            "upload_time": "2019-03-12 13:16:39.320000+00:00",
            "version": "1.6.6"
        },
        {
            "attrs": {
                "arch": "x86_64",
                "build": "r351h46e59ec_0",
                "build_number": 0,
                "depends": [
                    "r-base >=3.5.1,<3.5.2.0a0",
                    "r-expm",
                    "r-mvtnorm",
                    "r-survival"
                ],
                "has_prefix": true,
                "license": "GPL (>= 2)",
                "license_family": "GPL3",
                "machine": "x86_64",
                "operatingsystem": "darwin",
                "platform": "osx",
                "subdir": "osx-64",
                "target-triplet": "x86_64-any-darwin",
                "timestamp": 1556073950567
            },
            "basename": "osx-64/r-msm-1.6.7-r351h46e59ec_0.tar.bz2",
            "dependencies": {
                "depends": [
                    {
                        "name": "r-base",
                        "specs": [
                            [
                                ">=",
                                "3.5.1,<3.5.2.0a0"
                            ]
                        ]
                    },
                    {
                        "name": "r-expm",
                        "specs": []
                    },
                    {
                        "name": "r-mvtnorm",
                        "specs": []
                    },
                    {
                        "name": "r-survival",
                        "specs": []
                    }
                ]
            },
            "description": null,
            "distribution_type": "conda",
            "download_url": "//api.anaconda.org/download/bioconda/r-msm/1.6.7/osx-64/r-msm-1.6.7-r351h46e59ec_0.tar.bz2",
            "full_name": "bioconda/r-msm/1.6.7/osx-64/r-msm-1.6.7-r351h46e59ec_0.tar.bz2",
            "labels": [
                "main"
            ],
            "md5": "2c68adddfb2709ee339d795a3bd32fe7",
            "ndownloads": 512,
            "owner": "bioconda",
            "size": 1474399,
            "type": "conda",
            "upload_time": "2019-04-24 02:46:45.093000+00:00",
            "version": "1.6.7"
        },
        {
            "attrs": {
                "arch": "x86_64",
                "build": "r351h96ca727_0",
                "build_number": 0,
                "depends": [
                    "libgcc-ng >=7.3.0",
                    "r-base >=3.5.1,<3.5.2.0a0",
                    "r-expm",
                    "r-mvtnorm",
                    "r-survival"
                ],
                "has_prefix": false,
                "license": "GPL (>= 2)",
                "license_family": "GPL3",
                "machine": "x86_64",
                "operatingsystem": "linux",
                "platform": "linux",
                "subdir": "linux-64",
                "target-triplet": "x86_64-any-linux",
                "timestamp": 1556074677280
            },
            "basename": "linux-64/r-msm-1.6.7-r351h96ca727_0.tar.bz2",
            "dependencies": {
                "depends": [
                    {
                        "name": "libgcc-ng",
                        "specs": [
                            [
                                ">=",
                                "7.3.0"
                            ]
                        ]
                    },
                    {
                        "name": "r-base",
                        "specs": [
                            [
                                ">=",
                                "3.5.1,<3.5.2.0a0"
                            ]
                        ]
                    },
                    {
                        "name": "r-expm",
                        "specs": []
                    },
                    {
                        "name": "r-mvtnorm",
                        "specs": []
                    },
                    {
                        "name": "r-survival",
                        "specs": []
                    }
                ]
            },
            "description": null,
            "distribution_type": "conda",
            "download_url": "//api.anaconda.org/download/bioconda/r-msm/1.6.7/linux-64/r-msm-1.6.7-r351h96ca727_0.tar.bz2",
            "full_name": "bioconda/r-msm/1.6.7/linux-64/r-msm-1.6.7-r351h96ca727_0.tar.bz2",
            "labels": [
                "main"
            ],
            "md5": "f79f2e29c1db324061e539340dba690b",
            "ndownloads": 89,
            "owner": "bioconda",
            "size": 1467205,
            "type": "conda",
            "upload_time": "2019-04-24 03:02:05.236000+00:00",
            "version": "1.6.7"
        }
    ],
    "full_name": "bioconda/r-msm",
    "home": "https",
    "html_url": "http://anaconda.org/bioconda/r-msm",
    "id": "5b126a31e8fa921218eb3d31",
    "latest_version": "1.6.7",
    "license": "GPL (>= 2)",
    "license_url": null,
    "modified_at": "2019-04-24 03:02:05.731000+00:00",
    "name": "r-msm",
    "owner": {
        "company": "",
        "created_at": "2015-09-11 22:59:20.880000+00:00",
        "description": "Bioconda is a distribution of bioinformatics software realized as a channel for the versatile Conda package manager.",
        "location": "",
        "login": "bioconda",
        "name": "bioconda",
        "url": "",
        "user_type": "org"
    },
    "package_types": [
        "conda"
    ],
    "public": true,
    "releases": [
        {
            "distributions": [],
            "full_name": "bioconda/r-msm/1.6.6",
            "version": "1.6.6"
        },
        {
            "distributions": [],
            "full_name": "bioconda/r-msm/1.6.7",
            "version": "1.6.7"
        }
    ],
    "revision": 4,
    "source_git_tag": null,
    "source_git_url": null,
    "summary": "Functions for fitting continuous-time Markov and hidden Markov multi-state models to longitudinal data.  Designed for processes observed at arbitrary times in continuous time (panel data) but some other observation schemes are supported. Both Markov transition rates and the hidden Markov output process can be modelled in terms of covariates, which may be constant or piecewise-constant in time.",
    "upvoted": 0,
    "url": "http://api.anaconda.org/packages/bioconda/r-msm",
    "versions": [
        "1.6.6",
        "1.6.7"
    ],
    "watchers": 1
}