{
    "app_entry": {},
    "app_summary": {},
    "app_type": {},
    "builds": [
        "r3.2.2_0",
        "r3.3.1_0",
        "r3.3.2_0"
    ],
    "conda_platforms": [
        "linux-64",
        "osx-64"
    ],
    "created_at": "2015-11-03 02:22:11.893000+00:00",
    "description": "None",
    "dev_url": {},
    "doc_url": {},
    "files": [
        {
            "attrs": {
                "arch": "x86_64",
                "build": "r3.3.2_0",
                "build_number": 0,
                "depends": [
                    "libgcc",
                    "r-base 3.3.2*"
                ],
                "has_prefix": false,
                "license": "MIT + file LICENSE",
                "machine": "x86_64",
                "operatingsystem": "darwin",
                "platform": "osx",
                "subdir": "osx-64",
                "target-triplet": "x86_64-any-darwin"
            },
            "basename": "osx-64/r-rappdirs-0.3-r3.3.2_0.tar.bz2",
            "dependencies": {
                "depends": [
                    {
                        "name": "libgcc",
                        "specs": []
                    },
                    {
                        "name": "r-base",
                        "specs": [
                            [
                                "==",
                                "3.3.2"
                            ]
                        ]
                    }
                ]
            },
            "description": null,
            "distribution_type": "conda",
            "download_url": "//api.anaconda.org/download/bioconda/r-rappdirs/0.3/osx-64/r-rappdirs-0.3-r3.3.2_0.tar.bz2",
            "full_name": "bioconda/r-rappdirs/0.3/osx-64/r-rappdirs-0.3-r3.3.2_0.tar.bz2",
            "labels": [
                "main",
                "cf201901"
            ],
            "md5": "e3073d893939f190377b4b1f8c0f128c",
            "ndownloads": 592,
            "owner": "bioconda",
            "size": 68941,
            "type": "conda",
            "upload_time": "2017-06-04 04:30:48.194000+00:00",
            "version": "0.3"
        },
        {
            "attrs": {
                "arch": "x86_64",
                "build": "r3.3.2_0",
                "build_number": 0,
                "depends": [
                    "libgcc",
                    "r-base 3.3.2*"
                ],
                "has_prefix": true,
                "license": "MIT + file LICENSE",
                "machine": "x86_64",
                "operatingsystem": "linux",
                "platform": "linux",
                "subdir": "linux-64",
                "target-triplet": "x86_64-any-linux"
            },
            "basename": "linux-64/r-rappdirs-0.3-r3.3.2_0.tar.bz2",
            "dependencies": {
                "depends": [
                    {
                        "name": "libgcc",
                        "specs": []
                    },
                    {
                        "name": "r-base",
                        "specs": [
                            [
                                "==",
                                "3.3.2"
                            ]
                        ]
                    }
                ]
            },
            "description": null,
            "distribution_type": "conda",
            "download_url": "//api.anaconda.org/download/bioconda/r-rappdirs/0.3/linux-64/r-rappdirs-0.3-r3.3.2_0.tar.bz2",
            "full_name": "bioconda/r-rappdirs/0.3/linux-64/r-rappdirs-0.3-r3.3.2_0.tar.bz2",
            "labels": [
                "main",
                "cf201901"
            ],
            "md5": "edfd7591c1ce5d1108aa5b45093eae21",
            "ndownloads": 563,
            "owner": "bioconda",
            "size": 71145,
            "type": "conda",
            "upload_time": "2017-06-03 20:55:49.690000+00:00",
            "version": "0.3"
        },
        {
            "attrs": {
                "arch": "x86_64",
                "build": "r3.2.2_0",
                "build_number": 0,
                "depends": [
                    "libgcc",
                    "r 3.2.2*"
                ],
                "license": "MIT + file LICENSE",
                "machine": "x86_64",
                "operatingsystem": "linux",
                "platform": "linux",
                "subdir": "linux-64",
                "target-triplet": "x86_64-any-linux"
            },
            "basename": "linux-64/r-rappdirs-0.3-r3.2.2_0.tar.bz2",
            "dependencies": {
                "depends": [
                    {
                        "name": "libgcc",
                        "specs": []
                    },
                    {
                        "name": "r",
                        "specs": [
                            [
                                "==",
                                "3.2.2"
                            ]
                        ]
                    }
                ]
            },
            "description": null,
            "distribution_type": "conda",
            "download_url": "//api.anaconda.org/download/bioconda/r-rappdirs/0.3/linux-64/r-rappdirs-0.3-r3.2.2_0.tar.bz2",
            "full_name": "bioconda/r-rappdirs/0.3/linux-64/r-rappdirs-0.3-r3.2.2_0.tar.bz2",
            "labels": [
                "main",
                "cf201901"
            ],
            "md5": "5756d089394cb044654e6be3dec7b8ba",
            "ndownloads": 535,
            "owner": "bioconda",
            "size": 69339,
            "type": "conda",
            "upload_time": "2015-11-03 02:22:12.124000+00:00",
            "version": "0.3"
        },
        {
            "attrs": {
                "arch": "x86_64",
                "build": "r3.2.2_0",
                "build_number": 0,
                "depends": [
                    "libgcc",
                    "r 3.2.2*"
                ],
                "license": "MIT + file LICENSE",
                "machine": "x86_64",
                "operatingsystem": "darwin",
                "platform": "osx",
                "subdir": "osx-64",
                "target-triplet": "x86_64-any-darwin"
            },
            "basename": "osx-64/r-rappdirs-0.3-r3.2.2_0.tar.bz2",
            "dependencies": {
                "depends": [
                    {
                        "name": "libgcc",
                        "specs": []
                    },
                    {
                        "name": "r",
                        "specs": [
                            [
                                "==",
                                "3.2.2"
                            ]
                        ]
                    }
                ]
            },
            "description": null,
            "distribution_type": "conda",
            "download_url": "//api.anaconda.org/download/bioconda/r-rappdirs/0.3/osx-64/r-rappdirs-0.3-r3.2.2_0.tar.bz2",
            "full_name": "bioconda/r-rappdirs/0.3/osx-64/r-rappdirs-0.3-r3.2.2_0.tar.bz2",
            "labels": [
                "main",
                "cf201901"
            ],
            "md5": "33c735fa77e5e47fcb4c20c727deb23b",
            "ndownloads": 280,
            "owner": "bioconda",
            "size": 67541,
            "type": "conda",
            "upload_time": "2015-12-17 21:24:57.395000+00:00",
            "version": "0.3"
        },
        {
            "attrs": {
                "arch": "x86_64",
                "build": "r3.3.1_0",
                "build_number": 0,
                "depends": [
                    "libgcc",
                    "r 3.3.1*"
                ],
                "license": "MIT + file LICENSE",
                "machine": "x86_64",
                "operatingsystem": "darwin",
                "platform": "osx",
                "subdir": "osx-64",
                "target-triplet": "x86_64-any-darwin"
            },
            "basename": "osx-64/r-rappdirs-0.3-r3.3.1_0.tar.bz2",
            "dependencies": {
                "depends": [
                    {
                        "name": "libgcc",
                        "specs": []
                    },
                    {
                        "name": "r",
                        "specs": [
                            [
                                "==",
                                "3.3.1"
                            ]
                        ]
                    }
                ]
            },
            "description": null,
            "distribution_type": "conda",
            "download_url": "//api.anaconda.org/download/bioconda/r-rappdirs/0.3/osx-64/r-rappdirs-0.3-r3.3.1_0.tar.bz2",
            "full_name": "bioconda/r-rappdirs/0.3/osx-64/r-rappdirs-0.3-r3.3.1_0.tar.bz2",
            "labels": [
                "main",
                "cf201901"
            ],
            "md5": "ec6edc31a282f60743585d39de209753",
            "ndownloads": 169,
            "owner": "bioconda",
            "size": 67735,
            "type": "conda",
            "upload_time": "2016-09-28 02:30:11.696000+00:00",
            "version": "0.3"
        },
        {
            "attrs": {
                "arch": "x86_64",
                "build": "r3.3.1_0",
                "build_number": 0,
                "depends": [
                    "libgcc",
                    "r 3.3.1*"
                ],
                "license": "MIT + file LICENSE",
                "machine": "x86_64",
                "operatingsystem": "linux",
                "platform": "linux",
                "subdir": "linux-64",
                "target-triplet": "x86_64-any-linux"
            },
            "basename": "linux-64/r-rappdirs-0.3-r3.3.1_0.tar.bz2",
            "dependencies": {
                "depends": [
                    {
                        "name": "libgcc",
                        "specs": []
                    },
                    {
                        "name": "r",
                        "specs": [
                            [
                                "==",
                                "3.3.1"
                            ]
                        ]
                    }
                ]
            },
            "description": null,
            "distribution_type": "conda",
            "download_url": "//api.anaconda.org/download/bioconda/r-rappdirs/0.3/linux-64/r-rappdirs-0.3-r3.3.1_0.tar.bz2",
            "full_name": "bioconda/r-rappdirs/0.3/linux-64/r-rappdirs-0.3-r3.3.1_0.tar.bz2",
            "labels": [
                "main",
                "cf201901"
            ],
            "md5": "c5e9d736b9480833e6008f9de69e3287",
            "ndownloads": 420,
            "owner": "bioconda",
            "size": 69627,
            "type": "conda",
            "upload_time": "2016-09-28 02:39:18.624000+00:00",
            "version": "0.3"
        }
    ],
    "full_name": "bioconda/r-rappdirs",
    "home": "None",
    "html_url": "http://anaconda.org/bioconda/r-rappdirs",
    "id": "56381a537bb5bd0a8a913aa3",
    "latest_version": "0.3",
    "license": "MIT + file LICENSE",
    "license_url": {},
    "modified_at": "2017-06-04 04:30:49.111000+00:00",
    "name": "r-rappdirs",
    "owner": {
        "company": "",
        "created_at": "2015-09-11 22:59:20.880000+00:00",
        "description": "Bioconda is a distribution of bioinformatics software realized as a channel for the versatile Conda package manager.",
        "location": "",
        "login": "bioconda",
        "name": "bioconda",
        "url": "",
        "user_type": "org"
    },
    "package_types": [
        "conda"
    ],
    "public": true,
    "releases": [
        {
            "distributions": [
                "linux-64/r-rappdirs-0.3-r3.2.2_0.tar.bz2",
                "osx-64/r-rappdirs-0.3-r3.2.2_0.tar.bz2"
            ],
            "full_name": "bioconda/r-rappdirs/0.3",
            "version": "0.3"
        }
    ],
    "revision": 3,
    "source_git_tag": {},
    "source_git_url": {},
    "summary": "An easy way to determine which directories on the users computer you should use to save data, caches and logs. A port of Python's Appdirs (\\url{https://github.com/ActiveState/appdirs}) to R.",
    "upvoted": 0,
    "url": "http://api.anaconda.org/packages/bioconda/r-rappdirs",
    "versions": [
        "0.3"
    ],
    "watchers": 1
}