{
    "app_entry": {},
    "app_summary": {},
    "app_type": {},
    "builds": [
        "r3.4.1_0",
        "r3.3.2_0"
    ],
    "conda_platforms": [
        "linux-64",
        "osx-64"
    ],
    "created_at": "2017-07-16 10:40:51.561000+00:00",
    "description": "",
    "dev_url": null,
    "doc_url": null,
    "files": [
        {
            "attrs": {
                "arch": "x86_64",
                "build": "r3.4.1_0",
                "build_number": 0,
                "depends": [
                    "r-base 3.4.1*",
                    "r-httr >=0.5",
                    "r-jsonlite >=0.9",
                    "r-xml"
                ],
                "has_prefix": false,
                "license": "MIT",
                "license_family": "MIT",
                "machine": "x86_64",
                "operatingsystem": "linux",
                "platform": "linux",
                "subdir": "linux-64",
                "target-triplet": "x86_64-any-linux"
            },
            "basename": "linux-64/r-rentrez-1.1.0-r3.4.1_0.tar.bz2",
            "dependencies": {
                "depends": [
                    {
                        "name": "r-base",
                        "specs": [
                            [
                                "==",
                                "3.4.1"
                            ]
                        ]
                    },
                    {
                        "name": "r-httr",
                        "specs": [
                            [
                                ">=",
                                "0.5"
                            ]
                        ]
                    },
                    {
                        "name": "r-jsonlite",
                        "specs": [
                            [
                                ">=",
                                "0.9"
                            ]
                        ]
                    },
                    {
                        "name": "r-xml",
                        "specs": []
                    }
                ]
            },
            "description": null,
            "distribution_type": "conda",
            "download_url": "//api.anaconda.org/download/bioconda/r-rentrez/1.1.0/linux-64/r-rentrez-1.1.0-r3.4.1_0.tar.bz2",
            "full_name": "bioconda/r-rentrez/1.1.0/linux-64/r-rentrez-1.1.0-r3.4.1_0.tar.bz2",
            "labels": [
                "main",
                "cf201901"
            ],
            "md5": "53f5886e12333af642eacd2070f0b55e",
            "ndownloads": 694,
            "owner": "bioconda",
            "size": 105796,
            "type": "conda",
            "upload_time": "2017-09-18 09:22:40.245000+00:00",
            "version": "1.1.0"
        },
        {
            "attrs": {
                "arch": "x86_64",
                "build": "r3.3.2_0",
                "build_number": 0,
                "depends": [
                    "r-base 3.3.2*",
                    "r-httr >=0.5",
                    "r-jsonlite >=0.9",
                    "r-xml"
                ],
                "has_prefix": false,
                "license": "MIT",
                "license_family": "MIT",
                "machine": "x86_64",
                "operatingsystem": "darwin",
                "platform": "osx",
                "subdir": "osx-64",
                "target-triplet": "x86_64-any-darwin"
            },
            "basename": "osx-64/r-rentrez-1.1.0-r3.3.2_0.tar.bz2",
            "dependencies": {
                "depends": [
                    {
                        "name": "r-base",
                        "specs": [
                            [
                                "==",
                                "3.3.2"
                            ]
                        ]
                    },
                    {
                        "name": "r-httr",
                        "specs": [
                            [
                                ">=",
                                "0.5"
                            ]
                        ]
                    },
                    {
                        "name": "r-jsonlite",
                        "specs": [
                            [
                                ">=",
                                "0.9"
                            ]
                        ]
                    },
                    {
                        "name": "r-xml",
                        "specs": []
                    }
                ]
            },
            "description": null,
            "distribution_type": "conda",
            "download_url": "//api.anaconda.org/download/bioconda/r-rentrez/1.1.0/osx-64/r-rentrez-1.1.0-r3.3.2_0.tar.bz2",
            "full_name": "bioconda/r-rentrez/1.1.0/osx-64/r-rentrez-1.1.0-r3.3.2_0.tar.bz2",
            "labels": [
                "main",
                "cf201901"
            ],
            "md5": "70df854455e20904c246db5ca1c13ac0",
            "ndownloads": 269,
            "owner": "bioconda",
            "size": 105194,
            "type": "conda",
            "upload_time": "2017-07-16 10:40:51.925000+00:00",
            "version": "1.1.0"
        },
        {
            "attrs": {
                "arch": "x86_64",
                "build": "r3.3.2_0",
                "build_number": 0,
                "depends": [
                    "r-base 3.3.2*",
                    "r-httr >=0.5",
                    "r-jsonlite >=0.9",
                    "r-xml"
                ],
                "has_prefix": false,
                "license": "MIT",
                "license_family": "MIT",
                "machine": "x86_64",
                "operatingsystem": "linux",
                "platform": "linux",
                "subdir": "linux-64",
                "target-triplet": "x86_64-any-linux"
            },
            "basename": "linux-64/r-rentrez-1.1.0-r3.3.2_0.tar.bz2",
            "dependencies": {
                "depends": [
                    {
                        "name": "r-base",
                        "specs": [
                            [
                                "==",
                                "3.3.2"
                            ]
                        ]
                    },
                    {
                        "name": "r-httr",
                        "specs": [
                            [
                                ">=",
                                "0.5"
                            ]
                        ]
                    },
                    {
                        "name": "r-jsonlite",
                        "specs": [
                            [
                                ">=",
                                "0.9"
                            ]
                        ]
                    },
                    {
                        "name": "r-xml",
                        "specs": []
                    }
                ]
            },
            "description": null,
            "distribution_type": "conda",
            "download_url": "//api.anaconda.org/download/bioconda/r-rentrez/1.1.0/linux-64/r-rentrez-1.1.0-r3.3.2_0.tar.bz2",
            "full_name": "bioconda/r-rentrez/1.1.0/linux-64/r-rentrez-1.1.0-r3.3.2_0.tar.bz2",
            "labels": [
                "main",
                "cf201901"
            ],
            "md5": "f053d3f9b02a67a7b78964f37c081f80",
            "ndownloads": 399,
            "owner": "bioconda",
            "size": 105696,
            "type": "conda",
            "upload_time": "2017-07-16 10:43:11.566000+00:00",
            "version": "1.1.0"
        },
        {
            "attrs": {
                "arch": "x86_64",
                "build": "r3.4.1_0",
                "build_number": 0,
                "depends": [
                    "r-base 3.4.1*",
                    "r-httr >=0.5",
                    "r-jsonlite >=0.9",
                    "r-xml"
                ],
                "has_prefix": false,
                "license": "MIT",
                "license_family": "MIT",
                "machine": "x86_64",
                "operatingsystem": "darwin",
                "platform": "osx",
                "subdir": "osx-64",
                "target-triplet": "x86_64-any-darwin"
            },
            "basename": "osx-64/r-rentrez-1.1.0-r3.4.1_0.tar.bz2",
            "dependencies": {
                "depends": [
                    {
                        "name": "r-base",
                        "specs": [
                            [
                                "==",
                                "3.4.1"
                            ]
                        ]
                    },
                    {
                        "name": "r-httr",
                        "specs": [
                            [
                                ">=",
                                "0.5"
                            ]
                        ]
                    },
                    {
                        "name": "r-jsonlite",
                        "specs": [
                            [
                                ">=",
                                "0.9"
                            ]
                        ]
                    },
                    {
                        "name": "r-xml",
                        "specs": []
                    }
                ]
            },
            "description": null,
            "distribution_type": "conda",
            "download_url": "//api.anaconda.org/download/bioconda/r-rentrez/1.1.0/osx-64/r-rentrez-1.1.0-r3.4.1_0.tar.bz2",
            "full_name": "bioconda/r-rentrez/1.1.0/osx-64/r-rentrez-1.1.0-r3.4.1_0.tar.bz2",
            "labels": [
                "main",
                "cf201901"
            ],
            "md5": "d7fa632cd8df0775df77b9aff344f892",
            "ndownloads": 551,
            "owner": "bioconda",
            "size": 105327,
            "type": "conda",
            "upload_time": "2017-09-17 20:40:52.829000+00:00",
            "version": "1.1.0"
        }
    ],
    "full_name": "bioconda/r-rentrez",
    "home": "http://github.com/ropensci/rentrez",
    "html_url": "http://anaconda.org/bioconda/r-rentrez",
    "id": "596b42b3a1af1469b2fb551d",
    "latest_version": "1.1.0",
    "license": "MIT",
    "license_url": null,
    "modified_at": "2017-09-18 09:22:40.873000+00:00",
    "name": "r-rentrez",
    "owner": {
        "company": "",
        "created_at": "2015-09-11 22:59:20.880000+00:00",
        "description": "Bioconda is a distribution of bioinformatics software realized as a channel for the versatile Conda package manager.",
        "location": "",
        "login": "bioconda",
        "name": "bioconda",
        "url": "",
        "user_type": "org"
    },
    "package_types": [
        "conda"
    ],
    "public": true,
    "releases": [
        {
            "distributions": [],
            "full_name": "bioconda/r-rentrez/1.1.0",
            "version": "1.1.0"
        }
    ],
    "revision": 2,
    "source_git_tag": null,
    "source_git_url": null,
    "summary": "Provides an R interface to the NCBI's EUtils API allowing users to search databases\nlike GenBank and PubMed, process the results of those searches and pull data into\ntheir R sessions.\n",
    "upvoted": 0,
    "url": "http://api.anaconda.org/packages/bioconda/r-rentrez",
    "versions": [
        "1.1.0"
    ],
    "watchers": 1
}