{
    "app_entry": {},
    "app_summary": {},
    "app_type": {},
    "builds": [
        "r3.3.2_0"
    ],
    "conda_platforms": [
        "linux-64",
        "osx-64"
    ],
    "created_at": "2017-07-24 19:45:20.703000+00:00",
    "description": "",
    "dev_url": null,
    "doc_url": null,
    "files": [
        {
            "attrs": {
                "arch": "x86_64",
                "build": "r3.3.2_0",
                "build_number": 0,
                "depends": [
                    "r-base 3.3.2*"
                ],
                "has_prefix": true,
                "license": "file LICENSE (FOSS)",
                "license_family": "OTHER",
                "machine": "x86_64",
                "operatingsystem": "linux",
                "platform": "linux",
                "subdir": "linux-64",
                "target-triplet": "x86_64-any-linux"
            },
            "basename": "linux-64/r-rttf2pt1-1.3.4-r3.3.2_0.tar.bz2",
            "dependencies": {
                "depends": [
                    {
                        "name": "r-base",
                        "specs": [
                            [
                                "==",
                                "3.3.2"
                            ]
                        ]
                    }
                ]
            },
            "description": null,
            "distribution_type": "conda",
            "download_url": "//api.anaconda.org/download/bioconda/r-rttf2pt1/1.3.4/linux-64/r-rttf2pt1-1.3.4-r3.3.2_0.tar.bz2",
            "full_name": "bioconda/r-rttf2pt1/1.3.4/linux-64/r-rttf2pt1-1.3.4-r3.3.2_0.tar.bz2",
            "labels": [
                "main",
                "cf201901"
            ],
            "md5": "435007f9e3f351015ceec90c34333d9c",
            "ndownloads": 599,
            "owner": "bioconda",
            "size": 98089,
            "type": "conda",
            "upload_time": "2017-07-24 19:45:21.420000+00:00",
            "version": "1.3.4"
        },
        {
            "attrs": {
                "arch": "x86_64",
                "build": "r3.3.2_0",
                "build_number": 0,
                "depends": [
                    "r-base 3.3.2*"
                ],
                "has_prefix": false,
                "license": "file LICENSE (FOSS)",
                "license_family": "OTHER",
                "machine": "x86_64",
                "operatingsystem": "darwin",
                "platform": "osx",
                "subdir": "osx-64",
                "target-triplet": "x86_64-any-darwin"
            },
            "basename": "osx-64/r-rttf2pt1-1.3.4-r3.3.2_0.tar.bz2",
            "dependencies": {
                "depends": [
                    {
                        "name": "r-base",
                        "specs": [
                            [
                                "==",
                                "3.3.2"
                            ]
                        ]
                    }
                ]
            },
            "description": null,
            "distribution_type": "conda",
            "download_url": "//api.anaconda.org/download/bioconda/r-rttf2pt1/1.3.4/osx-64/r-rttf2pt1-1.3.4-r3.3.2_0.tar.bz2",
            "full_name": "bioconda/r-rttf2pt1/1.3.4/osx-64/r-rttf2pt1-1.3.4-r3.3.2_0.tar.bz2",
            "labels": [
                "main",
                "cf201901"
            ],
            "md5": "c5811acacebffc125ab4b68cfccb065e",
            "ndownloads": 747,
            "owner": "bioconda",
            "size": 103218,
            "type": "conda",
            "upload_time": "2017-07-24 20:26:33.857000+00:00",
            "version": "1.3.4"
        }
    ],
    "full_name": "bioconda/r-rttf2pt1",
    "home": "https://github.com/wch/Rttf2pt1",
    "html_url": "http://anaconda.org/bioconda/r-rttf2pt1",
    "id": "59764e5022583312d473bed8",
    "latest_version": "1.3.4",
    "license": "file LICENSE (FOSS)",
    "license_url": null,
    "modified_at": "2017-07-24 20:26:34.716000+00:00",
    "name": "r-rttf2pt1",
    "owner": {
        "company": "",
        "created_at": "2015-09-11 22:59:20.880000+00:00",
        "description": "Bioconda is a distribution of bioinformatics software realized as a channel for the versatile Conda package manager.",
        "location": "",
        "login": "bioconda",
        "name": "bioconda",
        "url": "",
        "user_type": "org"
    },
    "package_types": [
        "conda"
    ],
    "public": true,
    "releases": [
        {
            "distributions": [],
            "full_name": "bioconda/r-rttf2pt1/1.3.4",
            "version": "1.3.4"
        }
    ],
    "revision": 2,
    "source_git_tag": null,
    "source_git_url": null,
    "summary": "Contains the program 'ttf2pt1', for use with the 'extrafont' package. This product includes software developed by the 'TTF2PT1' Project and its contributors.",
    "upvoted": 0,
    "url": "http://api.anaconda.org/packages/bioconda/r-rttf2pt1",
    "versions": [
        "1.3.4"
    ],
    "watchers": 1
}