{
    "app_entry": {},
    "app_summary": {},
    "app_type": {},
    "builds": [
        "r351h46e59ec_1",
        "r351ha65eedd_1",
        "r351hc070d10_0"
    ],
    "conda_platforms": [
        "linux-64",
        "osx-64"
    ],
    "created_at": "2018-11-28 04:01:05.617000+00:00",
    "description": "",
    "dev_url": null,
    "doc_url": null,
    "files": [
        {
            "attrs": {
                "arch": "x86_64",
                "build": "r351hc070d10_0",
                "build_number": 0,
                "depends": [
                    "r-base >=3.5.1,<3.5.2.0a0",
                    "r-bbmle >=1.0.19",
                    "r-guilds",
                    "r-mass",
                    "r-poilog",
                    "r-vgam"
                ],
                "has_prefix": true,
                "license": "GPL-2",
                "license_family": "GPL2",
                "machine": "x86_64",
                "operatingsystem": "darwin",
                "platform": "osx",
                "subdir": "osx-64",
                "target-triplet": "x86_64-any-darwin",
                "timestamp": 1543377628747
            },
            "basename": "osx-64/r-sads-0.4.2-r351hc070d10_0.tar.bz2",
            "dependencies": {
                "depends": [
                    {
                        "name": "r-base",
                        "specs": [
                            [
                                ">=",
                                "3.5.1,<3.5.2.0a0"
                            ]
                        ]
                    },
                    {
                        "name": "r-bbmle",
                        "specs": [
                            [
                                ">=",
                                "1.0.19"
                            ]
                        ]
                    },
                    {
                        "name": "r-guilds",
                        "specs": []
                    },
                    {
                        "name": "r-mass",
                        "specs": []
                    },
                    {
                        "name": "r-poilog",
                        "specs": []
                    },
                    {
                        "name": "r-vgam",
                        "specs": []
                    }
                ]
            },
            "description": null,
            "distribution_type": "conda",
            "download_url": "//api.anaconda.org/download/bioconda/r-sads/0.4.2/osx-64/r-sads-0.4.2-r351hc070d10_0.tar.bz2",
            "full_name": "bioconda/r-sads/0.4.2/osx-64/r-sads-0.4.2-r351hc070d10_0.tar.bz2",
            "labels": [
                "main",
                "cf201901"
            ],
            "md5": "f5432c03ca0831b3d0c4109af3b3ce13",
            "ndownloads": 666,
            "owner": "bioconda",
            "size": 932862,
            "type": "conda",
            "upload_time": "2018-11-28 04:01:06.695000+00:00",
            "version": "0.4.2"
        },
        {
            "attrs": {
                "arch": "x86_64",
                "build": "r351hc070d10_0",
                "build_number": 0,
                "depends": [
                    "libgcc-ng >=4.9",
                    "r-base >=3.5.1,<3.5.2.0a0",
                    "r-bbmle >=1.0.19",
                    "r-guilds",
                    "r-mass",
                    "r-poilog",
                    "r-vgam"
                ],
                "has_prefix": false,
                "license": "GPL-2",
                "license_family": "GPL2",
                "machine": "x86_64",
                "operatingsystem": "linux",
                "platform": "linux",
                "subdir": "linux-64",
                "target-triplet": "x86_64-any-linux",
                "timestamp": 1543377804513
            },
            "basename": "linux-64/r-sads-0.4.2-r351hc070d10_0.tar.bz2",
            "dependencies": {
                "depends": [
                    {
                        "name": "libgcc-ng",
                        "specs": [
                            [
                                ">=",
                                "4.9"
                            ]
                        ]
                    },
                    {
                        "name": "r-base",
                        "specs": [
                            [
                                ">=",
                                "3.5.1,<3.5.2.0a0"
                            ]
                        ]
                    },
                    {
                        "name": "r-bbmle",
                        "specs": [
                            [
                                ">=",
                                "1.0.19"
                            ]
                        ]
                    },
                    {
                        "name": "r-guilds",
                        "specs": []
                    },
                    {
                        "name": "r-mass",
                        "specs": []
                    },
                    {
                        "name": "r-poilog",
                        "specs": []
                    },
                    {
                        "name": "r-vgam",
                        "specs": []
                    }
                ]
            },
            "description": null,
            "distribution_type": "conda",
            "download_url": "//api.anaconda.org/download/bioconda/r-sads/0.4.2/linux-64/r-sads-0.4.2-r351hc070d10_0.tar.bz2",
            "full_name": "bioconda/r-sads/0.4.2/linux-64/r-sads-0.4.2-r351hc070d10_0.tar.bz2",
            "labels": [
                "main",
                "cf201901"
            ],
            "md5": "e65cfe2010fd5ecc424b773fd74e8f81",
            "ndownloads": 182,
            "owner": "bioconda",
            "size": 935264,
            "type": "conda",
            "upload_time": "2018-11-28 04:06:02.853000+00:00",
            "version": "0.4.2"
        },
        {
            "attrs": {
                "arch": "x86_64",
                "build": "r351h46e59ec_1",
                "build_number": 1,
                "depends": [
                    "r-base >=3.5.1,<3.5.2.0a0",
                    "r-bbmle >=1.0.19",
                    "r-guilds",
                    "r-mass",
                    "r-poilog",
                    "r-vgam"
                ],
                "has_prefix": true,
                "license": "GPL-2",
                "license_family": "GPL2",
                "machine": "x86_64",
                "operatingsystem": "darwin",
                "platform": "osx",
                "subdir": "osx-64",
                "target-triplet": "x86_64-any-darwin",
                "timestamp": 1552162262510
            },
            "basename": "osx-64/r-sads-0.4.2-r351h46e59ec_1.tar.bz2",
            "dependencies": {
                "depends": [
                    {
                        "name": "r-base",
                        "specs": [
                            [
                                ">=",
                                "3.5.1,<3.5.2.0a0"
                            ]
                        ]
                    },
                    {
                        "name": "r-bbmle",
                        "specs": [
                            [
                                ">=",
                                "1.0.19"
                            ]
                        ]
                    },
                    {
                        "name": "r-guilds",
                        "specs": []
                    },
                    {
                        "name": "r-mass",
                        "specs": []
                    },
                    {
                        "name": "r-poilog",
                        "specs": []
                    },
                    {
                        "name": "r-vgam",
                        "specs": []
                    }
                ]
            },
            "description": null,
            "distribution_type": "conda",
            "download_url": "//api.anaconda.org/download/bioconda/r-sads/0.4.2/osx-64/r-sads-0.4.2-r351h46e59ec_1.tar.bz2",
            "full_name": "bioconda/r-sads/0.4.2/osx-64/r-sads-0.4.2-r351h46e59ec_1.tar.bz2",
            "labels": [
                "main"
            ],
            "md5": "863e2679766c3181537b123ed0c1e2f7",
            "ndownloads": 124,
            "owner": "bioconda",
            "size": 933459,
            "type": "conda",
            "upload_time": "2019-03-09 20:11:47.381000+00:00",
            "version": "0.4.2"
        },
        {
            "attrs": {
                "arch": "x86_64",
                "build": "r351ha65eedd_1",
                "build_number": 1,
                "depends": [
                    "libgcc-ng >=7.3.0",
                    "libgfortran-ng >=7,<8.0a0",
                    "r-base >=3.5.1,<3.5.2.0a0",
                    "r-bbmle >=1.0.19",
                    "r-guilds",
                    "r-mass",
                    "r-poilog",
                    "r-vgam"
                ],
                "has_prefix": false,
                "license": "GPL-2",
                "license_family": "GPL2",
                "machine": "x86_64",
                "operatingsystem": "linux",
                "platform": "linux",
                "subdir": "linux-64",
                "target-triplet": "x86_64-any-linux",
                "timestamp": 1553002182625
            },
            "basename": "linux-64/r-sads-0.4.2-r351ha65eedd_1.tar.bz2",
            "dependencies": {
                "depends": [
                    {
                        "name": "libgcc-ng",
                        "specs": [
                            [
                                ">=",
                                "7.3.0"
                            ]
                        ]
                    },
                    {
                        "name": "libgfortran-ng",
                        "specs": [
                            [
                                ">=",
                                "7,<8.0a0"
                            ]
                        ]
                    },
                    {
                        "name": "r-base",
                        "specs": [
                            [
                                ">=",
                                "3.5.1,<3.5.2.0a0"
                            ]
                        ]
                    },
                    {
                        "name": "r-bbmle",
                        "specs": [
                            [
                                ">=",
                                "1.0.19"
                            ]
                        ]
                    },
                    {
                        "name": "r-guilds",
                        "specs": []
                    },
                    {
                        "name": "r-mass",
                        "specs": []
                    },
                    {
                        "name": "r-poilog",
                        "specs": []
                    },
                    {
                        "name": "r-vgam",
                        "specs": []
                    }
                ]
            },
            "description": null,
            "distribution_type": "conda",
            "download_url": "//api.anaconda.org/download/bioconda/r-sads/0.4.2/linux-64/r-sads-0.4.2-r351ha65eedd_1.tar.bz2",
            "full_name": "bioconda/r-sads/0.4.2/linux-64/r-sads-0.4.2-r351ha65eedd_1.tar.bz2",
            "labels": [
                "main"
            ],
            "md5": "283a6b11611ad99ef1b1a4d41cb0a46e",
            "ndownloads": 89,
            "owner": "bioconda",
            "size": 935465,
            "type": "conda",
            "upload_time": "2019-03-19 13:34:02.061000+00:00",
            "version": "0.4.2"
        }
    ],
    "full_name": "bioconda/r-sads",
    "home": "http://piLaboratory.github.io/sads, https://github.com/piklprado/sads",
    "html_url": "http://anaconda.org/bioconda/r-sads",
    "id": "5bfe130175af9c13925a09ef",
    "latest_version": "0.4.2",
    "license": "GPL-2",
    "license_url": null,
    "modified_at": "2019-03-19 13:34:02.484000+00:00",
    "name": "r-sads",
    "owner": {
        "company": "",
        "created_at": "2015-09-11 22:59:20.880000+00:00",
        "description": "Bioconda is a distribution of bioinformatics software realized as a channel for the versatile Conda package manager.",
        "location": "",
        "login": "bioconda",
        "name": "bioconda",
        "url": "",
        "user_type": "org"
    },
    "package_types": [
        "conda"
    ],
    "public": true,
    "releases": [
        {
            "distributions": [],
            "full_name": "bioconda/r-sads/0.4.2",
            "version": "0.4.2"
        }
    ],
    "revision": 2,
    "source_git_tag": null,
    "source_git_url": null,
    "summary": "Maximum likelihood tools to fit and compare models of species abundance distributions and of species rank-abundance distributions.",
    "upvoted": 0,
    "url": "http://api.anaconda.org/packages/bioconda/r-sads",
    "versions": [
        "0.4.2"
    ],
    "watchers": 1
}