{
    "app_entry": {},
    "app_summary": {},
    "app_type": {},
    "builds": [
        "r3.3.1_0",
        "r3.3.2_0"
    ],
    "conda_platforms": [
        "linux-64",
        "osx-64"
    ],
    "created_at": "2017-02-03 04:00:53.561000+00:00",
    "description": "None",
    "dev_url": {},
    "doc_url": {},
    "files": [
        {
            "attrs": {
                "arch": "x86_64",
                "build": "r3.3.2_0",
                "build_number": 0,
                "depends": [
                    "r-base 3.3.2*",
                    "r-data.table >=1.9.4"
                ],
                "has_prefix": false,
                "license": "GPL-3",
                "license_family": "GPL3",
                "machine": "x86_64",
                "operatingsystem": "darwin",
                "platform": "osx",
                "subdir": "osx-64",
                "target-triplet": "x86_64-any-darwin"
            },
            "basename": "osx-64/r-splitstackshape-1.4.2-r3.3.2_0.tar.bz2",
            "dependencies": {
                "depends": [
                    {
                        "name": "r-base",
                        "specs": [
                            [
                                "==",
                                "3.3.2"
                            ]
                        ]
                    },
                    {
                        "name": "r-data.table",
                        "specs": [
                            [
                                ">=",
                                "1.9.4"
                            ]
                        ]
                    }
                ]
            },
            "description": null,
            "distribution_type": "conda",
            "download_url": "//api.anaconda.org/download/bioconda/r-splitstackshape/1.4.2/osx-64/r-splitstackshape-1.4.2-r3.3.2_0.tar.bz2",
            "full_name": "bioconda/r-splitstackshape/1.4.2/osx-64/r-splitstackshape-1.4.2-r3.3.2_0.tar.bz2",
            "labels": [
                "main",
                "cf201901"
            ],
            "md5": "9f17c25606808d9311bbf7d979ed80d7",
            "ndownloads": 534,
            "owner": "bioconda",
            "size": 98719,
            "type": "conda",
            "upload_time": "2017-06-04 00:46:18.262000+00:00",
            "version": "1.4.2"
        },
        {
            "attrs": {
                "arch": "x86_64",
                "build": "r3.3.1_0",
                "build_number": 0,
                "depends": [
                    "r-base 3.3.1*",
                    "r-data.table >=1.9.4"
                ],
                "has_prefix": false,
                "license": "GPL-3",
                "license_family": "GPL3",
                "machine": "x86_64",
                "operatingsystem": "darwin",
                "platform": "osx",
                "subdir": "osx-64",
                "target-triplet": "x86_64-any-darwin"
            },
            "basename": "osx-64/r-splitstackshape-1.4.2-r3.3.1_0.tar.bz2",
            "dependencies": {
                "depends": [
                    {
                        "name": "r-base",
                        "specs": [
                            [
                                "==",
                                "3.3.1"
                            ]
                        ]
                    },
                    {
                        "name": "r-data.table",
                        "specs": [
                            [
                                ">=",
                                "1.9.4"
                            ]
                        ]
                    }
                ]
            },
            "description": null,
            "distribution_type": "conda",
            "download_url": "//api.anaconda.org/download/bioconda/r-splitstackshape/1.4.2/osx-64/r-splitstackshape-1.4.2-r3.3.1_0.tar.bz2",
            "full_name": "bioconda/r-splitstackshape/1.4.2/osx-64/r-splitstackshape-1.4.2-r3.3.1_0.tar.bz2",
            "labels": [
                "main",
                "cf201901"
            ],
            "md5": "a311182fd500023e159b738f1de3537a",
            "ndownloads": 259,
            "owner": "bioconda",
            "size": 96655,
            "type": "conda",
            "upload_time": "2017-02-03 04:59:01.622000+00:00",
            "version": "1.4.2"
        },
        {
            "attrs": {
                "arch": "x86_64",
                "build": "r3.3.2_0",
                "build_number": 0,
                "depends": [
                    "r-base 3.3.2*",
                    "r-data.table >=1.9.4"
                ],
                "has_prefix": false,
                "license": "GPL-3",
                "license_family": "GPL3",
                "machine": "x86_64",
                "operatingsystem": "linux",
                "platform": "linux",
                "subdir": "linux-64",
                "target-triplet": "x86_64-any-linux"
            },
            "basename": "linux-64/r-splitstackshape-1.4.2-r3.3.2_0.tar.bz2",
            "dependencies": {
                "depends": [
                    {
                        "name": "r-base",
                        "specs": [
                            [
                                "==",
                                "3.3.2"
                            ]
                        ]
                    },
                    {
                        "name": "r-data.table",
                        "specs": [
                            [
                                ">=",
                                "1.9.4"
                            ]
                        ]
                    }
                ]
            },
            "description": null,
            "distribution_type": "conda",
            "download_url": "//api.anaconda.org/download/bioconda/r-splitstackshape/1.4.2/linux-64/r-splitstackshape-1.4.2-r3.3.2_0.tar.bz2",
            "full_name": "bioconda/r-splitstackshape/1.4.2/linux-64/r-splitstackshape-1.4.2-r3.3.2_0.tar.bz2",
            "labels": [
                "main",
                "cf201901"
            ],
            "md5": "942065007e1b092ce1a461fff2ebc1cb",
            "ndownloads": 656,
            "owner": "bioconda",
            "size": 99392,
            "type": "conda",
            "upload_time": "2017-06-04 08:48:51.559000+00:00",
            "version": "1.4.2"
        },
        {
            "attrs": {
                "arch": "x86_64",
                "build": "r3.3.1_0",
                "build_number": 0,
                "depends": [
                    "r-base 3.3.1*",
                    "r-data.table >=1.9.4"
                ],
                "has_prefix": false,
                "license": "GPL-3",
                "license_family": "GPL3",
                "machine": "x86_64",
                "operatingsystem": "linux",
                "platform": "linux",
                "subdir": "linux-64",
                "target-triplet": "x86_64-any-linux"
            },
            "basename": "linux-64/r-splitstackshape-1.4.2-r3.3.1_0.tar.bz2",
            "dependencies": {
                "depends": [
                    {
                        "name": "r-base",
                        "specs": [
                            [
                                "==",
                                "3.3.1"
                            ]
                        ]
                    },
                    {
                        "name": "r-data.table",
                        "specs": [
                            [
                                ">=",
                                "1.9.4"
                            ]
                        ]
                    }
                ]
            },
            "description": null,
            "distribution_type": "conda",
            "download_url": "//api.anaconda.org/download/bioconda/r-splitstackshape/1.4.2/linux-64/r-splitstackshape-1.4.2-r3.3.1_0.tar.bz2",
            "full_name": "bioconda/r-splitstackshape/1.4.2/linux-64/r-splitstackshape-1.4.2-r3.3.1_0.tar.bz2",
            "labels": [
                "main",
                "cf201901"
            ],
            "md5": "40c897572a4fd72df8b9d26145e17ea1",
            "ndownloads": 413,
            "owner": "bioconda",
            "size": 96950,
            "type": "conda",
            "upload_time": "2017-02-03 04:00:53.914000+00:00",
            "version": "1.4.2"
        }
    ],
    "full_name": "bioconda/r-splitstackshape",
    "home": "None",
    "html_url": "http://anaconda.org/bioconda/r-splitstackshape",
    "id": "589400758e911420a3e69e0d",
    "latest_version": "1.4.2",
    "license": {},
    "license_url": {},
    "modified_at": "2017-06-04 08:48:52.112000+00:00",
    "name": "r-splitstackshape",
    "owner": {
        "company": "",
        "created_at": "2015-09-11 22:59:20.880000+00:00",
        "description": "Bioconda is a distribution of bioinformatics software realized as a channel for the versatile Conda package manager.",
        "location": "",
        "login": "bioconda",
        "name": "bioconda",
        "url": "",
        "user_type": "org"
    },
    "package_types": [
        "conda"
    ],
    "public": true,
    "releases": [
        {
            "distributions": [],
            "full_name": "bioconda/r-splitstackshape/1.4.2",
            "version": "1.4.2"
        }
    ],
    "revision": 1,
    "source_git_tag": {},
    "source_git_url": {},
    "summary": "",
    "upvoted": 0,
    "url": "http://api.anaconda.org/packages/bioconda/r-splitstackshape",
    "versions": [
        "1.4.2"
    ],
    "watchers": 1
}