{
    "app_entry": {},
    "app_summary": {},
    "app_type": {},
    "builds": [
        "r3.3.1_0",
        "r3.3.2_0"
    ],
    "conda_platforms": [
        "linux-64",
        "osx-64"
    ],
    "created_at": "2016-11-25 15:28:02.991000+00:00",
    "description": "None",
    "dev_url": {},
    "doc_url": {},
    "files": [
        {
            "attrs": {
                "arch": "x86_64",
                "build": "r3.3.2_0",
                "build_number": 0,
                "depends": [
                    "r-base 3.3.2*"
                ],
                "has_prefix": false,
                "license": "GPL-2 (>= 2)",
                "machine": "x86_64",
                "operatingsystem": "linux",
                "platform": "linux",
                "subdir": "linux-64",
                "target-triplet": "x86_64-any-linux"
            },
            "basename": "linux-64/r-truncnorm-1.0_7-r3.3.2_0.tar.bz2",
            "dependencies": {
                "depends": [
                    {
                        "name": "r-base",
                        "specs": [
                            [
                                "==",
                                "3.3.2"
                            ]
                        ]
                    }
                ]
            },
            "description": null,
            "distribution_type": "conda",
            "download_url": "//api.anaconda.org/download/bioconda/r-truncnorm/1.0_7/linux-64/r-truncnorm-1.0_7-r3.3.2_0.tar.bz2",
            "full_name": "bioconda/r-truncnorm/1.0_7/linux-64/r-truncnorm-1.0_7-r3.3.2_0.tar.bz2",
            "labels": [
                "main",
                "cf201901"
            ],
            "md5": "7c20739c524fa765c8b23a80fde2037e",
            "ndownloads": 741,
            "owner": "bioconda",
            "size": 23566,
            "type": "conda",
            "upload_time": "2017-06-04 00:25:53.948000+00:00",
            "version": "1.0_7"
        },
        {
            "attrs": {
                "arch": "x86_64",
                "build": "r3.3.2_0",
                "build_number": 0,
                "depends": [
                    "r-base 3.3.2*"
                ],
                "has_prefix": false,
                "license": "GPL-2 (>= 2)",
                "machine": "x86_64",
                "operatingsystem": "darwin",
                "platform": "osx",
                "subdir": "osx-64",
                "target-triplet": "x86_64-any-darwin"
            },
            "basename": "osx-64/r-truncnorm-1.0_7-r3.3.2_0.tar.bz2",
            "dependencies": {
                "depends": [
                    {
                        "name": "r-base",
                        "specs": [
                            [
                                "==",
                                "3.3.2"
                            ]
                        ]
                    }
                ]
            },
            "description": null,
            "distribution_type": "conda",
            "download_url": "//api.anaconda.org/download/bioconda/r-truncnorm/1.0_7/osx-64/r-truncnorm-1.0_7-r3.3.2_0.tar.bz2",
            "full_name": "bioconda/r-truncnorm/1.0_7/osx-64/r-truncnorm-1.0_7-r3.3.2_0.tar.bz2",
            "labels": [
                "main",
                "cf201901"
            ],
            "md5": "6516320e306c4e2adbeadf306dc3b9c0",
            "ndownloads": 532,
            "owner": "bioconda",
            "size": 21839,
            "type": "conda",
            "upload_time": "2017-06-03 19:51:50.212000+00:00",
            "version": "1.0_7"
        },
        {
            "attrs": {
                "arch": "x86_64",
                "build": "r3.3.1_0",
                "build_number": 0,
                "depends": [
                    "r 3.3.1*"
                ],
                "has_prefix": false,
                "license": "GPL-2 (>= 2)",
                "machine": "x86_64",
                "operatingsystem": "darwin",
                "platform": "osx",
                "subdir": "osx-64",
                "target-triplet": "x86_64-any-darwin"
            },
            "basename": "osx-64/r-truncnorm-1.0_7-r3.3.1_0.tar.bz2",
            "dependencies": {
                "depends": [
                    {
                        "name": "r",
                        "specs": [
                            [
                                "==",
                                "3.3.1"
                            ]
                        ]
                    }
                ]
            },
            "description": null,
            "distribution_type": "conda",
            "download_url": "//api.anaconda.org/download/bioconda/r-truncnorm/1.0_7/osx-64/r-truncnorm-1.0_7-r3.3.1_0.tar.bz2",
            "full_name": "bioconda/r-truncnorm/1.0_7/osx-64/r-truncnorm-1.0_7-r3.3.1_0.tar.bz2",
            "labels": [
                "main",
                "cf201901"
            ],
            "md5": "c9c2984b5a3313766d6bcab51bbe0e97",
            "ndownloads": 268,
            "owner": "bioconda",
            "size": 20657,
            "type": "conda",
            "upload_time": "2016-11-25 15:28:03.404000+00:00",
            "version": "1.0_7"
        },
        {
            "attrs": {
                "arch": "x86_64",
                "build": "r3.3.1_0",
                "build_number": 0,
                "depends": [
                    "r 3.3.1*"
                ],
                "has_prefix": false,
                "license": "GPL-2 (>= 2)",
                "machine": "x86_64",
                "operatingsystem": "linux",
                "platform": "linux",
                "subdir": "linux-64",
                "target-triplet": "x86_64-any-linux"
            },
            "basename": "linux-64/r-truncnorm-1.0_7-r3.3.1_0.tar.bz2",
            "dependencies": {
                "depends": [
                    {
                        "name": "r",
                        "specs": [
                            [
                                "==",
                                "3.3.1"
                            ]
                        ]
                    }
                ]
            },
            "description": null,
            "distribution_type": "conda",
            "download_url": "//api.anaconda.org/download/bioconda/r-truncnorm/1.0_7/linux-64/r-truncnorm-1.0_7-r3.3.1_0.tar.bz2",
            "full_name": "bioconda/r-truncnorm/1.0_7/linux-64/r-truncnorm-1.0_7-r3.3.1_0.tar.bz2",
            "labels": [
                "main",
                "cf201901"
            ],
            "md5": "a60f7b16d555d2cd7155933b9849e494",
            "ndownloads": 452,
            "owner": "bioconda",
            "size": 21893,
            "type": "conda",
            "upload_time": "2016-11-25 15:42:37.529000+00:00",
            "version": "1.0_7"
        }
    ],
    "full_name": "bioconda/r-truncnorm",
    "home": "None",
    "html_url": "http://anaconda.org/bioconda/r-truncnorm",
    "id": "58385882fe594310fd392953",
    "latest_version": "1.0_7",
    "license": {},
    "license_url": {},
    "modified_at": "2017-06-04 00:25:54.605000+00:00",
    "name": "r-truncnorm",
    "owner": {
        "company": "",
        "created_at": "2015-09-11 22:59:20.880000+00:00",
        "description": "Bioconda is a distribution of bioinformatics software realized as a channel for the versatile Conda package manager.",
        "location": "",
        "login": "bioconda",
        "name": "bioconda",
        "url": "",
        "user_type": "org"
    },
    "package_types": [
        "conda"
    ],
    "public": true,
    "releases": [
        {
            "distributions": [],
            "full_name": "bioconda/r-truncnorm/1.0_7",
            "version": "1.0_7"
        }
    ],
    "revision": 1,
    "source_git_tag": {},
    "source_git_url": {},
    "summary": "",
    "upvoted": 0,
    "url": "http://api.anaconda.org/packages/bioconda/r-truncnorm",
    "versions": [
        "1.0_7"
    ],
    "watchers": 1
}