{
    "app_entry": {},
    "app_summary": {},
    "app_type": {},
    "builds": [
        "r3.3.1_0",
        "r3.2.2_0",
        "r3.3.2_0",
        "r351_0",
        "r351_1",
        "r3.4.1_0"
    ],
    "conda_platforms": [
        "linux-64",
        "noarch",
        "osx-64"
    ],
    "created_at": "2015-12-18 23:21:51.963000+00:00",
    "description": "",
    "dev_url": null,
    "doc_url": null,
    "files": [
        {
            "attrs": {
                "arch": "x86_64",
                "build": "r3.3.1_0",
                "build_number": 0,
                "depends": [
                    "bioconductor-rhdf5",
                    "r 3.3.1*",
                    "r-data.table",
                    "r-rjson"
                ],
                "license": "BSD-3-clause",
                "machine": "x86_64",
                "operatingsystem": "linux",
                "platform": "linux",
                "subdir": "linux-64",
                "target-triplet": "x86_64-any-linux"
            },
            "basename": "linux-64/r-wasabi-0.0.1-r3.3.1_0.tar.bz2",
            "dependencies": {
                "depends": [
                    {
                        "name": "bioconductor-rhdf5",
                        "specs": []
                    },
                    {
                        "name": "r",
                        "specs": [
                            [
                                "==",
                                "3.3.1"
                            ]
                        ]
                    },
                    {
                        "name": "r-data.table",
                        "specs": []
                    },
                    {
                        "name": "r-rjson",
                        "specs": []
                    }
                ]
            },
            "description": null,
            "distribution_type": "conda",
            "download_url": "//api.anaconda.org/download/bioconda/r-wasabi/0.0.1/linux-64/r-wasabi-0.0.1-r3.3.1_0.tar.bz2",
            "full_name": "bioconda/r-wasabi/0.0.1/linux-64/r-wasabi-0.0.1-r3.3.1_0.tar.bz2",
            "labels": [
                "main",
                "cf201901"
            ],
            "md5": "9e70fc33ad4a6f203eba7a4e0e46c2c9",
            "ndownloads": 1211,
            "owner": "bioconda",
            "size": 14111,
            "type": "conda",
            "upload_time": "2016-10-08 20:22:40.950000+00:00",
            "version": "0.0.1"
        },
        {
            "attrs": {
                "arch": "x86_64",
                "build": "r3.2.2_0",
                "build_number": 0,
                "depends": [
                    "bioconductor-rhdf5",
                    "r 3.2.2*",
                    "r-data.table",
                    "r-rjson"
                ],
                "license": "BSD-3-clause",
                "machine": "x86_64",
                "operatingsystem": "linux",
                "platform": "linux",
                "subdir": "linux-64",
                "target-triplet": "x86_64-any-linux"
            },
            "basename": "linux-64/r-wasabi-0.0.1-r3.2.2_0.tar.bz2",
            "dependencies": {
                "depends": [
                    {
                        "name": "bioconductor-rhdf5",
                        "specs": []
                    },
                    {
                        "name": "r",
                        "specs": [
                            [
                                "==",
                                "3.2.2"
                            ]
                        ]
                    },
                    {
                        "name": "r-data.table",
                        "specs": []
                    },
                    {
                        "name": "r-rjson",
                        "specs": []
                    }
                ]
            },
            "description": null,
            "distribution_type": "conda",
            "download_url": "//api.anaconda.org/download/bioconda/r-wasabi/0.0.1/linux-64/r-wasabi-0.0.1-r3.2.2_0.tar.bz2",
            "full_name": "bioconda/r-wasabi/0.0.1/linux-64/r-wasabi-0.0.1-r3.2.2_0.tar.bz2",
            "labels": [
                "main",
                "cf201901"
            ],
            "md5": "8318091c4584873a2875fdffdecb1c92",
            "ndownloads": 3039,
            "owner": "bioconda",
            "size": 11159,
            "type": "conda",
            "upload_time": "2015-12-18 23:21:52.337000+00:00",
            "version": "0.0.1"
        },
        {
            "attrs": {
                "arch": "x86_64",
                "build": "r3.3.1_0",
                "build_number": 0,
                "depends": [
                    "bioconductor-rhdf5",
                    "r 3.3.1*",
                    "r-data.table",
                    "r-rjson"
                ],
                "has_prefix": false,
                "license": "BSD-3-clause",
                "machine": "x86_64",
                "operatingsystem": "linux",
                "platform": "linux",
                "subdir": "linux-64",
                "target-triplet": "x86_64-any-linux"
            },
            "basename": "linux-64/r-wasabi-0.1-r3.3.1_0.tar.bz2",
            "dependencies": {
                "depends": [
                    {
                        "name": "bioconductor-rhdf5",
                        "specs": []
                    },
                    {
                        "name": "r",
                        "specs": [
                            [
                                "==",
                                "3.3.1"
                            ]
                        ]
                    },
                    {
                        "name": "r-data.table",
                        "specs": []
                    },
                    {
                        "name": "r-rjson",
                        "specs": []
                    }
                ]
            },
            "description": null,
            "distribution_type": "conda",
            "download_url": "//api.anaconda.org/download/bioconda/r-wasabi/0.1/linux-64/r-wasabi-0.1-r3.3.1_0.tar.bz2",
            "full_name": "bioconda/r-wasabi/0.1/linux-64/r-wasabi-0.1-r3.3.1_0.tar.bz2",
            "labels": [
                "main",
                "cf201901"
            ],
            "md5": "88ec1fd02359280e4b7f85ad228337e7",
            "ndownloads": 1228,
            "owner": "bioconda",
            "size": 15160,
            "type": "conda",
            "upload_time": "2017-04-11 20:49:43.755000+00:00",
            "version": "0.1"
        },
        {
            "attrs": {
                "arch": "x86_64",
                "build": "r3.3.1_0",
                "build_number": 0,
                "depends": [
                    "bioconductor-rhdf5",
                    "r 3.3.1*",
                    "r-data.table",
                    "r-rjson"
                ],
                "has_prefix": false,
                "license": "BSD-3-clause",
                "machine": "x86_64",
                "operatingsystem": "linux",
                "platform": "linux",
                "subdir": "linux-64",
                "target-triplet": "x86_64-any-linux"
            },
            "basename": "linux-64/r-wasabi-0.2-r3.3.1_0.tar.bz2",
            "dependencies": {
                "depends": [
                    {
                        "name": "bioconductor-rhdf5",
                        "specs": []
                    },
                    {
                        "name": "r",
                        "specs": [
                            [
                                "==",
                                "3.3.1"
                            ]
                        ]
                    },
                    {
                        "name": "r-data.table",
                        "specs": []
                    },
                    {
                        "name": "r-rjson",
                        "specs": []
                    }
                ]
            },
            "description": null,
            "distribution_type": "conda",
            "download_url": "//api.anaconda.org/download/bioconda/r-wasabi/0.2/linux-64/r-wasabi-0.2-r3.3.1_0.tar.bz2",
            "full_name": "bioconda/r-wasabi/0.2/linux-64/r-wasabi-0.2-r3.3.1_0.tar.bz2",
            "labels": [
                "main",
                "cf201901"
            ],
            "md5": "5cce7206735b99666d923bba3a9b4bd2",
            "ndownloads": 755,
            "owner": "bioconda",
            "size": 15157,
            "type": "conda",
            "upload_time": "2017-04-20 01:26:13.448000+00:00",
            "version": "0.2"
        },
        {
            "attrs": {
                "arch": "x86_64",
                "build": "r3.3.2_0",
                "build_number": 0,
                "depends": [
                    "bioconductor-rhdf5",
                    "r-base 3.3.2*",
                    "r-data.table",
                    "r-rjson"
                ],
                "has_prefix": false,
                "license": "BSD-3-clause",
                "machine": "x86_64",
                "operatingsystem": "linux",
                "platform": "linux",
                "subdir": "linux-64",
                "target-triplet": "x86_64-any-linux"
            },
            "basename": "linux-64/r-wasabi-0.2-r3.3.2_0.tar.bz2",
            "dependencies": {
                "depends": [
                    {
                        "name": "bioconductor-rhdf5",
                        "specs": []
                    },
                    {
                        "name": "r-base",
                        "specs": [
                            [
                                "==",
                                "3.3.2"
                            ]
                        ]
                    },
                    {
                        "name": "r-data.table",
                        "specs": []
                    },
                    {
                        "name": "r-rjson",
                        "specs": []
                    }
                ]
            },
            "description": null,
            "distribution_type": "conda",
            "download_url": "//api.anaconda.org/download/bioconda/r-wasabi/0.2/linux-64/r-wasabi-0.2-r3.3.2_0.tar.bz2",
            "full_name": "bioconda/r-wasabi/0.2/linux-64/r-wasabi-0.2-r3.3.2_0.tar.bz2",
            "labels": [
                "main",
                "cf201901"
            ],
            "md5": "e4dce0527621a1505eca5f6001cb0734",
            "ndownloads": 880,
            "owner": "bioconda",
            "size": 16284,
            "type": "conda",
            "upload_time": "2017-06-04 14:22:23.853000+00:00",
            "version": "0.2"
        },
        {
            "attrs": {
                "arch": "x86_64",
                "build": "r3.4.1_0",
                "build_number": 0,
                "depends": [
                    "bioconductor-rhdf5",
                    "r-base 3.4.1*",
                    "r-data.table",
                    "r-rjson"
                ],
                "has_prefix": false,
                "license": "BSD-3-clause",
                "machine": "x86_64",
                "operatingsystem": "linux",
                "platform": "linux",
                "subdir": "linux-64",
                "target-triplet": "x86_64-any-linux"
            },
            "basename": "linux-64/r-wasabi-0.2-r3.4.1_0.tar.bz2",
            "dependencies": {
                "depends": [
                    {
                        "name": "bioconductor-rhdf5",
                        "specs": []
                    },
                    {
                        "name": "r-base",
                        "specs": [
                            [
                                "==",
                                "3.4.1"
                            ]
                        ]
                    },
                    {
                        "name": "r-data.table",
                        "specs": []
                    },
                    {
                        "name": "r-rjson",
                        "specs": []
                    }
                ]
            },
            "description": null,
            "distribution_type": "conda",
            "download_url": "//api.anaconda.org/download/bioconda/r-wasabi/0.2/linux-64/r-wasabi-0.2-r3.4.1_0.tar.bz2",
            "full_name": "bioconda/r-wasabi/0.2/linux-64/r-wasabi-0.2-r3.4.1_0.tar.bz2",
            "labels": [
                "main",
                "cf201901"
            ],
            "md5": "b3d7a45d6827c019c7da4c72aacb65f4",
            "ndownloads": 4772,
            "owner": "bioconda",
            "size": 17684,
            "type": "conda",
            "upload_time": "2017-09-18 13:35:18.243000+00:00",
            "version": "0.2"
        },
        {
            "attrs": {
                "arch": "x86_64",
                "build": "r351_0",
                "build_number": 0,
                "depends": [
                    "bioconductor-rhdf5",
                    "r-base >=3.5.1,<3.5.2.0a0",
                    "r-data.table",
                    "r-rjson"
                ],
                "has_prefix": false,
                "license": "BSD-3-clause",
                "machine": "x86_64",
                "operatingsystem": "darwin",
                "platform": "osx",
                "subdir": "osx-64",
                "target-triplet": "x86_64-any-darwin",
                "timestamp": 1550949404371
            },
            "basename": "osx-64/r-wasabi-1.0.0-r351_0.tar.bz2",
            "dependencies": {
                "depends": [
                    {
                        "name": "bioconductor-rhdf5",
                        "specs": []
                    },
                    {
                        "name": "r-base",
                        "specs": [
                            [
                                ">=",
                                "3.5.1,<3.5.2.0a0"
                            ]
                        ]
                    },
                    {
                        "name": "r-data.table",
                        "specs": []
                    },
                    {
                        "name": "r-rjson",
                        "specs": []
                    }
                ]
            },
            "description": null,
            "distribution_type": "conda",
            "download_url": "//api.anaconda.org/download/bioconda/r-wasabi/1.0.0/osx-64/r-wasabi-1.0.0-r351_0.tar.bz2",
            "full_name": "bioconda/r-wasabi/1.0.0/osx-64/r-wasabi-1.0.0-r351_0.tar.bz2",
            "labels": [
                "main"
            ],
            "md5": "7bdf82e887e6819157bc39ef0b6f058a",
            "ndownloads": 49,
            "owner": "bioconda",
            "size": 31568,
            "type": "conda",
            "upload_time": "2019-02-23 19:17:23.008000+00:00",
            "version": "1.0.0"
        },
        {
            "attrs": {
                "arch": "x86_64",
                "build": "r351_0",
                "build_number": 0,
                "depends": [
                    "bioconductor-rhdf5",
                    "r-base >=3.5.1,<3.5.2.0a0",
                    "r-data.table",
                    "r-rjson"
                ],
                "has_prefix": false,
                "license": "BSD-3-clause",
                "machine": "x86_64",
                "operatingsystem": "linux",
                "platform": "linux",
                "subdir": "linux-64",
                "target-triplet": "x86_64-any-linux",
                "timestamp": 1550949633988
            },
            "basename": "linux-64/r-wasabi-1.0.0-r351_0.tar.bz2",
            "dependencies": {
                "depends": [
                    {
                        "name": "bioconductor-rhdf5",
                        "specs": []
                    },
                    {
                        "name": "r-base",
                        "specs": [
                            [
                                ">=",
                                "3.5.1,<3.5.2.0a0"
                            ]
                        ]
                    },
                    {
                        "name": "r-data.table",
                        "specs": []
                    },
                    {
                        "name": "r-rjson",
                        "specs": []
                    }
                ]
            },
            "description": null,
            "distribution_type": "conda",
            "download_url": "//api.anaconda.org/download/bioconda/r-wasabi/1.0.0/linux-64/r-wasabi-1.0.0-r351_0.tar.bz2",
            "full_name": "bioconda/r-wasabi/1.0.0/linux-64/r-wasabi-1.0.0-r351_0.tar.bz2",
            "labels": [
                "main"
            ],
            "md5": "0ae610d9a55b49d50c919f541adac744",
            "ndownloads": 192,
            "owner": "bioconda",
            "size": 31845,
            "type": "conda",
            "upload_time": "2019-02-23 19:24:19.416000+00:00",
            "version": "1.0.0"
        },
        {
            "attrs": {
                "arch": "x86_64",
                "build": "r351_0",
                "build_number": 0,
                "depends": [
                    "bioconductor-rhdf5",
                    "r-base >=3.5.1,<3.5.2.0a0",
                    "r-data.table",
                    "r-rjson"
                ],
                "has_prefix": false,
                "license": "BSD-3-clause",
                "machine": "x86_64",
                "operatingsystem": "darwin",
                "platform": "osx",
                "subdir": "osx-64",
                "target-triplet": "x86_64-any-darwin",
                "timestamp": 1550873034414
            },
            "basename": "osx-64/r-wasabi-0.3-r351_0.tar.bz2",
            "dependencies": {
                "depends": [
                    {
                        "name": "bioconductor-rhdf5",
                        "specs": []
                    },
                    {
                        "name": "r-base",
                        "specs": [
                            [
                                ">=",
                                "3.5.1,<3.5.2.0a0"
                            ]
                        ]
                    },
                    {
                        "name": "r-data.table",
                        "specs": []
                    },
                    {
                        "name": "r-rjson",
                        "specs": []
                    }
                ]
            },
            "description": null,
            "distribution_type": "conda",
            "download_url": "//api.anaconda.org/download/bioconda/r-wasabi/0.3/osx-64/r-wasabi-0.3-r351_0.tar.bz2",
            "full_name": "bioconda/r-wasabi/0.3/osx-64/r-wasabi-0.3-r351_0.tar.bz2",
            "labels": [
                "main"
            ],
            "md5": "ca70a6db122dcd01054577a4b69e16ef",
            "ndownloads": 632,
            "owner": "bioconda",
            "size": 31637,
            "type": "conda",
            "upload_time": "2019-02-22 22:04:44.816000+00:00",
            "version": "0.3"
        },
        {
            "attrs": {
                "arch": "x86_64",
                "build": "r351_0",
                "build_number": 0,
                "depends": [
                    "bioconductor-rhdf5",
                    "r-base >=3.5.1,<3.5.2.0a0",
                    "r-data.table",
                    "r-rjson"
                ],
                "has_prefix": false,
                "license": "BSD-3-clause",
                "machine": "x86_64",
                "operatingsystem": "linux",
                "platform": "linux",
                "subdir": "linux-64",
                "target-triplet": "x86_64-any-linux",
                "timestamp": 1550873894648
            },
            "basename": "linux-64/r-wasabi-0.3-r351_0.tar.bz2",
            "dependencies": {
                "depends": [
                    {
                        "name": "bioconductor-rhdf5",
                        "specs": []
                    },
                    {
                        "name": "r-base",
                        "specs": [
                            [
                                ">=",
                                "3.5.1,<3.5.2.0a0"
                            ]
                        ]
                    },
                    {
                        "name": "r-data.table",
                        "specs": []
                    },
                    {
                        "name": "r-rjson",
                        "specs": []
                    }
                ]
            },
            "description": null,
            "distribution_type": "conda",
            "download_url": "//api.anaconda.org/download/bioconda/r-wasabi/0.3/linux-64/r-wasabi-0.3-r351_0.tar.bz2",
            "full_name": "bioconda/r-wasabi/0.3/linux-64/r-wasabi-0.3-r351_0.tar.bz2",
            "labels": [
                "main"
            ],
            "md5": "6ea489ea9f6873f63bb35d539f091b05",
            "ndownloads": 79,
            "owner": "bioconda",
            "size": 31880,
            "type": "conda",
            "upload_time": "2019-02-22 22:20:57.976000+00:00",
            "version": "0.3"
        },
        {
            "attrs": {
                "arch": "x86_64",
                "build": "r351_1",
                "build_number": 1,
                "depends": [
                    "bioconductor-rhdf5",
                    "r-base >=3.5.1,<3.5.2.0a0",
                    "r-data.table",
                    "r-rjson"
                ],
                "has_prefix": false,
                "license": "BSD-3-clause",
                "machine": "x86_64",
                "operatingsystem": "darwin",
                "platform": "osx",
                "subdir": "osx-64",
                "target-triplet": "x86_64-any-darwin",
                "timestamp": 1552134879147
            },
            "basename": "osx-64/r-wasabi-1.0.0-r351_1.tar.bz2",
            "dependencies": {
                "depends": [
                    {
                        "name": "bioconductor-rhdf5",
                        "specs": []
                    },
                    {
                        "name": "r-base",
                        "specs": [
                            [
                                ">=",
                                "3.5.1,<3.5.2.0a0"
                            ]
                        ]
                    },
                    {
                        "name": "r-data.table",
                        "specs": []
                    },
                    {
                        "name": "r-rjson",
                        "specs": []
                    }
                ]
            },
            "description": null,
            "distribution_type": "conda",
            "download_url": "//api.anaconda.org/download/bioconda/r-wasabi/1.0.0/osx-64/r-wasabi-1.0.0-r351_1.tar.bz2",
            "full_name": "bioconda/r-wasabi/1.0.0/osx-64/r-wasabi-1.0.0-r351_1.tar.bz2",
            "labels": [
                "main"
            ],
            "md5": "0839f05d656cf630b36f5caa404d48d9",
            "ndownloads": 634,
            "owner": "bioconda",
            "size": 31619,
            "type": "conda",
            "upload_time": "2019-03-09 12:35:20.720000+00:00",
            "version": "1.0.0"
        },
        {
            "attrs": {
                "arch": "x86_64",
                "build": "r351_1",
                "build_number": 1,
                "depends": [
                    "bioconductor-rhdf5",
                    "r-base >=3.5.1,<3.5.2.0a0",
                    "r-data.table",
                    "r-rjson"
                ],
                "has_prefix": false,
                "license": "BSD-3-clause",
                "machine": "x86_64",
                "operatingsystem": "linux",
                "platform": "linux",
                "subdir": "linux-64",
                "target-triplet": "x86_64-any-linux",
                "timestamp": 1552176832510
            },
            "basename": "linux-64/r-wasabi-1.0.0-r351_1.tar.bz2",
            "dependencies": {
                "depends": [
                    {
                        "name": "bioconductor-rhdf5",
                        "specs": []
                    },
                    {
                        "name": "r-base",
                        "specs": [
                            [
                                ">=",
                                "3.5.1,<3.5.2.0a0"
                            ]
                        ]
                    },
                    {
                        "name": "r-data.table",
                        "specs": []
                    },
                    {
                        "name": "r-rjson",
                        "specs": []
                    }
                ]
            },
            "description": null,
            "distribution_type": "conda",
            "download_url": "//api.anaconda.org/download/bioconda/r-wasabi/1.0.0/linux-64/r-wasabi-1.0.0-r351_1.tar.bz2",
            "full_name": "bioconda/r-wasabi/1.0.0/linux-64/r-wasabi-1.0.0-r351_1.tar.bz2",
            "labels": [
                "main"
            ],
            "md5": "8dcdd1a5d95b9282dc1b814ee08c3bc8",
            "ndownloads": 753,
            "owner": "bioconda",
            "size": 31916,
            "type": "conda",
            "upload_time": "2019-03-10 00:16:38.123000+00:00",
            "version": "1.0.0"
        },
        {
            "attrs": {
                "arch": null,
                "build": "r351_0",
                "build_number": 0,
                "depends": [
                    "bioconductor-rhdf5",
                    "r-base >=3.5.1,<3.5.2.0a0",
                    "r-data.table",
                    "r-rjson"
                ],
                "has_prefix": false,
                "license": "BSD-3-clause",
                "machine": null,
                "noarch": "generic",
                "operatingsystem": null,
                "platform": null,
                "subdir": "noarch",
                "target-triplet": "None-any-None",
                "timestamp": 1559836858957
            },
            "basename": "noarch/r-wasabi-1.0.1-r351_0.tar.bz2",
            "dependencies": {
                "depends": [
                    {
                        "name": "bioconductor-rhdf5",
                        "specs": []
                    },
                    {
                        "name": "r-base",
                        "specs": [
                            [
                                ">=",
                                "3.5.1,<3.5.2.0a0"
                            ]
                        ]
                    },
                    {
                        "name": "r-data.table",
                        "specs": []
                    },
                    {
                        "name": "r-rjson",
                        "specs": []
                    }
                ]
            },
            "description": null,
            "distribution_type": "conda",
            "download_url": "//api.anaconda.org/download/bioconda/r-wasabi/1.0.1/noarch/r-wasabi-1.0.1-r351_0.tar.bz2",
            "full_name": "bioconda/r-wasabi/1.0.1/noarch/r-wasabi-1.0.1-r351_0.tar.bz2",
            "labels": [
                "main"
            ],
            "md5": "852d674ea29c6a8f89c9ffa7ebb21d28",
            "ndownloads": 736,
            "owner": "bioconda",
            "size": 32200,
            "type": "conda",
            "upload_time": "2019-06-06 19:11:15.987000+00:00",
            "version": "1.0.1"
        }
    ],
    "full_name": "bioconda/r-wasabi",
    "home": "None",
    "html_url": "http://anaconda.org/bioconda/r-wasabi",
    "id": "5674950f0b7a8161503352c3",
    "latest_version": "1.0.1",
    "license": "BSD-3-clause",
    "license_url": null,
    "modified_at": "2019-06-06 19:11:16.294000+00:00",
    "name": "r-wasabi",
    "owner": {
        "company": "",
        "created_at": "2015-09-11 22:59:20.880000+00:00",
        "description": "Bioconda is a distribution of bioinformatics software realized as a channel for the versatile Conda package manager.",
        "location": "",
        "login": "bioconda",
        "name": "bioconda",
        "url": "",
        "user_type": "org"
    },
    "package_types": [
        "conda"
    ],
    "public": true,
    "releases": [
        {
            "distributions": [
                "linux-64/r-wasabi-0.0.1-r3.2.2_0.tar.bz2"
            ],
            "full_name": "bioconda/r-wasabi/0.0.1",
            "version": "0.0.1"
        },
        {
            "distributions": [],
            "full_name": "bioconda/r-wasabi/0.1",
            "version": "0.1"
        },
        {
            "distributions": [],
            "full_name": "bioconda/r-wasabi/0.2",
            "version": "0.2"
        },
        {
            "distributions": [],
            "full_name": "bioconda/r-wasabi/0.3",
            "version": "0.3"
        },
        {
            "distributions": [],
            "full_name": "bioconda/r-wasabi/1.0.0",
            "version": "1.0.0"
        },
        {
            "distributions": [],
            "full_name": "bioconda/r-wasabi/1.0.1",
            "version": "1.0.1"
        }
    ],
    "revision": 12,
    "source_git_tag": null,
    "source_git_url": null,
    "summary": "Prepare Sailfish and Salmon output for downstream analysis",
    "upvoted": 0,
    "url": "http://api.anaconda.org/packages/bioconda/r-wasabi",
    "versions": [
        "0.0.1",
        "0.1",
        "0.2",
        "0.3",
        "1.0.0",
        "1.0.1"
    ],
    "watchers": 1
}