{
    "app_entry": {},
    "app_summary": {},
    "app_type": {},
    "builds": [
        "py_0"
    ],
    "conda_platforms": [
        "noarch"
    ],
    "created_at": "2019-10-23 11:45:41.070000+00:00",
    "description": "",
    "dev_url": null,
    "doc_url": null,
    "files": [
        {
            "attrs": {
                "arch": null,
                "build": "py_0",
                "build_number": 0,
                "depends": [
                    "biopython >=1.68",
                    "matplotlib >3.0",
                    "numpy >1.15",
                    "openpyxl >0.9.0",
                    "pandas >=0.23.2",
                    "python >=3",
                    "xlrd >=0.9.0"
                ],
                "has_prefix": false,
                "license": "GPLv3",
                "machine": null,
                "noarch": "python",
                "operatingsystem": null,
                "platform": null,
                "subdir": "noarch",
                "target-triplet": "None-any-None",
                "timestamp": 1571830750070
            },
            "basename": "noarch/recentrifuge-0.28.13-py_0.tar.bz2",
            "dependencies": {
                "depends": [
                    {
                        "name": "biopython",
                        "specs": [
                            [
                                ">=",
                                "1.68"
                            ]
                        ]
                    },
                    {
                        "name": "matplotlib",
                        "specs": [
                            [
                                ">",
                                "3.0"
                            ]
                        ]
                    },
                    {
                        "name": "numpy",
                        "specs": [
                            [
                                ">",
                                "1.15"
                            ]
                        ]
                    },
                    {
                        "name": "openpyxl",
                        "specs": [
                            [
                                ">",
                                "0.9.0"
                            ]
                        ]
                    },
                    {
                        "name": "pandas",
                        "specs": [
                            [
                                ">=",
                                "0.23.2"
                            ]
                        ]
                    },
                    {
                        "name": "python",
                        "specs": [
                            [
                                ">=",
                                "3"
                            ]
                        ]
                    },
                    {
                        "name": "xlrd",
                        "specs": [
                            [
                                ">=",
                                "0.9.0"
                            ]
                        ]
                    }
                ]
            },
            "description": null,
            "distribution_type": "conda",
            "download_url": "//api.anaconda.org/download/bioconda/recentrifuge/0.28.13/noarch/recentrifuge-0.28.13-py_0.tar.bz2",
            "full_name": "bioconda/recentrifuge/0.28.13/noarch/recentrifuge-0.28.13-py_0.tar.bz2",
            "labels": [
                "main"
            ],
            "md5": "2644984490714120f45019eb45a6d8e4",
            "ndownloads": 25,
            "owner": "bioconda",
            "size": 583872,
            "type": "conda",
            "upload_time": "2019-10-23 11:45:42.343000+00:00",
            "version": "0.28.13"
        },
        {
            "attrs": {
                "arch": null,
                "build": "py_0",
                "build_number": 0,
                "depends": [
                    "biopython >=1.68",
                    "matplotlib >3.0",
                    "numpy >1.15",
                    "openpyxl >0.9.0",
                    "pandas >=0.23.2",
                    "python >=3",
                    "xlrd >=0.9.0"
                ],
                "has_prefix": false,
                "license": "GPLv3",
                "machine": null,
                "noarch": "python",
                "operatingsystem": null,
                "platform": null,
                "subdir": "noarch",
                "target-triplet": "None-any-None",
                "timestamp": 1575518345944
            },
            "basename": "noarch/recentrifuge-0.28.14-py_0.tar.bz2",
            "dependencies": {
                "depends": [
                    {
                        "name": "biopython",
                        "specs": [
                            [
                                ">=",
                                "1.68"
                            ]
                        ]
                    },
                    {
                        "name": "matplotlib",
                        "specs": [
                            [
                                ">",
                                "3.0"
                            ]
                        ]
                    },
                    {
                        "name": "numpy",
                        "specs": [
                            [
                                ">",
                                "1.15"
                            ]
                        ]
                    },
                    {
                        "name": "openpyxl",
                        "specs": [
                            [
                                ">",
                                "0.9.0"
                            ]
                        ]
                    },
                    {
                        "name": "pandas",
                        "specs": [
                            [
                                ">=",
                                "0.23.2"
                            ]
                        ]
                    },
                    {
                        "name": "python",
                        "specs": [
                            [
                                ">=",
                                "3"
                            ]
                        ]
                    },
                    {
                        "name": "xlrd",
                        "specs": [
                            [
                                ">=",
                                "0.9.0"
                            ]
                        ]
                    }
                ]
            },
            "description": null,
            "distribution_type": "conda",
            "download_url": "//api.anaconda.org/download/bioconda/recentrifuge/0.28.14/noarch/recentrifuge-0.28.14-py_0.tar.bz2",
            "full_name": "bioconda/recentrifuge/0.28.14/noarch/recentrifuge-0.28.14-py_0.tar.bz2",
            "labels": [
                "main"
            ],
            "md5": "3d1b7bacef5b09c38160e24a210cf710",
            "ndownloads": 17,
            "owner": "bioconda",
            "size": 582584,
            "type": "conda",
            "upload_time": "2019-12-05 04:07:37.692000+00:00",
            "version": "0.28.14"
        }
    ],
    "full_name": "bioconda/recentrifuge",
    "home": "https://github.com/khyox/recentrifuge",
    "html_url": "http://anaconda.org/bioconda/recentrifuge",
    "id": "5db03d657870581d19377fd9",
    "latest_version": "0.28.14",
    "license": "GPLv3",
    "license_url": null,
    "modified_at": "2019-12-05 04:07:38.126000+00:00",
    "name": "recentrifuge",
    "owner": {
        "company": "",
        "created_at": "2015-09-11 22:59:20.880000+00:00",
        "description": "Bioconda is a distribution of bioinformatics software realized as a channel for the versatile Conda package manager.",
        "location": "",
        "login": "bioconda",
        "name": "bioconda",
        "url": "",
        "user_type": "org"
    },
    "package_types": [
        "conda"
    ],
    "public": true,
    "releases": [
        {
            "distributions": [],
            "full_name": "bioconda/recentrifuge/0.28.13",
            "version": "0.28.13"
        },
        {
            "distributions": [],
            "full_name": "bioconda/recentrifuge/0.28.14",
            "version": "0.28.14"
        }
    ],
    "revision": 4,
    "source_git_tag": null,
    "source_git_url": null,
    "summary": "Robust comparative analysis and contamination removal for metagenomics",
    "upvoted": 0,
    "url": "http://api.anaconda.org/packages/bioconda/recentrifuge",
    "versions": [
        "0.28.13",
        "0.28.14"
    ],
    "watchers": 1
}