{
    "app_entry": {},
    "app_summary": {},
    "app_type": {},
    "builds": [
        "0",
        "h2d50403_1",
        "hc9558a2_3",
        "h770b8ee_3",
        "h6bb024c_2"
    ],
    "conda_platforms": [
        "linux-64",
        "osx-64"
    ],
    "created_at": "2015-11-11 11:27:28.923000+00:00",
    "description": "None",
    "dev_url": {},
    "doc_url": {},
    "files": [
        {
            "attrs": {
                "arch": "x86_64",
                "build": "0",
                "build_number": 0,
                "depends": [],
                "license": "MIT",
                "machine": "x86_64",
                "operatingsystem": "linux",
                "platform": "linux",
                "subdir": "linux-64",
                "target-triplet": "x86_64-any-linux"
            },
            "basename": "linux-64/samblaster-0.1.22-0.tar.bz2",
            "dependencies": {
                "depends": []
            },
            "description": null,
            "distribution_type": "conda",
            "download_url": "//api.anaconda.org/download/bioconda/samblaster/0.1.22/linux-64/samblaster-0.1.22-0.tar.bz2",
            "full_name": "bioconda/samblaster/0.1.22/linux-64/samblaster-0.1.22-0.tar.bz2",
            "labels": [
                "main",
                "cf201901"
            ],
            "md5": "a1da49a444f44bc0f48db40002e920ae",
            "ndownloads": 3364,
            "owner": "bioconda",
            "size": 19217,
            "type": "conda",
            "upload_time": "2015-11-11 11:27:29.141000+00:00",
            "version": "0.1.22"
        },
        {
            "attrs": {
                "arch": "x86_64",
                "build": "0",
                "build_number": 0,
                "depends": [
                    "libgcc"
                ],
                "license": "MIT",
                "machine": "x86_64",
                "operatingsystem": "linux",
                "platform": "linux",
                "subdir": "linux-64",
                "target-triplet": "x86_64-any-linux"
            },
            "basename": "linux-64/samblaster-0.1.23-0.tar.bz2",
            "dependencies": {
                "depends": [
                    {
                        "name": "libgcc",
                        "specs": []
                    }
                ]
            },
            "description": null,
            "distribution_type": "conda",
            "download_url": "//api.anaconda.org/download/bioconda/samblaster/0.1.23/linux-64/samblaster-0.1.23-0.tar.bz2",
            "full_name": "bioconda/samblaster/0.1.23/linux-64/samblaster-0.1.23-0.tar.bz2",
            "labels": [
                "main",
                "cf201901"
            ],
            "md5": "0d73432d78dfb62d9aaacbad887800b9",
            "ndownloads": 1581,
            "owner": "bioconda",
            "size": 20034,
            "type": "conda",
            "upload_time": "2016-10-21 11:35:48.321000+00:00",
            "version": "0.1.23"
        },
        {
            "attrs": {
                "arch": "x86_64",
                "build": "0",
                "build_number": 0,
                "depends": [
                    "libgcc"
                ],
                "has_prefix": true,
                "license": "MIT",
                "machine": "x86_64",
                "operatingsystem": "linux",
                "platform": "linux",
                "subdir": "linux-64",
                "target-triplet": "x86_64-any-linux"
            },
            "basename": "linux-64/samblaster-0.1.24-0.tar.bz2",
            "dependencies": {
                "depends": [
                    {
                        "name": "libgcc",
                        "specs": []
                    }
                ]
            },
            "description": null,
            "distribution_type": "conda",
            "download_url": "//api.anaconda.org/download/bioconda/samblaster/0.1.24/linux-64/samblaster-0.1.24-0.tar.bz2",
            "full_name": "bioconda/samblaster/0.1.24/linux-64/samblaster-0.1.24-0.tar.bz2",
            "labels": [
                "main",
                "cf201901"
            ],
            "md5": "f0d5f1aacca29402ee2c76008df1e8b1",
            "ndownloads": 8958,
            "owner": "bioconda",
            "size": 20988,
            "type": "conda",
            "upload_time": "2016-12-03 05:29:04.311000+00:00",
            "version": "0.1.24"
        },
        {
            "attrs": {
                "arch": "x86_64",
                "build": "h2d50403_1",
                "build_number": 1,
                "depends": [
                    "libstdcxx-ng >=4.9"
                ],
                "has_prefix": false,
                "license": "MIT",
                "machine": "x86_64",
                "operatingsystem": "linux",
                "platform": "linux",
                "subdir": "linux-64",
                "target-triplet": "x86_64-any-linux",
                "timestamp": 1529780126390
            },
            "basename": "linux-64/samblaster-0.1.24-h2d50403_1.tar.bz2",
            "dependencies": {
                "depends": [
                    {
                        "name": "libstdcxx-ng",
                        "specs": [
                            [
                                ">=",
                                "4.9"
                            ]
                        ]
                    }
                ]
            },
            "description": null,
            "distribution_type": "conda",
            "download_url": "//api.anaconda.org/download/bioconda/samblaster/0.1.24/linux-64/samblaster-0.1.24-h2d50403_1.tar.bz2",
            "full_name": "bioconda/samblaster/0.1.24/linux-64/samblaster-0.1.24-h2d50403_1.tar.bz2",
            "labels": [
                "main",
                "cf201901"
            ],
            "md5": "f1d8c71de2908046bda52df7e1f9d2f8",
            "ndownloads": 10095,
            "owner": "bioconda",
            "size": 22465,
            "type": "conda",
            "upload_time": "2018-06-23 18:56:40.717000+00:00",
            "version": "0.1.24"
        },
        {
            "attrs": {
                "arch": "x86_64",
                "build": "h6bb024c_2",
                "build_number": 2,
                "depends": [
                    "libgcc-ng >=7.3.0",
                    "libstdcxx-ng >=7.3.0"
                ],
                "has_prefix": false,
                "license": "MIT",
                "machine": "x86_64",
                "operatingsystem": "linux",
                "platform": "linux",
                "subdir": "linux-64",
                "target-triplet": "x86_64-any-linux",
                "timestamp": 1555986201854
            },
            "basename": "linux-64/samblaster-0.1.24-h6bb024c_2.tar.bz2",
            "dependencies": {
                "depends": [
                    {
                        "name": "libgcc-ng",
                        "specs": [
                            [
                                ">=",
                                "7.3.0"
                            ]
                        ]
                    },
                    {
                        "name": "libstdcxx-ng",
                        "specs": [
                            [
                                ">=",
                                "7.3.0"
                            ]
                        ]
                    }
                ]
            },
            "description": null,
            "distribution_type": "conda",
            "download_url": "//api.anaconda.org/download/bioconda/samblaster/0.1.24/linux-64/samblaster-0.1.24-h6bb024c_2.tar.bz2",
            "full_name": "bioconda/samblaster/0.1.24/linux-64/samblaster-0.1.24-h6bb024c_2.tar.bz2",
            "labels": [
                "main"
            ],
            "md5": "58fca1e1e61be2f47024457848b73fb0",
            "ndownloads": 2621,
            "owner": "bioconda",
            "size": 23727,
            "type": "conda",
            "upload_time": "2019-04-23 02:25:07.773000+00:00",
            "version": "0.1.24"
        },
        {
            "attrs": {
                "arch": "x86_64",
                "build": "hc9558a2_3",
                "build_number": 3,
                "depends": [
                    "libgcc-ng >=7.3.0",
                    "libstdcxx-ng >=7.3.0"
                ],
                "has_prefix": false,
                "license": "MIT",
                "machine": "x86_64",
                "operatingsystem": "linux",
                "platform": "linux",
                "subdir": "linux-64",
                "target-triplet": "x86_64-any-linux",
                "timestamp": 1571842559882
            },
            "basename": "linux-64/samblaster-0.1.24-hc9558a2_3.tar.bz2",
            "dependencies": {
                "depends": [
                    {
                        "name": "libgcc-ng",
                        "specs": [
                            [
                                ">=",
                                "7.3.0"
                            ]
                        ]
                    },
                    {
                        "name": "libstdcxx-ng",
                        "specs": [
                            [
                                ">=",
                                "7.3.0"
                            ]
                        ]
                    }
                ]
            },
            "description": null,
            "distribution_type": "conda",
            "download_url": "//api.anaconda.org/download/bioconda/samblaster/0.1.24/linux-64/samblaster-0.1.24-hc9558a2_3.tar.bz2",
            "full_name": "bioconda/samblaster/0.1.24/linux-64/samblaster-0.1.24-hc9558a2_3.tar.bz2",
            "labels": [
                "main"
            ],
            "md5": "bdc3fc6996372ffb7c339c31de188e51",
            "ndownloads": 395,
            "owner": "bioconda",
            "size": 24318,
            "type": "conda",
            "upload_time": "2019-10-23 14:57:41.293000+00:00",
            "version": "0.1.24"
        },
        {
            "attrs": {
                "arch": "x86_64",
                "build": "h770b8ee_3",
                "build_number": 3,
                "depends": [
                    "libcxx >=4.0.1"
                ],
                "has_prefix": true,
                "license": "MIT",
                "machine": "x86_64",
                "operatingsystem": "darwin",
                "platform": "osx",
                "subdir": "osx-64",
                "target-triplet": "x86_64-any-darwin",
                "timestamp": 1571842696252
            },
            "basename": "osx-64/samblaster-0.1.24-h770b8ee_3.tar.bz2",
            "dependencies": {
                "depends": [
                    {
                        "name": "libcxx",
                        "specs": [
                            [
                                ">=",
                                "4.0.1"
                            ]
                        ]
                    }
                ]
            },
            "description": null,
            "distribution_type": "conda",
            "download_url": "//api.anaconda.org/download/bioconda/samblaster/0.1.24/osx-64/samblaster-0.1.24-h770b8ee_3.tar.bz2",
            "full_name": "bioconda/samblaster/0.1.24/osx-64/samblaster-0.1.24-h770b8ee_3.tar.bz2",
            "labels": [
                "main"
            ],
            "md5": "b31f31163ec7f3340712f805284ccde4",
            "ndownloads": 254,
            "owner": "bioconda",
            "size": 21514,
            "type": "conda",
            "upload_time": "2019-10-23 14:58:36.284000+00:00",
            "version": "0.1.24"
        }
    ],
    "full_name": "bioconda/samblaster",
    "home": "None",
    "html_url": "http://anaconda.org/bioconda/samblaster",
    "id": "564326207bb5bd601bca6c52",
    "latest_version": "0.1.24",
    "license": "MIT",
    "license_url": {},
    "modified_at": "2019-10-23 14:58:38.030000+00:00",
    "name": "samblaster",
    "owner": {
        "company": "",
        "created_at": "2015-09-11 22:59:20.880000+00:00",
        "description": "Bioconda is a distribution of bioinformatics software realized as a channel for the versatile Conda package manager.",
        "location": "",
        "login": "bioconda",
        "name": "bioconda",
        "url": "",
        "user_type": "org"
    },
    "package_types": [
        "conda"
    ],
    "public": true,
    "releases": [
        {
            "distributions": [
                "linux-64/samblaster-0.1.22-0.tar.bz2"
            ],
            "full_name": "bioconda/samblaster/0.1.22",
            "version": "0.1.22"
        },
        {
            "distributions": [],
            "full_name": "bioconda/samblaster/0.1.23",
            "version": "0.1.23"
        },
        {
            "distributions": [],
            "full_name": "bioconda/samblaster/0.1.24",
            "version": "0.1.24"
        }
    ],
    "revision": 4,
    "source_git_tag": {},
    "source_git_url": {},
    "summary": "A tool to mark duplicates and extract discordant and split reads from sam files.",
    "upvoted": 0,
    "url": "http://api.anaconda.org/packages/bioconda/samblaster",
    "versions": [
        "0.1.22",
        "0.1.23",
        "0.1.24"
    ],
    "watchers": 1
}