{
    "app_entry": {},
    "app_summary": {},
    "app_type": {},
    "builds": [
        "np111py27_0",
        "py27_0",
        "pyh24bf2e0_3",
        "pyh24bf2e0_2",
        "py27h24bf2e0_1",
        "py27h24bf2e0_4"
    ],
    "conda_platforms": [
        "linux-64",
        "noarch",
        "osx-64"
    ],
    "created_at": "2017-11-01 10:16:01.070000+00:00",
    "description": "SECIMTools project aims to develop a suite of tools for processing of metabolomics data, which can be run in a standalone mode or via Galaxy Genomics Framework.",
    "dev_url": null,
    "doc_url": null,
    "files": [
        {
            "attrs": {
                "arch": "x86_64",
                "build": "np111py27_0",
                "build_number": 0,
                "depends": [
                    "lxml >=3.3.3",
                    "matplotlib >=1.5.1,<2.0.0",
                    "matplotlib-venn >=0.11.1",
                    "mpld3 ==0.2",
                    "numpy ==1.11.0",
                    "palettable",
                    "pandas ==0.18.1",
                    "patsy >=0.4.0",
                    "pymc >=2.3.6",
                    "python 2.7*",
                    "rpy2 >=2.3.10",
                    "scikit-learn >=0.18",
                    "scipy >=0.15.1",
                    "seaborn ==0.7.0",
                    "statsmodels ==0.6.1",
                    "sympy ==0.7.4.1"
                ],
                "has_prefix": true,
                "license": "MIT License",
                "license_family": "MIT",
                "machine": "x86_64",
                "operatingsystem": "linux",
                "platform": "linux",
                "subdir": "linux-64",
                "target-triplet": "x86_64-any-linux"
            },
            "basename": "linux-64/secimtools-1.0.0-np111py27_0.tar.bz2",
            "dependencies": {
                "depends": [
                    {
                        "name": "lxml",
                        "specs": [
                            [
                                ">=",
                                "3.3.3"
                            ]
                        ]
                    },
                    {
                        "name": "matplotlib",
                        "specs": [
                            [
                                ">=",
                                "1.5.1,<2.0.0"
                            ]
                        ]
                    },
                    {
                        "name": "matplotlib-venn",
                        "specs": [
                            [
                                ">=",
                                "0.11.1"
                            ]
                        ]
                    },
                    {
                        "name": "mpld3",
                        "specs": [
                            [
                                "==",
                                "0.2"
                            ]
                        ]
                    },
                    {
                        "name": "numpy",
                        "specs": [
                            [
                                "==",
                                "1.11.0"
                            ]
                        ]
                    },
                    {
                        "name": "palettable",
                        "specs": []
                    },
                    {
                        "name": "pandas",
                        "specs": [
                            [
                                "==",
                                "0.18.1"
                            ]
                        ]
                    },
                    {
                        "name": "patsy",
                        "specs": [
                            [
                                ">=",
                                "0.4.0"
                            ]
                        ]
                    },
                    {
                        "name": "pymc",
                        "specs": [
                            [
                                ">=",
                                "2.3.6"
                            ]
                        ]
                    },
                    {
                        "name": "python",
                        "specs": [
                            [
                                "==",
                                "2.7"
                            ]
                        ]
                    },
                    {
                        "name": "rpy2",
                        "specs": [
                            [
                                ">=",
                                "2.3.10"
                            ]
                        ]
                    },
                    {
                        "name": "scikit-learn",
                        "specs": [
                            [
                                ">=",
                                "0.18"
                            ]
                        ]
                    },
                    {
                        "name": "scipy",
                        "specs": [
                            [
                                ">=",
                                "0.15.1"
                            ]
                        ]
                    },
                    {
                        "name": "seaborn",
                        "specs": [
                            [
                                "==",
                                "0.7.0"
                            ]
                        ]
                    },
                    {
                        "name": "statsmodels",
                        "specs": [
                            [
                                "==",
                                "0.6.1"
                            ]
                        ]
                    },
                    {
                        "name": "sympy",
                        "specs": [
                            [
                                "==",
                                "0.7.4.1"
                            ]
                        ]
                    }
                ]
            },
            "description": null,
            "distribution_type": "conda",
            "download_url": "//api.anaconda.org/download/bioconda/secimtools/1.0.0/linux-64/secimtools-1.0.0-np111py27_0.tar.bz2",
            "full_name": "bioconda/secimtools/1.0.0/linux-64/secimtools-1.0.0-np111py27_0.tar.bz2",
            "labels": [
                "main",
                "cf201901"
            ],
            "md5": "5e0091b11b52308c685de0cc3cf49e33",
            "ndownloads": 353,
            "owner": "bioconda",
            "size": 123035,
            "type": "conda",
            "upload_time": "2017-11-01 10:16:01.588000+00:00",
            "version": "1.0.0"
        },
        {
            "attrs": {
                "arch": "x86_64",
                "build": "np111py27_0",
                "build_number": 0,
                "depends": [
                    "lxml >=3.3.3",
                    "matplotlib >=1.5.1,<2.0.0",
                    "matplotlib-venn >=0.11.1",
                    "mpld3 ==0.2",
                    "numpy ==1.11.0",
                    "palettable",
                    "pandas ==0.18.1",
                    "patsy >=0.4.0",
                    "pymc >=2.3.6",
                    "python 2.7*",
                    "rpy2 >=2.3.10",
                    "scikit-learn >=0.18",
                    "scipy >=0.15.1",
                    "seaborn ==0.7.0",
                    "statsmodels ==0.6.1",
                    "sympy ==0.7.4.1"
                ],
                "has_prefix": true,
                "license": "MIT License",
                "license_family": "MIT",
                "machine": "x86_64",
                "operatingsystem": "darwin",
                "platform": "osx",
                "subdir": "osx-64",
                "target-triplet": "x86_64-any-darwin"
            },
            "basename": "osx-64/secimtools-1.0.0-np111py27_0.tar.bz2",
            "dependencies": {
                "depends": [
                    {
                        "name": "lxml",
                        "specs": [
                            [
                                ">=",
                                "3.3.3"
                            ]
                        ]
                    },
                    {
                        "name": "matplotlib",
                        "specs": [
                            [
                                ">=",
                                "1.5.1,<2.0.0"
                            ]
                        ]
                    },
                    {
                        "name": "matplotlib-venn",
                        "specs": [
                            [
                                ">=",
                                "0.11.1"
                            ]
                        ]
                    },
                    {
                        "name": "mpld3",
                        "specs": [
                            [
                                "==",
                                "0.2"
                            ]
                        ]
                    },
                    {
                        "name": "numpy",
                        "specs": [
                            [
                                "==",
                                "1.11.0"
                            ]
                        ]
                    },
                    {
                        "name": "palettable",
                        "specs": []
                    },
                    {
                        "name": "pandas",
                        "specs": [
                            [
                                "==",
                                "0.18.1"
                            ]
                        ]
                    },
                    {
                        "name": "patsy",
                        "specs": [
                            [
                                ">=",
                                "0.4.0"
                            ]
                        ]
                    },
                    {
                        "name": "pymc",
                        "specs": [
                            [
                                ">=",
                                "2.3.6"
                            ]
                        ]
                    },
                    {
                        "name": "python",
                        "specs": [
                            [
                                "==",
                                "2.7"
                            ]
                        ]
                    },
                    {
                        "name": "rpy2",
                        "specs": [
                            [
                                ">=",
                                "2.3.10"
                            ]
                        ]
                    },
                    {
                        "name": "scikit-learn",
                        "specs": [
                            [
                                ">=",
                                "0.18"
                            ]
                        ]
                    },
                    {
                        "name": "scipy",
                        "specs": [
                            [
                                ">=",
                                "0.15.1"
                            ]
                        ]
                    },
                    {
                        "name": "seaborn",
                        "specs": [
                            [
                                "==",
                                "0.7.0"
                            ]
                        ]
                    },
                    {
                        "name": "statsmodels",
                        "specs": [
                            [
                                "==",
                                "0.6.1"
                            ]
                        ]
                    },
                    {
                        "name": "sympy",
                        "specs": [
                            [
                                "==",
                                "0.7.4.1"
                            ]
                        ]
                    }
                ]
            },
            "description": null,
            "distribution_type": "conda",
            "download_url": "//api.anaconda.org/download/bioconda/secimtools/1.0.0/osx-64/secimtools-1.0.0-np111py27_0.tar.bz2",
            "full_name": "bioconda/secimtools/1.0.0/osx-64/secimtools-1.0.0-np111py27_0.tar.bz2",
            "labels": [
                "main",
                "cf201901"
            ],
            "md5": "861856a70abe04c352cd67fe484e2e96",
            "ndownloads": 187,
            "owner": "bioconda",
            "size": 122975,
            "type": "conda",
            "upload_time": "2017-11-01 10:37:03.445000+00:00",
            "version": "1.0.0"
        },
        {
            "attrs": {
                "arch": "x86_64",
                "build": "py27_0",
                "build_number": 0,
                "depends": [
                    "lxml >=3.3.3",
                    "matplotlib >=1.5.1,<2.0.0",
                    "matplotlib-venn >=0.11.1",
                    "numpy",
                    "palettable >=3.0.0",
                    "pandas ==0.18.1",
                    "patsy >=0.4.0",
                    "pymc >=2.3.6",
                    "python 2.7*",
                    "rpy2 >=2.3.10",
                    "scikit-learn >=0.18.1",
                    "scipy >=0.18.1",
                    "seaborn ==0.7.0",
                    "statsmodels ==0.6.1"
                ],
                "has_prefix": true,
                "license": "MIT License",
                "license_family": "MIT",
                "machine": "x86_64",
                "operatingsystem": "linux",
                "platform": "linux",
                "subdir": "linux-64",
                "target-triplet": "x86_64-any-linux"
            },
            "basename": "linux-64/secimtools-1.0.0-py27_0.tar.bz2",
            "dependencies": {
                "depends": [
                    {
                        "name": "lxml",
                        "specs": [
                            [
                                ">=",
                                "3.3.3"
                            ]
                        ]
                    },
                    {
                        "name": "matplotlib",
                        "specs": [
                            [
                                ">=",
                                "1.5.1,<2.0.0"
                            ]
                        ]
                    },
                    {
                        "name": "matplotlib-venn",
                        "specs": [
                            [
                                ">=",
                                "0.11.1"
                            ]
                        ]
                    },
                    {
                        "name": "numpy",
                        "specs": []
                    },
                    {
                        "name": "palettable",
                        "specs": [
                            [
                                ">=",
                                "3.0.0"
                            ]
                        ]
                    },
                    {
                        "name": "pandas",
                        "specs": [
                            [
                                "==",
                                "0.18.1"
                            ]
                        ]
                    },
                    {
                        "name": "patsy",
                        "specs": [
                            [
                                ">=",
                                "0.4.0"
                            ]
                        ]
                    },
                    {
                        "name": "pymc",
                        "specs": [
                            [
                                ">=",
                                "2.3.6"
                            ]
                        ]
                    },
                    {
                        "name": "python",
                        "specs": [
                            [
                                "==",
                                "2.7"
                            ]
                        ]
                    },
                    {
                        "name": "rpy2",
                        "specs": [
                            [
                                ">=",
                                "2.3.10"
                            ]
                        ]
                    },
                    {
                        "name": "scikit-learn",
                        "specs": [
                            [
                                ">=",
                                "0.18.1"
                            ]
                        ]
                    },
                    {
                        "name": "scipy",
                        "specs": [
                            [
                                ">=",
                                "0.18.1"
                            ]
                        ]
                    },
                    {
                        "name": "seaborn",
                        "specs": [
                            [
                                "==",
                                "0.7.0"
                            ]
                        ]
                    },
                    {
                        "name": "statsmodels",
                        "specs": [
                            [
                                "==",
                                "0.6.1"
                            ]
                        ]
                    }
                ]
            },
            "description": null,
            "distribution_type": "conda",
            "download_url": "//api.anaconda.org/download/bioconda/secimtools/1.0.0/linux-64/secimtools-1.0.0-py27_0.tar.bz2",
            "full_name": "bioconda/secimtools/1.0.0/linux-64/secimtools-1.0.0-py27_0.tar.bz2",
            "labels": [
                "main",
                "cf201901"
            ],
            "md5": "216e5c84cc78550bb29c3934928c2a0c",
            "ndownloads": 385,
            "owner": "bioconda",
            "size": 121394,
            "type": "conda",
            "upload_time": "2017-11-01 11:54:59.529000+00:00",
            "version": "1.0.0"
        },
        {
            "attrs": {
                "arch": "x86_64",
                "build": "py27_0",
                "build_number": 0,
                "depends": [
                    "lxml >=3.3.3",
                    "matplotlib >=1.5.1,<2.0.0",
                    "matplotlib-venn >=0.11.1",
                    "numpy",
                    "palettable >=3.0.0",
                    "pandas ==0.18.1",
                    "patsy >=0.4.0",
                    "pymc >=2.3.6",
                    "python 2.7*",
                    "rpy2 >=2.3.10",
                    "scikit-learn >=0.18.1",
                    "scipy >=0.18.1",
                    "seaborn ==0.7.0",
                    "statsmodels ==0.6.1"
                ],
                "has_prefix": true,
                "license": "MIT License",
                "license_family": "MIT",
                "machine": "x86_64",
                "operatingsystem": "darwin",
                "platform": "osx",
                "subdir": "osx-64",
                "target-triplet": "x86_64-any-darwin"
            },
            "basename": "osx-64/secimtools-1.0.0-py27_0.tar.bz2",
            "dependencies": {
                "depends": [
                    {
                        "name": "lxml",
                        "specs": [
                            [
                                ">=",
                                "3.3.3"
                            ]
                        ]
                    },
                    {
                        "name": "matplotlib",
                        "specs": [
                            [
                                ">=",
                                "1.5.1,<2.0.0"
                            ]
                        ]
                    },
                    {
                        "name": "matplotlib-venn",
                        "specs": [
                            [
                                ">=",
                                "0.11.1"
                            ]
                        ]
                    },
                    {
                        "name": "numpy",
                        "specs": []
                    },
                    {
                        "name": "palettable",
                        "specs": [
                            [
                                ">=",
                                "3.0.0"
                            ]
                        ]
                    },
                    {
                        "name": "pandas",
                        "specs": [
                            [
                                "==",
                                "0.18.1"
                            ]
                        ]
                    },
                    {
                        "name": "patsy",
                        "specs": [
                            [
                                ">=",
                                "0.4.0"
                            ]
                        ]
                    },
                    {
                        "name": "pymc",
                        "specs": [
                            [
                                ">=",
                                "2.3.6"
                            ]
                        ]
                    },
                    {
                        "name": "python",
                        "specs": [
                            [
                                "==",
                                "2.7"
                            ]
                        ]
                    },
                    {
                        "name": "rpy2",
                        "specs": [
                            [
                                ">=",
                                "2.3.10"
                            ]
                        ]
                    },
                    {
                        "name": "scikit-learn",
                        "specs": [
                            [
                                ">=",
                                "0.18.1"
                            ]
                        ]
                    },
                    {
                        "name": "scipy",
                        "specs": [
                            [
                                ">=",
                                "0.18.1"
                            ]
                        ]
                    },
                    {
                        "name": "seaborn",
                        "specs": [
                            [
                                "==",
                                "0.7.0"
                            ]
                        ]
                    },
                    {
                        "name": "statsmodels",
                        "specs": [
                            [
                                "==",
                                "0.6.1"
                            ]
                        ]
                    }
                ]
            },
            "description": null,
            "distribution_type": "conda",
            "download_url": "//api.anaconda.org/download/bioconda/secimtools/1.0.0/osx-64/secimtools-1.0.0-py27_0.tar.bz2",
            "full_name": "bioconda/secimtools/1.0.0/osx-64/secimtools-1.0.0-py27_0.tar.bz2",
            "labels": [
                "main",
                "cf201901"
            ],
            "md5": "6afedb0272119bc25a05b046041c71cf",
            "ndownloads": 587,
            "owner": "bioconda",
            "size": 121204,
            "type": "conda",
            "upload_time": "2017-11-01 12:03:01.885000+00:00",
            "version": "1.0.0"
        },
        {
            "attrs": {
                "arch": "x86_64",
                "build": "py27h24bf2e0_1",
                "build_number": 1,
                "depends": [
                    "lxml",
                    "matplotlib >=1.5.1,<2.0.0",
                    "matplotlib-venn >=0.11.1",
                    "numpy >=1.9.3,<2.0a0",
                    "palettable >=3.0.0",
                    "pandas 0.18.1",
                    "patsy >=0.4.0",
                    "pymc >=2.3.6",
                    "python >=2.7,<2.8.0a0",
                    "rpy2 >=2.3.10",
                    "scikit-learn >=0.18.1",
                    "scipy >=0.18.1",
                    "seaborn 0.7.0",
                    "statsmodels 0.6.1"
                ],
                "has_prefix": true,
                "license": "MIT License",
                "license_family": "MIT",
                "machine": "x86_64",
                "operatingsystem": "linux",
                "platform": "linux",
                "subdir": "linux-64",
                "target-triplet": "x86_64-any-linux",
                "timestamp": 1529618762193
            },
            "basename": "linux-64/secimtools-1.0.0-py27h24bf2e0_1.tar.bz2",
            "dependencies": {
                "depends": [
                    {
                        "name": "lxml",
                        "specs": []
                    },
                    {
                        "name": "matplotlib",
                        "specs": [
                            [
                                ">=",
                                "1.5.1,<2.0.0"
                            ]
                        ]
                    },
                    {
                        "name": "matplotlib-venn",
                        "specs": [
                            [
                                ">=",
                                "0.11.1"
                            ]
                        ]
                    },
                    {
                        "name": "numpy",
                        "specs": [
                            [
                                ">=",
                                "1.9.3,<2.0a0"
                            ]
                        ]
                    },
                    {
                        "name": "palettable",
                        "specs": [
                            [
                                ">=",
                                "3.0.0"
                            ]
                        ]
                    },
                    {
                        "name": "pandas",
                        "specs": [
                            [
                                "==",
                                "0.18.1"
                            ]
                        ]
                    },
                    {
                        "name": "patsy",
                        "specs": [
                            [
                                ">=",
                                "0.4.0"
                            ]
                        ]
                    },
                    {
                        "name": "pymc",
                        "specs": [
                            [
                                ">=",
                                "2.3.6"
                            ]
                        ]
                    },
                    {
                        "name": "python",
                        "specs": [
                            [
                                ">=",
                                "2.7,<2.8.0a0"
                            ]
                        ]
                    },
                    {
                        "name": "rpy2",
                        "specs": [
                            [
                                ">=",
                                "2.3.10"
                            ]
                        ]
                    },
                    {
                        "name": "scikit-learn",
                        "specs": [
                            [
                                ">=",
                                "0.18.1"
                            ]
                        ]
                    },
                    {
                        "name": "scipy",
                        "specs": [
                            [
                                ">=",
                                "0.18.1"
                            ]
                        ]
                    },
                    {
                        "name": "seaborn",
                        "specs": [
                            [
                                "==",
                                "0.7.0"
                            ]
                        ]
                    },
                    {
                        "name": "statsmodels",
                        "specs": [
                            [
                                "==",
                                "0.6.1"
                            ]
                        ]
                    }
                ]
            },
            "description": null,
            "distribution_type": "conda",
            "download_url": "//api.anaconda.org/download/bioconda/secimtools/1.0.0/linux-64/secimtools-1.0.0-py27h24bf2e0_1.tar.bz2",
            "full_name": "bioconda/secimtools/1.0.0/linux-64/secimtools-1.0.0-py27h24bf2e0_1.tar.bz2",
            "labels": [
                "main",
                "cf201901"
            ],
            "md5": "754455307a6f927078602d23fcf899b7",
            "ndownloads": 124,
            "owner": "bioconda",
            "size": 121618,
            "type": "conda",
            "upload_time": "2018-06-21 22:24:42.761000+00:00",
            "version": "1.0.0"
        },
        {
            "attrs": {
                "arch": null,
                "build": "pyh24bf2e0_2",
                "build_number": 2,
                "depends": [
                    "lxml",
                    "matplotlib >=1.5.1,<2.0.0",
                    "matplotlib-venn >=0.11.1",
                    "numpy >=1.9.3,<2.0a0",
                    "palettable >=3.0.0",
                    "pandas 0.18.1",
                    "patsy >=0.4.0",
                    "pymc >=2.3.6",
                    "python",
                    "rpy2 >=2.3.10",
                    "scikit-learn >=0.18.1",
                    "scipy >=0.18.1,<1.0.0",
                    "seaborn 0.7.0",
                    "statsmodels 0.6.1"
                ],
                "has_prefix": false,
                "license": "MIT License",
                "license_family": "MIT",
                "machine": null,
                "noarch": "python",
                "operatingsystem": null,
                "platform": null,
                "subdir": "noarch",
                "target-triplet": "None-any-None",
                "timestamp": 1530308004444
            },
            "basename": "noarch/secimtools-1.0.0-pyh24bf2e0_2.tar.bz2",
            "dependencies": {
                "depends": [
                    {
                        "name": "lxml",
                        "specs": []
                    },
                    {
                        "name": "matplotlib",
                        "specs": [
                            [
                                ">=",
                                "1.5.1,<2.0.0"
                            ]
                        ]
                    },
                    {
                        "name": "matplotlib-venn",
                        "specs": [
                            [
                                ">=",
                                "0.11.1"
                            ]
                        ]
                    },
                    {
                        "name": "numpy",
                        "specs": [
                            [
                                ">=",
                                "1.9.3,<2.0a0"
                            ]
                        ]
                    },
                    {
                        "name": "palettable",
                        "specs": [
                            [
                                ">=",
                                "3.0.0"
                            ]
                        ]
                    },
                    {
                        "name": "pandas",
                        "specs": [
                            [
                                "==",
                                "0.18.1"
                            ]
                        ]
                    },
                    {
                        "name": "patsy",
                        "specs": [
                            [
                                ">=",
                                "0.4.0"
                            ]
                        ]
                    },
                    {
                        "name": "pymc",
                        "specs": [
                            [
                                ">=",
                                "2.3.6"
                            ]
                        ]
                    },
                    {
                        "name": "python",
                        "specs": []
                    },
                    {
                        "name": "rpy2",
                        "specs": [
                            [
                                ">=",
                                "2.3.10"
                            ]
                        ]
                    },
                    {
                        "name": "scikit-learn",
                        "specs": [
                            [
                                ">=",
                                "0.18.1"
                            ]
                        ]
                    },
                    {
                        "name": "scipy",
                        "specs": [
                            [
                                ">=",
                                "0.18.1,<1.0.0"
                            ]
                        ]
                    },
                    {
                        "name": "seaborn",
                        "specs": [
                            [
                                "==",
                                "0.7.0"
                            ]
                        ]
                    },
                    {
                        "name": "statsmodels",
                        "specs": [
                            [
                                "==",
                                "0.6.1"
                            ]
                        ]
                    }
                ]
            },
            "description": null,
            "distribution_type": "conda",
            "download_url": "//api.anaconda.org/download/bioconda/secimtools/1.0.0/noarch/secimtools-1.0.0-pyh24bf2e0_2.tar.bz2",
            "full_name": "bioconda/secimtools/1.0.0/noarch/secimtools-1.0.0-pyh24bf2e0_2.tar.bz2",
            "labels": [
                "main",
                "cf201901"
            ],
            "md5": "a864101f9d966c8f433f48b06cc7081e",
            "ndownloads": 96,
            "owner": "bioconda",
            "size": 94473,
            "type": "conda",
            "upload_time": "2018-06-29 21:44:04.891000+00:00",
            "version": "1.0.0"
        },
        {
            "attrs": {
                "arch": null,
                "build": "pyh24bf2e0_3",
                "build_number": 3,
                "depends": [
                    "bioconductor-impute 1.46.0",
                    "lxml",
                    "matplotlib >=1.5.1,<2.0.0",
                    "matplotlib-venn >=0.11.1",
                    "numpy >=1.9.3,<2.0a0",
                    "palettable >=3.0.0",
                    "pandas 0.18.1",
                    "patsy >=0.4.0",
                    "pymc >=2.3.6",
                    "python",
                    "r-glmnet 2.0_5",
                    "rpy2 >=2.3.10,<2.9",
                    "scikit-learn 0.18.1",
                    "scipy >=0.18.1,<1.0.0",
                    "seaborn 0.7.0",
                    "statsmodels 0.6.1"
                ],
                "has_prefix": false,
                "license": "MIT License",
                "license_family": "MIT",
                "machine": null,
                "noarch": "python",
                "operatingsystem": null,
                "platform": null,
                "subdir": "noarch",
                "target-triplet": "None-any-None",
                "timestamp": 1530381225758
            },
            "basename": "noarch/secimtools-1.0.0-pyh24bf2e0_3.tar.bz2",
            "dependencies": {
                "depends": [
                    {
                        "name": "bioconductor-impute",
                        "specs": [
                            [
                                "==",
                                "1.46.0"
                            ]
                        ]
                    },
                    {
                        "name": "lxml",
                        "specs": []
                    },
                    {
                        "name": "matplotlib",
                        "specs": [
                            [
                                ">=",
                                "1.5.1,<2.0.0"
                            ]
                        ]
                    },
                    {
                        "name": "matplotlib-venn",
                        "specs": [
                            [
                                ">=",
                                "0.11.1"
                            ]
                        ]
                    },
                    {
                        "name": "numpy",
                        "specs": [
                            [
                                ">=",
                                "1.9.3,<2.0a0"
                            ]
                        ]
                    },
                    {
                        "name": "palettable",
                        "specs": [
                            [
                                ">=",
                                "3.0.0"
                            ]
                        ]
                    },
                    {
                        "name": "pandas",
                        "specs": [
                            [
                                "==",
                                "0.18.1"
                            ]
                        ]
                    },
                    {
                        "name": "patsy",
                        "specs": [
                            [
                                ">=",
                                "0.4.0"
                            ]
                        ]
                    },
                    {
                        "name": "pymc",
                        "specs": [
                            [
                                ">=",
                                "2.3.6"
                            ]
                        ]
                    },
                    {
                        "name": "python",
                        "specs": []
                    },
                    {
                        "name": "r-glmnet",
                        "specs": [
                            [
                                "==",
                                "2.0_5"
                            ]
                        ]
                    },
                    {
                        "name": "rpy2",
                        "specs": [
                            [
                                ">=",
                                "2.3.10,<2.9"
                            ]
                        ]
                    },
                    {
                        "name": "scikit-learn",
                        "specs": [
                            [
                                "==",
                                "0.18.1"
                            ]
                        ]
                    },
                    {
                        "name": "scipy",
                        "specs": [
                            [
                                ">=",
                                "0.18.1,<1.0.0"
                            ]
                        ]
                    },
                    {
                        "name": "seaborn",
                        "specs": [
                            [
                                "==",
                                "0.7.0"
                            ]
                        ]
                    },
                    {
                        "name": "statsmodels",
                        "specs": [
                            [
                                "==",
                                "0.6.1"
                            ]
                        ]
                    }
                ]
            },
            "description": null,
            "distribution_type": "conda",
            "download_url": "//api.anaconda.org/download/bioconda/secimtools/1.0.0/noarch/secimtools-1.0.0-pyh24bf2e0_3.tar.bz2",
            "full_name": "bioconda/secimtools/1.0.0/noarch/secimtools-1.0.0-pyh24bf2e0_3.tar.bz2",
            "labels": [
                "main",
                "cf201901"
            ],
            "md5": "e5bf571d07870b25091112cbff391b6b",
            "ndownloads": 96,
            "owner": "bioconda",
            "size": 94336,
            "type": "conda",
            "upload_time": "2018-06-30 18:05:06.248000+00:00",
            "version": "1.0.0"
        },
        {
            "attrs": {
                "arch": "x86_64",
                "build": "py27h24bf2e0_4",
                "build_number": 4,
                "depends": [
                    "bioconductor-impute 1.46.0",
                    "lxml",
                    "matplotlib >=1.5.1,<2.0.0",
                    "matplotlib-venn >=0.11.1",
                    "numpy >=1.9.3,<2.0a0",
                    "palettable >=3.0.0",
                    "pandas 0.18.1",
                    "patsy >=0.4.0",
                    "pymc >=2.3.6",
                    "python >=2.7,<2.8.0a0",
                    "r-glmnet 2.0_5",
                    "rpy2 >=2.3.10,<2.9",
                    "scikit-learn 0.18.1",
                    "scipy >=0.18.1,<1.0.0",
                    "seaborn 0.7.0",
                    "statsmodels 0.6.1"
                ],
                "has_prefix": true,
                "license": "MIT License",
                "license_family": "MIT",
                "machine": "x86_64",
                "operatingsystem": "linux",
                "platform": "linux",
                "subdir": "linux-64",
                "target-triplet": "x86_64-any-linux",
                "timestamp": 1530483827500
            },
            "basename": "linux-64/secimtools-1.0.0-py27h24bf2e0_4.tar.bz2",
            "dependencies": {
                "depends": [
                    {
                        "name": "bioconductor-impute",
                        "specs": [
                            [
                                "==",
                                "1.46.0"
                            ]
                        ]
                    },
                    {
                        "name": "lxml",
                        "specs": []
                    },
                    {
                        "name": "matplotlib",
                        "specs": [
                            [
                                ">=",
                                "1.5.1,<2.0.0"
                            ]
                        ]
                    },
                    {
                        "name": "matplotlib-venn",
                        "specs": [
                            [
                                ">=",
                                "0.11.1"
                            ]
                        ]
                    },
                    {
                        "name": "numpy",
                        "specs": [
                            [
                                ">=",
                                "1.9.3,<2.0a0"
                            ]
                        ]
                    },
                    {
                        "name": "palettable",
                        "specs": [
                            [
                                ">=",
                                "3.0.0"
                            ]
                        ]
                    },
                    {
                        "name": "pandas",
                        "specs": [
                            [
                                "==",
                                "0.18.1"
                            ]
                        ]
                    },
                    {
                        "name": "patsy",
                        "specs": [
                            [
                                ">=",
                                "0.4.0"
                            ]
                        ]
                    },
                    {
                        "name": "pymc",
                        "specs": [
                            [
                                ">=",
                                "2.3.6"
                            ]
                        ]
                    },
                    {
                        "name": "python",
                        "specs": [
                            [
                                ">=",
                                "2.7,<2.8.0a0"
                            ]
                        ]
                    },
                    {
                        "name": "r-glmnet",
                        "specs": [
                            [
                                "==",
                                "2.0_5"
                            ]
                        ]
                    },
                    {
                        "name": "rpy2",
                        "specs": [
                            [
                                ">=",
                                "2.3.10,<2.9"
                            ]
                        ]
                    },
                    {
                        "name": "scikit-learn",
                        "specs": [
                            [
                                "==",
                                "0.18.1"
                            ]
                        ]
                    },
                    {
                        "name": "scipy",
                        "specs": [
                            [
                                ">=",
                                "0.18.1,<1.0.0"
                            ]
                        ]
                    },
                    {
                        "name": "seaborn",
                        "specs": [
                            [
                                "==",
                                "0.7.0"
                            ]
                        ]
                    },
                    {
                        "name": "statsmodels",
                        "specs": [
                            [
                                "==",
                                "0.6.1"
                            ]
                        ]
                    }
                ]
            },
            "description": null,
            "distribution_type": "conda",
            "download_url": "//api.anaconda.org/download/bioconda/secimtools/1.0.0/linux-64/secimtools-1.0.0-py27h24bf2e0_4.tar.bz2",
            "full_name": "bioconda/secimtools/1.0.0/linux-64/secimtools-1.0.0-py27h24bf2e0_4.tar.bz2",
            "labels": [
                "main",
                "cf201901"
            ],
            "md5": "a3c5c9a51be4467f73131d36217146b3",
            "ndownloads": 225,
            "owner": "bioconda",
            "size": 121339,
            "type": "conda",
            "upload_time": "2018-07-01 22:32:36.555000+00:00",
            "version": "1.0.0"
        }
    ],
    "full_name": "bioconda/secimtools",
    "home": "https://github.com/secimTools/SECIMTools",
    "html_url": "http://anaconda.org/bioconda/secimtools",
    "id": "59f99ee1307dba122a58cc70",
    "latest_version": "1.0.0",
    "license": "MIT License",
    "license_url": null,
    "modified_at": "2018-07-01 22:32:37.027000+00:00",
    "name": "secimtools",
    "owner": {
        "company": "",
        "created_at": "2015-09-11 22:59:20.880000+00:00",
        "description": "Bioconda is a distribution of bioinformatics software realized as a channel for the versatile Conda package manager.",
        "location": "",
        "login": "bioconda",
        "name": "bioconda",
        "url": "",
        "user_type": "org"
    },
    "package_types": [
        "conda"
    ],
    "public": true,
    "releases": [
        {
            "distributions": [],
            "full_name": "bioconda/secimtools/1.0.0",
            "version": "1.0.0"
        }
    ],
    "revision": 2,
    "source_git_tag": null,
    "source_git_url": null,
    "summary": "Metabolomics tools from the SECIM project",
    "upvoted": 0,
    "url": "http://api.anaconda.org/packages/bioconda/secimtools",
    "versions": [
        "1.0.0"
    ],
    "watchers": 1
}