{
    "app_entry": {},
    "app_summary": {},
    "app_type": {},
    "builds": [
        "h470a237_1",
        "0",
        "h1de35cc_2",
        "h14c3975_2"
    ],
    "conda_platforms": [
        "linux-64",
        "osx-64"
    ],
    "created_at": "2017-04-28 19:17:35.811000+00:00",
    "description": "",
    "dev_url": {},
    "doc_url": {},
    "files": [
        {
            "attrs": {
                "arch": "x86_64",
                "build": "h470a237_1",
                "build_number": 1,
                "depends": [],
                "has_prefix": false,
                "license": "GPL-2",
                "license_family": "GPL2",
                "machine": "x86_64",
                "operatingsystem": "darwin",
                "platform": "osx",
                "subdir": "osx-64",
                "target-triplet": "x86_64-any-darwin",
                "timestamp": 1529021255138
            },
            "basename": "osx-64/shustring-2.6-h470a237_1.tar.bz2",
            "dependencies": {
                "depends": []
            },
            "description": null,
            "distribution_type": "conda",
            "download_url": "//api.anaconda.org/download/bioconda/shustring/2.6/osx-64/shustring-2.6-h470a237_1.tar.bz2",
            "full_name": "bioconda/shustring/2.6/osx-64/shustring-2.6-h470a237_1.tar.bz2",
            "labels": [
                "main",
                "cf201901"
            ],
            "md5": "7084e3011fa190b2229f749b64cffdcc",
            "ndownloads": 667,
            "owner": "bioconda",
            "size": 41165,
            "type": "conda",
            "upload_time": "2018-06-15 00:07:42.855000+00:00",
            "version": "2.6"
        },
        {
            "attrs": {
                "arch": "x86_64",
                "build": "h470a237_1",
                "build_number": 1,
                "depends": [],
                "has_prefix": false,
                "license": "GPL-2",
                "license_family": "GPL2",
                "machine": "x86_64",
                "operatingsystem": "linux",
                "platform": "linux",
                "subdir": "linux-64",
                "target-triplet": "x86_64-any-linux",
                "timestamp": 1529555298467
            },
            "basename": "linux-64/shustring-2.6-h470a237_1.tar.bz2",
            "dependencies": {
                "depends": []
            },
            "description": null,
            "distribution_type": "conda",
            "download_url": "//api.anaconda.org/download/bioconda/shustring/2.6/linux-64/shustring-2.6-h470a237_1.tar.bz2",
            "full_name": "bioconda/shustring/2.6/linux-64/shustring-2.6-h470a237_1.tar.bz2",
            "labels": [
                "main",
                "cf201901"
            ],
            "md5": "852160b5e8add3d86389a6c53d1e7625",
            "ndownloads": 597,
            "owner": "bioconda",
            "size": 69227,
            "type": "conda",
            "upload_time": "2018-06-21 04:29:34.119000+00:00",
            "version": "2.6"
        },
        {
            "attrs": {
                "arch": "x86_64",
                "build": "0",
                "build_number": 0,
                "depends": [],
                "has_prefix": false,
                "license": "GPL-2",
                "license_family": "GPL2",
                "machine": "x86_64",
                "operatingsystem": "linux",
                "platform": "linux",
                "subdir": "linux-64",
                "target-triplet": "x86_64-any-linux"
            },
            "basename": "linux-64/shustring-2.6-0.tar.bz2",
            "dependencies": {
                "depends": []
            },
            "description": null,
            "distribution_type": "conda",
            "download_url": "//api.anaconda.org/download/bioconda/shustring/2.6/linux-64/shustring-2.6-0.tar.bz2",
            "full_name": "bioconda/shustring/2.6/linux-64/shustring-2.6-0.tar.bz2",
            "labels": [
                "main",
                "cf201901"
            ],
            "md5": "007cc8d3aaea28b646ebb1b87bdd9987",
            "ndownloads": 2198,
            "owner": "bioconda",
            "size": 67665,
            "type": "conda",
            "upload_time": "2017-04-28 19:17:36.335000+00:00",
            "version": "2.6"
        },
        {
            "attrs": {
                "arch": "x86_64",
                "build": "0",
                "build_number": 0,
                "depends": [],
                "has_prefix": false,
                "license": "GPL-2",
                "license_family": "GPL2",
                "machine": "x86_64",
                "operatingsystem": "darwin",
                "platform": "osx",
                "subdir": "osx-64",
                "target-triplet": "x86_64-any-darwin"
            },
            "basename": "osx-64/shustring-2.6-0.tar.bz2",
            "dependencies": {
                "depends": []
            },
            "description": null,
            "distribution_type": "conda",
            "download_url": "//api.anaconda.org/download/bioconda/shustring/2.6/osx-64/shustring-2.6-0.tar.bz2",
            "full_name": "bioconda/shustring/2.6/osx-64/shustring-2.6-0.tar.bz2",
            "labels": [
                "main",
                "cf201901"
            ],
            "md5": "acc1c708515549ac825f77c07a112aa7",
            "ndownloads": 181,
            "owner": "bioconda",
            "size": 41401,
            "type": "conda",
            "upload_time": "2017-04-28 19:27:19.502000+00:00",
            "version": "2.6"
        },
        {
            "attrs": {
                "arch": "x86_64",
                "build": "h14c3975_2",
                "build_number": 2,
                "depends": [
                    "libgcc-ng >=7.3.0"
                ],
                "has_prefix": false,
                "license": "GPL-2",
                "license_family": "GPL2",
                "machine": "x86_64",
                "operatingsystem": "linux",
                "platform": "linux",
                "subdir": "linux-64",
                "target-triplet": "x86_64-any-linux",
                "timestamp": 1558812833007
            },
            "basename": "linux-64/shustring-2.6-h14c3975_2.tar.bz2",
            "dependencies": {
                "depends": [
                    {
                        "name": "libgcc-ng",
                        "specs": [
                            [
                                ">=",
                                "7.3.0"
                            ]
                        ]
                    }
                ]
            },
            "description": null,
            "distribution_type": "conda",
            "download_url": "//api.anaconda.org/download/bioconda/shustring/2.6/linux-64/shustring-2.6-h14c3975_2.tar.bz2",
            "full_name": "bioconda/shustring/2.6/linux-64/shustring-2.6-h14c3975_2.tar.bz2",
            "labels": [
                "main"
            ],
            "md5": "6ca992a70fe8bb2f9e24cc5a9f56e0e3",
            "ndownloads": 207,
            "owner": "bioconda",
            "size": 71923,
            "type": "conda",
            "upload_time": "2019-05-25 20:10:39.609000+00:00",
            "version": "2.6"
        },
        {
            "attrs": {
                "arch": "x86_64",
                "build": "h1de35cc_2",
                "build_number": 2,
                "depends": [],
                "has_prefix": false,
                "license": "GPL-2",
                "license_family": "GPL2",
                "machine": "x86_64",
                "operatingsystem": "darwin",
                "platform": "osx",
                "subdir": "osx-64",
                "target-triplet": "x86_64-any-darwin",
                "timestamp": 1558813619917
            },
            "basename": "osx-64/shustring-2.6-h1de35cc_2.tar.bz2",
            "dependencies": {
                "depends": []
            },
            "description": null,
            "distribution_type": "conda",
            "download_url": "//api.anaconda.org/download/bioconda/shustring/2.6/osx-64/shustring-2.6-h1de35cc_2.tar.bz2",
            "full_name": "bioconda/shustring/2.6/osx-64/shustring-2.6-h1de35cc_2.tar.bz2",
            "labels": [
                "main"
            ],
            "md5": "bc32729f41fc12120ed2ecaa8ba2711d",
            "ndownloads": 30,
            "owner": "bioconda",
            "size": 42469,
            "type": "conda",
            "upload_time": "2019-05-25 20:10:42.182000+00:00",
            "version": "2.6"
        }
    ],
    "full_name": "bioconda/shustring",
    "home": "None",
    "html_url": "http://anaconda.org/bioconda/shustring",
    "id": "5903954f8e3b34123f755bd2",
    "latest_version": "2.6",
    "license": {},
    "license_url": {},
    "modified_at": "2019-05-25 20:10:42.455000+00:00",
    "name": "shustring",
    "owner": {
        "company": "",
        "created_at": "2015-09-11 22:59:20.880000+00:00",
        "description": "Bioconda is a distribution of bioinformatics software realized as a channel for the versatile Conda package manager.",
        "location": "",
        "login": "bioconda",
        "name": "bioconda",
        "url": "",
        "user_type": "org"
    },
    "package_types": [
        "conda"
    ],
    "public": true,
    "releases": [
        {
            "distributions": [],
            "full_name": "bioconda/shustring/2.6",
            "version": "2.6"
        }
    ],
    "revision": 2,
    "source_git_tag": {},
    "source_git_url": {},
    "summary": "",
    "upvoted": 0,
    "url": "http://api.anaconda.org/packages/bioconda/shustring",
    "versions": [
        "2.6"
    ],
    "watchers": 1
}