{
    "app_entry": {},
    "app_summary": {},
    "app_type": {},
    "builds": [
        "0"
    ],
    "conda_platforms": [
        "linux-64"
    ],
    "created_at": "2017-06-08 13:09:13.961000+00:00",
    "description": "",
    "dev_url": null,
    "doc_url": null,
    "files": [
        {
            "attrs": {
                "arch": "x86_64",
                "build": "0",
                "build_number": 0,
                "depends": [],
                "has_prefix": true,
                "license": "BSD",
                "machine": "x86_64",
                "operatingsystem": "linux",
                "platform": "linux",
                "subdir": "linux-64",
                "target-triplet": "x86_64-any-linux"
            },
            "basename": "linux-64/singularity-2.4-0.tar.bz2",
            "dependencies": {
                "depends": []
            },
            "description": null,
            "distribution_type": "conda",
            "download_url": "//api.anaconda.org/download/bioconda/singularity/2.4/linux-64/singularity-2.4-0.tar.bz2",
            "full_name": "bioconda/singularity/2.4/linux-64/singularity-2.4-0.tar.bz2",
            "labels": [
                "main",
                "cf201901"
            ],
            "md5": "0e4e02ac06dc8376e541589b7356ff93",
            "ndownloads": 1329,
            "owner": "bioconda",
            "size": 1238603,
            "type": "conda",
            "upload_time": "2017-11-21 14:23:00.874000+00:00",
            "version": "2.4"
        },
        {
            "attrs": {
                "arch": "x86_64",
                "build": "0",
                "build_number": 0,
                "depends": [],
                "has_prefix": true,
                "license": "BSD",
                "machine": "x86_64",
                "operatingsystem": "linux",
                "platform": "linux",
                "subdir": "linux-64",
                "target-triplet": "x86_64-any-linux"
            },
            "basename": "linux-64/singularity-2.4.2-0.tar.bz2",
            "dependencies": {
                "depends": []
            },
            "description": null,
            "distribution_type": "conda",
            "download_url": "//api.anaconda.org/download/bioconda/singularity/2.4.2/linux-64/singularity-2.4.2-0.tar.bz2",
            "full_name": "bioconda/singularity/2.4.2/linux-64/singularity-2.4.2-0.tar.bz2",
            "labels": [
                "main",
                "cf201901"
            ],
            "md5": "3a3f7568f923eb0f90d34814d071f558",
            "ndownloads": 2747,
            "owner": "bioconda",
            "size": 1287545,
            "type": "conda",
            "upload_time": "2017-12-12 19:52:18.532000+00:00",
            "version": "2.4.2"
        },
        {
            "attrs": {
                "arch": "x86_64",
                "build": "0",
                "build_number": 0,
                "depends": [],
                "has_prefix": true,
                "license": "BSD",
                "machine": "x86_64",
                "operatingsystem": "linux",
                "platform": "linux",
                "subdir": "linux-64",
                "target-triplet": "x86_64-any-linux"
            },
            "basename": "linux-64/singularity-2.3-0.tar.bz2",
            "dependencies": {
                "depends": []
            },
            "description": null,
            "distribution_type": "conda",
            "download_url": "//api.anaconda.org/download/bioconda/singularity/2.3/linux-64/singularity-2.3-0.tar.bz2",
            "full_name": "bioconda/singularity/2.3/linux-64/singularity-2.3-0.tar.bz2",
            "labels": [
                "main",
                "cf201901"
            ],
            "md5": "f781d25878cc148fb87490e0e59f0a76",
            "ndownloads": 1308,
            "owner": "bioconda",
            "size": 1462002,
            "type": "conda",
            "upload_time": "2017-06-08 13:09:14.426000+00:00",
            "version": "2.3"
        }
    ],
    "full_name": "bioconda/singularity",
    "home": "http://singularity.lbl.gov",
    "html_url": "http://anaconda.org/bioconda/singularity",
    "id": "59394c796ce352126736020c",
    "latest_version": "2.4.2",
    "license": "BSD",
    "license_url": null,
    "modified_at": "2017-12-12 19:52:19.310000+00:00",
    "name": "singularity",
    "owner": {
        "company": "",
        "created_at": "2015-09-11 22:59:20.880000+00:00",
        "description": "Bioconda is a distribution of bioinformatics software realized as a channel for the versatile Conda package manager.",
        "location": "",
        "login": "bioconda",
        "name": "bioconda",
        "url": "",
        "user_type": "org"
    },
    "package_types": [
        "conda"
    ],
    "public": true,
    "releases": [
        {
            "distributions": [],
            "full_name": "bioconda/singularity/2.3",
            "version": "2.3"
        },
        {
            "distributions": [],
            "full_name": "bioconda/singularity/2.4",
            "version": "2.4"
        },
        {
            "distributions": [],
            "full_name": "bioconda/singularity/2.4.2",
            "version": "2.4.2"
        }
    ],
    "revision": 6,
    "source_git_tag": null,
    "source_git_url": null,
    "summary": "Singularity - Enabling users to have full control of their environment",
    "upvoted": 0,
    "url": "http://api.anaconda.org/packages/bioconda/singularity",
    "versions": [
        "2.3",
        "2.4",
        "2.4.2"
    ],
    "watchers": 1
}