{
    "app_entry": {},
    "app_summary": {},
    "app_type": {},
    "builds": [
        "0"
    ],
    "conda_platforms": [
        "linux-64",
        "osx-64"
    ],
    "created_at": "2017-11-27 13:20:20.992000+00:00",
    "description": "",
    "dev_url": null,
    "doc_url": null,
    "files": [
        {
            "attrs": {
                "arch": "x86_64",
                "build": "0",
                "build_number": 0,
                "depends": [],
                "has_prefix": false,
                "license": "GNU General Public License version 2.0 (GPLv2)",
                "machine": "x86_64",
                "operatingsystem": "linux",
                "platform": "linux",
                "subdir": "linux-64",
                "target-triplet": "x86_64-any-linux"
            },
            "basename": "linux-64/smina-2017.11.9-0.tar.bz2",
            "dependencies": {
                "depends": []
            },
            "description": null,
            "distribution_type": "conda",
            "download_url": "//api.anaconda.org/download/bioconda/smina/2017.11.9/linux-64/smina-2017.11.9-0.tar.bz2",
            "full_name": "bioconda/smina/2017.11.9/linux-64/smina-2017.11.9-0.tar.bz2",
            "labels": [
                "main",
                "cf201901"
            ],
            "md5": "8e8b858b78ef08e2117cfeeae454e992",
            "ndownloads": 1029,
            "owner": "bioconda",
            "size": 3341347,
            "type": "conda",
            "upload_time": "2017-11-27 13:20:21.505000+00:00",
            "version": "2017.11.9"
        },
        {
            "attrs": {
                "arch": "x86_64",
                "build": "0",
                "build_number": 0,
                "depends": [],
                "has_prefix": false,
                "license": "GNU General Public License version 2.0 (GPLv2)",
                "machine": "x86_64",
                "operatingsystem": "darwin",
                "platform": "osx",
                "subdir": "osx-64",
                "target-triplet": "x86_64-any-darwin"
            },
            "basename": "osx-64/smina-2017.11.9-0.tar.bz2",
            "dependencies": {
                "depends": []
            },
            "description": null,
            "distribution_type": "conda",
            "download_url": "//api.anaconda.org/download/bioconda/smina/2017.11.9/osx-64/smina-2017.11.9-0.tar.bz2",
            "full_name": "bioconda/smina/2017.11.9/osx-64/smina-2017.11.9-0.tar.bz2",
            "labels": [
                "main",
                "cf201901"
            ],
            "md5": "1a8f03325a09fb71b2a21a38a708bf48",
            "ndownloads": 795,
            "owner": "bioconda",
            "size": 3789380,
            "type": "conda",
            "upload_time": "2017-11-27 13:24:15.684000+00:00",
            "version": "2017.11.9"
        }
    ],
    "full_name": "bioconda/smina",
    "home": "https://sourceforge.net/projects/smina/",
    "html_url": "http://anaconda.org/bioconda/smina",
    "id": "5a1c1114c3769612048637f6",
    "latest_version": "2017.11.9",
    "license": "GNU General Public License version 2.0 (GPLv2)",
    "license_url": null,
    "modified_at": "2017-11-27 13:24:16.905000+00:00",
    "name": "smina",
    "owner": {
        "company": "",
        "created_at": "2015-09-11 22:59:20.880000+00:00",
        "description": "Bioconda is a distribution of bioinformatics software realized as a channel for the versatile Conda package manager.",
        "location": "",
        "login": "bioconda",
        "name": "bioconda",
        "url": "",
        "user_type": "org"
    },
    "package_types": [
        "conda"
    ],
    "public": true,
    "releases": [
        {
            "distributions": [],
            "full_name": "bioconda/smina/2017.11.9",
            "version": "2017.11.9"
        }
    ],
    "revision": 2,
    "source_git_tag": null,
    "source_git_url": null,
    "summary": "A fork of AutoDock Vina that is customized to better support scoring function development and high-performance energy minimization.",
    "upvoted": 0,
    "url": "http://api.anaconda.org/packages/bioconda/smina",
    "versions": [
        "2017.11.9"
    ],
    "watchers": 1
}