{
    "app_entry": {},
    "app_summary": {},
    "app_type": {},
    "builds": [
        "pyh24bf2e0_0"
    ],
    "conda_platforms": [
        "noarch"
    ],
    "created_at": "2019-04-11 15:07:28.103000+00:00",
    "description": "",
    "dev_url": null,
    "doc_url": null,
    "files": [
        {
            "attrs": {
                "arch": null,
                "build": "pyh24bf2e0_0",
                "build_number": 0,
                "depends": [
                    "biopython",
                    "numpy",
                    "python"
                ],
                "has_prefix": false,
                "license": "BSD",
                "license_family": "BSD",
                "machine": null,
                "noarch": "python",
                "operatingsystem": null,
                "platform": null,
                "subdir": "noarch",
                "target-triplet": "None-any-None",
                "timestamp": 1554995056166
            },
            "basename": "noarch/snp-mutator-1.0.0-pyh24bf2e0_0.tar.bz2",
            "dependencies": {
                "depends": [
                    {
                        "name": "biopython",
                        "specs": []
                    },
                    {
                        "name": "numpy",
                        "specs": []
                    },
                    {
                        "name": "python",
                        "specs": []
                    }
                ]
            },
            "description": null,
            "distribution_type": "conda",
            "download_url": "//api.anaconda.org/download/bioconda/snp-mutator/1.0.0/noarch/snp-mutator-1.0.0-pyh24bf2e0_0.tar.bz2",
            "full_name": "bioconda/snp-mutator/1.0.0/noarch/snp-mutator-1.0.0-pyh24bf2e0_0.tar.bz2",
            "labels": [
                "main"
            ],
            "md5": "70f6bd34161802aecc1ae4cd77cdbee1",
            "ndownloads": 149,
            "owner": "bioconda",
            "size": 14974,
            "type": "conda",
            "upload_time": "2019-04-11 15:07:30.676000+00:00",
            "version": "1.0.0"
        },
        {
            "attrs": {
                "arch": null,
                "build": "pyh24bf2e0_0",
                "build_number": 0,
                "depends": [
                    "biopython",
                    "numpy",
                    "python"
                ],
                "has_prefix": false,
                "license": "BSD",
                "license_family": "BSD",
                "machine": null,
                "noarch": "python",
                "operatingsystem": null,
                "platform": null,
                "subdir": "noarch",
                "target-triplet": "None-any-None",
                "timestamp": 1557997559132
            },
            "basename": "noarch/snp-mutator-1.2.0-pyh24bf2e0_0.tar.bz2",
            "dependencies": {
                "depends": [
                    {
                        "name": "biopython",
                        "specs": []
                    },
                    {
                        "name": "numpy",
                        "specs": []
                    },
                    {
                        "name": "python",
                        "specs": []
                    }
                ]
            },
            "description": null,
            "distribution_type": "conda",
            "download_url": "//api.anaconda.org/download/bioconda/snp-mutator/1.2.0/noarch/snp-mutator-1.2.0-pyh24bf2e0_0.tar.bz2",
            "full_name": "bioconda/snp-mutator/1.2.0/noarch/snp-mutator-1.2.0-pyh24bf2e0_0.tar.bz2",
            "labels": [
                "main"
            ],
            "md5": "94fe6ab4bafa102aaa62e64a403daf95",
            "ndownloads": 224,
            "owner": "bioconda",
            "size": 15417,
            "type": "conda",
            "upload_time": "2019-05-16 09:09:14.323000+00:00",
            "version": "1.2.0"
        }
    ],
    "full_name": "bioconda/snp-mutator",
    "home": "https://github.com/CFSAN-Biostatistics/snp-mutator",
    "html_url": "http://anaconda.org/bioconda/snp-mutator",
    "id": "5caf5830d9c2cf3333100e0a",
    "latest_version": "1.2.0",
    "license": "BSD",
    "license_url": null,
    "modified_at": "2019-05-16 09:09:14.735000+00:00",
    "name": "snp-mutator",
    "owner": {
        "company": "",
        "created_at": "2015-09-11 22:59:20.880000+00:00",
        "description": "Bioconda is a distribution of bioinformatics software realized as a channel for the versatile Conda package manager.",
        "location": "",
        "login": "bioconda",
        "name": "bioconda",
        "url": "",
        "user_type": "org"
    },
    "package_types": [
        "conda"
    ],
    "public": true,
    "releases": [
        {
            "distributions": [],
            "full_name": "bioconda/snp-mutator/1.0.0",
            "version": "1.0.0"
        },
        {
            "distributions": [],
            "full_name": "bioconda/snp-mutator/1.2.0",
            "version": "1.2.0"
        }
    ],
    "revision": 4,
    "source_git_tag": null,
    "source_git_url": null,
    "summary": "Generate mutated sequence files from a reference genome.",
    "upvoted": 0,
    "url": "http://api.anaconda.org/packages/bioconda/snp-mutator",
    "versions": [
        "1.0.0",
        "1.2.0"
    ],
    "watchers": 1
}