{
    "app_entry": {},
    "app_summary": {},
    "app_type": {},
    "builds": [
        "py27_1",
        "py34_1",
        "py34_0",
        "py36_1",
        "py27_0",
        "py35_0",
        "py35_1"
    ],
    "conda_platforms": [
        "linux-64",
        "osx-64"
    ],
    "created_at": "2016-03-02 13:56:27.096000+00:00",
    "description": "None",
    "dev_url": {},
    "doc_url": {},
    "files": [
        {
            "attrs": {
                "arch": "x86_64",
                "build": "py35_0",
                "build_number": 0,
                "depends": [
                    "python 3.5*"
                ],
                "license": "MIT License",
                "machine": "x86_64",
                "operatingsystem": "linux",
                "platform": "linux",
                "subdir": "linux-64",
                "target-triplet": "x86_64-any-linux"
            },
            "basename": "linux-64/sprinkles-0.4.6-py35_0.tar.bz2",
            "dependencies": {
                "depends": [
                    {
                        "name": "python",
                        "specs": [
                            [
                                "==",
                                "3.5"
                            ]
                        ]
                    }
                ]
            },
            "description": null,
            "distribution_type": "conda",
            "download_url": "//api.anaconda.org/download/bioconda/sprinkles/0.4.6/linux-64/sprinkles-0.4.6-py35_0.tar.bz2",
            "full_name": "bioconda/sprinkles/0.4.6/linux-64/sprinkles-0.4.6-py35_0.tar.bz2",
            "labels": [
                "main",
                "cf201901"
            ],
            "md5": "380248d12f80e65ebb1424c00e994219",
            "ndownloads": 338,
            "owner": "bioconda",
            "size": 5839,
            "type": "conda",
            "upload_time": "2016-03-02 13:56:27.376000+00:00",
            "version": "0.4.6"
        },
        {
            "attrs": {
                "arch": "x86_64",
                "build": "py27_0",
                "build_number": 0,
                "depends": [
                    "python 2.7*"
                ],
                "license": "MIT License",
                "machine": "x86_64",
                "operatingsystem": "linux",
                "platform": "linux",
                "subdir": "linux-64",
                "target-triplet": "x86_64-any-linux"
            },
            "basename": "linux-64/sprinkles-0.4.6-py27_0.tar.bz2",
            "dependencies": {
                "depends": [
                    {
                        "name": "python",
                        "specs": [
                            [
                                "==",
                                "2.7"
                            ]
                        ]
                    }
                ]
            },
            "description": null,
            "distribution_type": "conda",
            "download_url": "//api.anaconda.org/download/bioconda/sprinkles/0.4.6/linux-64/sprinkles-0.4.6-py27_0.tar.bz2",
            "full_name": "bioconda/sprinkles/0.4.6/linux-64/sprinkles-0.4.6-py27_0.tar.bz2",
            "labels": [
                "main",
                "cf201901"
            ],
            "md5": "1df8f21ffe61003d2bd8e9d1f0dcc2c3",
            "ndownloads": 356,
            "owner": "bioconda",
            "size": 9328,
            "type": "conda",
            "upload_time": "2016-03-02 13:56:28.915000+00:00",
            "version": "0.4.6"
        },
        {
            "attrs": {
                "arch": "x86_64",
                "build": "py34_0",
                "build_number": 0,
                "depends": [
                    "python 3.4*"
                ],
                "license": "MIT License",
                "machine": "x86_64",
                "operatingsystem": "linux",
                "platform": "linux",
                "subdir": "linux-64",
                "target-triplet": "x86_64-any-linux"
            },
            "basename": "linux-64/sprinkles-0.4.6-py34_0.tar.bz2",
            "dependencies": {
                "depends": [
                    {
                        "name": "python",
                        "specs": [
                            [
                                "==",
                                "3.4"
                            ]
                        ]
                    }
                ]
            },
            "description": null,
            "distribution_type": "conda",
            "download_url": "//api.anaconda.org/download/bioconda/sprinkles/0.4.6/linux-64/sprinkles-0.4.6-py34_0.tar.bz2",
            "full_name": "bioconda/sprinkles/0.4.6/linux-64/sprinkles-0.4.6-py34_0.tar.bz2",
            "labels": [
                "main",
                "cf201901"
            ],
            "md5": "10c8557943369e4511b009ed7ea7670f",
            "ndownloads": 335,
            "owner": "bioconda",
            "size": 5861,
            "type": "conda",
            "upload_time": "2016-03-02 13:56:30.113000+00:00",
            "version": "0.4.6"
        },
        {
            "attrs": {
                "arch": "x86_64",
                "build": "py27_1",
                "build_number": 1,
                "depends": [
                    "python 2.7*"
                ],
                "license": "MIT License",
                "machine": "x86_64",
                "operatingsystem": "darwin",
                "platform": "osx",
                "subdir": "osx-64",
                "target-triplet": "x86_64-any-darwin"
            },
            "basename": "osx-64/sprinkles-0.4.6-py27_1.tar.bz2",
            "dependencies": {
                "depends": [
                    {
                        "name": "python",
                        "specs": [
                            [
                                "==",
                                "2.7"
                            ]
                        ]
                    }
                ]
            },
            "description": null,
            "distribution_type": "conda",
            "download_url": "//api.anaconda.org/download/bioconda/sprinkles/0.4.6/osx-64/sprinkles-0.4.6-py27_1.tar.bz2",
            "full_name": "bioconda/sprinkles/0.4.6/osx-64/sprinkles-0.4.6-py27_1.tar.bz2",
            "labels": [
                "main",
                "cf201901"
            ],
            "md5": "1c7f20a024822e55c3b1ae056a72d68a",
            "ndownloads": 218,
            "owner": "bioconda",
            "size": 9347,
            "type": "conda",
            "upload_time": "2016-04-17 21:27:58.015000+00:00",
            "version": "0.4.6"
        },
        {
            "attrs": {
                "arch": "x86_64",
                "build": "py35_1",
                "build_number": 1,
                "depends": [
                    "python 3.5*"
                ],
                "license": "MIT License",
                "machine": "x86_64",
                "operatingsystem": "darwin",
                "platform": "osx",
                "subdir": "osx-64",
                "target-triplet": "x86_64-any-darwin"
            },
            "basename": "osx-64/sprinkles-0.4.6-py35_1.tar.bz2",
            "dependencies": {
                "depends": [
                    {
                        "name": "python",
                        "specs": [
                            [
                                "==",
                                "3.5"
                            ]
                        ]
                    }
                ]
            },
            "description": null,
            "distribution_type": "conda",
            "download_url": "//api.anaconda.org/download/bioconda/sprinkles/0.4.6/osx-64/sprinkles-0.4.6-py35_1.tar.bz2",
            "full_name": "bioconda/sprinkles/0.4.6/osx-64/sprinkles-0.4.6-py35_1.tar.bz2",
            "labels": [
                "main",
                "cf201901"
            ],
            "md5": "d2749b59f413f8d23f716b79a067ac31",
            "ndownloads": 146,
            "owner": "bioconda",
            "size": 5876,
            "type": "conda",
            "upload_time": "2016-04-17 21:28:00.271000+00:00",
            "version": "0.4.6"
        },
        {
            "attrs": {
                "arch": "x86_64",
                "build": "py34_1",
                "build_number": 1,
                "depends": [
                    "python 3.4*"
                ],
                "license": "MIT License",
                "machine": "x86_64",
                "operatingsystem": "darwin",
                "platform": "osx",
                "subdir": "osx-64",
                "target-triplet": "x86_64-any-darwin"
            },
            "basename": "osx-64/sprinkles-0.4.6-py34_1.tar.bz2",
            "dependencies": {
                "depends": [
                    {
                        "name": "python",
                        "specs": [
                            [
                                "==",
                                "3.4"
                            ]
                        ]
                    }
                ]
            },
            "description": null,
            "distribution_type": "conda",
            "download_url": "//api.anaconda.org/download/bioconda/sprinkles/0.4.6/osx-64/sprinkles-0.4.6-py34_1.tar.bz2",
            "full_name": "bioconda/sprinkles/0.4.6/osx-64/sprinkles-0.4.6-py34_1.tar.bz2",
            "labels": [
                "main",
                "cf201901"
            ],
            "md5": "4020e071da1376a1bdca1a51e136e8e1",
            "ndownloads": 290,
            "owner": "bioconda",
            "size": 5880,
            "type": "conda",
            "upload_time": "2016-04-17 21:28:02.059000+00:00",
            "version": "0.4.6"
        },
        {
            "attrs": {
                "arch": "x86_64",
                "build": "py27_1",
                "build_number": 1,
                "depends": [
                    "python 2.7*"
                ],
                "license": "MIT License",
                "machine": "x86_64",
                "operatingsystem": "linux",
                "platform": "linux",
                "subdir": "linux-64",
                "target-triplet": "x86_64-any-linux"
            },
            "basename": "linux-64/sprinkles-0.4.6-py27_1.tar.bz2",
            "dependencies": {
                "depends": [
                    {
                        "name": "python",
                        "specs": [
                            [
                                "==",
                                "2.7"
                            ]
                        ]
                    }
                ]
            },
            "description": null,
            "distribution_type": "conda",
            "download_url": "//api.anaconda.org/download/bioconda/sprinkles/0.4.6/linux-64/sprinkles-0.4.6-py27_1.tar.bz2",
            "full_name": "bioconda/sprinkles/0.4.6/linux-64/sprinkles-0.4.6-py27_1.tar.bz2",
            "labels": [
                "main",
                "cf201901"
            ],
            "md5": "ed3ac0ecb3b240dc09c4fe0e3c869da3",
            "ndownloads": 577,
            "owner": "bioconda",
            "size": 9342,
            "type": "conda",
            "upload_time": "2016-04-17 21:49:26.693000+00:00",
            "version": "0.4.6"
        },
        {
            "attrs": {
                "arch": "x86_64",
                "build": "py34_1",
                "build_number": 1,
                "depends": [
                    "python 3.4*"
                ],
                "license": "MIT License",
                "machine": "x86_64",
                "operatingsystem": "linux",
                "platform": "linux",
                "subdir": "linux-64",
                "target-triplet": "x86_64-any-linux"
            },
            "basename": "linux-64/sprinkles-0.4.6-py34_1.tar.bz2",
            "dependencies": {
                "depends": [
                    {
                        "name": "python",
                        "specs": [
                            [
                                "==",
                                "3.4"
                            ]
                        ]
                    }
                ]
            },
            "description": null,
            "distribution_type": "conda",
            "download_url": "//api.anaconda.org/download/bioconda/sprinkles/0.4.6/linux-64/sprinkles-0.4.6-py34_1.tar.bz2",
            "full_name": "bioconda/sprinkles/0.4.6/linux-64/sprinkles-0.4.6-py34_1.tar.bz2",
            "labels": [
                "main",
                "cf201901"
            ],
            "md5": "59e29658946ff2e8c64e14dec66f70a9",
            "ndownloads": 529,
            "owner": "bioconda",
            "size": 5889,
            "type": "conda",
            "upload_time": "2016-04-17 21:49:28.033000+00:00",
            "version": "0.4.6"
        },
        {
            "attrs": {
                "arch": "x86_64",
                "build": "py35_1",
                "build_number": 1,
                "depends": [
                    "python 3.5*"
                ],
                "license": "MIT License",
                "machine": "x86_64",
                "operatingsystem": "linux",
                "platform": "linux",
                "subdir": "linux-64",
                "target-triplet": "x86_64-any-linux"
            },
            "basename": "linux-64/sprinkles-0.4.6-py35_1.tar.bz2",
            "dependencies": {
                "depends": [
                    {
                        "name": "python",
                        "specs": [
                            [
                                "==",
                                "3.5"
                            ]
                        ]
                    }
                ]
            },
            "description": null,
            "distribution_type": "conda",
            "download_url": "//api.anaconda.org/download/bioconda/sprinkles/0.4.6/linux-64/sprinkles-0.4.6-py35_1.tar.bz2",
            "full_name": "bioconda/sprinkles/0.4.6/linux-64/sprinkles-0.4.6-py35_1.tar.bz2",
            "labels": [
                "main",
                "cf201901"
            ],
            "md5": "d80c1fbf80facf4fa16126101d235410",
            "ndownloads": 485,
            "owner": "bioconda",
            "size": 5873,
            "type": "conda",
            "upload_time": "2016-04-17 21:49:29.220000+00:00",
            "version": "0.4.6"
        },
        {
            "attrs": {
                "arch": "x86_64",
                "build": "py36_1",
                "build_number": 1,
                "depends": [
                    "python 3.6*"
                ],
                "has_prefix": false,
                "license": "MIT License",
                "machine": "x86_64",
                "operatingsystem": "darwin",
                "platform": "osx",
                "subdir": "osx-64",
                "target-triplet": "x86_64-any-darwin"
            },
            "basename": "osx-64/sprinkles-0.4.6-py36_1.tar.bz2",
            "dependencies": {
                "depends": [
                    {
                        "name": "python",
                        "specs": [
                            [
                                "==",
                                "3.6"
                            ]
                        ]
                    }
                ]
            },
            "description": null,
            "distribution_type": "conda",
            "download_url": "//api.anaconda.org/download/bioconda/sprinkles/0.4.6/osx-64/sprinkles-0.4.6-py36_1.tar.bz2",
            "full_name": "bioconda/sprinkles/0.4.6/osx-64/sprinkles-0.4.6-py36_1.tar.bz2",
            "labels": [
                "main",
                "cf201901"
            ],
            "md5": "feee13ea0e6b230b7aef59037530e39b",
            "ndownloads": 599,
            "owner": "bioconda",
            "size": 6483,
            "type": "conda",
            "upload_time": "2017-05-04 13:31:18.828000+00:00",
            "version": "0.4.6"
        },
        {
            "attrs": {
                "arch": "x86_64",
                "build": "py36_1",
                "build_number": 1,
                "depends": [
                    "python 3.6*"
                ],
                "has_prefix": false,
                "license": "MIT License",
                "machine": "x86_64",
                "operatingsystem": "linux",
                "platform": "linux",
                "subdir": "linux-64",
                "target-triplet": "x86_64-any-linux"
            },
            "basename": "linux-64/sprinkles-0.4.6-py36_1.tar.bz2",
            "dependencies": {
                "depends": [
                    {
                        "name": "python",
                        "specs": [
                            [
                                "==",
                                "3.6"
                            ]
                        ]
                    }
                ]
            },
            "description": null,
            "distribution_type": "conda",
            "download_url": "//api.anaconda.org/download/bioconda/sprinkles/0.4.6/linux-64/sprinkles-0.4.6-py36_1.tar.bz2",
            "full_name": "bioconda/sprinkles/0.4.6/linux-64/sprinkles-0.4.6-py36_1.tar.bz2",
            "labels": [
                "main",
                "cf201901"
            ],
            "md5": "03e9eccab258b09ac6f8798b8fc65051",
            "ndownloads": 467,
            "owner": "bioconda",
            "size": 6845,
            "type": "conda",
            "upload_time": "2017-05-06 17:48:23.783000+00:00",
            "version": "0.4.6"
        }
    ],
    "full_name": "bioconda/sprinkles",
    "home": "None",
    "html_url": "http://anaconda.org/bioconda/sprinkles",
    "id": "56d6f10b5b48920339237b3f",
    "latest_version": "0.4.6",
    "license": "MIT License",
    "license_url": {},
    "modified_at": "2017-05-06 17:48:24.405000+00:00",
    "name": "sprinkles",
    "owner": {
        "company": "",
        "created_at": "2015-09-11 22:59:20.880000+00:00",
        "description": "Bioconda is a distribution of bioinformatics software realized as a channel for the versatile Conda package manager.",
        "location": "",
        "login": "bioconda",
        "name": "bioconda",
        "url": "",
        "user_type": "org"
    },
    "package_types": [
        "conda"
    ],
    "public": true,
    "releases": [
        {
            "distributions": [
                "linux-64/sprinkles-0.4.6-py35_0.tar.bz2",
                "linux-64/sprinkles-0.4.6-py27_0.tar.bz2",
                "linux-64/sprinkles-0.4.6-py34_0.tar.bz2",
                "osx-64/sprinkles-0.4.6-py27_1.tar.bz2",
                "osx-64/sprinkles-0.4.6-py35_1.tar.bz2",
                "osx-64/sprinkles-0.4.6-py34_1.tar.bz2",
                "linux-64/sprinkles-0.4.6-py27_1.tar.bz2",
                "linux-64/sprinkles-0.4.6-py34_1.tar.bz2",
                "linux-64/sprinkles-0.4.6-py35_1.tar.bz2"
            ],
            "full_name": "bioconda/sprinkles/0.4.6",
            "version": "0.4.6"
        }
    ],
    "revision": 10,
    "source_git_tag": {},
    "source_git_url": {},
    "summary": "Plugins! Easy!",
    "upvoted": 0,
    "url": "http://api.anaconda.org/packages/bioconda/sprinkles",
    "versions": [
        "0.4.6"
    ],
    "watchers": 1
}