{
    "app_entry": {},
    "app_summary": {},
    "app_type": {},
    "builds": [
        "h470a237_0",
        "hf484d3e_0",
        "pl526h9f37e31_0",
        "h0a44026_0",
        "h550f44e_1",
        "h470a237_1",
        "0",
        "pl526haddd2b5_0",
        "pl526h6de7cb9_0",
        "pl526he1b5a44_0"
    ],
    "conda_platforms": [
        "linux-64",
        "osx-64"
    ],
    "created_at": "2016-05-17 00:27:48.154000+00:00",
    "description": "The SRA Toolkit and SDK from NCBI is a collection of tools and libraries\nfor using data in the INSDC Sequence Read Archives.\n",
    "dev_url": null,
    "doc_url": null,
    "files": [
        {
            "attrs": {
                "arch": "x86_64",
                "build": "0",
                "build_number": 0,
                "depends": [],
                "has_prefix": true,
                "license": "Public Domain",
                "machine": "x86_64",
                "operatingsystem": "darwin",
                "platform": "osx",
                "subdir": "osx-64",
                "target-triplet": "x86_64-any-darwin"
            },
            "basename": "osx-64/sra-tools-2.8.1-0.tar.bz2",
            "dependencies": {
                "depends": []
            },
            "description": null,
            "distribution_type": "conda",
            "download_url": "//api.anaconda.org/download/bioconda/sra-tools/2.8.1/osx-64/sra-tools-2.8.1-0.tar.bz2",
            "full_name": "bioconda/sra-tools/2.8.1/osx-64/sra-tools-2.8.1-0.tar.bz2",
            "labels": [
                "main",
                "cf201901"
            ],
            "md5": "bab1c20edde855e0cdfb3ff548a406af",
            "ndownloads": 1350,
            "owner": "bioconda",
            "size": 120894118,
            "type": "conda",
            "upload_time": "2017-02-28 07:32:33.846000+00:00",
            "version": "2.8.1"
        },
        {
            "attrs": {
                "arch": "x86_64",
                "build": "0",
                "build_number": 0,
                "depends": [],
                "license": "Public Domain",
                "machine": "x86_64",
                "operatingsystem": "linux",
                "platform": "linux",
                "subdir": "linux-64",
                "target-triplet": "x86_64-any-linux"
            },
            "basename": "linux-64/sra-tools-2.6.2-0.tar.bz2",
            "dependencies": {
                "depends": []
            },
            "description": null,
            "distribution_type": "conda",
            "download_url": "//api.anaconda.org/download/bioconda/sra-tools/2.6.2/linux-64/sra-tools-2.6.2-0.tar.bz2",
            "full_name": "bioconda/sra-tools/2.6.2/linux-64/sra-tools-2.6.2-0.tar.bz2",
            "labels": [
                "main",
                "cf201901"
            ],
            "md5": "a2b878a19f2212c9cb8b60b9a97eeb6a",
            "ndownloads": 1202,
            "owner": "bioconda",
            "size": 93966876,
            "type": "conda",
            "upload_time": "2016-05-17 00:27:49.058000+00:00",
            "version": "2.6.2"
        },
        {
            "attrs": {
                "arch": "x86_64",
                "build": "0",
                "build_number": 0,
                "depends": [],
                "license": "Public Domain",
                "machine": "x86_64",
                "operatingsystem": "darwin",
                "platform": "osx",
                "subdir": "osx-64",
                "target-triplet": "x86_64-any-darwin"
            },
            "basename": "osx-64/sra-tools-2.6.2-0.tar.bz2",
            "dependencies": {
                "depends": []
            },
            "description": null,
            "distribution_type": "conda",
            "download_url": "//api.anaconda.org/download/bioconda/sra-tools/2.6.2/osx-64/sra-tools-2.6.2-0.tar.bz2",
            "full_name": "bioconda/sra-tools/2.6.2/osx-64/sra-tools-2.6.2-0.tar.bz2",
            "labels": [
                "main",
                "cf201901"
            ],
            "md5": "df9798b5acaf27f923ecfe294497f7b3",
            "ndownloads": 876,
            "owner": "bioconda",
            "size": 96769811,
            "type": "conda",
            "upload_time": "2016-05-17 00:29:58.513000+00:00",
            "version": "2.6.2"
        },
        {
            "attrs": {
                "arch": "x86_64",
                "build": "0",
                "build_number": 0,
                "depends": [],
                "license": "Public Domain",
                "machine": "x86_64",
                "operatingsystem": "linux",
                "platform": "linux",
                "subdir": "linux-64",
                "target-triplet": "x86_64-any-linux"
            },
            "basename": "linux-64/sra-tools-2.6.3-0.tar.bz2",
            "dependencies": {
                "depends": []
            },
            "description": null,
            "distribution_type": "conda",
            "download_url": "//api.anaconda.org/download/bioconda/sra-tools/2.6.3/linux-64/sra-tools-2.6.3-0.tar.bz2",
            "full_name": "bioconda/sra-tools/2.6.3/linux-64/sra-tools-2.6.3-0.tar.bz2",
            "labels": [
                "main",
                "cf201901"
            ],
            "md5": "7bb312bc06964bc27586721078e906f1",
            "ndownloads": 952,
            "owner": "bioconda",
            "size": 94746227,
            "type": "conda",
            "upload_time": "2016-06-15 07:30:37.300000+00:00",
            "version": "2.6.3"
        },
        {
            "attrs": {
                "arch": "x86_64",
                "build": "0",
                "build_number": 0,
                "depends": [],
                "license": "Public Domain",
                "machine": "x86_64",
                "operatingsystem": "darwin",
                "platform": "osx",
                "subdir": "osx-64",
                "target-triplet": "x86_64-any-darwin"
            },
            "basename": "osx-64/sra-tools-2.6.3-0.tar.bz2",
            "dependencies": {
                "depends": []
            },
            "description": null,
            "distribution_type": "conda",
            "download_url": "//api.anaconda.org/download/bioconda/sra-tools/2.6.3/osx-64/sra-tools-2.6.3-0.tar.bz2",
            "full_name": "bioconda/sra-tools/2.6.3/osx-64/sra-tools-2.6.3-0.tar.bz2",
            "labels": [
                "main",
                "cf201901"
            ],
            "md5": "d86839a9e47dfcdd6fbc7fe2ca737b8d",
            "ndownloads": 1621,
            "owner": "bioconda",
            "size": 97630845,
            "type": "conda",
            "upload_time": "2016-06-15 07:45:13.390000+00:00",
            "version": "2.6.3"
        },
        {
            "attrs": {
                "arch": "x86_64",
                "build": "0",
                "build_number": 0,
                "depends": [],
                "license": "Public Domain",
                "machine": "x86_64",
                "operatingsystem": "linux",
                "platform": "linux",
                "subdir": "linux-64",
                "target-triplet": "x86_64-any-linux"
            },
            "basename": "linux-64/sra-tools-2.7.0-0.tar.bz2",
            "dependencies": {
                "depends": []
            },
            "description": null,
            "distribution_type": "conda",
            "download_url": "//api.anaconda.org/download/bioconda/sra-tools/2.7.0/linux-64/sra-tools-2.7.0-0.tar.bz2",
            "full_name": "bioconda/sra-tools/2.7.0/linux-64/sra-tools-2.7.0-0.tar.bz2",
            "labels": [
                "main",
                "cf201901"
            ],
            "md5": "1cb3039c7dacd83c949530b98987853a",
            "ndownloads": 1245,
            "owner": "bioconda",
            "size": 87346068,
            "type": "conda",
            "upload_time": "2016-07-19 07:44:36.340000+00:00",
            "version": "2.7.0"
        },
        {
            "attrs": {
                "arch": "x86_64",
                "build": "0",
                "build_number": 0,
                "depends": [],
                "license": "Public Domain",
                "machine": "x86_64",
                "operatingsystem": "darwin",
                "platform": "osx",
                "subdir": "osx-64",
                "target-triplet": "x86_64-any-darwin"
            },
            "basename": "osx-64/sra-tools-2.7.0-0.tar.bz2",
            "dependencies": {
                "depends": []
            },
            "description": null,
            "distribution_type": "conda",
            "download_url": "//api.anaconda.org/download/bioconda/sra-tools/2.7.0/osx-64/sra-tools-2.7.0-0.tar.bz2",
            "full_name": "bioconda/sra-tools/2.7.0/osx-64/sra-tools-2.7.0-0.tar.bz2",
            "labels": [
                "main",
                "cf201901"
            ],
            "md5": "cb0435e4f9da114fbbf6a472e3d0cee7",
            "ndownloads": 1590,
            "owner": "bioconda",
            "size": 91378655,
            "type": "conda",
            "upload_time": "2016-07-19 07:45:08.292000+00:00",
            "version": "2.7.0"
        },
        {
            "attrs": {
                "arch": "x86_64",
                "build": "h550f44e_1",
                "build_number": 1,
                "depends": [
                    "libgcc-ng >=4.9"
                ],
                "has_prefix": false,
                "license": "Public Domain",
                "machine": "x86_64",
                "operatingsystem": "linux",
                "platform": "linux",
                "subdir": "linux-64",
                "target-triplet": "x86_64-any-linux",
                "timestamp": 1529170165791
            },
            "basename": "linux-64/sra-tools-2.8.2-h550f44e_1.tar.bz2",
            "dependencies": {
                "depends": [
                    {
                        "name": "libgcc-ng",
                        "specs": [
                            [
                                ">=",
                                "4.9"
                            ]
                        ]
                    }
                ]
            },
            "description": null,
            "distribution_type": "conda",
            "download_url": "//api.anaconda.org/download/bioconda/sra-tools/2.8.2/linux-64/sra-tools-2.8.2-h550f44e_1.tar.bz2",
            "full_name": "bioconda/sra-tools/2.8.2/linux-64/sra-tools-2.8.2-h550f44e_1.tar.bz2",
            "labels": [
                "main",
                "cf201901"
            ],
            "md5": "25019c2266fbeb66ee6e5e8bbe5802c2",
            "ndownloads": 1515,
            "owner": "bioconda",
            "size": 106762653,
            "type": "conda",
            "upload_time": "2018-06-16 17:32:53.120000+00:00",
            "version": "2.8.2"
        },
        {
            "attrs": {
                "arch": "x86_64",
                "build": "h470a237_0",
                "build_number": 0,
                "depends": [
                    "libgcc-ng >=4.9"
                ],
                "has_prefix": false,
                "license": "Public Domain",
                "machine": "x86_64",
                "operatingsystem": "linux",
                "platform": "linux",
                "subdir": "linux-64",
                "target-triplet": "x86_64-any-linux",
                "timestamp": 1530026344197
            },
            "basename": "linux-64/sra-tools-2.9.1-h470a237_0.tar.bz2",
            "dependencies": {
                "depends": [
                    {
                        "name": "libgcc-ng",
                        "specs": [
                            [
                                ">=",
                                "4.9"
                            ]
                        ]
                    }
                ]
            },
            "description": null,
            "distribution_type": "conda",
            "download_url": "//api.anaconda.org/download/bioconda/sra-tools/2.9.1/linux-64/sra-tools-2.9.1-h470a237_0.tar.bz2",
            "full_name": "bioconda/sra-tools/2.9.1/linux-64/sra-tools-2.9.1-h470a237_0.tar.bz2",
            "labels": [
                "main",
                "cf201901"
            ],
            "md5": "6e1b0611f051684a67b8f264a6d061d3",
            "ndownloads": 364,
            "owner": "bioconda",
            "size": 38538522,
            "type": "conda",
            "upload_time": "2018-06-26 15:21:06.294000+00:00",
            "version": "2.9.1"
        },
        {
            "attrs": {
                "arch": "x86_64",
                "build": "h470a237_0",
                "build_number": 0,
                "depends": [],
                "has_prefix": false,
                "license": "Public Domain",
                "machine": "x86_64",
                "operatingsystem": "darwin",
                "platform": "osx",
                "subdir": "osx-64",
                "target-triplet": "x86_64-any-darwin",
                "timestamp": 1530026805552
            },
            "basename": "osx-64/sra-tools-2.9.1-h470a237_0.tar.bz2",
            "dependencies": {
                "depends": []
            },
            "description": null,
            "distribution_type": "conda",
            "download_url": "//api.anaconda.org/download/bioconda/sra-tools/2.9.1/osx-64/sra-tools-2.9.1-h470a237_0.tar.bz2",
            "full_name": "bioconda/sra-tools/2.9.1/osx-64/sra-tools-2.9.1-h470a237_0.tar.bz2",
            "labels": [
                "main",
                "cf201901"
            ],
            "md5": "7555bc40e7a6d978e9055bf4a08d882a",
            "ndownloads": 774,
            "owner": "bioconda",
            "size": 46890697,
            "type": "conda",
            "upload_time": "2018-06-26 15:27:43.437000+00:00",
            "version": "2.9.1"
        },
        {
            "attrs": {
                "arch": "x86_64",
                "build": "0",
                "build_number": 0,
                "depends": [],
                "has_prefix": true,
                "license": "Public Domain",
                "machine": "x86_64",
                "operatingsystem": "linux",
                "platform": "linux",
                "subdir": "linux-64",
                "target-triplet": "x86_64-any-linux"
            },
            "basename": "linux-64/sra-tools-2.8.0-0.tar.bz2",
            "dependencies": {
                "depends": []
            },
            "description": null,
            "distribution_type": "conda",
            "download_url": "//api.anaconda.org/download/bioconda/sra-tools/2.8.0/linux-64/sra-tools-2.8.0-0.tar.bz2",
            "full_name": "bioconda/sra-tools/2.8.0/linux-64/sra-tools-2.8.0-0.tar.bz2",
            "labels": [
                "main",
                "cf201901"
            ],
            "md5": "eadb3754e866d2259844e79fc16118e3",
            "ndownloads": 1699,
            "owner": "bioconda",
            "size": 104592114,
            "type": "conda",
            "upload_time": "2016-12-07 13:14:39.076000+00:00",
            "version": "2.8.0"
        },
        {
            "attrs": {
                "arch": "x86_64",
                "build": "0",
                "build_number": 0,
                "depends": [],
                "has_prefix": true,
                "license": "Public Domain",
                "machine": "x86_64",
                "operatingsystem": "darwin",
                "platform": "osx",
                "subdir": "osx-64",
                "target-triplet": "x86_64-any-darwin"
            },
            "basename": "osx-64/sra-tools-2.8.0-0.tar.bz2",
            "dependencies": {
                "depends": []
            },
            "description": null,
            "distribution_type": "conda",
            "download_url": "//api.anaconda.org/download/bioconda/sra-tools/2.8.0/osx-64/sra-tools-2.8.0-0.tar.bz2",
            "full_name": "bioconda/sra-tools/2.8.0/osx-64/sra-tools-2.8.0-0.tar.bz2",
            "labels": [
                "main",
                "cf201901"
            ],
            "md5": "f6e5e7f102c363e88d782aa53cb007ad",
            "ndownloads": 1013,
            "owner": "bioconda",
            "size": 120931967,
            "type": "conda",
            "upload_time": "2016-12-07 13:31:25.534000+00:00",
            "version": "2.8.0"
        },
        {
            "attrs": {
                "arch": "x86_64",
                "build": "h550f44e_1",
                "build_number": 1,
                "depends": [],
                "has_prefix": false,
                "license": "Public Domain",
                "machine": "x86_64",
                "operatingsystem": "darwin",
                "platform": "osx",
                "subdir": "osx-64",
                "target-triplet": "x86_64-any-darwin",
                "timestamp": 1529018581898
            },
            "basename": "osx-64/sra-tools-2.8.2-h550f44e_1.tar.bz2",
            "dependencies": {
                "depends": []
            },
            "description": null,
            "distribution_type": "conda",
            "download_url": "//api.anaconda.org/download/bioconda/sra-tools/2.8.2/osx-64/sra-tools-2.8.2-h550f44e_1.tar.bz2",
            "full_name": "bioconda/sra-tools/2.8.2/osx-64/sra-tools-2.8.2-h550f44e_1.tar.bz2",
            "labels": [
                "main",
                "cf201901"
            ],
            "md5": "82951d44ace254505d144d2f2a787958",
            "ndownloads": 808,
            "owner": "bioconda",
            "size": 124574178,
            "type": "conda",
            "upload_time": "2018-06-14 23:25:09.041000+00:00",
            "version": "2.8.2"
        },
        {
            "attrs": {
                "arch": "x86_64",
                "build": "h470a237_1",
                "build_number": 1,
                "depends": [
                    "ncbi-ngs-sdk",
                    "ncbi-vdb"
                ],
                "has_prefix": false,
                "license": "Public Domain",
                "machine": "x86_64",
                "operatingsystem": "darwin",
                "platform": "osx",
                "subdir": "osx-64",
                "target-triplet": "x86_64-any-darwin",
                "timestamp": 1529439660477
            },
            "basename": "osx-64/sra-tools-2.9.0-h470a237_1.tar.bz2",
            "dependencies": {
                "depends": [
                    {
                        "name": "ncbi-ngs-sdk",
                        "specs": []
                    },
                    {
                        "name": "ncbi-vdb",
                        "specs": []
                    }
                ]
            },
            "description": null,
            "distribution_type": "conda",
            "download_url": "//api.anaconda.org/download/bioconda/sra-tools/2.9.0/osx-64/sra-tools-2.9.0-h470a237_1.tar.bz2",
            "full_name": "bioconda/sra-tools/2.9.0/osx-64/sra-tools-2.9.0-h470a237_1.tar.bz2",
            "labels": [
                "main",
                "cf201901"
            ],
            "md5": "feafa93f86c32843ceafcc9f57cf749b",
            "ndownloads": 766,
            "owner": "bioconda",
            "size": 47831077,
            "type": "conda",
            "upload_time": "2018-06-19 20:21:53.187000+00:00",
            "version": "2.9.0"
        },
        {
            "attrs": {
                "arch": "x86_64",
                "build": "0",
                "build_number": 0,
                "depends": [],
                "has_prefix": false,
                "license": "Public Domain",
                "machine": "x86_64",
                "operatingsystem": "darwin",
                "platform": "osx",
                "subdir": "osx-64",
                "target-triplet": "x86_64-any-darwin"
            },
            "basename": "osx-64/sra-tools-2.8.2-0.tar.bz2",
            "dependencies": {
                "depends": []
            },
            "description": null,
            "distribution_type": "conda",
            "download_url": "//api.anaconda.org/download/bioconda/sra-tools/2.8.2/osx-64/sra-tools-2.8.2-0.tar.bz2",
            "full_name": "bioconda/sra-tools/2.8.2/osx-64/sra-tools-2.8.2-0.tar.bz2",
            "labels": [
                "main",
                "cf201901"
            ],
            "md5": "a3bbc495d7de348e9a6947e0a7972f79",
            "ndownloads": 1193,
            "owner": "bioconda",
            "size": 123528608,
            "type": "conda",
            "upload_time": "2017-08-29 17:11:26.503000+00:00",
            "version": "2.8.2"
        },
        {
            "attrs": {
                "arch": "x86_64",
                "build": "0",
                "build_number": 0,
                "depends": [],
                "has_prefix": false,
                "license": "Public Domain",
                "machine": "x86_64",
                "operatingsystem": "linux",
                "platform": "linux",
                "subdir": "linux-64",
                "target-triplet": "x86_64-any-linux"
            },
            "basename": "linux-64/sra-tools-2.8.2-0.tar.bz2",
            "dependencies": {
                "depends": []
            },
            "description": null,
            "distribution_type": "conda",
            "download_url": "//api.anaconda.org/download/bioconda/sra-tools/2.8.2/linux-64/sra-tools-2.8.2-0.tar.bz2",
            "full_name": "bioconda/sra-tools/2.8.2/linux-64/sra-tools-2.8.2-0.tar.bz2",
            "labels": [
                "main",
                "cf201901"
            ],
            "md5": "7f8bcab69b2e9f9a87682dc0a68a2146",
            "ndownloads": 8189,
            "owner": "bioconda",
            "size": 107091972,
            "type": "conda",
            "upload_time": "2017-08-29 16:12:11.273000+00:00",
            "version": "2.8.2"
        },
        {
            "attrs": {
                "arch": "x86_64",
                "build": "0",
                "build_number": 0,
                "depends": [],
                "has_prefix": true,
                "license": "Public Domain",
                "machine": "x86_64",
                "operatingsystem": "linux",
                "platform": "linux",
                "subdir": "linux-64",
                "target-triplet": "x86_64-any-linux"
            },
            "basename": "linux-64/sra-tools-2.8.1-0.tar.bz2",
            "dependencies": {
                "depends": []
            },
            "description": null,
            "distribution_type": "conda",
            "download_url": "//api.anaconda.org/download/bioconda/sra-tools/2.8.1/linux-64/sra-tools-2.8.1-0.tar.bz2",
            "full_name": "bioconda/sra-tools/2.8.1/linux-64/sra-tools-2.8.1-0.tar.bz2",
            "labels": [
                "main",
                "cf201901"
            ],
            "md5": "8ad133be3965669006b15417bad2dc3b",
            "ndownloads": 5389,
            "owner": "bioconda",
            "size": 104596669,
            "type": "conda",
            "upload_time": "2017-02-28 07:21:55.336000+00:00",
            "version": "2.8.1"
        },
        {
            "attrs": {
                "arch": "x86_64",
                "build": "h470a237_1",
                "build_number": 1,
                "depends": [
                    "libgcc-ng >=4.9",
                    "ncbi-ngs-sdk",
                    "ncbi-vdb"
                ],
                "has_prefix": false,
                "license": "Public Domain",
                "machine": "x86_64",
                "operatingsystem": "linux",
                "platform": "linux",
                "subdir": "linux-64",
                "target-triplet": "x86_64-any-linux",
                "timestamp": 1529439427836
            },
            "basename": "linux-64/sra-tools-2.9.0-h470a237_1.tar.bz2",
            "dependencies": {
                "depends": [
                    {
                        "name": "libgcc-ng",
                        "specs": [
                            [
                                ">=",
                                "4.9"
                            ]
                        ]
                    },
                    {
                        "name": "ncbi-ngs-sdk",
                        "specs": []
                    },
                    {
                        "name": "ncbi-vdb",
                        "specs": []
                    }
                ]
            },
            "description": null,
            "distribution_type": "conda",
            "download_url": "//api.anaconda.org/download/bioconda/sra-tools/2.9.0/linux-64/sra-tools-2.9.0-h470a237_1.tar.bz2",
            "full_name": "bioconda/sra-tools/2.9.0/linux-64/sra-tools-2.9.0-h470a237_1.tar.bz2",
            "labels": [
                "main",
                "cf201901"
            ],
            "md5": "5c85986a8127c2928a01d0f3b8cdd9ed",
            "ndownloads": 719,
            "owner": "bioconda",
            "size": 39097821,
            "type": "conda",
            "upload_time": "2018-06-19 20:19:14.259000+00:00",
            "version": "2.9.0"
        },
        {
            "attrs": {
                "arch": "x86_64",
                "build": "h470a237_0",
                "build_number": 0,
                "depends": [
                    "libgcc-ng >=4.9"
                ],
                "has_prefix": false,
                "license": "Public Domain",
                "machine": "x86_64",
                "operatingsystem": "linux",
                "platform": "linux",
                "subdir": "linux-64",
                "target-triplet": "x86_64-any-linux",
                "timestamp": 1530573232139
            },
            "basename": "linux-64/sra-tools-2.9.1_1-h470a237_0.tar.bz2",
            "dependencies": {
                "depends": [
                    {
                        "name": "libgcc-ng",
                        "specs": [
                            [
                                ">=",
                                "4.9"
                            ]
                        ]
                    }
                ]
            },
            "description": null,
            "distribution_type": "conda",
            "download_url": "//api.anaconda.org/download/bioconda/sra-tools/2.9.1_1/linux-64/sra-tools-2.9.1_1-h470a237_0.tar.bz2",
            "full_name": "bioconda/sra-tools/2.9.1_1/linux-64/sra-tools-2.9.1_1-h470a237_0.tar.bz2",
            "labels": [
                "main",
                "cf201901"
            ],
            "md5": "ed5f34daa4a75ebfd60c2a955b46bd8d",
            "ndownloads": 12010,
            "owner": "bioconda",
            "size": 39815251,
            "type": "conda",
            "upload_time": "2018-07-02 23:17:24.411000+00:00",
            "version": "2.9.1_1"
        },
        {
            "attrs": {
                "arch": "x86_64",
                "build": "h470a237_0",
                "build_number": 0,
                "depends": [],
                "has_prefix": false,
                "license": "Public Domain",
                "machine": "x86_64",
                "operatingsystem": "darwin",
                "platform": "osx",
                "subdir": "osx-64",
                "target-triplet": "x86_64-any-darwin",
                "timestamp": 1530580732120
            },
            "basename": "osx-64/sra-tools-2.9.1_1-h470a237_0.tar.bz2",
            "dependencies": {
                "depends": []
            },
            "description": null,
            "distribution_type": "conda",
            "download_url": "//api.anaconda.org/download/bioconda/sra-tools/2.9.1_1/osx-64/sra-tools-2.9.1_1-h470a237_0.tar.bz2",
            "full_name": "bioconda/sra-tools/2.9.1_1/osx-64/sra-tools-2.9.1_1-h470a237_0.tar.bz2",
            "labels": [
                "main",
                "cf201901"
            ],
            "md5": "b36a690675f2f5bee802bc6c92c76bce",
            "ndownloads": 2815,
            "owner": "bioconda",
            "size": 48230661,
            "type": "conda",
            "upload_time": "2018-07-03 01:19:57.512000+00:00",
            "version": "2.9.1_1"
        },
        {
            "attrs": {
                "arch": "x86_64",
                "build": "hf484d3e_0",
                "build_number": 0,
                "depends": [
                    "libgcc-ng >=7.3.0",
                    "libstdcxx-ng >=7.3.0"
                ],
                "has_prefix": false,
                "license": "Public Domain",
                "machine": "x86_64",
                "operatingsystem": "linux",
                "platform": "linux",
                "subdir": "linux-64",
                "target-triplet": "x86_64-any-linux",
                "timestamp": 1560371984656
            },
            "basename": "linux-64/sra-tools-2.9.6-hf484d3e_0.tar.bz2",
            "dependencies": {
                "depends": [
                    {
                        "name": "libgcc-ng",
                        "specs": [
                            [
                                ">=",
                                "7.3.0"
                            ]
                        ]
                    },
                    {
                        "name": "libstdcxx-ng",
                        "specs": [
                            [
                                ">=",
                                "7.3.0"
                            ]
                        ]
                    }
                ]
            },
            "description": null,
            "distribution_type": "conda",
            "download_url": "//api.anaconda.org/download/bioconda/sra-tools/2.9.6/linux-64/sra-tools-2.9.6-hf484d3e_0.tar.bz2",
            "full_name": "bioconda/sra-tools/2.9.6/linux-64/sra-tools-2.9.6-hf484d3e_0.tar.bz2",
            "labels": [
                "main"
            ],
            "md5": "010360b3ab732be603d3798b5d1bacc4",
            "ndownloads": 3415,
            "owner": "bioconda",
            "size": 47261941,
            "type": "conda",
            "upload_time": "2019-06-12 20:43:33.936000+00:00",
            "version": "2.9.6"
        },
        {
            "attrs": {
                "arch": "x86_64",
                "build": "h0a44026_0",
                "build_number": 0,
                "depends": [
                    "libcxx >=4.0.1"
                ],
                "has_prefix": false,
                "license": "Public Domain",
                "machine": "x86_64",
                "operatingsystem": "darwin",
                "platform": "osx",
                "subdir": "osx-64",
                "target-triplet": "x86_64-any-darwin",
                "timestamp": 1560372369180
            },
            "basename": "osx-64/sra-tools-2.9.6-h0a44026_0.tar.bz2",
            "dependencies": {
                "depends": [
                    {
                        "name": "libcxx",
                        "specs": [
                            [
                                ">=",
                                "4.0.1"
                            ]
                        ]
                    }
                ]
            },
            "description": null,
            "distribution_type": "conda",
            "download_url": "//api.anaconda.org/download/bioconda/sra-tools/2.9.6/osx-64/sra-tools-2.9.6-h0a44026_0.tar.bz2",
            "full_name": "bioconda/sra-tools/2.9.6/osx-64/sra-tools-2.9.6-h0a44026_0.tar.bz2",
            "labels": [
                "main"
            ],
            "md5": "8ac81ef7ea03101fa0748572d596c369",
            "ndownloads": 985,
            "owner": "bioconda",
            "size": 49572252,
            "type": "conda",
            "upload_time": "2019-06-12 20:47:38.040000+00:00",
            "version": "2.9.6"
        },
        {
            "attrs": {
                "arch": "x86_64",
                "build": "pl526he1b5a44_0",
                "build_number": 0,
                "depends": [
                    "libgcc-ng >=7.3.0",
                    "libstdcxx-ng >=7.3.0",
                    "ncbi-ngs-sdk",
                    "perl >=5.26.2,<5.26.3.0a0",
                    "perl-uri",
                    "perl-xml-libxml"
                ],
                "has_prefix": false,
                "license": "Public Domain",
                "machine": "x86_64",
                "operatingsystem": "linux",
                "platform": "linux",
                "subdir": "linux-64",
                "target-triplet": "x86_64-any-linux",
                "timestamp": 1566370184368
            },
            "basename": "linux-64/sra-tools-2.10.0-pl526he1b5a44_0.tar.bz2",
            "dependencies": {
                "depends": [
                    {
                        "name": "libgcc-ng",
                        "specs": [
                            [
                                ">=",
                                "7.3.0"
                            ]
                        ]
                    },
                    {
                        "name": "libstdcxx-ng",
                        "specs": [
                            [
                                ">=",
                                "7.3.0"
                            ]
                        ]
                    },
                    {
                        "name": "ncbi-ngs-sdk",
                        "specs": []
                    },
                    {
                        "name": "perl",
                        "specs": [
                            [
                                ">=",
                                "5.26.2,<5.26.3.0a0"
                            ]
                        ]
                    },
                    {
                        "name": "perl-uri",
                        "specs": []
                    },
                    {
                        "name": "perl-xml-libxml",
                        "specs": []
                    }
                ]
            },
            "description": null,
            "distribution_type": "conda",
            "download_url": "//api.anaconda.org/download/bioconda/sra-tools/2.10.0/linux-64/sra-tools-2.10.0-pl526he1b5a44_0.tar.bz2",
            "full_name": "bioconda/sra-tools/2.10.0/linux-64/sra-tools-2.10.0-pl526he1b5a44_0.tar.bz2",
            "labels": [
                "main"
            ],
            "md5": "4fa63a77ca7de673be36c22791106fca",
            "ndownloads": 5216,
            "owner": "bioconda",
            "size": 49600142,
            "type": "conda",
            "upload_time": "2019-08-21 06:53:55.204000+00:00",
            "version": "2.10.0"
        },
        {
            "attrs": {
                "arch": "x86_64",
                "build": "pl526h6de7cb9_0",
                "build_number": 0,
                "depends": [
                    "libcxx >=4.0.1",
                    "ncbi-ngs-sdk",
                    "perl >=5.26.2,<5.26.3.0a0",
                    "perl-uri",
                    "perl-xml-libxml"
                ],
                "has_prefix": false,
                "license": "Public Domain",
                "machine": "x86_64",
                "operatingsystem": "darwin",
                "platform": "osx",
                "subdir": "osx-64",
                "target-triplet": "x86_64-any-darwin",
                "timestamp": 1566370474448
            },
            "basename": "osx-64/sra-tools-2.10.0-pl526h6de7cb9_0.tar.bz2",
            "dependencies": {
                "depends": [
                    {
                        "name": "libcxx",
                        "specs": [
                            [
                                ">=",
                                "4.0.1"
                            ]
                        ]
                    },
                    {
                        "name": "ncbi-ngs-sdk",
                        "specs": []
                    },
                    {
                        "name": "perl",
                        "specs": [
                            [
                                ">=",
                                "5.26.2,<5.26.3.0a0"
                            ]
                        ]
                    },
                    {
                        "name": "perl-uri",
                        "specs": []
                    },
                    {
                        "name": "perl-xml-libxml",
                        "specs": []
                    }
                ]
            },
            "description": null,
            "distribution_type": "conda",
            "download_url": "//api.anaconda.org/download/bioconda/sra-tools/2.10.0/osx-64/sra-tools-2.10.0-pl526h6de7cb9_0.tar.bz2",
            "full_name": "bioconda/sra-tools/2.10.0/osx-64/sra-tools-2.10.0-pl526h6de7cb9_0.tar.bz2",
            "labels": [
                "main"
            ],
            "md5": "8732eae0fdbe2f49e12b09decf4a7178",
            "ndownloads": 1407,
            "owner": "bioconda",
            "size": 50507105,
            "type": "conda",
            "upload_time": "2019-08-21 06:56:03.788000+00:00",
            "version": "2.10.0"
        },
        {
            "attrs": {
                "arch": "x86_64",
                "build": "pl526haddd2b5_0",
                "build_number": 0,
                "depends": [
                    "hdf5 >=1.10.5,<1.10.6.0a0",
                    "libgcc-ng >=7.3.0",
                    "libstdcxx-ng >=7.3.0",
                    "libxml2 >=2.9.10,<2.10.0a0",
                    "ncbi-ngs-sdk",
                    "perl >=5.26.2,<5.26.3.0a0",
                    "perl-uri",
                    "perl-xml-libxml"
                ],
                "has_prefix": false,
                "license": "Public Domain",
                "machine": "x86_64",
                "operatingsystem": "linux",
                "platform": "linux",
                "subdir": "linux-64",
                "target-triplet": "x86_64-any-linux",
                "timestamp": 1576759884956
            },
            "basename": "linux-64/sra-tools-2.10.1-pl526haddd2b5_0.tar.bz2",
            "dependencies": {
                "depends": [
                    {
                        "name": "hdf5",
                        "specs": [
                            [
                                ">=",
                                "1.10.5,<1.10.6.0a0"
                            ]
                        ]
                    },
                    {
                        "name": "libgcc-ng",
                        "specs": [
                            [
                                ">=",
                                "7.3.0"
                            ]
                        ]
                    },
                    {
                        "name": "libstdcxx-ng",
                        "specs": [
                            [
                                ">=",
                                "7.3.0"
                            ]
                        ]
                    },
                    {
                        "name": "libxml2",
                        "specs": [
                            [
                                ">=",
                                "2.9.10,<2.10.0a0"
                            ]
                        ]
                    },
                    {
                        "name": "ncbi-ngs-sdk",
                        "specs": []
                    },
                    {
                        "name": "perl",
                        "specs": [
                            [
                                ">=",
                                "5.26.2,<5.26.3.0a0"
                            ]
                        ]
                    },
                    {
                        "name": "perl-uri",
                        "specs": []
                    },
                    {
                        "name": "perl-xml-libxml",
                        "specs": []
                    }
                ]
            },
            "description": null,
            "distribution_type": "conda",
            "download_url": "//api.anaconda.org/download/bioconda/sra-tools/2.10.1/linux-64/sra-tools-2.10.1-pl526haddd2b5_0.tar.bz2",
            "full_name": "bioconda/sra-tools/2.10.1/linux-64/sra-tools-2.10.1-pl526haddd2b5_0.tar.bz2",
            "labels": [
                "main"
            ],
            "md5": "5e5fa3072e60b4dd0c30d40147ea8921",
            "ndownloads": 369,
            "owner": "bioconda",
            "size": 49588638,
            "type": "conda",
            "upload_time": "2019-12-19 13:19:26.008000+00:00",
            "version": "2.10.1"
        },
        {
            "attrs": {
                "arch": "x86_64",
                "build": "pl526h9f37e31_0",
                "build_number": 0,
                "depends": [
                    "hdf5 >=1.10.5,<1.10.6.0a0",
                    "libcxx >=4.0.1",
                    "libxml2 >=2.9.10,<2.10.0a0",
                    "ncbi-ngs-sdk",
                    "perl >=5.26.2,<5.26.3.0a0",
                    "perl-uri",
                    "perl-xml-libxml"
                ],
                "has_prefix": false,
                "license": "Public Domain",
                "machine": "x86_64",
                "operatingsystem": "darwin",
                "platform": "osx",
                "subdir": "osx-64",
                "target-triplet": "x86_64-any-darwin",
                "timestamp": 1576760897344
            },
            "basename": "osx-64/sra-tools-2.10.1-pl526h9f37e31_0.tar.bz2",
            "dependencies": {
                "depends": [
                    {
                        "name": "hdf5",
                        "specs": [
                            [
                                ">=",
                                "1.10.5,<1.10.6.0a0"
                            ]
                        ]
                    },
                    {
                        "name": "libcxx",
                        "specs": [
                            [
                                ">=",
                                "4.0.1"
                            ]
                        ]
                    },
                    {
                        "name": "libxml2",
                        "specs": [
                            [
                                ">=",
                                "2.9.10,<2.10.0a0"
                            ]
                        ]
                    },
                    {
                        "name": "ncbi-ngs-sdk",
                        "specs": []
                    },
                    {
                        "name": "perl",
                        "specs": [
                            [
                                ">=",
                                "5.26.2,<5.26.3.0a0"
                            ]
                        ]
                    },
                    {
                        "name": "perl-uri",
                        "specs": []
                    },
                    {
                        "name": "perl-xml-libxml",
                        "specs": []
                    }
                ]
            },
            "description": null,
            "distribution_type": "conda",
            "download_url": "//api.anaconda.org/download/bioconda/sra-tools/2.10.1/osx-64/sra-tools-2.10.1-pl526h9f37e31_0.tar.bz2",
            "full_name": "bioconda/sra-tools/2.10.1/osx-64/sra-tools-2.10.1-pl526h9f37e31_0.tar.bz2",
            "labels": [
                "main"
            ],
            "md5": "ebd160361eafee7dd39f81c188561690",
            "ndownloads": 144,
            "owner": "bioconda",
            "size": 50486671,
            "type": "conda",
            "upload_time": "2019-12-19 13:19:30.139000+00:00",
            "version": "2.10.1"
        }
    ],
    "full_name": "bioconda/sra-tools",
    "home": "None",
    "html_url": "http://anaconda.org/bioconda/sra-tools",
    "id": "573a65847860ba232f8824f8",
    "latest_version": "2.10.1",
    "license": "Public Domain",
    "license_url": null,
    "modified_at": "2019-12-19 13:19:31.219000+00:00",
    "name": "sra-tools",
    "owner": {
        "company": "",
        "created_at": "2015-09-11 22:59:20.880000+00:00",
        "description": "Bioconda is a distribution of bioinformatics software realized as a channel for the versatile Conda package manager.",
        "location": "",
        "login": "bioconda",
        "name": "bioconda",
        "url": "",
        "user_type": "org"
    },
    "package_types": [
        "conda"
    ],
    "public": true,
    "releases": [
        {
            "distributions": [
                "linux-64/sra-tools-2.6.2-0.tar.bz2",
                "osx-64/sra-tools-2.6.2-0.tar.bz2"
            ],
            "full_name": "bioconda/sra-tools/2.6.2",
            "version": "2.6.2"
        },
        {
            "distributions": [
                "linux-64/sra-tools-2.6.3-0.tar.bz2",
                "osx-64/sra-tools-2.6.3-0.tar.bz2"
            ],
            "full_name": "bioconda/sra-tools/2.6.3",
            "version": "2.6.3"
        },
        {
            "distributions": [],
            "full_name": "bioconda/sra-tools/2.7.0",
            "version": "2.7.0"
        },
        {
            "distributions": [],
            "full_name": "bioconda/sra-tools/2.8.0",
            "version": "2.8.0"
        },
        {
            "distributions": [],
            "full_name": "bioconda/sra-tools/2.8.1",
            "version": "2.8.1"
        },
        {
            "distributions": [],
            "full_name": "bioconda/sra-tools/2.8.2",
            "version": "2.8.2"
        },
        {
            "distributions": [],
            "full_name": "bioconda/sra-tools/2.9.0",
            "version": "2.9.0"
        },
        {
            "distributions": [],
            "full_name": "bioconda/sra-tools/2.9.1",
            "version": "2.9.1"
        },
        {
            "distributions": [],
            "full_name": "bioconda/sra-tools/2.9.1_1",
            "version": "2.9.1_1"
        },
        {
            "distributions": [],
            "full_name": "bioconda/sra-tools/2.9.6",
            "version": "2.9.6"
        },
        {
            "distributions": [],
            "full_name": "bioconda/sra-tools/2.10.0",
            "version": "2.10.0"
        },
        {
            "distributions": [],
            "full_name": "bioconda/sra-tools/2.10.1",
            "version": "2.10.1"
        }
    ],
    "revision": 22,
    "source_git_tag": null,
    "source_git_url": null,
    "summary": "SRA Toolkit and SDK from NCBI",
    "upvoted": 0,
    "url": "http://api.anaconda.org/packages/bioconda/sra-tools",
    "versions": [
        "2.6.2",
        "2.6.3",
        "2.7.0",
        "2.8.0",
        "2.8.1",
        "2.8.2",
        "2.9.0",
        "2.9.1",
        "2.9.1_1",
        "2.9.6",
        "2.10.0",
        "2.10.1"
    ],
    "watchers": 1
}