{
    "app_entry": {},
    "app_summary": {},
    "app_type": {},
    "builds": [
        "1",
        "0",
        "2",
        "hd1ccf6d_3"
    ],
    "conda_platforms": [
        "linux-64"
    ],
    "created_at": "2017-11-12 10:10:11.419000+00:00",
    "description": "",
    "dev_url": null,
    "doc_url": null,
    "files": [
        {
            "attrs": {
                "arch": "x86_64",
                "build": "2",
                "build_number": 2,
                "depends": [
                    "gsl 2.2*",
                    "openblas"
                ],
                "has_prefix": false,
                "license": "GPL-3.0",
                "machine": "x86_64",
                "operatingsystem": "linux",
                "platform": "linux",
                "subdir": "linux-64",
                "target-triplet": "x86_64-any-linux"
            },
            "basename": "linux-64/sts-smctc-1.0-2.tar.bz2",
            "dependencies": {
                "depends": [
                    {
                        "name": "gsl",
                        "specs": [
                            [
                                "==",
                                "2.2"
                            ]
                        ]
                    },
                    {
                        "name": "openblas",
                        "specs": []
                    }
                ]
            },
            "description": null,
            "distribution_type": "conda",
            "download_url": "//api.anaconda.org/download/bioconda/sts-smctc/1.0/linux-64/sts-smctc-1.0-2.tar.bz2",
            "full_name": "bioconda/sts-smctc/1.0/linux-64/sts-smctc-1.0-2.tar.bz2",
            "labels": [
                "main",
                "cf201901"
            ],
            "md5": "e05c5d5d4a59b1c4b268b0544605cbdd",
            "ndownloads": 112,
            "owner": "bioconda",
            "size": 35703,
            "type": "conda",
            "upload_time": "2018-04-18 20:51:10.338000+00:00",
            "version": "1.0"
        },
        {
            "attrs": {
                "arch": "x86_64",
                "build": "0",
                "build_number": 0,
                "depends": [
                    "gsl 1.16"
                ],
                "has_prefix": false,
                "license": "GPL-3.0",
                "machine": "x86_64",
                "operatingsystem": "linux",
                "platform": "linux",
                "subdir": "linux-64",
                "target-triplet": "x86_64-any-linux"
            },
            "basename": "linux-64/sts-smctc-1.0-0.tar.bz2",
            "dependencies": {
                "depends": [
                    {
                        "name": "gsl",
                        "specs": [
                            [
                                "==",
                                "1.16"
                            ]
                        ]
                    }
                ]
            },
            "description": null,
            "distribution_type": "conda",
            "download_url": "//api.anaconda.org/download/bioconda/sts-smctc/1.0/linux-64/sts-smctc-1.0-0.tar.bz2",
            "full_name": "bioconda/sts-smctc/1.0/linux-64/sts-smctc-1.0-0.tar.bz2",
            "labels": [
                "main",
                "cf201901"
            ],
            "md5": "de30d49b6cd693dce0b9167884f099b3",
            "ndownloads": 745,
            "owner": "bioconda",
            "size": 18972,
            "type": "conda",
            "upload_time": "2017-11-12 10:10:12.040000+00:00",
            "version": "1.0"
        },
        {
            "attrs": {
                "arch": "x86_64",
                "build": "1",
                "build_number": 1,
                "depends": [
                    "gsl 1.16"
                ],
                "has_prefix": false,
                "license": "GPL-3.0",
                "machine": "x86_64",
                "operatingsystem": "linux",
                "platform": "linux",
                "subdir": "linux-64",
                "target-triplet": "x86_64-any-linux"
            },
            "basename": "linux-64/sts-smctc-1.0-1.tar.bz2",
            "dependencies": {
                "depends": [
                    {
                        "name": "gsl",
                        "specs": [
                            [
                                "==",
                                "1.16"
                            ]
                        ]
                    }
                ]
            },
            "description": null,
            "distribution_type": "conda",
            "download_url": "//api.anaconda.org/download/bioconda/sts-smctc/1.0/linux-64/sts-smctc-1.0-1.tar.bz2",
            "full_name": "bioconda/sts-smctc/1.0/linux-64/sts-smctc-1.0-1.tar.bz2",
            "labels": [
                "main",
                "cf201901"
            ],
            "md5": "e9c5c8829e8a02693d53f2b621170ee6",
            "ndownloads": 360,
            "owner": "bioconda",
            "size": 35337,
            "type": "conda",
            "upload_time": "2017-11-15 23:45:06.432000+00:00",
            "version": "1.0"
        },
        {
            "attrs": {
                "arch": "x86_64",
                "build": "hd1ccf6d_3",
                "build_number": 3,
                "depends": [
                    "gsl >=2.2.1,<2.3.0a0",
                    "libgcc-ng >=4.9",
                    "openblas >=0.2.20,<0.2.21.0a0"
                ],
                "has_prefix": false,
                "license": "GPL-3.0",
                "machine": "x86_64",
                "operatingsystem": "linux",
                "platform": "linux",
                "subdir": "linux-64",
                "target-triplet": "x86_64-any-linux",
                "timestamp": 1529604000861
            },
            "basename": "linux-64/sts-smctc-1.0-hd1ccf6d_3.tar.bz2",
            "dependencies": {
                "depends": [
                    {
                        "name": "gsl",
                        "specs": [
                            [
                                ">=",
                                "2.2.1,<2.3.0a0"
                            ]
                        ]
                    },
                    {
                        "name": "libgcc-ng",
                        "specs": [
                            [
                                ">=",
                                "4.9"
                            ]
                        ]
                    },
                    {
                        "name": "openblas",
                        "specs": [
                            [
                                ">=",
                                "0.2.20,<0.2.21.0a0"
                            ]
                        ]
                    }
                ]
            },
            "description": null,
            "distribution_type": "conda",
            "download_url": "//api.anaconda.org/download/bioconda/sts-smctc/1.0/linux-64/sts-smctc-1.0-hd1ccf6d_3.tar.bz2",
            "full_name": "bioconda/sts-smctc/1.0/linux-64/sts-smctc-1.0-hd1ccf6d_3.tar.bz2",
            "labels": [
                "main",
                "cf201901"
            ],
            "md5": "25453247ad5265995318edfba3ec173e",
            "ndownloads": 585,
            "owner": "bioconda",
            "size": 35765,
            "type": "conda",
            "upload_time": "2018-06-21 18:01:17.129000+00:00",
            "version": "1.0"
        }
    ],
    "full_name": "bioconda/sts-smctc",
    "home": "https://github.com/matsengrp/smctc",
    "html_url": "http://anaconda.org/bioconda/sts-smctc",
    "id": "5a081e03307dba1229dec8c3",
    "latest_version": "1.0",
    "license": "GPL-3.0",
    "license_url": null,
    "modified_at": "2018-06-21 18:01:17.659000+00:00",
    "name": "sts-smctc",
    "owner": {
        "company": "",
        "created_at": "2015-09-11 22:59:20.880000+00:00",
        "description": "Bioconda is a distribution of bioinformatics software realized as a channel for the versatile Conda package manager.",
        "location": "",
        "login": "bioconda",
        "name": "bioconda",
        "url": "",
        "user_type": "org"
    },
    "package_types": [
        "conda"
    ],
    "public": true,
    "releases": [
        {
            "distributions": [],
            "full_name": "bioconda/sts-smctc/1.0",
            "version": "1.0"
        }
    ],
    "revision": 2,
    "source_git_tag": null,
    "source_git_url": null,
    "summary": "A C++ template class library for the efficient and convenient implementation of very general Sequential Monte Carlo algorithms.",
    "upvoted": 0,
    "url": "http://api.anaconda.org/packages/bioconda/sts-smctc",
    "versions": [
        "1.0"
    ],
    "watchers": 1
}