{
    "app_entry": {},
    "app_summary": {},
    "app_type": {},
    "builds": [
        "he860b03_1",
        "he860b03_0",
        "h5c9b4e4_1",
        "h5c9b4e4_0"
    ],
    "conda_platforms": [
        "linux-64",
        "osx-64"
    ],
    "created_at": "2019-04-01 21:41:31.562000+00:00",
    "description": "",
    "dev_url": null,
    "doc_url": null,
    "files": [
        {
            "attrs": {
                "arch": "x86_64",
                "build": "h5c9b4e4_1",
                "build_number": 1,
                "depends": [
                    "libcxx >=4.0.1",
                    "zlib >=1.2.11,<1.3.0a0"
                ],
                "has_prefix": true,
                "license": "Apache-2.0",
                "machine": "x86_64",
                "operatingsystem": "darwin",
                "platform": "osx",
                "subdir": "osx-64",
                "target-triplet": "x86_64-any-darwin",
                "timestamp": 1554154880796
            },
            "basename": "osx-64/svict-1.0.0-h5c9b4e4_1.tar.bz2",
            "dependencies": {
                "depends": [
                    {
                        "name": "libcxx",
                        "specs": [
                            [
                                ">=",
                                "4.0.1"
                            ]
                        ]
                    },
                    {
                        "name": "zlib",
                        "specs": [
                            [
                                ">=",
                                "1.2.11,<1.3.0a0"
                            ]
                        ]
                    }
                ]
            },
            "description": null,
            "distribution_type": "conda",
            "download_url": "//api.anaconda.org/download/bioconda/svict/1.0.0/osx-64/svict-1.0.0-h5c9b4e4_1.tar.bz2",
            "full_name": "bioconda/svict/1.0.0/osx-64/svict-1.0.0-h5c9b4e4_1.tar.bz2",
            "labels": [
                "main"
            ],
            "md5": "3b368254098ce81dd7ebf4da1458d993",
            "ndownloads": 553,
            "owner": "bioconda",
            "size": 235000,
            "type": "conda",
            "upload_time": "2019-04-01 21:41:32.792000+00:00",
            "version": "1.0.0"
        },
        {
            "attrs": {
                "arch": "x86_64",
                "build": "he860b03_1",
                "build_number": 1,
                "depends": [
                    "libgcc-ng >=7.3.0",
                    "libstdcxx-ng >=7.3.0",
                    "zlib >=1.2.11,<1.3.0a0"
                ],
                "has_prefix": false,
                "license": "Apache-2.0",
                "machine": "x86_64",
                "operatingsystem": "linux",
                "platform": "linux",
                "subdir": "linux-64",
                "target-triplet": "x86_64-any-linux",
                "timestamp": 1554155031496
            },
            "basename": "linux-64/svict-1.0.0-he860b03_1.tar.bz2",
            "dependencies": {
                "depends": [
                    {
                        "name": "libgcc-ng",
                        "specs": [
                            [
                                ">=",
                                "7.3.0"
                            ]
                        ]
                    },
                    {
                        "name": "libstdcxx-ng",
                        "specs": [
                            [
                                ">=",
                                "7.3.0"
                            ]
                        ]
                    },
                    {
                        "name": "zlib",
                        "specs": [
                            [
                                ">=",
                                "1.2.11,<1.3.0a0"
                            ]
                        ]
                    }
                ]
            },
            "description": null,
            "distribution_type": "conda",
            "download_url": "//api.anaconda.org/download/bioconda/svict/1.0.0/linux-64/svict-1.0.0-he860b03_1.tar.bz2",
            "full_name": "bioconda/svict/1.0.0/linux-64/svict-1.0.0-he860b03_1.tar.bz2",
            "labels": [
                "main"
            ],
            "md5": "ad1e329a038a074a32dc7752d8fe98a9",
            "ndownloads": 104,
            "owner": "bioconda",
            "size": 264149,
            "type": "conda",
            "upload_time": "2019-04-01 21:45:14.507000+00:00",
            "version": "1.0.0"
        },
        {
            "attrs": {
                "arch": "x86_64",
                "build": "he860b03_0",
                "build_number": 0,
                "depends": [
                    "libgcc-ng >=7.3.0",
                    "libstdcxx-ng >=7.3.0",
                    "zlib >=1.2.11,<1.3.0a0"
                ],
                "has_prefix": false,
                "license": "Apache-2.0",
                "machine": "x86_64",
                "operatingsystem": "linux",
                "platform": "linux",
                "subdir": "linux-64",
                "target-triplet": "x86_64-any-linux",
                "timestamp": 1560632019597
            },
            "basename": "linux-64/svict-1.0.1-he860b03_0.tar.bz2",
            "dependencies": {
                "depends": [
                    {
                        "name": "libgcc-ng",
                        "specs": [
                            [
                                ">=",
                                "7.3.0"
                            ]
                        ]
                    },
                    {
                        "name": "libstdcxx-ng",
                        "specs": [
                            [
                                ">=",
                                "7.3.0"
                            ]
                        ]
                    },
                    {
                        "name": "zlib",
                        "specs": [
                            [
                                ">=",
                                "1.2.11,<1.3.0a0"
                            ]
                        ]
                    }
                ]
            },
            "description": null,
            "distribution_type": "conda",
            "download_url": "//api.anaconda.org/download/bioconda/svict/1.0.1/linux-64/svict-1.0.1-he860b03_0.tar.bz2",
            "full_name": "bioconda/svict/1.0.1/linux-64/svict-1.0.1-he860b03_0.tar.bz2",
            "labels": [
                "main"
            ],
            "md5": "b8c5ef4f9f3b23f849e9072986744966",
            "ndownloads": 81,
            "owner": "bioconda",
            "size": 254431,
            "type": "conda",
            "upload_time": "2019-06-15 22:21:33.723000+00:00",
            "version": "1.0.1"
        },
        {
            "attrs": {
                "arch": "x86_64",
                "build": "h5c9b4e4_0",
                "build_number": 0,
                "depends": [
                    "libcxx >=4.0.1",
                    "zlib >=1.2.11,<1.3.0a0"
                ],
                "has_prefix": true,
                "license": "Apache-2.0",
                "machine": "x86_64",
                "operatingsystem": "darwin",
                "platform": "osx",
                "subdir": "osx-64",
                "target-triplet": "x86_64-any-darwin",
                "timestamp": 1560633721144
            },
            "basename": "osx-64/svict-1.0.1-h5c9b4e4_0.tar.bz2",
            "dependencies": {
                "depends": [
                    {
                        "name": "libcxx",
                        "specs": [
                            [
                                ">=",
                                "4.0.1"
                            ]
                        ]
                    },
                    {
                        "name": "zlib",
                        "specs": [
                            [
                                ">=",
                                "1.2.11,<1.3.0a0"
                            ]
                        ]
                    }
                ]
            },
            "description": null,
            "distribution_type": "conda",
            "download_url": "//api.anaconda.org/download/bioconda/svict/1.0.1/osx-64/svict-1.0.1-h5c9b4e4_0.tar.bz2",
            "full_name": "bioconda/svict/1.0.1/osx-64/svict-1.0.1-h5c9b4e4_0.tar.bz2",
            "labels": [
                "main"
            ],
            "md5": "5a7ca36f692a9f15c9508a3d9894312f",
            "ndownloads": 400,
            "owner": "bioconda",
            "size": 236023,
            "type": "conda",
            "upload_time": "2019-06-15 22:21:36.283000+00:00",
            "version": "1.0.1"
        }
    ],
    "full_name": "bioconda/svict",
    "home": "https://github.com/vpc-ccg/svict",
    "html_url": "http://anaconda.org/bioconda/svict",
    "id": "5ca2858bd9c2cf33335c3161",
    "latest_version": "1.0.1",
    "license": "Apache-2.0",
    "license_url": null,
    "modified_at": "2019-06-15 22:21:36.596000+00:00",
    "name": "svict",
    "owner": {
        "company": "",
        "created_at": "2015-09-11 22:59:20.880000+00:00",
        "description": "Bioconda is a distribution of bioinformatics software realized as a channel for the versatile Conda package manager.",
        "location": "",
        "login": "bioconda",
        "name": "bioconda",
        "url": "",
        "user_type": "org"
    },
    "package_types": [
        "conda"
    ],
    "public": true,
    "releases": [
        {
            "distributions": [],
            "full_name": "bioconda/svict/1.0.0",
            "version": "1.0.0"
        },
        {
            "distributions": [],
            "full_name": "bioconda/svict/1.0.1",
            "version": "1.0.1"
        }
    ],
    "revision": 4,
    "source_git_tag": null,
    "source_git_url": null,
    "summary": "SViCT is a computational tool for detecting structural variations from cell free DNA (cfDNA) containing low dilutions of circulating tumor DNA (ctDNA).",
    "upvoted": 0,
    "url": "http://api.anaconda.org/packages/bioconda/svict",
    "versions": [
        "1.0.0",
        "1.0.1"
    ],
    "watchers": 1
}