{
    "app_entry": {},
    "app_summary": {},
    "app_type": {},
    "builds": [
        "he1b5a44_1",
        "he1b5a44_0",
        "he1b5a44_2",
        "h26a2512_0",
        "hf484d3e_2",
        "h6de7cb9_1",
        "h6de7cb9_0",
        "h0a44026_2",
        "h6de7cb9_2",
        "hfc679d8_1"
    ],
    "conda_platforms": [
        "linux-64",
        "osx-64"
    ],
    "created_at": "2018-08-09 00:14:47.262000+00:00",
    "description": "",
    "dev_url": null,
    "doc_url": null,
    "files": [
        {
            "attrs": {
                "arch": "x86_64",
                "build": "h26a2512_0",
                "build_number": 0,
                "depends": [
                    "blast",
                    "clustalo",
                    "clustalw",
                    "libgcc-ng >=4.9",
                    "libgfortran >=3.0",
                    "libstdcxx-ng >=4.9",
                    "mafft",
                    "muscle",
                    "poa"
                ],
                "has_prefix": false,
                "license": "GPL",
                "machine": "x86_64",
                "operatingsystem": "linux",
                "platform": "linux",
                "subdir": "linux-64",
                "target-triplet": "x86_64-any-linux",
                "timestamp": 1533773463716
            },
            "basename": "linux-64/t-coffee-11.00.8cbe486-h26a2512_0.tar.bz2",
            "dependencies": {
                "depends": [
                    {
                        "name": "blast",
                        "specs": []
                    },
                    {
                        "name": "clustalo",
                        "specs": []
                    },
                    {
                        "name": "clustalw",
                        "specs": []
                    },
                    {
                        "name": "libgcc-ng",
                        "specs": [
                            [
                                ">=",
                                "4.9"
                            ]
                        ]
                    },
                    {
                        "name": "libgfortran",
                        "specs": [
                            [
                                ">=",
                                "3.0"
                            ]
                        ]
                    },
                    {
                        "name": "libstdcxx-ng",
                        "specs": [
                            [
                                ">=",
                                "4.9"
                            ]
                        ]
                    },
                    {
                        "name": "mafft",
                        "specs": []
                    },
                    {
                        "name": "muscle",
                        "specs": []
                    },
                    {
                        "name": "poa",
                        "specs": []
                    }
                ]
            },
            "description": null,
            "distribution_type": "conda",
            "download_url": "//api.anaconda.org/download/bioconda/t-coffee/11.00.8cbe486/linux-64/t-coffee-11.00.8cbe486-h26a2512_0.tar.bz2",
            "full_name": "bioconda/t-coffee/11.00.8cbe486/linux-64/t-coffee-11.00.8cbe486-h26a2512_0.tar.bz2",
            "labels": [
                "main",
                "cf201901"
            ],
            "md5": "b1266dcc6fe4bc9155858d12d0e296c0",
            "ndownloads": 271,
            "owner": "bioconda",
            "size": 1092212,
            "type": "conda",
            "upload_time": "2018-08-09 00:14:47.931000+00:00",
            "version": "11.00.8cbe486"
        },
        {
            "attrs": {
                "arch": "x86_64",
                "build": "h26a2512_0",
                "build_number": 0,
                "depends": [
                    "blast",
                    "clustalo",
                    "clustalw",
                    "libgfortran >=3.0",
                    "mafft",
                    "muscle"
                ],
                "has_prefix": false,
                "license": "GPL",
                "machine": "x86_64",
                "operatingsystem": "darwin",
                "platform": "osx",
                "subdir": "osx-64",
                "target-triplet": "x86_64-any-darwin",
                "timestamp": 1533773542794
            },
            "basename": "osx-64/t-coffee-11.00.8cbe486-h26a2512_0.tar.bz2",
            "dependencies": {
                "depends": [
                    {
                        "name": "blast",
                        "specs": []
                    },
                    {
                        "name": "clustalo",
                        "specs": []
                    },
                    {
                        "name": "clustalw",
                        "specs": []
                    },
                    {
                        "name": "libgfortran",
                        "specs": [
                            [
                                ">=",
                                "3.0"
                            ]
                        ]
                    },
                    {
                        "name": "mafft",
                        "specs": []
                    },
                    {
                        "name": "muscle",
                        "specs": []
                    }
                ]
            },
            "description": null,
            "distribution_type": "conda",
            "download_url": "//api.anaconda.org/download/bioconda/t-coffee/11.00.8cbe486/osx-64/t-coffee-11.00.8cbe486-h26a2512_0.tar.bz2",
            "full_name": "bioconda/t-coffee/11.00.8cbe486/osx-64/t-coffee-11.00.8cbe486-h26a2512_0.tar.bz2",
            "labels": [
                "main",
                "cf201901"
            ],
            "md5": "e28e06616a49c19bc239182bfcb74617",
            "ndownloads": 773,
            "owner": "bioconda",
            "size": 1126276,
            "type": "conda",
            "upload_time": "2018-08-09 00:14:58.120000+00:00",
            "version": "11.00.8cbe486"
        },
        {
            "attrs": {
                "arch": "x86_64",
                "build": "h26a2512_0",
                "build_number": 0,
                "depends": [
                    "blast",
                    "clustalo",
                    "clustalw",
                    "libgcc-ng >=4.9",
                    "libgfortran >=3.0",
                    "libstdcxx-ng >=4.9",
                    "mafft",
                    "muscle",
                    "poa",
                    "viennarna"
                ],
                "has_prefix": false,
                "license": "GPL",
                "machine": "x86_64",
                "operatingsystem": "linux",
                "platform": "linux",
                "subdir": "linux-64",
                "target-triplet": "x86_64-any-linux",
                "timestamp": 1544643872552
            },
            "basename": "linux-64/t-coffee-12.00.7fb08c2-h26a2512_0.tar.bz2",
            "dependencies": {
                "depends": [
                    {
                        "name": "blast",
                        "specs": []
                    },
                    {
                        "name": "clustalo",
                        "specs": []
                    },
                    {
                        "name": "clustalw",
                        "specs": []
                    },
                    {
                        "name": "libgcc-ng",
                        "specs": [
                            [
                                ">=",
                                "4.9"
                            ]
                        ]
                    },
                    {
                        "name": "libgfortran",
                        "specs": [
                            [
                                ">=",
                                "3.0"
                            ]
                        ]
                    },
                    {
                        "name": "libstdcxx-ng",
                        "specs": [
                            [
                                ">=",
                                "4.9"
                            ]
                        ]
                    },
                    {
                        "name": "mafft",
                        "specs": []
                    },
                    {
                        "name": "muscle",
                        "specs": []
                    },
                    {
                        "name": "poa",
                        "specs": []
                    },
                    {
                        "name": "viennarna",
                        "specs": []
                    }
                ]
            },
            "description": null,
            "distribution_type": "conda",
            "download_url": "//api.anaconda.org/download/bioconda/t-coffee/12.00.7fb08c2/linux-64/t-coffee-12.00.7fb08c2-h26a2512_0.tar.bz2",
            "full_name": "bioconda/t-coffee/12.00.7fb08c2/linux-64/t-coffee-12.00.7fb08c2-h26a2512_0.tar.bz2",
            "labels": [
                "main",
                "cf201901"
            ],
            "md5": "a0e9a4fa83c8c2cb485f248cf5ec0a34",
            "ndownloads": 170,
            "owner": "bioconda",
            "size": 1226489,
            "type": "conda",
            "upload_time": "2018-12-12 19:49:42.010000+00:00",
            "version": "12.00.7fb08c2"
        },
        {
            "attrs": {
                "arch": "x86_64",
                "build": "h26a2512_0",
                "build_number": 0,
                "depends": [
                    "blast",
                    "clustalo",
                    "clustalw",
                    "libgfortran >=3.0",
                    "mafft",
                    "muscle",
                    "viennarna"
                ],
                "has_prefix": false,
                "license": "GPL",
                "machine": "x86_64",
                "operatingsystem": "darwin",
                "platform": "osx",
                "subdir": "osx-64",
                "target-triplet": "x86_64-any-darwin",
                "timestamp": 1544644272309
            },
            "basename": "osx-64/t-coffee-12.00.7fb08c2-h26a2512_0.tar.bz2",
            "dependencies": {
                "depends": [
                    {
                        "name": "blast",
                        "specs": []
                    },
                    {
                        "name": "clustalo",
                        "specs": []
                    },
                    {
                        "name": "clustalw",
                        "specs": []
                    },
                    {
                        "name": "libgfortran",
                        "specs": [
                            [
                                ">=",
                                "3.0"
                            ]
                        ]
                    },
                    {
                        "name": "mafft",
                        "specs": []
                    },
                    {
                        "name": "muscle",
                        "specs": []
                    },
                    {
                        "name": "viennarna",
                        "specs": []
                    }
                ]
            },
            "description": null,
            "distribution_type": "conda",
            "download_url": "//api.anaconda.org/download/bioconda/t-coffee/12.00.7fb08c2/osx-64/t-coffee-12.00.7fb08c2-h26a2512_0.tar.bz2",
            "full_name": "bioconda/t-coffee/12.00.7fb08c2/osx-64/t-coffee-12.00.7fb08c2-h26a2512_0.tar.bz2",
            "labels": [
                "main",
                "cf201901"
            ],
            "md5": "fe6f3532da0e9d3868b58ecd07f33744",
            "ndownloads": 45,
            "owner": "bioconda",
            "size": 1278110,
            "type": "conda",
            "upload_time": "2018-12-12 19:53:14.844000+00:00",
            "version": "12.00.7fb08c2"
        },
        {
            "attrs": {
                "arch": "x86_64",
                "build": "hfc679d8_1",
                "build_number": 1,
                "depends": [
                    "blast",
                    "clustalo",
                    "clustalw",
                    "dca",
                    "dialign-tx 1.0.2.*",
                    "mafft 7.310.*",
                    "muscle",
                    "mustang 3.2.3.*",
                    "pasta",
                    "phylip",
                    "prank",
                    "tmalign",
                    "viennarna 2.1.9.*"
                ],
                "has_prefix": false,
                "license": "GPL",
                "machine": "x86_64",
                "operatingsystem": "darwin",
                "platform": "osx",
                "subdir": "osx-64",
                "target-triplet": "x86_64-any-darwin",
                "timestamp": 1545305770223
            },
            "basename": "osx-64/t-coffee-12.00.7fb08c2-hfc679d8_1.tar.bz2",
            "dependencies": {
                "depends": [
                    {
                        "name": "blast",
                        "specs": []
                    },
                    {
                        "name": "clustalo",
                        "specs": []
                    },
                    {
                        "name": "clustalw",
                        "specs": []
                    },
                    {
                        "name": "dca",
                        "specs": []
                    },
                    {
                        "name": "dialign-tx",
                        "specs": [
                            [
                                "==",
                                "1.0.2."
                            ]
                        ]
                    },
                    {
                        "name": "mafft",
                        "specs": [
                            [
                                "==",
                                "7.310."
                            ]
                        ]
                    },
                    {
                        "name": "muscle",
                        "specs": []
                    },
                    {
                        "name": "mustang",
                        "specs": [
                            [
                                "==",
                                "3.2.3."
                            ]
                        ]
                    },
                    {
                        "name": "pasta",
                        "specs": []
                    },
                    {
                        "name": "phylip",
                        "specs": []
                    },
                    {
                        "name": "prank",
                        "specs": []
                    },
                    {
                        "name": "tmalign",
                        "specs": []
                    },
                    {
                        "name": "viennarna",
                        "specs": [
                            [
                                "==",
                                "2.1.9."
                            ]
                        ]
                    }
                ]
            },
            "description": null,
            "distribution_type": "conda",
            "download_url": "//api.anaconda.org/download/bioconda/t-coffee/12.00.7fb08c2/osx-64/t-coffee-12.00.7fb08c2-hfc679d8_1.tar.bz2",
            "full_name": "bioconda/t-coffee/12.00.7fb08c2/osx-64/t-coffee-12.00.7fb08c2-hfc679d8_1.tar.bz2",
            "labels": [
                "main",
                "cf201901"
            ],
            "md5": "b33e51bf9d3cff89a0f8a168da501a70",
            "ndownloads": 671,
            "owner": "bioconda",
            "size": 1081276,
            "type": "conda",
            "upload_time": "2018-12-20 11:41:25.020000+00:00",
            "version": "12.00.7fb08c2"
        },
        {
            "attrs": {
                "arch": "x86_64",
                "build": "hfc679d8_1",
                "build_number": 1,
                "depends": [
                    "blast",
                    "clustalo",
                    "clustalw",
                    "consan",
                    "dca",
                    "dialign-tx 1.0.2.*",
                    "libgcc-ng >=4.9",
                    "libstdcxx-ng >=4.9",
                    "mafft 7.310.*",
                    "muscle",
                    "mustang 3.2.3.*",
                    "pasta",
                    "phylip",
                    "poa 2.0.*",
                    "prank",
                    "tmalign",
                    "viennarna 2.1.9.*"
                ],
                "has_prefix": false,
                "license": "GPL",
                "machine": "x86_64",
                "operatingsystem": "linux",
                "platform": "linux",
                "subdir": "linux-64",
                "target-triplet": "x86_64-any-linux",
                "timestamp": 1545305916178
            },
            "basename": "linux-64/t-coffee-12.00.7fb08c2-hfc679d8_1.tar.bz2",
            "dependencies": {
                "depends": [
                    {
                        "name": "blast",
                        "specs": []
                    },
                    {
                        "name": "clustalo",
                        "specs": []
                    },
                    {
                        "name": "clustalw",
                        "specs": []
                    },
                    {
                        "name": "consan",
                        "specs": []
                    },
                    {
                        "name": "dca",
                        "specs": []
                    },
                    {
                        "name": "dialign-tx",
                        "specs": [
                            [
                                "==",
                                "1.0.2."
                            ]
                        ]
                    },
                    {
                        "name": "libgcc-ng",
                        "specs": [
                            [
                                ">=",
                                "4.9"
                            ]
                        ]
                    },
                    {
                        "name": "libstdcxx-ng",
                        "specs": [
                            [
                                ">=",
                                "4.9"
                            ]
                        ]
                    },
                    {
                        "name": "mafft",
                        "specs": [
                            [
                                "==",
                                "7.310."
                            ]
                        ]
                    },
                    {
                        "name": "muscle",
                        "specs": []
                    },
                    {
                        "name": "mustang",
                        "specs": [
                            [
                                "==",
                                "3.2.3."
                            ]
                        ]
                    },
                    {
                        "name": "pasta",
                        "specs": []
                    },
                    {
                        "name": "phylip",
                        "specs": []
                    },
                    {
                        "name": "poa",
                        "specs": [
                            [
                                "==",
                                "2.0."
                            ]
                        ]
                    },
                    {
                        "name": "prank",
                        "specs": []
                    },
                    {
                        "name": "tmalign",
                        "specs": []
                    },
                    {
                        "name": "viennarna",
                        "specs": [
                            [
                                "==",
                                "2.1.9."
                            ]
                        ]
                    }
                ]
            },
            "description": null,
            "distribution_type": "conda",
            "download_url": "//api.anaconda.org/download/bioconda/t-coffee/12.00.7fb08c2/linux-64/t-coffee-12.00.7fb08c2-hfc679d8_1.tar.bz2",
            "full_name": "bioconda/t-coffee/12.00.7fb08c2/linux-64/t-coffee-12.00.7fb08c2-hfc679d8_1.tar.bz2",
            "labels": [
                "main",
                "cf201901"
            ],
            "md5": "41015ef3a00019ad5a92a527b42ead43",
            "ndownloads": 124,
            "owner": "bioconda",
            "size": 1191414,
            "type": "conda",
            "upload_time": "2018-12-20 11:52:34.527000+00:00",
            "version": "12.00.7fb08c2"
        },
        {
            "attrs": {
                "arch": "x86_64",
                "build": "h0a44026_2",
                "build_number": 2,
                "depends": [
                    "blast",
                    "clustalo",
                    "clustalw",
                    "dca",
                    "dialign-tx 1.0.2.*",
                    "libcxx >=4.0.1",
                    "mafft 7.310.*",
                    "muscle",
                    "mustang 3.2.3.*",
                    "pasta",
                    "phylip",
                    "prank",
                    "tmalign",
                    "viennarna 2.1.9.*"
                ],
                "has_prefix": false,
                "license": "GPL",
                "machine": "x86_64",
                "operatingsystem": "darwin",
                "platform": "osx",
                "subdir": "osx-64",
                "target-triplet": "x86_64-any-darwin",
                "timestamp": 1552518836073
            },
            "basename": "osx-64/t-coffee-12.00.7fb08c2-h0a44026_2.tar.bz2",
            "dependencies": {
                "depends": [
                    {
                        "name": "blast",
                        "specs": []
                    },
                    {
                        "name": "clustalo",
                        "specs": []
                    },
                    {
                        "name": "clustalw",
                        "specs": []
                    },
                    {
                        "name": "dca",
                        "specs": []
                    },
                    {
                        "name": "dialign-tx",
                        "specs": [
                            [
                                "==",
                                "1.0.2."
                            ]
                        ]
                    },
                    {
                        "name": "libcxx",
                        "specs": [
                            [
                                ">=",
                                "4.0.1"
                            ]
                        ]
                    },
                    {
                        "name": "mafft",
                        "specs": [
                            [
                                "==",
                                "7.310."
                            ]
                        ]
                    },
                    {
                        "name": "muscle",
                        "specs": []
                    },
                    {
                        "name": "mustang",
                        "specs": [
                            [
                                "==",
                                "3.2.3."
                            ]
                        ]
                    },
                    {
                        "name": "pasta",
                        "specs": []
                    },
                    {
                        "name": "phylip",
                        "specs": []
                    },
                    {
                        "name": "prank",
                        "specs": []
                    },
                    {
                        "name": "tmalign",
                        "specs": []
                    },
                    {
                        "name": "viennarna",
                        "specs": [
                            [
                                "==",
                                "2.1.9."
                            ]
                        ]
                    }
                ]
            },
            "description": null,
            "distribution_type": "conda",
            "download_url": "//api.anaconda.org/download/bioconda/t-coffee/12.00.7fb08c2/osx-64/t-coffee-12.00.7fb08c2-h0a44026_2.tar.bz2",
            "full_name": "bioconda/t-coffee/12.00.7fb08c2/osx-64/t-coffee-12.00.7fb08c2-h0a44026_2.tar.bz2",
            "labels": [
                "main"
            ],
            "md5": "3fbf15f1dc455a5a4cf070665941e676",
            "ndownloads": 123,
            "owner": "bioconda",
            "size": 1081522,
            "type": "conda",
            "upload_time": "2019-03-13 23:22:02.468000+00:00",
            "version": "12.00.7fb08c2"
        },
        {
            "attrs": {
                "arch": "x86_64",
                "build": "hf484d3e_2",
                "build_number": 2,
                "depends": [
                    "blast",
                    "clustalo",
                    "clustalw",
                    "consan",
                    "dca",
                    "dialign-tx 1.0.2.*",
                    "libgcc-ng >=7.3.0",
                    "libstdcxx-ng >=7.3.0",
                    "mafft 7.310.*",
                    "muscle",
                    "mustang 3.2.3.*",
                    "pasta",
                    "phylip",
                    "poa 2.0.*",
                    "prank",
                    "tmalign",
                    "viennarna 2.1.9.*"
                ],
                "has_prefix": false,
                "license": "GPL",
                "machine": "x86_64",
                "operatingsystem": "linux",
                "platform": "linux",
                "subdir": "linux-64",
                "target-triplet": "x86_64-any-linux",
                "timestamp": 1552531507280
            },
            "basename": "linux-64/t-coffee-12.00.7fb08c2-hf484d3e_2.tar.bz2",
            "dependencies": {
                "depends": [
                    {
                        "name": "blast",
                        "specs": []
                    },
                    {
                        "name": "clustalo",
                        "specs": []
                    },
                    {
                        "name": "clustalw",
                        "specs": []
                    },
                    {
                        "name": "consan",
                        "specs": []
                    },
                    {
                        "name": "dca",
                        "specs": []
                    },
                    {
                        "name": "dialign-tx",
                        "specs": [
                            [
                                "==",
                                "1.0.2."
                            ]
                        ]
                    },
                    {
                        "name": "libgcc-ng",
                        "specs": [
                            [
                                ">=",
                                "7.3.0"
                            ]
                        ]
                    },
                    {
                        "name": "libstdcxx-ng",
                        "specs": [
                            [
                                ">=",
                                "7.3.0"
                            ]
                        ]
                    },
                    {
                        "name": "mafft",
                        "specs": [
                            [
                                "==",
                                "7.310."
                            ]
                        ]
                    },
                    {
                        "name": "muscle",
                        "specs": []
                    },
                    {
                        "name": "mustang",
                        "specs": [
                            [
                                "==",
                                "3.2.3."
                            ]
                        ]
                    },
                    {
                        "name": "pasta",
                        "specs": []
                    },
                    {
                        "name": "phylip",
                        "specs": []
                    },
                    {
                        "name": "poa",
                        "specs": [
                            [
                                "==",
                                "2.0."
                            ]
                        ]
                    },
                    {
                        "name": "prank",
                        "specs": []
                    },
                    {
                        "name": "tmalign",
                        "specs": []
                    },
                    {
                        "name": "viennarna",
                        "specs": [
                            [
                                "==",
                                "2.1.9."
                            ]
                        ]
                    }
                ]
            },
            "description": null,
            "distribution_type": "conda",
            "download_url": "//api.anaconda.org/download/bioconda/t-coffee/12.00.7fb08c2/linux-64/t-coffee-12.00.7fb08c2-hf484d3e_2.tar.bz2",
            "full_name": "bioconda/t-coffee/12.00.7fb08c2/linux-64/t-coffee-12.00.7fb08c2-hf484d3e_2.tar.bz2",
            "labels": [
                "main"
            ],
            "md5": "8194c56850e82ca25c695b48ea4168ed",
            "ndownloads": 97,
            "owner": "bioconda",
            "size": 1191362,
            "type": "conda",
            "upload_time": "2019-03-14 03:02:11.744000+00:00",
            "version": "12.00.7fb08c2"
        },
        {
            "attrs": {
                "arch": "x86_64",
                "build": "h6de7cb9_0",
                "build_number": 0,
                "depends": [
                    "blast",
                    "clustalo",
                    "clustalw",
                    "dca",
                    "dialign-tx 1.0.2.*",
                    "libcxx >=4.0.1",
                    "mafft 7.310.*",
                    "muscle",
                    "mustang 3.2.3.*",
                    "pasta",
                    "phylip",
                    "prank",
                    "tmalign",
                    "viennarna 2.1.9.*"
                ],
                "has_prefix": false,
                "license": "GPL",
                "machine": "x86_64",
                "operatingsystem": "darwin",
                "platform": "osx",
                "subdir": "osx-64",
                "target-triplet": "x86_64-any-darwin",
                "timestamp": 1571085686454
            },
            "basename": "osx-64/t-coffee-13.39.0.d675aed-h6de7cb9_0.tar.bz2",
            "dependencies": {
                "depends": [
                    {
                        "name": "blast",
                        "specs": []
                    },
                    {
                        "name": "clustalo",
                        "specs": []
                    },
                    {
                        "name": "clustalw",
                        "specs": []
                    },
                    {
                        "name": "dca",
                        "specs": []
                    },
                    {
                        "name": "dialign-tx",
                        "specs": [
                            [
                                "==",
                                "1.0.2."
                            ]
                        ]
                    },
                    {
                        "name": "libcxx",
                        "specs": [
                            [
                                ">=",
                                "4.0.1"
                            ]
                        ]
                    },
                    {
                        "name": "mafft",
                        "specs": [
                            [
                                "==",
                                "7.310."
                            ]
                        ]
                    },
                    {
                        "name": "muscle",
                        "specs": []
                    },
                    {
                        "name": "mustang",
                        "specs": [
                            [
                                "==",
                                "3.2.3."
                            ]
                        ]
                    },
                    {
                        "name": "pasta",
                        "specs": []
                    },
                    {
                        "name": "phylip",
                        "specs": []
                    },
                    {
                        "name": "prank",
                        "specs": []
                    },
                    {
                        "name": "tmalign",
                        "specs": []
                    },
                    {
                        "name": "viennarna",
                        "specs": [
                            [
                                "==",
                                "2.1.9."
                            ]
                        ]
                    }
                ]
            },
            "description": null,
            "distribution_type": "conda",
            "download_url": "//api.anaconda.org/download/bioconda/t-coffee/13.39.0.d675aed/osx-64/t-coffee-13.39.0.d675aed-h6de7cb9_0.tar.bz2",
            "full_name": "bioconda/t-coffee/13.39.0.d675aed/osx-64/t-coffee-13.39.0.d675aed-h6de7cb9_0.tar.bz2",
            "labels": [
                "main"
            ],
            "md5": "0b4b9f0a20edec7c40dc6bdc3033798f",
            "ndownloads": 16,
            "owner": "bioconda",
            "size": 1059593,
            "type": "conda",
            "upload_time": "2019-10-14 20:47:49.001000+00:00",
            "version": "13.39.0.d675aed"
        },
        {
            "attrs": {
                "arch": "x86_64",
                "build": "he1b5a44_0",
                "build_number": 0,
                "depends": [
                    "blast",
                    "clustalo",
                    "clustalw",
                    "consan",
                    "dca",
                    "dialign-tx 1.0.2.*",
                    "libgcc-ng >=7.3.0",
                    "libstdcxx-ng >=7.3.0",
                    "mafft 7.310.*",
                    "muscle",
                    "mustang 3.2.3.*",
                    "pasta",
                    "phylip",
                    "poa 2.0.*",
                    "prank",
                    "tmalign",
                    "viennarna 2.1.9.*"
                ],
                "has_prefix": false,
                "license": "GPL",
                "machine": "x86_64",
                "operatingsystem": "linux",
                "platform": "linux",
                "subdir": "linux-64",
                "target-triplet": "x86_64-any-linux",
                "timestamp": 1571085550301
            },
            "basename": "linux-64/t-coffee-13.39.0.d675aed-he1b5a44_0.tar.bz2",
            "dependencies": {
                "depends": [
                    {
                        "name": "blast",
                        "specs": []
                    },
                    {
                        "name": "clustalo",
                        "specs": []
                    },
                    {
                        "name": "clustalw",
                        "specs": []
                    },
                    {
                        "name": "consan",
                        "specs": []
                    },
                    {
                        "name": "dca",
                        "specs": []
                    },
                    {
                        "name": "dialign-tx",
                        "specs": [
                            [
                                "==",
                                "1.0.2."
                            ]
                        ]
                    },
                    {
                        "name": "libgcc-ng",
                        "specs": [
                            [
                                ">=",
                                "7.3.0"
                            ]
                        ]
                    },
                    {
                        "name": "libstdcxx-ng",
                        "specs": [
                            [
                                ">=",
                                "7.3.0"
                            ]
                        ]
                    },
                    {
                        "name": "mafft",
                        "specs": [
                            [
                                "==",
                                "7.310."
                            ]
                        ]
                    },
                    {
                        "name": "muscle",
                        "specs": []
                    },
                    {
                        "name": "mustang",
                        "specs": [
                            [
                                "==",
                                "3.2.3."
                            ]
                        ]
                    },
                    {
                        "name": "pasta",
                        "specs": []
                    },
                    {
                        "name": "phylip",
                        "specs": []
                    },
                    {
                        "name": "poa",
                        "specs": [
                            [
                                "==",
                                "2.0."
                            ]
                        ]
                    },
                    {
                        "name": "prank",
                        "specs": []
                    },
                    {
                        "name": "tmalign",
                        "specs": []
                    },
                    {
                        "name": "viennarna",
                        "specs": [
                            [
                                "==",
                                "2.1.9."
                            ]
                        ]
                    }
                ]
            },
            "description": null,
            "distribution_type": "conda",
            "download_url": "//api.anaconda.org/download/bioconda/t-coffee/13.39.0.d675aed/linux-64/t-coffee-13.39.0.d675aed-he1b5a44_0.tar.bz2",
            "full_name": "bioconda/t-coffee/13.39.0.d675aed/linux-64/t-coffee-13.39.0.d675aed-he1b5a44_0.tar.bz2",
            "labels": [
                "main"
            ],
            "md5": "042ff13737149eee05b5871bd018db99",
            "ndownloads": 30,
            "owner": "bioconda",
            "size": 1048833,
            "type": "conda",
            "upload_time": "2019-10-14 20:56:53.221000+00:00",
            "version": "13.39.0.d675aed"
        },
        {
            "attrs": {
                "arch": "x86_64",
                "build": "h6de7cb9_1",
                "build_number": 1,
                "depends": [
                    "blast",
                    "clustalo",
                    "clustalw",
                    "dca",
                    "dialign-tx 1.0.2.*",
                    "libcxx >=4.0.1",
                    "mafft 7.310.*",
                    "muscle",
                    "mustang 3.2.3.*",
                    "pasta",
                    "phylip",
                    "prank",
                    "ruby",
                    "tmalign",
                    "viennarna 2.1.9.*"
                ],
                "has_prefix": false,
                "license": "GPL",
                "machine": "x86_64",
                "operatingsystem": "darwin",
                "platform": "osx",
                "subdir": "osx-64",
                "target-triplet": "x86_64-any-darwin",
                "timestamp": 1571319174964
            },
            "basename": "osx-64/t-coffee-13.39.0.d675aed-h6de7cb9_1.tar.bz2",
            "dependencies": {
                "depends": [
                    {
                        "name": "blast",
                        "specs": []
                    },
                    {
                        "name": "clustalo",
                        "specs": []
                    },
                    {
                        "name": "clustalw",
                        "specs": []
                    },
                    {
                        "name": "dca",
                        "specs": []
                    },
                    {
                        "name": "dialign-tx",
                        "specs": [
                            [
                                "==",
                                "1.0.2."
                            ]
                        ]
                    },
                    {
                        "name": "libcxx",
                        "specs": [
                            [
                                ">=",
                                "4.0.1"
                            ]
                        ]
                    },
                    {
                        "name": "mafft",
                        "specs": [
                            [
                                "==",
                                "7.310."
                            ]
                        ]
                    },
                    {
                        "name": "muscle",
                        "specs": []
                    },
                    {
                        "name": "mustang",
                        "specs": [
                            [
                                "==",
                                "3.2.3."
                            ]
                        ]
                    },
                    {
                        "name": "pasta",
                        "specs": []
                    },
                    {
                        "name": "phylip",
                        "specs": []
                    },
                    {
                        "name": "prank",
                        "specs": []
                    },
                    {
                        "name": "ruby",
                        "specs": []
                    },
                    {
                        "name": "tmalign",
                        "specs": []
                    },
                    {
                        "name": "viennarna",
                        "specs": [
                            [
                                "==",
                                "2.1.9."
                            ]
                        ]
                    }
                ]
            },
            "description": null,
            "distribution_type": "conda",
            "download_url": "//api.anaconda.org/download/bioconda/t-coffee/13.39.0.d675aed/osx-64/t-coffee-13.39.0.d675aed-h6de7cb9_1.tar.bz2",
            "full_name": "bioconda/t-coffee/13.39.0.d675aed/osx-64/t-coffee-13.39.0.d675aed-h6de7cb9_1.tar.bz2",
            "labels": [
                "main"
            ],
            "md5": "70f8e3dbaae2daf376f75fadd75ce0b5",
            "ndownloads": 34,
            "owner": "bioconda",
            "size": 1059869,
            "type": "conda",
            "upload_time": "2019-10-17 13:38:48.369000+00:00",
            "version": "13.39.0.d675aed"
        },
        {
            "attrs": {
                "arch": "x86_64",
                "build": "he1b5a44_1",
                "build_number": 1,
                "depends": [
                    "blast",
                    "clustalo",
                    "clustalw",
                    "consan",
                    "dca",
                    "dialign-tx 1.0.2.*",
                    "libgcc-ng >=7.3.0",
                    "libstdcxx-ng >=7.3.0",
                    "mafft 7.310.*",
                    "muscle",
                    "mustang 3.2.3.*",
                    "pasta",
                    "phylip",
                    "poa 2.0.*",
                    "prank",
                    "ruby",
                    "tmalign",
                    "viennarna 2.1.9.*"
                ],
                "has_prefix": false,
                "license": "GPL",
                "machine": "x86_64",
                "operatingsystem": "linux",
                "platform": "linux",
                "subdir": "linux-64",
                "target-triplet": "x86_64-any-linux",
                "timestamp": 1571319168806
            },
            "basename": "linux-64/t-coffee-13.39.0.d675aed-he1b5a44_1.tar.bz2",
            "dependencies": {
                "depends": [
                    {
                        "name": "blast",
                        "specs": []
                    },
                    {
                        "name": "clustalo",
                        "specs": []
                    },
                    {
                        "name": "clustalw",
                        "specs": []
                    },
                    {
                        "name": "consan",
                        "specs": []
                    },
                    {
                        "name": "dca",
                        "specs": []
                    },
                    {
                        "name": "dialign-tx",
                        "specs": [
                            [
                                "==",
                                "1.0.2."
                            ]
                        ]
                    },
                    {
                        "name": "libgcc-ng",
                        "specs": [
                            [
                                ">=",
                                "7.3.0"
                            ]
                        ]
                    },
                    {
                        "name": "libstdcxx-ng",
                        "specs": [
                            [
                                ">=",
                                "7.3.0"
                            ]
                        ]
                    },
                    {
                        "name": "mafft",
                        "specs": [
                            [
                                "==",
                                "7.310."
                            ]
                        ]
                    },
                    {
                        "name": "muscle",
                        "specs": []
                    },
                    {
                        "name": "mustang",
                        "specs": [
                            [
                                "==",
                                "3.2.3."
                            ]
                        ]
                    },
                    {
                        "name": "pasta",
                        "specs": []
                    },
                    {
                        "name": "phylip",
                        "specs": []
                    },
                    {
                        "name": "poa",
                        "specs": [
                            [
                                "==",
                                "2.0."
                            ]
                        ]
                    },
                    {
                        "name": "prank",
                        "specs": []
                    },
                    {
                        "name": "ruby",
                        "specs": []
                    },
                    {
                        "name": "tmalign",
                        "specs": []
                    },
                    {
                        "name": "viennarna",
                        "specs": [
                            [
                                "==",
                                "2.1.9."
                            ]
                        ]
                    }
                ]
            },
            "description": null,
            "distribution_type": "conda",
            "download_url": "//api.anaconda.org/download/bioconda/t-coffee/13.39.0.d675aed/linux-64/t-coffee-13.39.0.d675aed-he1b5a44_1.tar.bz2",
            "full_name": "bioconda/t-coffee/13.39.0.d675aed/linux-64/t-coffee-13.39.0.d675aed-he1b5a44_1.tar.bz2",
            "labels": [
                "main"
            ],
            "md5": "ee942be8310dae4f3dcc8063960bcf18",
            "ndownloads": 27,
            "owner": "bioconda",
            "size": 1048529,
            "type": "conda",
            "upload_time": "2019-10-17 13:49:20.417000+00:00",
            "version": "13.39.0.d675aed"
        },
        {
            "attrs": {
                "arch": "x86_64",
                "build": "he1b5a44_2",
                "build_number": 2,
                "depends": [
                    "blast",
                    "clustalo",
                    "clustalw",
                    "consan",
                    "dca",
                    "dialign-tx 1.0.2.*",
                    "libgcc-ng >=7.3.0",
                    "libstdcxx-ng >=7.3.0",
                    "mafft 7.310.*",
                    "muscle",
                    "mustang 3.2.3.*",
                    "pasta",
                    "phylip",
                    "poa 2.0.*",
                    "prank",
                    "ruby",
                    "tmalign",
                    "viennarna 2.1.9.*"
                ],
                "has_prefix": false,
                "license": "GPL",
                "machine": "x86_64",
                "operatingsystem": "linux",
                "platform": "linux",
                "subdir": "linux-64",
                "target-triplet": "x86_64-any-linux",
                "timestamp": 1572091135221
            },
            "basename": "linux-64/t-coffee-13.39.0.d675aed-he1b5a44_2.tar.bz2",
            "dependencies": {
                "depends": [
                    {
                        "name": "blast",
                        "specs": []
                    },
                    {
                        "name": "clustalo",
                        "specs": []
                    },
                    {
                        "name": "clustalw",
                        "specs": []
                    },
                    {
                        "name": "consan",
                        "specs": []
                    },
                    {
                        "name": "dca",
                        "specs": []
                    },
                    {
                        "name": "dialign-tx",
                        "specs": [
                            [
                                "==",
                                "1.0.2."
                            ]
                        ]
                    },
                    {
                        "name": "libgcc-ng",
                        "specs": [
                            [
                                ">=",
                                "7.3.0"
                            ]
                        ]
                    },
                    {
                        "name": "libstdcxx-ng",
                        "specs": [
                            [
                                ">=",
                                "7.3.0"
                            ]
                        ]
                    },
                    {
                        "name": "mafft",
                        "specs": [
                            [
                                "==",
                                "7.310."
                            ]
                        ]
                    },
                    {
                        "name": "muscle",
                        "specs": []
                    },
                    {
                        "name": "mustang",
                        "specs": [
                            [
                                "==",
                                "3.2.3."
                            ]
                        ]
                    },
                    {
                        "name": "pasta",
                        "specs": []
                    },
                    {
                        "name": "phylip",
                        "specs": []
                    },
                    {
                        "name": "poa",
                        "specs": [
                            [
                                "==",
                                "2.0."
                            ]
                        ]
                    },
                    {
                        "name": "prank",
                        "specs": []
                    },
                    {
                        "name": "ruby",
                        "specs": []
                    },
                    {
                        "name": "tmalign",
                        "specs": []
                    },
                    {
                        "name": "viennarna",
                        "specs": [
                            [
                                "==",
                                "2.1.9."
                            ]
                        ]
                    }
                ]
            },
            "description": null,
            "distribution_type": "conda",
            "download_url": "//api.anaconda.org/download/bioconda/t-coffee/13.39.0.d675aed/linux-64/t-coffee-13.39.0.d675aed-he1b5a44_2.tar.bz2",
            "full_name": "bioconda/t-coffee/13.39.0.d675aed/linux-64/t-coffee-13.39.0.d675aed-he1b5a44_2.tar.bz2",
            "labels": [
                "main"
            ],
            "md5": "b340b6d41d9c0133fb88ac2168f46606",
            "ndownloads": 37,
            "owner": "bioconda",
            "size": 1045753,
            "type": "conda",
            "upload_time": "2019-10-26 12:21:10.646000+00:00",
            "version": "13.39.0.d675aed"
        },
        {
            "attrs": {
                "arch": "x86_64",
                "build": "h6de7cb9_2",
                "build_number": 2,
                "depends": [
                    "blast",
                    "clustalo",
                    "clustalw",
                    "dca",
                    "dialign-tx 1.0.2.*",
                    "libcxx >=4.0.1",
                    "mafft 7.310.*",
                    "muscle",
                    "mustang 3.2.3.*",
                    "pasta",
                    "phylip",
                    "prank",
                    "ruby",
                    "tmalign",
                    "viennarna 2.1.9.*"
                ],
                "has_prefix": false,
                "license": "GPL",
                "machine": "x86_64",
                "operatingsystem": "darwin",
                "platform": "osx",
                "subdir": "osx-64",
                "target-triplet": "x86_64-any-darwin",
                "timestamp": 1572338494226
            },
            "basename": "osx-64/t-coffee-13.39.0.d675aed-h6de7cb9_2.tar.bz2",
            "dependencies": {
                "depends": [
                    {
                        "name": "blast",
                        "specs": []
                    },
                    {
                        "name": "clustalo",
                        "specs": []
                    },
                    {
                        "name": "clustalw",
                        "specs": []
                    },
                    {
                        "name": "dca",
                        "specs": []
                    },
                    {
                        "name": "dialign-tx",
                        "specs": [
                            [
                                "==",
                                "1.0.2."
                            ]
                        ]
                    },
                    {
                        "name": "libcxx",
                        "specs": [
                            [
                                ">=",
                                "4.0.1"
                            ]
                        ]
                    },
                    {
                        "name": "mafft",
                        "specs": [
                            [
                                "==",
                                "7.310."
                            ]
                        ]
                    },
                    {
                        "name": "muscle",
                        "specs": []
                    },
                    {
                        "name": "mustang",
                        "specs": [
                            [
                                "==",
                                "3.2.3."
                            ]
                        ]
                    },
                    {
                        "name": "pasta",
                        "specs": []
                    },
                    {
                        "name": "phylip",
                        "specs": []
                    },
                    {
                        "name": "prank",
                        "specs": []
                    },
                    {
                        "name": "ruby",
                        "specs": []
                    },
                    {
                        "name": "tmalign",
                        "specs": []
                    },
                    {
                        "name": "viennarna",
                        "specs": [
                            [
                                "==",
                                "2.1.9."
                            ]
                        ]
                    }
                ]
            },
            "description": null,
            "distribution_type": "conda",
            "download_url": "//api.anaconda.org/download/bioconda/t-coffee/13.39.0.d675aed/osx-64/t-coffee-13.39.0.d675aed-h6de7cb9_2.tar.bz2",
            "full_name": "bioconda/t-coffee/13.39.0.d675aed/osx-64/t-coffee-13.39.0.d675aed-h6de7cb9_2.tar.bz2",
            "labels": [
                "main"
            ],
            "md5": "ebab60804c5056572636e6aa83c4dc5c",
            "ndownloads": 170,
            "owner": "bioconda",
            "size": 1060139,
            "type": "conda",
            "upload_time": "2019-10-29 08:47:50.417000+00:00",
            "version": "13.39.0.d675aed"
        }
    ],
    "full_name": "bioconda/t-coffee",
    "home": "https://github.com/cbcrg/tcoffee",
    "html_url": "http://anaconda.org/bioconda/t-coffee",
    "id": "5b6b87771abf28133e66948d",
    "latest_version": "13.39.0.d675aed",
    "license": "GPL",
    "license_url": null,
    "modified_at": "2019-10-29 08:47:51.235000+00:00",
    "name": "t-coffee",
    "owner": {
        "company": "",
        "created_at": "2015-09-11 22:59:20.880000+00:00",
        "description": "Bioconda is a distribution of bioinformatics software realized as a channel for the versatile Conda package manager.",
        "location": "",
        "login": "bioconda",
        "name": "bioconda",
        "url": "",
        "user_type": "org"
    },
    "package_types": [
        "conda"
    ],
    "public": true,
    "releases": [
        {
            "distributions": [],
            "full_name": "bioconda/t-coffee/11.00.8cbe486",
            "version": "11.00.8cbe486"
        },
        {
            "distributions": [],
            "full_name": "bioconda/t-coffee/12.00.7fb08c2",
            "version": "12.00.7fb08c2"
        },
        {
            "distributions": [],
            "full_name": "bioconda/t-coffee/13.39.0.d675aed",
            "version": "13.39.0.d675aed"
        }
    ],
    "revision": 6,
    "source_git_tag": null,
    "source_git_url": null,
    "summary": "A collection of tools for Multiple Alignments of DNA, RNA, Protein Sequence",
    "upvoted": 0,
    "url": "http://api.anaconda.org/packages/bioconda/t-coffee",
    "versions": [
        "11.00.8cbe486",
        "12.00.7fb08c2",
        "13.39.0.d675aed"
    ],
    "watchers": 1
}