{
    "app_entry": {},
    "app_summary": {},
    "app_type": {},
    "builds": [
        "1",
        "0"
    ],
    "conda_platforms": [
        "linux-64",
        "noarch"
    ],
    "created_at": "2018-10-09 22:59:53.035000+00:00",
    "description": "",
    "dev_url": null,
    "doc_url": null,
    "files": [
        {
            "attrs": {
                "arch": "x86_64",
                "build": "0",
                "build_number": 0,
                "depends": [
                    "boost 1.64.0 py27_4"
                ],
                "has_prefix": false,
                "license": "GPLv3",
                "machine": "x86_64",
                "operatingsystem": "linux",
                "platform": "linux",
                "subdir": "linux-64",
                "target-triplet": "x86_64-any-linux",
                "timestamp": 1539125725557
            },
            "basename": "linux-64/taxator-tk-1.3.3e-0.tar.bz2",
            "dependencies": {
                "depends": [
                    {
                        "name": "boost",
                        "specs": [
                            [
                                "==",
                                "1.64.0 py27_4"
                            ]
                        ]
                    }
                ]
            },
            "description": null,
            "distribution_type": "conda",
            "download_url": "//api.anaconda.org/download/bioconda/taxator-tk/1.3.3e/linux-64/taxator-tk-1.3.3e-0.tar.bz2",
            "full_name": "bioconda/taxator-tk/1.3.3e/linux-64/taxator-tk-1.3.3e-0.tar.bz2",
            "labels": [
                "main",
                "cf201901"
            ],
            "md5": "fb1a1478d2749fc1c78d6778b65a1e6d",
            "ndownloads": 1045,
            "owner": "bioconda",
            "size": 9174802,
            "type": "conda",
            "upload_time": "2018-10-09 22:59:53.757000+00:00",
            "version": "1.3.3e"
        },
        {
            "attrs": {
                "arch": null,
                "build": "1",
                "build_number": 1,
                "depends": [
                    "boost 1.64.0 py27_4"
                ],
                "has_prefix": false,
                "license": "GPLv3",
                "machine": null,
                "noarch": "generic",
                "operatingsystem": null,
                "platform": null,
                "subdir": "noarch",
                "target-triplet": "None-any-None",
                "timestamp": 1572131791748
            },
            "basename": "noarch/taxator-tk-1.3.3e-1.tar.bz2",
            "dependencies": {
                "depends": [
                    {
                        "name": "boost",
                        "specs": [
                            [
                                "==",
                                "1.64.0 py27_4"
                            ]
                        ]
                    }
                ]
            },
            "description": null,
            "distribution_type": "conda",
            "download_url": "//api.anaconda.org/download/bioconda/taxator-tk/1.3.3e/noarch/taxator-tk-1.3.3e-1.tar.bz2",
            "full_name": "bioconda/taxator-tk/1.3.3e/noarch/taxator-tk-1.3.3e-1.tar.bz2",
            "labels": [
                "main"
            ],
            "md5": "484c403e5c6e7e8db1602c5404e6381e",
            "ndownloads": 38,
            "owner": "bioconda",
            "size": 9163623,
            "type": "conda",
            "upload_time": "2019-10-26 23:21:34.088000+00:00",
            "version": "1.3.3e"
        }
    ],
    "full_name": "bioconda/taxator-tk",
    "home": "https://github.com/fungs/taxator-tk",
    "html_url": "http://anaconda.org/bioconda/taxator-tk",
    "id": "5bbd32e945ded813430c2528",
    "latest_version": "1.3.3e",
    "license": "GPLv3",
    "license_url": null,
    "modified_at": "2019-10-26 23:21:34.544000+00:00",
    "name": "taxator-tk",
    "owner": {
        "company": "",
        "created_at": "2015-09-11 22:59:20.880000+00:00",
        "description": "Bioconda is a distribution of bioinformatics software realized as a channel for the versatile Conda package manager.",
        "location": "",
        "login": "bioconda",
        "name": "bioconda",
        "url": "",
        "user_type": "org"
    },
    "package_types": [
        "conda"
    ],
    "public": true,
    "releases": [
        {
            "distributions": [],
            "full_name": "bioconda/taxator-tk/1.3.3e",
            "version": "1.3.3e"
        }
    ],
    "revision": 2,
    "source_git_tag": null,
    "source_git_url": null,
    "summary": "Taxator-tk sequence taxonomic annotaion",
    "upvoted": 0,
    "url": "http://api.anaconda.org/packages/bioconda/taxator-tk",
    "versions": [
        "1.3.3e"
    ],
    "watchers": 1
}