{
    "app_entry": {},
    "app_summary": {},
    "app_type": {},
    "builds": [
        "py27_1",
        "py27_0",
        "py36_1",
        "py36_0",
        "py34_0",
        "2",
        "py35_0",
        "py35_1"
    ],
    "conda_platforms": [
        "linux-64",
        "noarch",
        "osx-64"
    ],
    "created_at": "2016-07-18 13:34:23.423000+00:00",
    "description": "None",
    "dev_url": {},
    "doc_url": {},
    "files": [
        {
            "attrs": {
                "arch": "x86_64",
                "build": "py36_1",
                "build_number": 1,
                "depends": [
                    "pysam",
                    "python >=3.6,<3.7.0a0"
                ],
                "has_prefix": false,
                "license": "BSD_2_clause",
                "machine": "x86_64",
                "operatingsystem": "darwin",
                "platform": "osx",
                "subdir": "osx-64",
                "target-triplet": "x86_64-any-darwin",
                "timestamp": 1529392704409
            },
            "basename": "osx-64/tophat-recondition-1.4-py36_1.tar.bz2",
            "dependencies": {
                "depends": [
                    {
                        "name": "pysam",
                        "specs": []
                    },
                    {
                        "name": "python",
                        "specs": [
                            [
                                ">=",
                                "3.6,<3.7.0a0"
                            ]
                        ]
                    }
                ]
            },
            "description": null,
            "distribution_type": "conda",
            "download_url": "//api.anaconda.org/download/bioconda/tophat-recondition/1.4/osx-64/tophat-recondition-1.4-py36_1.tar.bz2",
            "full_name": "bioconda/tophat-recondition/1.4/osx-64/tophat-recondition-1.4-py36_1.tar.bz2",
            "labels": [
                "main",
                "cf201901"
            ],
            "md5": "836c624da0ce573ba1705b53ca8bfafa",
            "ndownloads": 500,
            "owner": "bioconda",
            "size": 7959,
            "type": "conda",
            "upload_time": "2018-06-19 07:19:28.836000+00:00",
            "version": "1.4"
        },
        {
            "attrs": {
                "arch": "x86_64",
                "build": "py35_1",
                "build_number": 1,
                "depends": [
                    "pysam",
                    "python >=3.5,<3.6.0a0"
                ],
                "has_prefix": false,
                "license": "BSD_2_clause",
                "machine": "x86_64",
                "operatingsystem": "darwin",
                "platform": "osx",
                "subdir": "osx-64",
                "target-triplet": "x86_64-any-darwin",
                "timestamp": 1529392743248
            },
            "basename": "osx-64/tophat-recondition-1.4-py35_1.tar.bz2",
            "dependencies": {
                "depends": [
                    {
                        "name": "pysam",
                        "specs": []
                    },
                    {
                        "name": "python",
                        "specs": [
                            [
                                ">=",
                                "3.5,<3.6.0a0"
                            ]
                        ]
                    }
                ]
            },
            "description": null,
            "distribution_type": "conda",
            "download_url": "//api.anaconda.org/download/bioconda/tophat-recondition/1.4/osx-64/tophat-recondition-1.4-py35_1.tar.bz2",
            "full_name": "bioconda/tophat-recondition/1.4/osx-64/tophat-recondition-1.4-py35_1.tar.bz2",
            "labels": [
                "main",
                "cf201901"
            ],
            "md5": "3c3a1642c5297fcae2ef11c5401adae2",
            "ndownloads": 263,
            "owner": "bioconda",
            "size": 7961,
            "type": "conda",
            "upload_time": "2018-06-19 07:19:31.553000+00:00",
            "version": "1.4"
        },
        {
            "attrs": {
                "arch": "x86_64",
                "build": "py27_1",
                "build_number": 1,
                "depends": [
                    "pysam",
                    "python >=2.7,<2.8.0a0"
                ],
                "has_prefix": false,
                "license": "BSD_2_clause",
                "machine": "x86_64",
                "operatingsystem": "darwin",
                "platform": "osx",
                "subdir": "osx-64",
                "target-triplet": "x86_64-any-darwin",
                "timestamp": 1529392666475
            },
            "basename": "osx-64/tophat-recondition-1.4-py27_1.tar.bz2",
            "dependencies": {
                "depends": [
                    {
                        "name": "pysam",
                        "specs": []
                    },
                    {
                        "name": "python",
                        "specs": [
                            [
                                ">=",
                                "2.7,<2.8.0a0"
                            ]
                        ]
                    }
                ]
            },
            "description": null,
            "distribution_type": "conda",
            "download_url": "//api.anaconda.org/download/bioconda/tophat-recondition/1.4/osx-64/tophat-recondition-1.4-py27_1.tar.bz2",
            "full_name": "bioconda/tophat-recondition/1.4/osx-64/tophat-recondition-1.4-py27_1.tar.bz2",
            "labels": [
                "main",
                "cf201901"
            ],
            "md5": "c5e6a8d2ddd891434671d14c0643c78e",
            "ndownloads": 26,
            "owner": "bioconda",
            "size": 7976,
            "type": "conda",
            "upload_time": "2018-06-19 07:19:34.400000+00:00",
            "version": "1.4"
        },
        {
            "attrs": {
                "arch": "x86_64",
                "build": "py35_1",
                "build_number": 1,
                "depends": [
                    "pysam",
                    "python >=3.5,<3.6.0a0"
                ],
                "has_prefix": false,
                "license": "BSD_2_clause",
                "machine": "x86_64",
                "operatingsystem": "linux",
                "platform": "linux",
                "subdir": "linux-64",
                "target-triplet": "x86_64-any-linux",
                "timestamp": 1529533629570
            },
            "basename": "linux-64/tophat-recondition-1.4-py35_1.tar.bz2",
            "dependencies": {
                "depends": [
                    {
                        "name": "pysam",
                        "specs": []
                    },
                    {
                        "name": "python",
                        "specs": [
                            [
                                ">=",
                                "3.5,<3.6.0a0"
                            ]
                        ]
                    }
                ]
            },
            "description": null,
            "distribution_type": "conda",
            "download_url": "//api.anaconda.org/download/bioconda/tophat-recondition/1.4/linux-64/tophat-recondition-1.4-py35_1.tar.bz2",
            "full_name": "bioconda/tophat-recondition/1.4/linux-64/tophat-recondition-1.4-py35_1.tar.bz2",
            "labels": [
                "main",
                "cf201901"
            ],
            "md5": "9896ed8454448bc9ee5f7d93a2fa876c",
            "ndownloads": 82,
            "owner": "bioconda",
            "size": 7746,
            "type": "conda",
            "upload_time": "2018-06-20 22:30:46.836000+00:00",
            "version": "1.4"
        },
        {
            "attrs": {
                "arch": "x86_64",
                "build": "py36_1",
                "build_number": 1,
                "depends": [
                    "pysam",
                    "python >=3.6,<3.7.0a0"
                ],
                "has_prefix": false,
                "license": "BSD_2_clause",
                "machine": "x86_64",
                "operatingsystem": "linux",
                "platform": "linux",
                "subdir": "linux-64",
                "target-triplet": "x86_64-any-linux",
                "timestamp": 1529533549779
            },
            "basename": "linux-64/tophat-recondition-1.4-py36_1.tar.bz2",
            "dependencies": {
                "depends": [
                    {
                        "name": "pysam",
                        "specs": []
                    },
                    {
                        "name": "python",
                        "specs": [
                            [
                                ">=",
                                "3.6,<3.7.0a0"
                            ]
                        ]
                    }
                ]
            },
            "description": null,
            "distribution_type": "conda",
            "download_url": "//api.anaconda.org/download/bioconda/tophat-recondition/1.4/linux-64/tophat-recondition-1.4-py36_1.tar.bz2",
            "full_name": "bioconda/tophat-recondition/1.4/linux-64/tophat-recondition-1.4-py36_1.tar.bz2",
            "labels": [
                "main",
                "cf201901"
            ],
            "md5": "b92be28cc45ab63e1df39f0726b299fb",
            "ndownloads": 798,
            "owner": "bioconda",
            "size": 7734,
            "type": "conda",
            "upload_time": "2018-06-20 22:30:49.387000+00:00",
            "version": "1.4"
        },
        {
            "attrs": {
                "arch": "x86_64",
                "build": "py27_0",
                "build_number": 0,
                "depends": [
                    "pysam",
                    "python 2.7*"
                ],
                "license": "BSD_2_clause",
                "machine": "x86_64",
                "operatingsystem": "linux",
                "platform": "linux",
                "subdir": "linux-64",
                "target-triplet": "x86_64-any-linux"
            },
            "basename": "linux-64/tophat-recondition-1.1-py27_0.tar.bz2",
            "dependencies": {
                "depends": [
                    {
                        "name": "pysam",
                        "specs": []
                    },
                    {
                        "name": "python",
                        "specs": [
                            [
                                "==",
                                "2.7"
                            ]
                        ]
                    }
                ]
            },
            "description": null,
            "distribution_type": "conda",
            "download_url": "//api.anaconda.org/download/bioconda/tophat-recondition/1.1/linux-64/tophat-recondition-1.1-py27_0.tar.bz2",
            "full_name": "bioconda/tophat-recondition/1.1/linux-64/tophat-recondition-1.1-py27_0.tar.bz2",
            "labels": [
                "main",
                "cf201901"
            ],
            "md5": "37d25373a8a6a2b02d06658ab63ee6d6",
            "ndownloads": 607,
            "owner": "bioconda",
            "size": 5193,
            "type": "conda",
            "upload_time": "2016-07-18 13:34:23.811000+00:00",
            "version": "1.1"
        },
        {
            "attrs": {
                "arch": "x86_64",
                "build": "py34_0",
                "build_number": 0,
                "depends": [
                    "pysam",
                    "python 3.4*"
                ],
                "license": "BSD_2_clause",
                "machine": "x86_64",
                "operatingsystem": "linux",
                "platform": "linux",
                "subdir": "linux-64",
                "target-triplet": "x86_64-any-linux"
            },
            "basename": "linux-64/tophat-recondition-1.1-py34_0.tar.bz2",
            "dependencies": {
                "depends": [
                    {
                        "name": "pysam",
                        "specs": []
                    },
                    {
                        "name": "python",
                        "specs": [
                            [
                                "==",
                                "3.4"
                            ]
                        ]
                    }
                ]
            },
            "description": null,
            "distribution_type": "conda",
            "download_url": "//api.anaconda.org/download/bioconda/tophat-recondition/1.1/linux-64/tophat-recondition-1.1-py34_0.tar.bz2",
            "full_name": "bioconda/tophat-recondition/1.1/linux-64/tophat-recondition-1.1-py34_0.tar.bz2",
            "labels": [
                "main",
                "cf201901"
            ],
            "md5": "7270fd2383267530d296b55eccc3ebae",
            "ndownloads": 326,
            "owner": "bioconda",
            "size": 5198,
            "type": "conda",
            "upload_time": "2016-07-18 13:34:25.215000+00:00",
            "version": "1.1"
        },
        {
            "attrs": {
                "arch": "x86_64",
                "build": "py35_0",
                "build_number": 0,
                "depends": [
                    "pysam",
                    "python 3.5*"
                ],
                "license": "BSD_2_clause",
                "machine": "x86_64",
                "operatingsystem": "linux",
                "platform": "linux",
                "subdir": "linux-64",
                "target-triplet": "x86_64-any-linux"
            },
            "basename": "linux-64/tophat-recondition-1.1-py35_0.tar.bz2",
            "dependencies": {
                "depends": [
                    {
                        "name": "pysam",
                        "specs": []
                    },
                    {
                        "name": "python",
                        "specs": [
                            [
                                "==",
                                "3.5"
                            ]
                        ]
                    }
                ]
            },
            "description": null,
            "distribution_type": "conda",
            "download_url": "//api.anaconda.org/download/bioconda/tophat-recondition/1.1/linux-64/tophat-recondition-1.1-py35_0.tar.bz2",
            "full_name": "bioconda/tophat-recondition/1.1/linux-64/tophat-recondition-1.1-py35_0.tar.bz2",
            "labels": [
                "main",
                "cf201901"
            ],
            "md5": "69a81b4969d64d311ecc98b795b56222",
            "ndownloads": 504,
            "owner": "bioconda",
            "size": 5185,
            "type": "conda",
            "upload_time": "2016-07-18 13:34:26.855000+00:00",
            "version": "1.1"
        },
        {
            "attrs": {
                "arch": "x86_64",
                "build": "py34_0",
                "build_number": 0,
                "depends": [
                    "pysam",
                    "python 3.4*"
                ],
                "license": "BSD_2_clause",
                "machine": "x86_64",
                "operatingsystem": "darwin",
                "platform": "osx",
                "subdir": "osx-64",
                "target-triplet": "x86_64-any-darwin"
            },
            "basename": "osx-64/tophat-recondition-1.1-py34_0.tar.bz2",
            "dependencies": {
                "depends": [
                    {
                        "name": "pysam",
                        "specs": []
                    },
                    {
                        "name": "python",
                        "specs": [
                            [
                                "==",
                                "3.4"
                            ]
                        ]
                    }
                ]
            },
            "description": null,
            "distribution_type": "conda",
            "download_url": "//api.anaconda.org/download/bioconda/tophat-recondition/1.1/osx-64/tophat-recondition-1.1-py34_0.tar.bz2",
            "full_name": "bioconda/tophat-recondition/1.1/osx-64/tophat-recondition-1.1-py34_0.tar.bz2",
            "labels": [
                "main",
                "cf201901"
            ],
            "md5": "5ab8ef0ffa41976abb57f78141c9b29d",
            "ndownloads": 29,
            "owner": "bioconda",
            "size": 5199,
            "type": "conda",
            "upload_time": "2016-07-18 13:36:55.656000+00:00",
            "version": "1.1"
        },
        {
            "attrs": {
                "arch": "x86_64",
                "build": "py27_0",
                "build_number": 0,
                "depends": [
                    "pysam",
                    "python 2.7*"
                ],
                "license": "BSD_2_clause",
                "machine": "x86_64",
                "operatingsystem": "darwin",
                "platform": "osx",
                "subdir": "osx-64",
                "target-triplet": "x86_64-any-darwin"
            },
            "basename": "osx-64/tophat-recondition-1.1-py27_0.tar.bz2",
            "dependencies": {
                "depends": [
                    {
                        "name": "pysam",
                        "specs": []
                    },
                    {
                        "name": "python",
                        "specs": [
                            [
                                "==",
                                "2.7"
                            ]
                        ]
                    }
                ]
            },
            "description": null,
            "distribution_type": "conda",
            "download_url": "//api.anaconda.org/download/bioconda/tophat-recondition/1.1/osx-64/tophat-recondition-1.1-py27_0.tar.bz2",
            "full_name": "bioconda/tophat-recondition/1.1/osx-64/tophat-recondition-1.1-py27_0.tar.bz2",
            "labels": [
                "main",
                "cf201901"
            ],
            "md5": "732df23fb4956f2fabac4201712fdec2",
            "ndownloads": 28,
            "owner": "bioconda",
            "size": 5206,
            "type": "conda",
            "upload_time": "2016-07-18 13:36:57.634000+00:00",
            "version": "1.1"
        },
        {
            "attrs": {
                "arch": "x86_64",
                "build": "py35_0",
                "build_number": 0,
                "depends": [
                    "pysam",
                    "python 3.5*"
                ],
                "license": "BSD_2_clause",
                "machine": "x86_64",
                "operatingsystem": "darwin",
                "platform": "osx",
                "subdir": "osx-64",
                "target-triplet": "x86_64-any-darwin"
            },
            "basename": "osx-64/tophat-recondition-1.1-py35_0.tar.bz2",
            "dependencies": {
                "depends": [
                    {
                        "name": "pysam",
                        "specs": []
                    },
                    {
                        "name": "python",
                        "specs": [
                            [
                                "==",
                                "3.5"
                            ]
                        ]
                    }
                ]
            },
            "description": null,
            "distribution_type": "conda",
            "download_url": "//api.anaconda.org/download/bioconda/tophat-recondition/1.1/osx-64/tophat-recondition-1.1-py35_0.tar.bz2",
            "full_name": "bioconda/tophat-recondition/1.1/osx-64/tophat-recondition-1.1-py35_0.tar.bz2",
            "labels": [
                "main",
                "cf201901"
            ],
            "md5": "944fed010490ff5b7c003cd7da35a384",
            "ndownloads": 1444,
            "owner": "bioconda",
            "size": 5212,
            "type": "conda",
            "upload_time": "2016-07-18 13:36:59.292000+00:00",
            "version": "1.1"
        },
        {
            "attrs": {
                "arch": "x86_64",
                "build": "py35_0",
                "build_number": 0,
                "depends": [
                    "pysam",
                    "python 3.5*"
                ],
                "license": "BSD_2_clause",
                "machine": "x86_64",
                "operatingsystem": "linux",
                "platform": "linux",
                "subdir": "linux-64",
                "target-triplet": "x86_64-any-linux"
            },
            "basename": "linux-64/tophat-recondition-1.2-py35_0.tar.bz2",
            "dependencies": {
                "depends": [
                    {
                        "name": "pysam",
                        "specs": []
                    },
                    {
                        "name": "python",
                        "specs": [
                            [
                                "==",
                                "3.5"
                            ]
                        ]
                    }
                ]
            },
            "description": null,
            "distribution_type": "conda",
            "download_url": "//api.anaconda.org/download/bioconda/tophat-recondition/1.2/linux-64/tophat-recondition-1.2-py35_0.tar.bz2",
            "full_name": "bioconda/tophat-recondition/1.2/linux-64/tophat-recondition-1.2-py35_0.tar.bz2",
            "labels": [
                "main",
                "cf201901"
            ],
            "md5": "dfe5bc5ff2ace303f1ce60a21d2ac97b",
            "ndownloads": 519,
            "owner": "bioconda",
            "size": 5330,
            "type": "conda",
            "upload_time": "2016-07-20 15:07:22.429000+00:00",
            "version": "1.2"
        },
        {
            "attrs": {
                "arch": "x86_64",
                "build": "py27_0",
                "build_number": 0,
                "depends": [
                    "pysam",
                    "python 2.7*"
                ],
                "license": "BSD_2_clause",
                "machine": "x86_64",
                "operatingsystem": "linux",
                "platform": "linux",
                "subdir": "linux-64",
                "target-triplet": "x86_64-any-linux"
            },
            "basename": "linux-64/tophat-recondition-1.2-py27_0.tar.bz2",
            "dependencies": {
                "depends": [
                    {
                        "name": "pysam",
                        "specs": []
                    },
                    {
                        "name": "python",
                        "specs": [
                            [
                                "==",
                                "2.7"
                            ]
                        ]
                    }
                ]
            },
            "description": null,
            "distribution_type": "conda",
            "download_url": "//api.anaconda.org/download/bioconda/tophat-recondition/1.2/linux-64/tophat-recondition-1.2-py27_0.tar.bz2",
            "full_name": "bioconda/tophat-recondition/1.2/linux-64/tophat-recondition-1.2-py27_0.tar.bz2",
            "labels": [
                "main",
                "cf201901"
            ],
            "md5": "5afc9dc65f96cf729e8c9f18e40eb3ee",
            "ndownloads": 596,
            "owner": "bioconda",
            "size": 5316,
            "type": "conda",
            "upload_time": "2016-07-20 15:07:24.175000+00:00",
            "version": "1.2"
        },
        {
            "attrs": {
                "arch": "x86_64",
                "build": "py34_0",
                "build_number": 0,
                "depends": [
                    "pysam",
                    "python 3.4*"
                ],
                "license": "BSD_2_clause",
                "machine": "x86_64",
                "operatingsystem": "linux",
                "platform": "linux",
                "subdir": "linux-64",
                "target-triplet": "x86_64-any-linux"
            },
            "basename": "linux-64/tophat-recondition-1.2-py34_0.tar.bz2",
            "dependencies": {
                "depends": [
                    {
                        "name": "pysam",
                        "specs": []
                    },
                    {
                        "name": "python",
                        "specs": [
                            [
                                "==",
                                "3.4"
                            ]
                        ]
                    }
                ]
            },
            "description": null,
            "distribution_type": "conda",
            "download_url": "//api.anaconda.org/download/bioconda/tophat-recondition/1.2/linux-64/tophat-recondition-1.2-py34_0.tar.bz2",
            "full_name": "bioconda/tophat-recondition/1.2/linux-64/tophat-recondition-1.2-py34_0.tar.bz2",
            "labels": [
                "main",
                "cf201901"
            ],
            "md5": "0d0e3de742ab840a474968687f863c2d",
            "ndownloads": 333,
            "owner": "bioconda",
            "size": 5321,
            "type": "conda",
            "upload_time": "2016-07-20 15:07:25.819000+00:00",
            "version": "1.2"
        },
        {
            "attrs": {
                "arch": "x86_64",
                "build": "py34_0",
                "build_number": 0,
                "depends": [
                    "pysam",
                    "python 3.4*"
                ],
                "license": "BSD_2_clause",
                "machine": "x86_64",
                "operatingsystem": "darwin",
                "platform": "osx",
                "subdir": "osx-64",
                "target-triplet": "x86_64-any-darwin"
            },
            "basename": "osx-64/tophat-recondition-1.2-py34_0.tar.bz2",
            "dependencies": {
                "depends": [
                    {
                        "name": "pysam",
                        "specs": []
                    },
                    {
                        "name": "python",
                        "specs": [
                            [
                                "==",
                                "3.4"
                            ]
                        ]
                    }
                ]
            },
            "description": null,
            "distribution_type": "conda",
            "download_url": "//api.anaconda.org/download/bioconda/tophat-recondition/1.2/osx-64/tophat-recondition-1.2-py34_0.tar.bz2",
            "full_name": "bioconda/tophat-recondition/1.2/osx-64/tophat-recondition-1.2-py34_0.tar.bz2",
            "labels": [
                "main",
                "cf201901"
            ],
            "md5": "387a8c765d4267161479844b4215373d",
            "ndownloads": 27,
            "owner": "bioconda",
            "size": 5336,
            "type": "conda",
            "upload_time": "2016-07-20 15:17:06.353000+00:00",
            "version": "1.2"
        },
        {
            "attrs": {
                "arch": "x86_64",
                "build": "py27_0",
                "build_number": 0,
                "depends": [
                    "pysam",
                    "python 2.7*"
                ],
                "license": "BSD_2_clause",
                "machine": "x86_64",
                "operatingsystem": "darwin",
                "platform": "osx",
                "subdir": "osx-64",
                "target-triplet": "x86_64-any-darwin"
            },
            "basename": "osx-64/tophat-recondition-1.2-py27_0.tar.bz2",
            "dependencies": {
                "depends": [
                    {
                        "name": "pysam",
                        "specs": []
                    },
                    {
                        "name": "python",
                        "specs": [
                            [
                                "==",
                                "2.7"
                            ]
                        ]
                    }
                ]
            },
            "description": null,
            "distribution_type": "conda",
            "download_url": "//api.anaconda.org/download/bioconda/tophat-recondition/1.2/osx-64/tophat-recondition-1.2-py27_0.tar.bz2",
            "full_name": "bioconda/tophat-recondition/1.2/osx-64/tophat-recondition-1.2-py27_0.tar.bz2",
            "labels": [
                "main",
                "cf201901"
            ],
            "md5": "2576565c5b3ea24493b32597370e1b90",
            "ndownloads": 27,
            "owner": "bioconda",
            "size": 5334,
            "type": "conda",
            "upload_time": "2016-07-20 15:17:08.376000+00:00",
            "version": "1.2"
        },
        {
            "attrs": {
                "arch": "x86_64",
                "build": "py35_0",
                "build_number": 0,
                "depends": [
                    "pysam",
                    "python 3.5*"
                ],
                "license": "BSD_2_clause",
                "machine": "x86_64",
                "operatingsystem": "darwin",
                "platform": "osx",
                "subdir": "osx-64",
                "target-triplet": "x86_64-any-darwin"
            },
            "basename": "osx-64/tophat-recondition-1.2-py35_0.tar.bz2",
            "dependencies": {
                "depends": [
                    {
                        "name": "pysam",
                        "specs": []
                    },
                    {
                        "name": "python",
                        "specs": [
                            [
                                "==",
                                "3.5"
                            ]
                        ]
                    }
                ]
            },
            "description": null,
            "distribution_type": "conda",
            "download_url": "//api.anaconda.org/download/bioconda/tophat-recondition/1.2/osx-64/tophat-recondition-1.2-py35_0.tar.bz2",
            "full_name": "bioconda/tophat-recondition/1.2/osx-64/tophat-recondition-1.2-py35_0.tar.bz2",
            "labels": [
                "main",
                "cf201901"
            ],
            "md5": "aa07d7cea35fba11eedc7c2ff7a4d473",
            "ndownloads": 1450,
            "owner": "bioconda",
            "size": 5337,
            "type": "conda",
            "upload_time": "2016-07-20 15:17:09.856000+00:00",
            "version": "1.2"
        },
        {
            "attrs": {
                "arch": "x86_64",
                "build": "py35_0",
                "build_number": 0,
                "depends": [
                    "pysam",
                    "python 3.5*"
                ],
                "license": "BSD_2_clause",
                "machine": "x86_64",
                "operatingsystem": "linux",
                "platform": "linux",
                "subdir": "linux-64",
                "target-triplet": "x86_64-any-linux"
            },
            "basename": "linux-64/tophat-recondition-1.3-py35_0.tar.bz2",
            "dependencies": {
                "depends": [
                    {
                        "name": "pysam",
                        "specs": []
                    },
                    {
                        "name": "python",
                        "specs": [
                            [
                                "==",
                                "3.5"
                            ]
                        ]
                    }
                ]
            },
            "description": null,
            "distribution_type": "conda",
            "download_url": "//api.anaconda.org/download/bioconda/tophat-recondition/1.3/linux-64/tophat-recondition-1.3-py35_0.tar.bz2",
            "full_name": "bioconda/tophat-recondition/1.3/linux-64/tophat-recondition-1.3-py35_0.tar.bz2",
            "labels": [
                "main",
                "cf201901"
            ],
            "md5": "56002d39105f4c0efa3307b166b8ffd4",
            "ndownloads": 523,
            "owner": "bioconda",
            "size": 5348,
            "type": "conda",
            "upload_time": "2016-08-15 11:54:48.206000+00:00",
            "version": "1.3"
        },
        {
            "attrs": {
                "arch": "x86_64",
                "build": "py27_0",
                "build_number": 0,
                "depends": [
                    "pysam",
                    "python 2.7*"
                ],
                "license": "BSD_2_clause",
                "machine": "x86_64",
                "operatingsystem": "linux",
                "platform": "linux",
                "subdir": "linux-64",
                "target-triplet": "x86_64-any-linux"
            },
            "basename": "linux-64/tophat-recondition-1.3-py27_0.tar.bz2",
            "dependencies": {
                "depends": [
                    {
                        "name": "pysam",
                        "specs": []
                    },
                    {
                        "name": "python",
                        "specs": [
                            [
                                "==",
                                "2.7"
                            ]
                        ]
                    }
                ]
            },
            "description": null,
            "distribution_type": "conda",
            "download_url": "//api.anaconda.org/download/bioconda/tophat-recondition/1.3/linux-64/tophat-recondition-1.3-py27_0.tar.bz2",
            "full_name": "bioconda/tophat-recondition/1.3/linux-64/tophat-recondition-1.3-py27_0.tar.bz2",
            "labels": [
                "main",
                "cf201901"
            ],
            "md5": "c55977fcbe9e59115ee2f1151aaec534",
            "ndownloads": 546,
            "owner": "bioconda",
            "size": 5349,
            "type": "conda",
            "upload_time": "2016-08-15 11:54:49.973000+00:00",
            "version": "1.3"
        },
        {
            "attrs": {
                "arch": "x86_64",
                "build": "py34_0",
                "build_number": 0,
                "depends": [
                    "pysam",
                    "python 3.4*"
                ],
                "license": "BSD_2_clause",
                "machine": "x86_64",
                "operatingsystem": "linux",
                "platform": "linux",
                "subdir": "linux-64",
                "target-triplet": "x86_64-any-linux"
            },
            "basename": "linux-64/tophat-recondition-1.3-py34_0.tar.bz2",
            "dependencies": {
                "depends": [
                    {
                        "name": "pysam",
                        "specs": []
                    },
                    {
                        "name": "python",
                        "specs": [
                            [
                                "==",
                                "3.4"
                            ]
                        ]
                    }
                ]
            },
            "description": null,
            "distribution_type": "conda",
            "download_url": "//api.anaconda.org/download/bioconda/tophat-recondition/1.3/linux-64/tophat-recondition-1.3-py34_0.tar.bz2",
            "full_name": "bioconda/tophat-recondition/1.3/linux-64/tophat-recondition-1.3-py34_0.tar.bz2",
            "labels": [
                "main",
                "cf201901"
            ],
            "md5": "97cd7889f5623aa9958be59b8f4da899",
            "ndownloads": 576,
            "owner": "bioconda",
            "size": 5338,
            "type": "conda",
            "upload_time": "2016-08-15 11:54:51.729000+00:00",
            "version": "1.3"
        },
        {
            "attrs": {
                "arch": "x86_64",
                "build": "py35_0",
                "build_number": 0,
                "depends": [
                    "pysam",
                    "python 3.5*"
                ],
                "license": "BSD_2_clause",
                "machine": "x86_64",
                "operatingsystem": "darwin",
                "platform": "osx",
                "subdir": "osx-64",
                "target-triplet": "x86_64-any-darwin"
            },
            "basename": "osx-64/tophat-recondition-1.3-py35_0.tar.bz2",
            "dependencies": {
                "depends": [
                    {
                        "name": "pysam",
                        "specs": []
                    },
                    {
                        "name": "python",
                        "specs": [
                            [
                                "==",
                                "3.5"
                            ]
                        ]
                    }
                ]
            },
            "description": null,
            "distribution_type": "conda",
            "download_url": "//api.anaconda.org/download/bioconda/tophat-recondition/1.3/osx-64/tophat-recondition-1.3-py35_0.tar.bz2",
            "full_name": "bioconda/tophat-recondition/1.3/osx-64/tophat-recondition-1.3-py35_0.tar.bz2",
            "labels": [
                "main",
                "cf201901"
            ],
            "md5": "e49d85ce014c48cd3ffb8440db7f6f1a",
            "ndownloads": 738,
            "owner": "bioconda",
            "size": 5280,
            "type": "conda",
            "upload_time": "2016-08-15 11:58:06.187000+00:00",
            "version": "1.3"
        },
        {
            "attrs": {
                "arch": "x86_64",
                "build": "py34_0",
                "build_number": 0,
                "depends": [
                    "pysam",
                    "python 3.4*"
                ],
                "license": "BSD_2_clause",
                "machine": "x86_64",
                "operatingsystem": "darwin",
                "platform": "osx",
                "subdir": "osx-64",
                "target-triplet": "x86_64-any-darwin"
            },
            "basename": "osx-64/tophat-recondition-1.3-py34_0.tar.bz2",
            "dependencies": {
                "depends": [
                    {
                        "name": "pysam",
                        "specs": []
                    },
                    {
                        "name": "python",
                        "specs": [
                            [
                                "==",
                                "3.4"
                            ]
                        ]
                    }
                ]
            },
            "description": null,
            "distribution_type": "conda",
            "download_url": "//api.anaconda.org/download/bioconda/tophat-recondition/1.3/osx-64/tophat-recondition-1.3-py34_0.tar.bz2",
            "full_name": "bioconda/tophat-recondition/1.3/osx-64/tophat-recondition-1.3-py34_0.tar.bz2",
            "labels": [
                "main",
                "cf201901"
            ],
            "md5": "630a51149870afc2a76f1bf445796667",
            "ndownloads": 27,
            "owner": "bioconda",
            "size": 5279,
            "type": "conda",
            "upload_time": "2016-08-15 11:58:09.430000+00:00",
            "version": "1.3"
        },
        {
            "attrs": {
                "arch": "x86_64",
                "build": "py27_0",
                "build_number": 0,
                "depends": [
                    "pysam",
                    "python 2.7*"
                ],
                "license": "BSD_2_clause",
                "machine": "x86_64",
                "operatingsystem": "darwin",
                "platform": "osx",
                "subdir": "osx-64",
                "target-triplet": "x86_64-any-darwin"
            },
            "basename": "osx-64/tophat-recondition-1.3-py27_0.tar.bz2",
            "dependencies": {
                "depends": [
                    {
                        "name": "pysam",
                        "specs": []
                    },
                    {
                        "name": "python",
                        "specs": [
                            [
                                "==",
                                "2.7"
                            ]
                        ]
                    }
                ]
            },
            "description": null,
            "distribution_type": "conda",
            "download_url": "//api.anaconda.org/download/bioconda/tophat-recondition/1.3/osx-64/tophat-recondition-1.3-py27_0.tar.bz2",
            "full_name": "bioconda/tophat-recondition/1.3/osx-64/tophat-recondition-1.3-py27_0.tar.bz2",
            "labels": [
                "main",
                "cf201901"
            ],
            "md5": "6962703d40188df4ef17b500cb0e0eca",
            "ndownloads": 27,
            "owner": "bioconda",
            "size": 5281,
            "type": "conda",
            "upload_time": "2016-08-15 11:58:11.285000+00:00",
            "version": "1.3"
        },
        {
            "attrs": {
                "arch": "x86_64",
                "build": "py27_0",
                "build_number": 0,
                "depends": [
                    "pysam",
                    "python 2.7*"
                ],
                "license": "BSD_2_clause",
                "machine": "x86_64",
                "operatingsystem": "linux",
                "platform": "linux",
                "subdir": "linux-64",
                "target-triplet": "x86_64-any-linux"
            },
            "basename": "linux-64/tophat-recondition-1.4-py27_0.tar.bz2",
            "dependencies": {
                "depends": [
                    {
                        "name": "pysam",
                        "specs": []
                    },
                    {
                        "name": "python",
                        "specs": [
                            [
                                "==",
                                "2.7"
                            ]
                        ]
                    }
                ]
            },
            "description": null,
            "distribution_type": "conda",
            "download_url": "//api.anaconda.org/download/bioconda/tophat-recondition/1.4/linux-64/tophat-recondition-1.4-py27_0.tar.bz2",
            "full_name": "bioconda/tophat-recondition/1.4/linux-64/tophat-recondition-1.4-py27_0.tar.bz2",
            "labels": [
                "main",
                "cf201901"
            ],
            "md5": "c62260b183edf2aa879d37e9d67cf62d",
            "ndownloads": 3615,
            "owner": "bioconda",
            "size": 5288,
            "type": "conda",
            "upload_time": "2016-09-22 05:56:19.329000+00:00",
            "version": "1.4"
        },
        {
            "attrs": {
                "arch": "x86_64",
                "build": "py35_0",
                "build_number": 0,
                "depends": [
                    "pysam",
                    "python 3.5*"
                ],
                "license": "BSD_2_clause",
                "machine": "x86_64",
                "operatingsystem": "linux",
                "platform": "linux",
                "subdir": "linux-64",
                "target-triplet": "x86_64-any-linux"
            },
            "basename": "linux-64/tophat-recondition-1.4-py35_0.tar.bz2",
            "dependencies": {
                "depends": [
                    {
                        "name": "pysam",
                        "specs": []
                    },
                    {
                        "name": "python",
                        "specs": [
                            [
                                "==",
                                "3.5"
                            ]
                        ]
                    }
                ]
            },
            "description": null,
            "distribution_type": "conda",
            "download_url": "//api.anaconda.org/download/bioconda/tophat-recondition/1.4/linux-64/tophat-recondition-1.4-py35_0.tar.bz2",
            "full_name": "bioconda/tophat-recondition/1.4/linux-64/tophat-recondition-1.4-py35_0.tar.bz2",
            "labels": [
                "main",
                "cf201901"
            ],
            "md5": "b2e6e06d6bfc5d404c5cc5e5353e857c",
            "ndownloads": 338,
            "owner": "bioconda",
            "size": 5291,
            "type": "conda",
            "upload_time": "2016-09-22 05:56:21.347000+00:00",
            "version": "1.4"
        },
        {
            "attrs": {
                "arch": "x86_64",
                "build": "py34_0",
                "build_number": 0,
                "depends": [
                    "pysam",
                    "python 3.4*"
                ],
                "license": "BSD_2_clause",
                "machine": "x86_64",
                "operatingsystem": "darwin",
                "platform": "osx",
                "subdir": "osx-64",
                "target-triplet": "x86_64-any-darwin"
            },
            "basename": "osx-64/tophat-recondition-1.4-py34_0.tar.bz2",
            "dependencies": {
                "depends": [
                    {
                        "name": "pysam",
                        "specs": []
                    },
                    {
                        "name": "python",
                        "specs": [
                            [
                                "==",
                                "3.4"
                            ]
                        ]
                    }
                ]
            },
            "description": null,
            "distribution_type": "conda",
            "download_url": "//api.anaconda.org/download/bioconda/tophat-recondition/1.4/osx-64/tophat-recondition-1.4-py34_0.tar.bz2",
            "full_name": "bioconda/tophat-recondition/1.4/osx-64/tophat-recondition-1.4-py34_0.tar.bz2",
            "labels": [
                "main",
                "cf201901"
            ],
            "md5": "835514b9d08d182ea8d29ed150b5cf80",
            "ndownloads": 25,
            "owner": "bioconda",
            "size": 5310,
            "type": "conda",
            "upload_time": "2016-09-22 05:59:12.728000+00:00",
            "version": "1.4"
        },
        {
            "attrs": {
                "arch": "x86_64",
                "build": "py34_0",
                "build_number": 0,
                "depends": [
                    "pysam",
                    "python 3.4*"
                ],
                "license": "BSD_2_clause",
                "machine": "x86_64",
                "operatingsystem": "linux",
                "platform": "linux",
                "subdir": "linux-64",
                "target-triplet": "x86_64-any-linux"
            },
            "basename": "linux-64/tophat-recondition-1.4-py34_0.tar.bz2",
            "dependencies": {
                "depends": [
                    {
                        "name": "pysam",
                        "specs": []
                    },
                    {
                        "name": "python",
                        "specs": [
                            [
                                "==",
                                "3.4"
                            ]
                        ]
                    }
                ]
            },
            "description": null,
            "distribution_type": "conda",
            "download_url": "//api.anaconda.org/download/bioconda/tophat-recondition/1.4/linux-64/tophat-recondition-1.4-py34_0.tar.bz2",
            "full_name": "bioconda/tophat-recondition/1.4/linux-64/tophat-recondition-1.4-py34_0.tar.bz2",
            "labels": [
                "main",
                "cf201901"
            ],
            "md5": "7b421539b2f0f443d8f0474a7d4488e5",
            "ndownloads": 441,
            "owner": "bioconda",
            "size": 5286,
            "type": "conda",
            "upload_time": "2016-09-22 05:56:23.669000+00:00",
            "version": "1.4"
        },
        {
            "attrs": {
                "arch": "x86_64",
                "build": "py35_0",
                "build_number": 0,
                "depends": [
                    "pysam",
                    "python 3.5*"
                ],
                "license": "BSD_2_clause",
                "machine": "x86_64",
                "operatingsystem": "darwin",
                "platform": "osx",
                "subdir": "osx-64",
                "target-triplet": "x86_64-any-darwin"
            },
            "basename": "osx-64/tophat-recondition-1.4-py35_0.tar.bz2",
            "dependencies": {
                "depends": [
                    {
                        "name": "pysam",
                        "specs": []
                    },
                    {
                        "name": "python",
                        "specs": [
                            [
                                "==",
                                "3.5"
                            ]
                        ]
                    }
                ]
            },
            "description": null,
            "distribution_type": "conda",
            "download_url": "//api.anaconda.org/download/bioconda/tophat-recondition/1.4/osx-64/tophat-recondition-1.4-py35_0.tar.bz2",
            "full_name": "bioconda/tophat-recondition/1.4/osx-64/tophat-recondition-1.4-py35_0.tar.bz2",
            "labels": [
                "main",
                "cf201901"
            ],
            "md5": "15279f2d9d9486ab075e25c1cd4d4584",
            "ndownloads": 30,
            "owner": "bioconda",
            "size": 5305,
            "type": "conda",
            "upload_time": "2016-09-22 05:59:14.293000+00:00",
            "version": "1.4"
        },
        {
            "attrs": {
                "arch": "x86_64",
                "build": "py27_0",
                "build_number": 0,
                "depends": [
                    "pysam",
                    "python 2.7*"
                ],
                "license": "BSD_2_clause",
                "machine": "x86_64",
                "operatingsystem": "darwin",
                "platform": "osx",
                "subdir": "osx-64",
                "target-triplet": "x86_64-any-darwin"
            },
            "basename": "osx-64/tophat-recondition-1.4-py27_0.tar.bz2",
            "dependencies": {
                "depends": [
                    {
                        "name": "pysam",
                        "specs": []
                    },
                    {
                        "name": "python",
                        "specs": [
                            [
                                "==",
                                "2.7"
                            ]
                        ]
                    }
                ]
            },
            "description": null,
            "distribution_type": "conda",
            "download_url": "//api.anaconda.org/download/bioconda/tophat-recondition/1.4/osx-64/tophat-recondition-1.4-py27_0.tar.bz2",
            "full_name": "bioconda/tophat-recondition/1.4/osx-64/tophat-recondition-1.4-py27_0.tar.bz2",
            "labels": [
                "main",
                "cf201901"
            ],
            "md5": "4d0768414ffbcf7712102bdd1aa108c4",
            "ndownloads": 29,
            "owner": "bioconda",
            "size": 5320,
            "type": "conda",
            "upload_time": "2016-09-22 05:59:16.294000+00:00",
            "version": "1.4"
        },
        {
            "attrs": {
                "arch": "x86_64",
                "build": "py36_0",
                "build_number": 0,
                "depends": [
                    "pysam",
                    "python 3.6*"
                ],
                "has_prefix": true,
                "license": "BSD_2_clause",
                "machine": "x86_64",
                "operatingsystem": "linux",
                "platform": "linux",
                "subdir": "linux-64",
                "target-triplet": "x86_64-any-linux"
            },
            "basename": "linux-64/tophat-recondition-1.4-py36_0.tar.bz2",
            "dependencies": {
                "depends": [
                    {
                        "name": "pysam",
                        "specs": []
                    },
                    {
                        "name": "python",
                        "specs": [
                            [
                                "==",
                                "3.6"
                            ]
                        ]
                    }
                ]
            },
            "description": null,
            "distribution_type": "conda",
            "download_url": "//api.anaconda.org/download/bioconda/tophat-recondition/1.4/linux-64/tophat-recondition-1.4-py36_0.tar.bz2",
            "full_name": "bioconda/tophat-recondition/1.4/linux-64/tophat-recondition-1.4-py36_0.tar.bz2",
            "labels": [
                "main",
                "cf201901"
            ],
            "md5": "8bc414c832684ccb43ab62ca2d7d6db5",
            "ndownloads": 377,
            "owner": "bioconda",
            "size": 6273,
            "type": "conda",
            "upload_time": "2017-05-05 13:14:11.420000+00:00",
            "version": "1.4"
        },
        {
            "attrs": {
                "arch": "x86_64",
                "build": "py36_0",
                "build_number": 0,
                "depends": [
                    "pysam",
                    "python 3.6*"
                ],
                "has_prefix": true,
                "license": "BSD_2_clause",
                "machine": "x86_64",
                "operatingsystem": "darwin",
                "platform": "osx",
                "subdir": "osx-64",
                "target-triplet": "x86_64-any-darwin"
            },
            "basename": "osx-64/tophat-recondition-1.4-py36_0.tar.bz2",
            "dependencies": {
                "depends": [
                    {
                        "name": "pysam",
                        "specs": []
                    },
                    {
                        "name": "python",
                        "specs": [
                            [
                                "==",
                                "3.6"
                            ]
                        ]
                    }
                ]
            },
            "description": null,
            "distribution_type": "conda",
            "download_url": "//api.anaconda.org/download/bioconda/tophat-recondition/1.4/osx-64/tophat-recondition-1.4-py36_0.tar.bz2",
            "full_name": "bioconda/tophat-recondition/1.4/osx-64/tophat-recondition-1.4-py36_0.tar.bz2",
            "labels": [
                "main",
                "cf201901"
            ],
            "md5": "3df16a11902c292389cb7c29915b8f95",
            "ndownloads": 28,
            "owner": "bioconda",
            "size": 5969,
            "type": "conda",
            "upload_time": "2017-05-08 07:50:41.278000+00:00",
            "version": "1.4"
        },
        {
            "attrs": {
                "arch": "x86_64",
                "build": "py27_1",
                "build_number": 1,
                "depends": [
                    "pysam",
                    "python >=2.7,<2.8.0a0"
                ],
                "has_prefix": false,
                "license": "BSD_2_clause",
                "machine": "x86_64",
                "operatingsystem": "linux",
                "platform": "linux",
                "subdir": "linux-64",
                "target-triplet": "x86_64-any-linux",
                "timestamp": 1529533591641
            },
            "basename": "linux-64/tophat-recondition-1.4-py27_1.tar.bz2",
            "dependencies": {
                "depends": [
                    {
                        "name": "pysam",
                        "specs": []
                    },
                    {
                        "name": "python",
                        "specs": [
                            [
                                ">=",
                                "2.7,<2.8.0a0"
                            ]
                        ]
                    }
                ]
            },
            "description": null,
            "distribution_type": "conda",
            "download_url": "//api.anaconda.org/download/bioconda/tophat-recondition/1.4/linux-64/tophat-recondition-1.4-py27_1.tar.bz2",
            "full_name": "bioconda/tophat-recondition/1.4/linux-64/tophat-recondition-1.4-py27_1.tar.bz2",
            "labels": [
                "main",
                "cf201901"
            ],
            "md5": "65b63cd072605250fbe6fcdf46cf7a9d",
            "ndownloads": 1489,
            "owner": "bioconda",
            "size": 7732,
            "type": "conda",
            "upload_time": "2018-06-20 22:30:52.117000+00:00",
            "version": "1.4"
        },
        {
            "attrs": {
                "arch": null,
                "build": "2",
                "build_number": 2,
                "depends": [
                    "pysam",
                    "python"
                ],
                "has_prefix": false,
                "license": "BSD_2_clause",
                "machine": null,
                "noarch": "generic",
                "operatingsystem": null,
                "platform": null,
                "subdir": "noarch",
                "target-triplet": "None-any-None",
                "timestamp": 1572092500545
            },
            "basename": "noarch/tophat-recondition-1.4-2.tar.bz2",
            "dependencies": {
                "depends": [
                    {
                        "name": "pysam",
                        "specs": []
                    },
                    {
                        "name": "python",
                        "specs": []
                    }
                ]
            },
            "description": null,
            "distribution_type": "conda",
            "download_url": "//api.anaconda.org/download/bioconda/tophat-recondition/1.4/noarch/tophat-recondition-1.4-2.tar.bz2",
            "full_name": "bioconda/tophat-recondition/1.4/noarch/tophat-recondition-1.4-2.tar.bz2",
            "labels": [
                "main"
            ],
            "md5": "46d56f2d6376949a236d6f303b89fe79",
            "ndownloads": 101,
            "owner": "bioconda",
            "size": 8899,
            "type": "conda",
            "upload_time": "2019-10-26 12:26:27.351000+00:00",
            "version": "1.4"
        }
    ],
    "full_name": "bioconda/tophat-recondition",
    "home": "None",
    "html_url": "http://anaconda.org/bioconda/tophat-recondition",
    "id": "578cdadffe3f5a461ec92e7b",
    "latest_version": "1.4",
    "license": "BSD_2_clause",
    "license_url": {},
    "modified_at": "2019-10-26 12:26:27.622000+00:00",
    "name": "tophat-recondition",
    "owner": {
        "company": "",
        "created_at": "2015-09-11 22:59:20.880000+00:00",
        "description": "Bioconda is a distribution of bioinformatics software realized as a channel for the versatile Conda package manager.",
        "location": "",
        "login": "bioconda",
        "name": "bioconda",
        "url": "",
        "user_type": "org"
    },
    "package_types": [
        "conda"
    ],
    "public": true,
    "releases": [
        {
            "distributions": [],
            "full_name": "bioconda/tophat-recondition/1.1",
            "version": "1.1"
        },
        {
            "distributions": [],
            "full_name": "bioconda/tophat-recondition/1.2",
            "version": "1.2"
        },
        {
            "distributions": [],
            "full_name": "bioconda/tophat-recondition/1.3",
            "version": "1.3"
        },
        {
            "distributions": [],
            "full_name": "bioconda/tophat-recondition/1.4",
            "version": "1.4"
        }
    ],
    "revision": 4,
    "source_git_tag": {},
    "source_git_url": {},
    "summary": "Post-processor for TopHat unmapped reads",
    "upvoted": 0,
    "url": "http://api.anaconda.org/packages/bioconda/tophat-recondition",
    "versions": [
        "1.1",
        "1.2",
        "1.3",
        "1.4"
    ],
    "watchers": 1
}