{
    "app_entry": {},
    "app_summary": {},
    "app_type": {},
    "builds": [
        "pl5.22.0_0"
    ],
    "conda_platforms": [
        "linux-64"
    ],
    "created_at": "2018-03-24 11:39:33.323000+00:00",
    "description": "",
    "dev_url": null,
    "doc_url": null,
    "files": [
        {
            "attrs": {
                "arch": "x86_64",
                "build": "pl5.22.0_0",
                "build_number": 0,
                "depends": [
                    "bzip2 1.0*",
                    "hardklor",
                    "libgcc <=4.9",
                    "perl 5.22.0*",
                    "perl-findbin-libs",
                    "perl-xml-parser",
                    "zlib 1.2.11*"
                ],
                "has_prefix": true,
                "license": "GPL v. 2.0 and LGPL",
                "machine": "x86_64",
                "operatingsystem": "linux",
                "platform": "linux",
                "subdir": "linux-64",
                "target-triplet": "x86_64-any-linux"
            },
            "basename": "linux-64/tpp-5.0.0-pl5.22.0_0.tar.bz2",
            "dependencies": {
                "depends": [
                    {
                        "name": "bzip2",
                        "specs": [
                            [
                                "==",
                                "1.0"
                            ]
                        ]
                    },
                    {
                        "name": "hardklor",
                        "specs": []
                    },
                    {
                        "name": "libgcc",
                        "specs": [
                            [
                                "<=",
                                "4.9"
                            ]
                        ]
                    },
                    {
                        "name": "perl",
                        "specs": [
                            [
                                "==",
                                "5.22.0"
                            ]
                        ]
                    },
                    {
                        "name": "perl-findbin-libs",
                        "specs": []
                    },
                    {
                        "name": "perl-xml-parser",
                        "specs": []
                    },
                    {
                        "name": "zlib",
                        "specs": [
                            [
                                "==",
                                "1.2.11"
                            ]
                        ]
                    }
                ]
            },
            "description": null,
            "distribution_type": "conda",
            "download_url": "//api.anaconda.org/download/bioconda/tpp/5.0.0/linux-64/tpp-5.0.0-pl5.22.0_0.tar.bz2",
            "full_name": "bioconda/tpp/5.0.0/linux-64/tpp-5.0.0-pl5.22.0_0.tar.bz2",
            "labels": [
                "main",
                "cf201901"
            ],
            "md5": "810da5959421dbe7372816716a422542",
            "ndownloads": 1071,
            "owner": "bioconda",
            "size": 13773815,
            "type": "conda",
            "upload_time": "2018-03-24 11:39:33.752000+00:00",
            "version": "5.0.0"
        }
    ],
    "full_name": "bioconda/tpp",
    "home": "http://tools.proteomecenter.org/wiki/index.php?title=Software:TPP",
    "html_url": "http://anaconda.org/bioconda/tpp",
    "id": "5ab638f547258c127236c783",
    "latest_version": "5.0.0",
    "license": "GPL v. 2.0 and LGPL",
    "license_url": null,
    "modified_at": "2018-03-24 11:39:34.424000+00:00",
    "name": "tpp",
    "owner": {
        "company": "",
        "created_at": "2015-09-11 22:59:20.880000+00:00",
        "description": "Bioconda is a distribution of bioinformatics software realized as a channel for the versatile Conda package manager.",
        "location": "",
        "login": "bioconda",
        "name": "bioconda",
        "url": "",
        "user_type": "org"
    },
    "package_types": [
        "conda"
    ],
    "public": true,
    "releases": [
        {
            "distributions": [],
            "full_name": "bioconda/tpp/5.0.0",
            "version": "5.0.0"
        }
    ],
    "revision": 2,
    "source_git_tag": null,
    "source_git_url": null,
    "summary": "The Trans-Proteomic Pipeline (TPP) is a collection of integrated tools for MS/MS proteomics developed at the Seattle Proteome Center. The Bioconda package includes the command-line versions of the TPP toolset. These programs include tools for validation (PeptideProphet, iProphet, ProteinProphet, Mayu) and quantification (XPRESS, ASAPRatio, Libra) as well as a number of parsers and converters (Out2XML, Mascot2XML, Tandem2XML, etc).\n",
    "upvoted": 0,
    "url": "http://api.anaconda.org/packages/bioconda/tpp",
    "versions": [
        "5.0.0"
    ],
    "watchers": 1
}