{
    "app_entry": {},
    "app_summary": {},
    "app_type": {},
    "builds": [
        "1",
        "0",
        "2"
    ],
    "conda_platforms": [
        "linux-64",
        "osx-64"
    ],
    "created_at": "2016-04-07 15:17:18.253000+00:00",
    "description": "None",
    "dev_url": {},
    "doc_url": {},
    "files": [
        {
            "attrs": {
                "arch": "x86_64",
                "build": "0",
                "build_number": 0,
                "depends": [],
                "machine": "x86_64",
                "operatingsystem": "linux",
                "platform": "linux",
                "subdir": "linux-64",
                "target-triplet": "x86_64-any-linux"
            },
            "basename": "linux-64/trf-4.07b-0.tar.bz2",
            "dependencies": {
                "depends": []
            },
            "description": null,
            "distribution_type": "conda",
            "download_url": "//api.anaconda.org/download/bioconda/trf/4.07b/linux-64/trf-4.07b-0.tar.bz2",
            "full_name": "bioconda/trf/4.07b/linux-64/trf-4.07b-0.tar.bz2",
            "labels": [
                "main",
                "cf201901"
            ],
            "md5": "0f6d6c68a415a7acc3f6ef5021eaaacf",
            "ndownloads": 1210,
            "owner": "bioconda",
            "size": 891963,
            "type": "conda",
            "upload_time": "2016-04-07 15:17:18.550000+00:00",
            "version": "4.07b"
        },
        {
            "attrs": {
                "arch": "x86_64",
                "build": "0",
                "build_number": 0,
                "depends": [],
                "machine": "x86_64",
                "operatingsystem": "darwin",
                "platform": "osx",
                "subdir": "osx-64",
                "target-triplet": "x86_64-any-darwin"
            },
            "basename": "osx-64/trf-4.07b-0.tar.bz2",
            "dependencies": {
                "depends": []
            },
            "description": null,
            "distribution_type": "conda",
            "download_url": "//api.anaconda.org/download/bioconda/trf/4.07b/osx-64/trf-4.07b-0.tar.bz2",
            "full_name": "bioconda/trf/4.07b/osx-64/trf-4.07b-0.tar.bz2",
            "labels": [
                "main",
                "cf201901"
            ],
            "md5": "be428fc91002f5478510000060bda7a0",
            "ndownloads": 878,
            "owner": "bioconda",
            "size": 891999,
            "type": "conda",
            "upload_time": "2016-04-07 15:19:15.477000+00:00",
            "version": "4.07b"
        },
        {
            "attrs": {
                "arch": "x86_64",
                "build": "1",
                "build_number": 1,
                "depends": [],
                "has_prefix": false,
                "license": "Custom",
                "machine": "x86_64",
                "operatingsystem": "darwin",
                "platform": "osx",
                "subdir": "osx-64",
                "target-triplet": "x86_64-any-darwin",
                "timestamp": 1529585520115
            },
            "basename": "osx-64/trf-4.09-1.tar.bz2",
            "dependencies": {
                "depends": []
            },
            "description": null,
            "distribution_type": "conda",
            "download_url": "//api.anaconda.org/download/bioconda/trf/4.09/osx-64/trf-4.09-1.tar.bz2",
            "full_name": "bioconda/trf/4.09/osx-64/trf-4.09-1.tar.bz2",
            "labels": [
                "main",
                "cf201901"
            ],
            "md5": "f8c8f996a2380fec6143bebb5cd5e9f4",
            "ndownloads": 826,
            "owner": "bioconda",
            "size": 52647,
            "type": "conda",
            "upload_time": "2018-06-21 12:52:07.119000+00:00",
            "version": "4.09"
        },
        {
            "attrs": {
                "arch": "x86_64",
                "build": "0",
                "build_number": 0,
                "depends": [],
                "has_prefix": false,
                "license": "Custom",
                "machine": "x86_64",
                "operatingsystem": "darwin",
                "platform": "osx",
                "subdir": "osx-64",
                "target-triplet": "x86_64-any-darwin"
            },
            "basename": "osx-64/trf-4.09-0.tar.bz2",
            "dependencies": {
                "depends": []
            },
            "description": null,
            "distribution_type": "conda",
            "download_url": "//api.anaconda.org/download/bioconda/trf/4.09/osx-64/trf-4.09-0.tar.bz2",
            "full_name": "bioconda/trf/4.09/osx-64/trf-4.09-0.tar.bz2",
            "labels": [
                "main",
                "cf201901"
            ],
            "md5": "9ecca45f65c3e60c71ca611d72ad37d4",
            "ndownloads": 134,
            "owner": "bioconda",
            "size": 50655,
            "type": "conda",
            "upload_time": "2017-03-19 21:18:24.550000+00:00",
            "version": "4.09"
        },
        {
            "attrs": {
                "arch": "x86_64",
                "build": "0",
                "build_number": 0,
                "depends": [],
                "has_prefix": false,
                "license": "Custom",
                "machine": "x86_64",
                "operatingsystem": "linux",
                "platform": "linux",
                "subdir": "linux-64",
                "target-triplet": "x86_64-any-linux"
            },
            "basename": "linux-64/trf-4.09-0.tar.bz2",
            "dependencies": {
                "depends": []
            },
            "description": null,
            "distribution_type": "conda",
            "download_url": "//api.anaconda.org/download/bioconda/trf/4.09/linux-64/trf-4.09-0.tar.bz2",
            "full_name": "bioconda/trf/4.09/linux-64/trf-4.09-0.tar.bz2",
            "labels": [
                "main",
                "cf201901"
            ],
            "md5": "25fbb5498ceb4b3539d4faa7d5777dca",
            "ndownloads": 2373,
            "owner": "bioconda",
            "size": 46634,
            "type": "conda",
            "upload_time": "2017-03-19 21:20:59.560000+00:00",
            "version": "4.09"
        },
        {
            "attrs": {
                "arch": "x86_64",
                "build": "1",
                "build_number": 1,
                "depends": [],
                "has_prefix": false,
                "license": "Custom",
                "machine": "x86_64",
                "operatingsystem": "linux",
                "platform": "linux",
                "subdir": "linux-64",
                "target-triplet": "x86_64-any-linux",
                "timestamp": 1529585003528
            },
            "basename": "linux-64/trf-4.09-1.tar.bz2",
            "dependencies": {
                "depends": []
            },
            "description": null,
            "distribution_type": "conda",
            "download_url": "//api.anaconda.org/download/bioconda/trf/4.09/linux-64/trf-4.09-1.tar.bz2",
            "full_name": "bioconda/trf/4.09/linux-64/trf-4.09-1.tar.bz2",
            "labels": [
                "main",
                "cf201901"
            ],
            "md5": "85ba3255dce3f8811dc3be4214f1de46",
            "ndownloads": 4165,
            "owner": "bioconda",
            "size": 48089,
            "type": "conda",
            "upload_time": "2018-06-21 12:44:39.173000+00:00",
            "version": "4.09"
        },
        {
            "attrs": {
                "arch": "x86_64",
                "build": "2",
                "build_number": 2,
                "depends": [],
                "has_prefix": false,
                "license": "Custom",
                "machine": "x86_64",
                "operatingsystem": "darwin",
                "platform": "osx",
                "subdir": "osx-64",
                "target-triplet": "x86_64-any-darwin",
                "timestamp": 1572092203983
            },
            "basename": "osx-64/trf-4.09-2.tar.bz2",
            "dependencies": {
                "depends": []
            },
            "description": null,
            "distribution_type": "conda",
            "download_url": "//api.anaconda.org/download/bioconda/trf/4.09/osx-64/trf-4.09-2.tar.bz2",
            "full_name": "bioconda/trf/4.09/osx-64/trf-4.09-2.tar.bz2",
            "labels": [
                "main"
            ],
            "md5": "c135841643da433e8e29e3b439e8d228",
            "ndownloads": 187,
            "owner": "bioconda",
            "size": 53742,
            "type": "conda",
            "upload_time": "2019-10-26 12:16:59.777000+00:00",
            "version": "4.09"
        },
        {
            "attrs": {
                "arch": "x86_64",
                "build": "2",
                "build_number": 2,
                "depends": [],
                "has_prefix": false,
                "license": "Custom",
                "machine": "x86_64",
                "operatingsystem": "linux",
                "platform": "linux",
                "subdir": "linux-64",
                "target-triplet": "x86_64-any-linux",
                "timestamp": 1572099537991
            },
            "basename": "linux-64/trf-4.09-2.tar.bz2",
            "dependencies": {
                "depends": []
            },
            "description": null,
            "distribution_type": "conda",
            "download_url": "//api.anaconda.org/download/bioconda/trf/4.09/linux-64/trf-4.09-2.tar.bz2",
            "full_name": "bioconda/trf/4.09/linux-64/trf-4.09-2.tar.bz2",
            "labels": [
                "main"
            ],
            "md5": "41947e084484778351fefb0d6f187544",
            "ndownloads": 273,
            "owner": "bioconda",
            "size": 49460,
            "type": "conda",
            "upload_time": "2019-10-26 14:20:35.459000+00:00",
            "version": "4.09"
        }
    ],
    "full_name": "bioconda/trf",
    "home": "None",
    "html_url": "http://anaconda.org/bioconda/trf",
    "id": "570679fe46e9530b6ba9c87c",
    "latest_version": "4.09",
    "license": {},
    "license_url": {},
    "modified_at": "2019-10-26 14:20:35.717000+00:00",
    "name": "trf",
    "owner": {
        "company": "",
        "created_at": "2015-09-11 22:59:20.880000+00:00",
        "description": "Bioconda is a distribution of bioinformatics software realized as a channel for the versatile Conda package manager.",
        "location": "",
        "login": "bioconda",
        "name": "bioconda",
        "url": "",
        "user_type": "org"
    },
    "package_types": [
        "conda"
    ],
    "public": true,
    "releases": [
        {
            "distributions": [
                "linux-64/trf-4.07b-0.tar.bz2",
                "osx-64/trf-4.07b-0.tar.bz2"
            ],
            "full_name": "bioconda/trf/4.07b",
            "version": "4.07b"
        },
        {
            "distributions": [],
            "full_name": "bioconda/trf/4.09",
            "version": "4.09"
        }
    ],
    "revision": 4,
    "source_git_tag": {},
    "source_git_url": {},
    "summary": "",
    "upvoted": 0,
    "url": "http://api.anaconda.org/packages/bioconda/trf",
    "versions": [
        "4.07b",
        "4.09"
    ],
    "watchers": 1
}