{
    "app_entry": {},
    "app_summary": {},
    "app_type": {},
    "builds": [
        "h35c10e6_3",
        "h199ee4e_0",
        "h1341992_0",
        "1",
        "0",
        "hdd26221_0",
        "h5eb252a_2",
        "h8b15c51_0",
        "h5eb252a_0"
    ],
    "conda_platforms": [
        "linux-64",
        "osx-64"
    ],
    "created_at": "2015-11-02 23:31:06.364000+00:00",
    "description": "",
    "dev_url": null,
    "doc_url": null,
    "files": [
        {
            "attrs": {
                "arch": "x86_64",
                "build": "0",
                "build_number": 0,
                "depends": [
                    "libpng",
                    "mysql",
                    "openssl",
                    "zlib"
                ],
                "license": "varies; see http://genome.ucsc.edu/license",
                "machine": "x86_64",
                "operatingsystem": "linux",
                "platform": "linux",
                "subdir": "linux-64",
                "target-triplet": "x86_64-any-linux"
            },
            "basename": "linux-64/ucsc-bedtobigbed-323-0.tar.bz2",
            "dependencies": {
                "depends": [
                    {
                        "name": "libpng",
                        "specs": []
                    },
                    {
                        "name": "mysql",
                        "specs": []
                    },
                    {
                        "name": "openssl",
                        "specs": []
                    },
                    {
                        "name": "zlib",
                        "specs": []
                    }
                ]
            },
            "description": null,
            "distribution_type": "conda",
            "download_url": "//api.anaconda.org/download/bioconda/ucsc-bedtobigbed/323/linux-64/ucsc-bedtobigbed-323-0.tar.bz2",
            "full_name": "bioconda/ucsc-bedtobigbed/323/linux-64/ucsc-bedtobigbed-323-0.tar.bz2",
            "labels": [
                "main",
                "cf201901"
            ],
            "md5": "e3f00eefc2177d6bceaa0bbfaf1027ca",
            "ndownloads": 504,
            "owner": "bioconda",
            "size": 556175,
            "type": "conda",
            "upload_time": "2015-11-02 23:31:06.597000+00:00",
            "version": "323"
        },
        {
            "attrs": {
                "arch": "x86_64",
                "build": "0",
                "build_number": 0,
                "depends": [],
                "license": "varies; see http://genome.ucsc.edu/license",
                "machine": "x86_64",
                "operatingsystem": "darwin",
                "platform": "osx",
                "subdir": "osx-64",
                "target-triplet": "x86_64-any-darwin"
            },
            "basename": "osx-64/ucsc-bedtobigbed-323-0.tar.bz2",
            "dependencies": {
                "depends": []
            },
            "description": null,
            "distribution_type": "conda",
            "download_url": "//api.anaconda.org/download/bioconda/ucsc-bedtobigbed/323/osx-64/ucsc-bedtobigbed-323-0.tar.bz2",
            "full_name": "bioconda/ucsc-bedtobigbed/323/osx-64/ucsc-bedtobigbed-323-0.tar.bz2",
            "labels": [
                "main",
                "cf201901"
            ],
            "md5": "2864a4a3dd6294f8467ab3de6920d0e8",
            "ndownloads": 786,
            "owner": "bioconda",
            "size": 259103,
            "type": "conda",
            "upload_time": "2015-11-03 16:32:30.468000+00:00",
            "version": "323"
        },
        {
            "attrs": {
                "arch": "x86_64",
                "build": "0",
                "build_number": 0,
                "depends": [],
                "license": "varies; see http://genome.ucsc.edu/license",
                "machine": "x86_64",
                "operatingsystem": "darwin",
                "platform": "osx",
                "subdir": "osx-64",
                "target-triplet": "x86_64-any-darwin"
            },
            "basename": "osx-64/ucsc-bedtobigbed-324-0.tar.bz2",
            "dependencies": {
                "depends": []
            },
            "description": null,
            "distribution_type": "conda",
            "download_url": "//api.anaconda.org/download/bioconda/ucsc-bedtobigbed/324/osx-64/ucsc-bedtobigbed-324-0.tar.bz2",
            "full_name": "bioconda/ucsc-bedtobigbed/324/osx-64/ucsc-bedtobigbed-324-0.tar.bz2",
            "labels": [
                "main",
                "cf201901"
            ],
            "md5": "33bf7695e340ee7e3f01f8b46121ff8e",
            "ndownloads": 789,
            "owner": "bioconda",
            "size": 259038,
            "type": "conda",
            "upload_time": "2015-11-06 17:32:38.477000+00:00",
            "version": "324"
        },
        {
            "attrs": {
                "arch": "x86_64",
                "build": "0",
                "build_number": 0,
                "depends": [
                    "libpng",
                    "mysql",
                    "openssl",
                    "zlib"
                ],
                "license": "varies; see http://genome.ucsc.edu/license",
                "machine": "x86_64",
                "operatingsystem": "linux",
                "platform": "linux",
                "subdir": "linux-64",
                "target-triplet": "x86_64-any-linux"
            },
            "basename": "linux-64/ucsc-bedtobigbed-324-0.tar.bz2",
            "dependencies": {
                "depends": [
                    {
                        "name": "libpng",
                        "specs": []
                    },
                    {
                        "name": "mysql",
                        "specs": []
                    },
                    {
                        "name": "openssl",
                        "specs": []
                    },
                    {
                        "name": "zlib",
                        "specs": []
                    }
                ]
            },
            "description": null,
            "distribution_type": "conda",
            "download_url": "//api.anaconda.org/download/bioconda/ucsc-bedtobigbed/324/linux-64/ucsc-bedtobigbed-324-0.tar.bz2",
            "full_name": "bioconda/ucsc-bedtobigbed/324/linux-64/ucsc-bedtobigbed-324-0.tar.bz2",
            "labels": [
                "main",
                "cf201901"
            ],
            "md5": "ea8bb02d7ca3c8b11d5ed3ce16c4c00c",
            "ndownloads": 1587,
            "owner": "bioconda",
            "size": 559442,
            "type": "conda",
            "upload_time": "2015-11-06 17:58:33.260000+00:00",
            "version": "324"
        },
        {
            "attrs": {
                "arch": "x86_64",
                "build": "0",
                "build_number": 0,
                "depends": [],
                "license": "varies; see http://genome.ucsc.edu/license",
                "machine": "x86_64",
                "operatingsystem": "darwin",
                "platform": "osx",
                "subdir": "osx-64",
                "target-triplet": "x86_64-any-darwin"
            },
            "basename": "osx-64/ucsc-bedtobigbed-332-0.tar.bz2",
            "dependencies": {
                "depends": []
            },
            "description": null,
            "distribution_type": "conda",
            "download_url": "//api.anaconda.org/download/bioconda/ucsc-bedtobigbed/332/osx-64/ucsc-bedtobigbed-332-0.tar.bz2",
            "full_name": "bioconda/ucsc-bedtobigbed/332/osx-64/ucsc-bedtobigbed-332-0.tar.bz2",
            "labels": [
                "main",
                "cf201901"
            ],
            "md5": "010571e6e1468d0f141cd4bc78fe6471",
            "ndownloads": 1169,
            "owner": "bioconda",
            "size": 256719,
            "type": "conda",
            "upload_time": "2016-05-25 19:56:00.759000+00:00",
            "version": "332"
        },
        {
            "attrs": {
                "arch": "x86_64",
                "build": "0",
                "build_number": 0,
                "depends": [
                    "libgcc",
                    "libpng",
                    "mysql",
                    "openssl",
                    "zlib"
                ],
                "license": "varies; see http://genome.ucsc.edu/license",
                "machine": "x86_64",
                "operatingsystem": "linux",
                "platform": "linux",
                "subdir": "linux-64",
                "target-triplet": "x86_64-any-linux"
            },
            "basename": "linux-64/ucsc-bedtobigbed-332-0.tar.bz2",
            "dependencies": {
                "depends": [
                    {
                        "name": "libgcc",
                        "specs": []
                    },
                    {
                        "name": "libpng",
                        "specs": []
                    },
                    {
                        "name": "mysql",
                        "specs": []
                    },
                    {
                        "name": "openssl",
                        "specs": []
                    },
                    {
                        "name": "zlib",
                        "specs": []
                    }
                ]
            },
            "description": null,
            "distribution_type": "conda",
            "download_url": "//api.anaconda.org/download/bioconda/ucsc-bedtobigbed/332/linux-64/ucsc-bedtobigbed-332-0.tar.bz2",
            "full_name": "bioconda/ucsc-bedtobigbed/332/linux-64/ucsc-bedtobigbed-332-0.tar.bz2",
            "labels": [
                "main",
                "cf201901"
            ],
            "md5": "dbab28a8db5f609ad70b7158140a5845",
            "ndownloads": 13649,
            "owner": "bioconda",
            "size": 526754,
            "type": "conda",
            "upload_time": "2016-05-25 19:33:36.904000+00:00",
            "version": "332"
        },
        {
            "attrs": {
                "arch": "x86_64",
                "build": "1",
                "build_number": 1,
                "depends": [],
                "has_prefix": false,
                "license": "varies; see http://genome.ucsc.edu/license",
                "machine": "x86_64",
                "operatingsystem": "darwin",
                "platform": "osx",
                "subdir": "osx-64",
                "target-triplet": "x86_64-any-darwin"
            },
            "basename": "osx-64/ucsc-bedtobigbed-357-1.tar.bz2",
            "dependencies": {
                "depends": []
            },
            "description": null,
            "distribution_type": "conda",
            "download_url": "//api.anaconda.org/download/bioconda/ucsc-bedtobigbed/357/osx-64/ucsc-bedtobigbed-357-1.tar.bz2",
            "full_name": "bioconda/ucsc-bedtobigbed/357/osx-64/ucsc-bedtobigbed-357-1.tar.bz2",
            "labels": [
                "main",
                "cf201901"
            ],
            "md5": "24814456bed1d2da52de3171ced8cdbb",
            "ndownloads": 146,
            "owner": "bioconda",
            "size": 451035,
            "type": "conda",
            "upload_time": "2018-02-04 16:36:05.291000+00:00",
            "version": "357"
        },
        {
            "attrs": {
                "arch": "x86_64",
                "build": "h5eb252a_2",
                "build_number": 2,
                "depends": [
                    "zlib >=1.2.11,<1.3.0a0"
                ],
                "has_prefix": false,
                "license": "varies; see http://genome.ucsc.edu/license",
                "machine": "x86_64",
                "operatingsystem": "darwin",
                "platform": "osx",
                "subdir": "osx-64",
                "target-triplet": "x86_64-any-darwin",
                "timestamp": 1529391079973
            },
            "basename": "osx-64/ucsc-bedtobigbed-357-h5eb252a_2.tar.bz2",
            "dependencies": {
                "depends": [
                    {
                        "name": "zlib",
                        "specs": [
                            [
                                ">=",
                                "1.2.11,<1.3.0a0"
                            ]
                        ]
                    }
                ]
            },
            "description": null,
            "distribution_type": "conda",
            "download_url": "//api.anaconda.org/download/bioconda/ucsc-bedtobigbed/357/osx-64/ucsc-bedtobigbed-357-h5eb252a_2.tar.bz2",
            "full_name": "bioconda/ucsc-bedtobigbed/357/osx-64/ucsc-bedtobigbed-357-h5eb252a_2.tar.bz2",
            "labels": [
                "main",
                "cf201901"
            ],
            "md5": "f337f10fc0666a8e3e9a1498d5ea37b1",
            "ndownloads": 740,
            "owner": "bioconda",
            "size": 453360,
            "type": "conda",
            "upload_time": "2018-06-19 06:51:27.351000+00:00",
            "version": "357"
        },
        {
            "attrs": {
                "arch": "x86_64",
                "build": "h5eb252a_0",
                "build_number": 0,
                "depends": [
                    "zlib >=1.2.11,<1.3.0a0"
                ],
                "has_prefix": false,
                "license": "varies; see http://genome.ucsc.edu/license",
                "machine": "x86_64",
                "operatingsystem": "darwin",
                "platform": "osx",
                "subdir": "osx-64",
                "target-triplet": "x86_64-any-darwin",
                "timestamp": 1529455349347
            },
            "basename": "osx-64/ucsc-bedtobigbed-366-h5eb252a_0.tar.bz2",
            "dependencies": {
                "depends": [
                    {
                        "name": "zlib",
                        "specs": [
                            [
                                ">=",
                                "1.2.11,<1.3.0a0"
                            ]
                        ]
                    }
                ]
            },
            "description": null,
            "distribution_type": "conda",
            "download_url": "//api.anaconda.org/download/bioconda/ucsc-bedtobigbed/366/osx-64/ucsc-bedtobigbed-366-h5eb252a_0.tar.bz2",
            "full_name": "bioconda/ucsc-bedtobigbed/366/osx-64/ucsc-bedtobigbed-366-h5eb252a_0.tar.bz2",
            "labels": [
                "main",
                "cf201901"
            ],
            "md5": "9d99c6d49550ea5a953f9e37ff0e5103",
            "ndownloads": 780,
            "owner": "bioconda",
            "size": 453591,
            "type": "conda",
            "upload_time": "2018-06-20 00:42:37.682000+00:00",
            "version": "366"
        },
        {
            "attrs": {
                "arch": "x86_64",
                "build": "0",
                "build_number": 0,
                "depends": [],
                "has_prefix": false,
                "license": "varies; see http://genome.ucsc.edu/license",
                "machine": "x86_64",
                "operatingsystem": "darwin",
                "platform": "osx",
                "subdir": "osx-64",
                "target-triplet": "x86_64-any-darwin"
            },
            "basename": "osx-64/ucsc-bedtobigbed-357-0.tar.bz2",
            "dependencies": {
                "depends": []
            },
            "description": null,
            "distribution_type": "conda",
            "download_url": "//api.anaconda.org/download/bioconda/ucsc-bedtobigbed/357/osx-64/ucsc-bedtobigbed-357-0.tar.bz2",
            "full_name": "bioconda/ucsc-bedtobigbed/357/osx-64/ucsc-bedtobigbed-357-0.tar.bz2",
            "labels": [
                "main",
                "cf201901"
            ],
            "md5": "6e3e0605826dd0ce969eee9d29ee5206",
            "ndownloads": 294,
            "owner": "bioconda",
            "size": 450228,
            "type": "conda",
            "upload_time": "2017-11-15 03:50:07.070000+00:00",
            "version": "357"
        },
        {
            "attrs": {
                "arch": "x86_64",
                "build": "0",
                "build_number": 0,
                "depends": [
                    "libgcc",
                    "libpng",
                    "libuuid",
                    "mysql-connector-c",
                    "openssl",
                    "zlib"
                ],
                "has_prefix": true,
                "license": "varies; see http://genome.ucsc.edu/license",
                "machine": "x86_64",
                "operatingsystem": "linux",
                "platform": "linux",
                "subdir": "linux-64",
                "target-triplet": "x86_64-any-linux"
            },
            "basename": "linux-64/ucsc-bedtobigbed-357-0.tar.bz2",
            "dependencies": {
                "depends": [
                    {
                        "name": "libgcc",
                        "specs": []
                    },
                    {
                        "name": "libpng",
                        "specs": []
                    },
                    {
                        "name": "libuuid",
                        "specs": []
                    },
                    {
                        "name": "mysql-connector-c",
                        "specs": []
                    },
                    {
                        "name": "openssl",
                        "specs": []
                    },
                    {
                        "name": "zlib",
                        "specs": []
                    }
                ]
            },
            "description": null,
            "distribution_type": "conda",
            "download_url": "//api.anaconda.org/download/bioconda/ucsc-bedtobigbed/357/linux-64/ucsc-bedtobigbed-357-0.tar.bz2",
            "full_name": "bioconda/ucsc-bedtobigbed/357/linux-64/ucsc-bedtobigbed-357-0.tar.bz2",
            "labels": [
                "main",
                "cf201901"
            ],
            "md5": "35705768e2b85257ca8a8e9bfb42df4b",
            "ndownloads": 2425,
            "owner": "bioconda",
            "size": 1146512,
            "type": "conda",
            "upload_time": "2017-11-14 21:09:21.458000+00:00",
            "version": "357"
        },
        {
            "attrs": {
                "arch": "x86_64",
                "build": "1",
                "build_number": 1,
                "depends": [
                    "libgcc",
                    "libpng",
                    "libuuid",
                    "mysql-connector-c",
                    "openssl",
                    "zlib 1.2.11*"
                ],
                "has_prefix": true,
                "license": "varies; see http://genome.ucsc.edu/license",
                "machine": "x86_64",
                "operatingsystem": "linux",
                "platform": "linux",
                "subdir": "linux-64",
                "target-triplet": "x86_64-any-linux"
            },
            "basename": "linux-64/ucsc-bedtobigbed-357-1.tar.bz2",
            "dependencies": {
                "depends": [
                    {
                        "name": "libgcc",
                        "specs": []
                    },
                    {
                        "name": "libpng",
                        "specs": []
                    },
                    {
                        "name": "libuuid",
                        "specs": []
                    },
                    {
                        "name": "mysql-connector-c",
                        "specs": []
                    },
                    {
                        "name": "openssl",
                        "specs": []
                    },
                    {
                        "name": "zlib",
                        "specs": [
                            [
                                "==",
                                "1.2.11"
                            ]
                        ]
                    }
                ]
            },
            "description": null,
            "distribution_type": "conda",
            "download_url": "//api.anaconda.org/download/bioconda/ucsc-bedtobigbed/357/linux-64/ucsc-bedtobigbed-357-1.tar.bz2",
            "full_name": "bioconda/ucsc-bedtobigbed/357/linux-64/ucsc-bedtobigbed-357-1.tar.bz2",
            "labels": [
                "main",
                "cf201901"
            ],
            "md5": "734bc728ea2c8c1c2f6eb2d096cdcfc9",
            "ndownloads": 4530,
            "owner": "bioconda",
            "size": 1146919,
            "type": "conda",
            "upload_time": "2018-02-14 00:25:27.542000+00:00",
            "version": "357"
        },
        {
            "attrs": {
                "arch": "x86_64",
                "build": "h5eb252a_0",
                "build_number": 0,
                "depends": [
                    "libgcc-ng >=4.9",
                    "libpng >=1.6.34,<1.7.0a0",
                    "libuuid",
                    "mysql-connector-c",
                    "openssl >=1.0.2o,<1.0.3a",
                    "zlib >=1.2.11,<1.3.0a0"
                ],
                "has_prefix": true,
                "license": "varies; see http://genome.ucsc.edu/license",
                "machine": "x86_64",
                "operatingsystem": "linux",
                "platform": "linux",
                "subdir": "linux-64",
                "target-triplet": "x86_64-any-linux",
                "timestamp": 1529521852125
            },
            "basename": "linux-64/ucsc-bedtobigbed-366-h5eb252a_0.tar.bz2",
            "dependencies": {
                "depends": [
                    {
                        "name": "libgcc-ng",
                        "specs": [
                            [
                                ">=",
                                "4.9"
                            ]
                        ]
                    },
                    {
                        "name": "libpng",
                        "specs": [
                            [
                                ">=",
                                "1.6.34,<1.7.0a0"
                            ]
                        ]
                    },
                    {
                        "name": "libuuid",
                        "specs": []
                    },
                    {
                        "name": "mysql-connector-c",
                        "specs": []
                    },
                    {
                        "name": "openssl",
                        "specs": [
                            [
                                ">=",
                                "1.0.2o,<1.0.3a"
                            ]
                        ]
                    },
                    {
                        "name": "zlib",
                        "specs": [
                            [
                                ">=",
                                "1.2.11,<1.3.0a0"
                            ]
                        ]
                    }
                ]
            },
            "description": null,
            "distribution_type": "conda",
            "download_url": "//api.anaconda.org/download/bioconda/ucsc-bedtobigbed/366/linux-64/ucsc-bedtobigbed-366-h5eb252a_0.tar.bz2",
            "full_name": "bioconda/ucsc-bedtobigbed/366/linux-64/ucsc-bedtobigbed-366-h5eb252a_0.tar.bz2",
            "labels": [
                "main",
                "cf201901"
            ],
            "md5": "e66bec68d204bebbe16fd5da36764ab4",
            "ndownloads": 1376,
            "owner": "bioconda",
            "size": 1146546,
            "type": "conda",
            "upload_time": "2018-06-20 19:12:18.200000+00:00",
            "version": "366"
        },
        {
            "attrs": {
                "arch": "x86_64",
                "build": "hdd26221_0",
                "build_number": 0,
                "depends": [
                    "libgcc-ng >=4.9",
                    "libpng >=1.6.34,<1.7.0a0",
                    "libuuid >=2.32.1,<3.0a0",
                    "mysql-connector-c",
                    "openssl >=1.0.2p,<1.0.3a",
                    "zlib >=1.2.11,<1.3.0a0"
                ],
                "has_prefix": true,
                "license": "varies; see http://genome.ucsc.edu/license",
                "machine": "x86_64",
                "operatingsystem": "linux",
                "platform": "linux",
                "subdir": "linux-64",
                "target-triplet": "x86_64-any-linux",
                "timestamp": 1537158892884
            },
            "basename": "linux-64/ucsc-bedtobigbed-366-hdd26221_0.tar.bz2",
            "dependencies": {
                "depends": [
                    {
                        "name": "libgcc-ng",
                        "specs": [
                            [
                                ">=",
                                "4.9"
                            ]
                        ]
                    },
                    {
                        "name": "libpng",
                        "specs": [
                            [
                                ">=",
                                "1.6.34,<1.7.0a0"
                            ]
                        ]
                    },
                    {
                        "name": "libuuid",
                        "specs": [
                            [
                                ">=",
                                "2.32.1,<3.0a0"
                            ]
                        ]
                    },
                    {
                        "name": "mysql-connector-c",
                        "specs": []
                    },
                    {
                        "name": "openssl",
                        "specs": [
                            [
                                ">=",
                                "1.0.2p,<1.0.3a"
                            ]
                        ]
                    },
                    {
                        "name": "zlib",
                        "specs": [
                            [
                                ">=",
                                "1.2.11,<1.3.0a0"
                            ]
                        ]
                    }
                ]
            },
            "description": null,
            "distribution_type": "conda",
            "download_url": "//api.anaconda.org/download/bioconda/ucsc-bedtobigbed/366/linux-64/ucsc-bedtobigbed-366-hdd26221_0.tar.bz2",
            "full_name": "bioconda/ucsc-bedtobigbed/366/linux-64/ucsc-bedtobigbed-366-hdd26221_0.tar.bz2",
            "labels": [
                "main",
                "cf201901"
            ],
            "md5": "7bc46b197fda94ecddfe5939fd547ea2",
            "ndownloads": 1435,
            "owner": "bioconda",
            "size": 1146401,
            "type": "conda",
            "upload_time": "2018-09-17 04:36:15.061000+00:00",
            "version": "366"
        },
        {
            "attrs": {
                "arch": "x86_64",
                "build": "h1341992_0",
                "build_number": 0,
                "depends": [
                    "zlib >=1.2.11,<1.3.0a0"
                ],
                "has_prefix": false,
                "license": "varies; see http://genome.ucsc.edu/license",
                "machine": "x86_64",
                "operatingsystem": "darwin",
                "platform": "osx",
                "subdir": "osx-64",
                "target-triplet": "x86_64-any-darwin",
                "timestamp": 1536973253838
            },
            "basename": "osx-64/ucsc-bedtobigbed-366-h1341992_0.tar.bz2",
            "dependencies": {
                "depends": [
                    {
                        "name": "zlib",
                        "specs": [
                            [
                                ">=",
                                "1.2.11,<1.3.0a0"
                            ]
                        ]
                    }
                ]
            },
            "description": null,
            "distribution_type": "conda",
            "download_url": "//api.anaconda.org/download/bioconda/ucsc-bedtobigbed/366/osx-64/ucsc-bedtobigbed-366-h1341992_0.tar.bz2",
            "full_name": "bioconda/ucsc-bedtobigbed/366/osx-64/ucsc-bedtobigbed-366-h1341992_0.tar.bz2",
            "labels": [
                "main",
                "cf201901"
            ],
            "md5": "701dbbf715f7747acf4d27ee6aaf0a96",
            "ndownloads": 336,
            "owner": "bioconda",
            "size": 453919,
            "type": "conda",
            "upload_time": "2018-09-15 01:01:04.498000+00:00",
            "version": "366"
        },
        {
            "attrs": {
                "arch": "x86_64",
                "build": "h8b15c51_0",
                "build_number": 0,
                "depends": [
                    "libpng >=1.6.35,<1.7.0a0",
                    "libuuid >=2.32.1,<3.0a0",
                    "mysql-connector-c >=6.1.11,<6.1.12.0a0",
                    "openssl >=1.0.2p,<1.0.3a",
                    "zlib >=1.2.11,<1.3.0a0"
                ],
                "has_prefix": false,
                "license": "varies; see http://genome.ucsc.edu/license",
                "machine": "x86_64",
                "operatingsystem": "darwin",
                "platform": "osx",
                "subdir": "osx-64",
                "target-triplet": "x86_64-any-darwin",
                "timestamp": 1550708708378
            },
            "basename": "osx-64/ucsc-bedtobigbed-377-h8b15c51_0.tar.bz2",
            "dependencies": {
                "depends": [
                    {
                        "name": "libpng",
                        "specs": [
                            [
                                ">=",
                                "1.6.35,<1.7.0a0"
                            ]
                        ]
                    },
                    {
                        "name": "libuuid",
                        "specs": [
                            [
                                ">=",
                                "2.32.1,<3.0a0"
                            ]
                        ]
                    },
                    {
                        "name": "mysql-connector-c",
                        "specs": [
                            [
                                ">=",
                                "6.1.11,<6.1.12.0a0"
                            ]
                        ]
                    },
                    {
                        "name": "openssl",
                        "specs": [
                            [
                                ">=",
                                "1.0.2p,<1.0.3a"
                            ]
                        ]
                    },
                    {
                        "name": "zlib",
                        "specs": [
                            [
                                ">=",
                                "1.2.11,<1.3.0a0"
                            ]
                        ]
                    }
                ]
            },
            "description": null,
            "distribution_type": "conda",
            "download_url": "//api.anaconda.org/download/bioconda/ucsc-bedtobigbed/377/osx-64/ucsc-bedtobigbed-377-h8b15c51_0.tar.bz2",
            "full_name": "bioconda/ucsc-bedtobigbed/377/osx-64/ucsc-bedtobigbed-377-h8b15c51_0.tar.bz2",
            "labels": [
                "main"
            ],
            "md5": "67febf81357b6ada1de2b3267fb447a7",
            "ndownloads": 678,
            "owner": "bioconda",
            "size": 424187,
            "type": "conda",
            "upload_time": "2019-02-21 00:25:22.069000+00:00",
            "version": "377"
        },
        {
            "attrs": {
                "arch": "x86_64",
                "build": "h199ee4e_0",
                "build_number": 0,
                "depends": [
                    "libgcc-ng >=7.3.0",
                    "libpng >=1.6.35,<1.7.0a0",
                    "libuuid >=2.32.1,<3.0a0",
                    "mysql-connector-c",
                    "openssl >=1.0.2p,<1.0.3a",
                    "zlib >=1.2.11,<1.3.0a0"
                ],
                "has_prefix": false,
                "license": "varies; see http://genome.ucsc.edu/license",
                "machine": "x86_64",
                "operatingsystem": "linux",
                "platform": "linux",
                "subdir": "linux-64",
                "target-triplet": "x86_64-any-linux",
                "timestamp": 1550737271032
            },
            "basename": "linux-64/ucsc-bedtobigbed-377-h199ee4e_0.tar.bz2",
            "dependencies": {
                "depends": [
                    {
                        "name": "libgcc-ng",
                        "specs": [
                            [
                                ">=",
                                "7.3.0"
                            ]
                        ]
                    },
                    {
                        "name": "libpng",
                        "specs": [
                            [
                                ">=",
                                "1.6.35,<1.7.0a0"
                            ]
                        ]
                    },
                    {
                        "name": "libuuid",
                        "specs": [
                            [
                                ">=",
                                "2.32.1,<3.0a0"
                            ]
                        ]
                    },
                    {
                        "name": "mysql-connector-c",
                        "specs": []
                    },
                    {
                        "name": "openssl",
                        "specs": [
                            [
                                ">=",
                                "1.0.2p,<1.0.3a"
                            ]
                        ]
                    },
                    {
                        "name": "zlib",
                        "specs": [
                            [
                                ">=",
                                "1.2.11,<1.3.0a0"
                            ]
                        ]
                    }
                ]
            },
            "description": null,
            "distribution_type": "conda",
            "download_url": "//api.anaconda.org/download/bioconda/ucsc-bedtobigbed/377/linux-64/ucsc-bedtobigbed-377-h199ee4e_0.tar.bz2",
            "full_name": "bioconda/ucsc-bedtobigbed/377/linux-64/ucsc-bedtobigbed-377-h199ee4e_0.tar.bz2",
            "labels": [
                "main"
            ],
            "md5": "603ec5d1fa988e18bbdba7994524991f",
            "ndownloads": 1153,
            "owner": "bioconda",
            "size": 457522,
            "type": "conda",
            "upload_time": "2019-02-21 08:22:34.960000+00:00",
            "version": "377"
        },
        {
            "attrs": {
                "arch": "x86_64",
                "build": "h35c10e6_3",
                "build_number": 3,
                "depends": [
                    "libgcc-ng >=7.3.0",
                    "libpng >=1.6.35,<1.7.0a0",
                    "libuuid >=2.32.1,<3.0a0",
                    "mysql-connector-c >=6.1.11,<6.1.12.0a0",
                    "openssl >=1.1.1a,<1.1.2a",
                    "zlib >=1.2.11,<1.3.0a0"
                ],
                "has_prefix": false,
                "license": "varies; see http://genome.ucsc.edu/license",
                "machine": "x86_64",
                "operatingsystem": "linux",
                "platform": "linux",
                "subdir": "linux-64",
                "target-triplet": "x86_64-any-linux",
                "timestamp": 1554892445292
            },
            "basename": "linux-64/ucsc-bedtobigbed-357-h35c10e6_3.tar.bz2",
            "dependencies": {
                "depends": [
                    {
                        "name": "libgcc-ng",
                        "specs": [
                            [
                                ">=",
                                "7.3.0"
                            ]
                        ]
                    },
                    {
                        "name": "libpng",
                        "specs": [
                            [
                                ">=",
                                "1.6.35,<1.7.0a0"
                            ]
                        ]
                    },
                    {
                        "name": "libuuid",
                        "specs": [
                            [
                                ">=",
                                "2.32.1,<3.0a0"
                            ]
                        ]
                    },
                    {
                        "name": "mysql-connector-c",
                        "specs": [
                            [
                                ">=",
                                "6.1.11,<6.1.12.0a0"
                            ]
                        ]
                    },
                    {
                        "name": "openssl",
                        "specs": [
                            [
                                ">=",
                                "1.1.1a,<1.1.2a"
                            ]
                        ]
                    },
                    {
                        "name": "zlib",
                        "specs": [
                            [
                                ">=",
                                "1.2.11,<1.3.0a0"
                            ]
                        ]
                    }
                ]
            },
            "description": null,
            "distribution_type": "conda",
            "download_url": "//api.anaconda.org/download/bioconda/ucsc-bedtobigbed/357/linux-64/ucsc-bedtobigbed-357-h35c10e6_3.tar.bz2",
            "full_name": "bioconda/ucsc-bedtobigbed/357/linux-64/ucsc-bedtobigbed-357-h35c10e6_3.tar.bz2",
            "labels": [
                "main"
            ],
            "md5": "c398619e70b52a02156ce9f4613c371b",
            "ndownloads": 1814,
            "owner": "bioconda",
            "size": 374198,
            "type": "conda",
            "upload_time": "2019-04-10 10:35:30.104000+00:00",
            "version": "357"
        }
    ],
    "full_name": "bioconda/ucsc-bedtobigbed",
    "home": "None",
    "html_url": "http://anaconda.org/bioconda/ucsc-bedtobigbed",
    "id": "5637f23aab59365f7a3060e0",
    "latest_version": "377",
    "license": "varies; see http://genome.ucsc.edu/license",
    "license_url": null,
    "modified_at": "2019-04-10 10:35:30.518000+00:00",
    "name": "ucsc-bedtobigbed",
    "owner": {
        "company": "",
        "created_at": "2015-09-11 22:59:20.880000+00:00",
        "description": "Bioconda is a distribution of bioinformatics software realized as a channel for the versatile Conda package manager.",
        "location": "",
        "login": "bioconda",
        "name": "bioconda",
        "url": "",
        "user_type": "org"
    },
    "package_types": [
        "conda"
    ],
    "public": true,
    "releases": [
        {
            "distributions": [
                "linux-64/ucsc-bedtobigbed-323-0.tar.bz2",
                "osx-64/ucsc-bedtobigbed-323-0.tar.bz2"
            ],
            "full_name": "bioconda/ucsc-bedtobigbed/323",
            "version": "323"
        },
        {
            "distributions": [
                "osx-64/ucsc-bedtobigbed-324-0.tar.bz2",
                "linux-64/ucsc-bedtobigbed-324-0.tar.bz2"
            ],
            "full_name": "bioconda/ucsc-bedtobigbed/324",
            "version": "324"
        },
        {
            "distributions": [
                "linux-64/ucsc-bedtobigbed-332-0.tar.bz2",
                "osx-64/ucsc-bedtobigbed-332-0.tar.bz2"
            ],
            "full_name": "bioconda/ucsc-bedtobigbed/332",
            "version": "332"
        },
        {
            "distributions": [],
            "full_name": "bioconda/ucsc-bedtobigbed/357",
            "version": "357"
        },
        {
            "distributions": [],
            "full_name": "bioconda/ucsc-bedtobigbed/366",
            "version": "366"
        },
        {
            "distributions": [],
            "full_name": "bioconda/ucsc-bedtobigbed/377",
            "version": "377"
        }
    ],
    "revision": 15,
    "source_git_tag": null,
    "source_git_url": null,
    "summary": "Convert bed file to bigBed. (BigBed version: 4)",
    "upvoted": 0,
    "url": "http://api.anaconda.org/packages/bioconda/ucsc-bedtobigbed",
    "versions": [
        "323",
        "324",
        "332",
        "357",
        "366",
        "377"
    ],
    "watchers": 1
}