{
    "app_entry": {},
    "app_summary": {},
    "app_type": {},
    "builds": [
        "h35c10e6_3",
        "h199ee4e_0",
        "h1341992_0",
        "1",
        "0",
        "hdd26221_0",
        "h35c10e6_1",
        "he2eb843_1",
        "h5eb252a_2",
        "h8b15c51_0",
        "h5eb252a_0"
    ],
    "conda_platforms": [
        "linux-64",
        "osx-64"
    ],
    "created_at": "2016-03-01 16:50:07.992000+00:00",
    "description": "",
    "dev_url": null,
    "doc_url": null,
    "files": [
        {
            "attrs": {
                "arch": "x86_64",
                "build": "h5eb252a_2",
                "build_number": 2,
                "depends": [
                    "zlib >=1.2.11,<1.3.0a0"
                ],
                "has_prefix": false,
                "license": "varies; see http://genome.ucsc.edu/license",
                "machine": "x86_64",
                "operatingsystem": "darwin",
                "platform": "osx",
                "subdir": "osx-64",
                "target-triplet": "x86_64-any-darwin",
                "timestamp": 1529357610591
            },
            "basename": "osx-64/ucsc-twobittofa-357-h5eb252a_2.tar.bz2",
            "dependencies": {
                "depends": [
                    {
                        "name": "zlib",
                        "specs": [
                            [
                                ">=",
                                "1.2.11,<1.3.0a0"
                            ]
                        ]
                    }
                ]
            },
            "description": null,
            "distribution_type": "conda",
            "download_url": "//api.anaconda.org/download/bioconda/ucsc-twobittofa/357/osx-64/ucsc-twobittofa-357-h5eb252a_2.tar.bz2",
            "full_name": "bioconda/ucsc-twobittofa/357/osx-64/ucsc-twobittofa-357-h5eb252a_2.tar.bz2",
            "labels": [
                "main",
                "cf201901"
            ],
            "md5": "bac2830a374972f67271e02eb3de782f",
            "ndownloads": 651,
            "owner": "bioconda",
            "size": 444769,
            "type": "conda",
            "upload_time": "2018-06-18 21:33:38.777000+00:00",
            "version": "357"
        },
        {
            "attrs": {
                "arch": "x86_64",
                "build": "0",
                "build_number": 0,
                "depends": [
                    "libgcc",
                    "libpng",
                    "mysql",
                    "openssl",
                    "zlib"
                ],
                "license": "varies; see http://genome.ucsc.edu/license",
                "machine": "x86_64",
                "operatingsystem": "linux",
                "platform": "linux",
                "subdir": "linux-64",
                "target-triplet": "x86_64-any-linux"
            },
            "basename": "linux-64/ucsc-twobittofa-324-0.tar.bz2",
            "dependencies": {
                "depends": [
                    {
                        "name": "libgcc",
                        "specs": []
                    },
                    {
                        "name": "libpng",
                        "specs": []
                    },
                    {
                        "name": "mysql",
                        "specs": []
                    },
                    {
                        "name": "openssl",
                        "specs": []
                    },
                    {
                        "name": "zlib",
                        "specs": []
                    }
                ]
            },
            "description": null,
            "distribution_type": "conda",
            "download_url": "//api.anaconda.org/download/bioconda/ucsc-twobittofa/324/linux-64/ucsc-twobittofa-324-0.tar.bz2",
            "full_name": "bioconda/ucsc-twobittofa/324/linux-64/ucsc-twobittofa-324-0.tar.bz2",
            "labels": [
                "main",
                "cf201901"
            ],
            "md5": "93fd2ac914a0244419bc6b28ee862ede",
            "ndownloads": 1313,
            "owner": "bioconda",
            "size": 510901,
            "type": "conda",
            "upload_time": "2016-03-01 16:50:08.296000+00:00",
            "version": "324"
        },
        {
            "attrs": {
                "arch": "x86_64",
                "build": "0",
                "build_number": 0,
                "depends": [],
                "license": "varies; see http://genome.ucsc.edu/license",
                "machine": "x86_64",
                "operatingsystem": "darwin",
                "platform": "osx",
                "subdir": "osx-64",
                "target-triplet": "x86_64-any-darwin"
            },
            "basename": "osx-64/ucsc-twobittofa-332-0.tar.bz2",
            "dependencies": {
                "depends": []
            },
            "description": null,
            "distribution_type": "conda",
            "download_url": "//api.anaconda.org/download/bioconda/ucsc-twobittofa/332/osx-64/ucsc-twobittofa-332-0.tar.bz2",
            "full_name": "bioconda/ucsc-twobittofa/332/osx-64/ucsc-twobittofa-332-0.tar.bz2",
            "labels": [
                "main",
                "cf201901"
            ],
            "md5": "5b00265c0c47e885260d0a199cdea461",
            "ndownloads": 1755,
            "owner": "bioconda",
            "size": 258703,
            "type": "conda",
            "upload_time": "2016-06-10 21:59:12.900000+00:00",
            "version": "332"
        },
        {
            "attrs": {
                "arch": "x86_64",
                "build": "0",
                "build_number": 0,
                "depends": [
                    "libgcc",
                    "libpng",
                    "mysql",
                    "openssl",
                    "zlib"
                ],
                "license": "varies; see http://genome.ucsc.edu/license",
                "machine": "x86_64",
                "operatingsystem": "linux",
                "platform": "linux",
                "subdir": "linux-64",
                "target-triplet": "x86_64-any-linux"
            },
            "basename": "linux-64/ucsc-twobittofa-332-0.tar.bz2",
            "dependencies": {
                "depends": [
                    {
                        "name": "libgcc",
                        "specs": []
                    },
                    {
                        "name": "libpng",
                        "specs": []
                    },
                    {
                        "name": "mysql",
                        "specs": []
                    },
                    {
                        "name": "openssl",
                        "specs": []
                    },
                    {
                        "name": "zlib",
                        "specs": []
                    }
                ]
            },
            "description": null,
            "distribution_type": "conda",
            "download_url": "//api.anaconda.org/download/bioconda/ucsc-twobittofa/332/linux-64/ucsc-twobittofa-332-0.tar.bz2",
            "full_name": "bioconda/ucsc-twobittofa/332/linux-64/ucsc-twobittofa-332-0.tar.bz2",
            "labels": [
                "main",
                "cf201901"
            ],
            "md5": "3a824b97235e1804491dc81ad078b7aa",
            "ndownloads": 3598,
            "owner": "bioconda",
            "size": 515611,
            "type": "conda",
            "upload_time": "2016-06-10 21:49:24.678000+00:00",
            "version": "332"
        },
        {
            "attrs": {
                "arch": "x86_64",
                "build": "1",
                "build_number": 1,
                "depends": [],
                "has_prefix": false,
                "license": "varies; see http://genome.ucsc.edu/license",
                "machine": "x86_64",
                "operatingsystem": "darwin",
                "platform": "osx",
                "subdir": "osx-64",
                "target-triplet": "x86_64-any-darwin"
            },
            "basename": "osx-64/ucsc-twobittofa-357-1.tar.bz2",
            "dependencies": {
                "depends": []
            },
            "description": null,
            "distribution_type": "conda",
            "download_url": "//api.anaconda.org/download/bioconda/ucsc-twobittofa/357/osx-64/ucsc-twobittofa-357-1.tar.bz2",
            "full_name": "bioconda/ucsc-twobittofa/357/osx-64/ucsc-twobittofa-357-1.tar.bz2",
            "labels": [
                "main",
                "cf201901"
            ],
            "md5": "99f590a021d5de35cbadb53b6e73bbdb",
            "ndownloads": 201,
            "owner": "bioconda",
            "size": 442620,
            "type": "conda",
            "upload_time": "2018-02-03 23:31:15.098000+00:00",
            "version": "357"
        },
        {
            "attrs": {
                "arch": "x86_64",
                "build": "h5eb252a_0",
                "build_number": 0,
                "depends": [
                    "zlib >=1.2.11,<1.3.0a0"
                ],
                "has_prefix": false,
                "license": "varies; see http://genome.ucsc.edu/license",
                "machine": "x86_64",
                "operatingsystem": "darwin",
                "platform": "osx",
                "subdir": "osx-64",
                "target-triplet": "x86_64-any-darwin",
                "timestamp": 1529430933696
            },
            "basename": "osx-64/ucsc-twobittofa-366-h5eb252a_0.tar.bz2",
            "dependencies": {
                "depends": [
                    {
                        "name": "zlib",
                        "specs": [
                            [
                                ">=",
                                "1.2.11,<1.3.0a0"
                            ]
                        ]
                    }
                ]
            },
            "description": null,
            "distribution_type": "conda",
            "download_url": "//api.anaconda.org/download/bioconda/ucsc-twobittofa/366/osx-64/ucsc-twobittofa-366-h5eb252a_0.tar.bz2",
            "full_name": "bioconda/ucsc-twobittofa/366/osx-64/ucsc-twobittofa-366-h5eb252a_0.tar.bz2",
            "labels": [
                "main",
                "cf201901"
            ],
            "md5": "8002ad93b749bea61835f1c3f565fc8d",
            "ndownloads": 820,
            "owner": "bioconda",
            "size": 445109,
            "type": "conda",
            "upload_time": "2018-06-19 17:55:43.172000+00:00",
            "version": "366"
        },
        {
            "attrs": {
                "arch": "x86_64",
                "build": "0",
                "build_number": 0,
                "depends": [],
                "has_prefix": false,
                "license": "varies; see http://genome.ucsc.edu/license",
                "machine": "x86_64",
                "operatingsystem": "darwin",
                "platform": "osx",
                "subdir": "osx-64",
                "target-triplet": "x86_64-any-darwin"
            },
            "basename": "osx-64/ucsc-twobittofa-357-0.tar.bz2",
            "dependencies": {
                "depends": []
            },
            "description": null,
            "distribution_type": "conda",
            "download_url": "//api.anaconda.org/download/bioconda/ucsc-twobittofa/357/osx-64/ucsc-twobittofa-357-0.tar.bz2",
            "full_name": "bioconda/ucsc-twobittofa/357/osx-64/ucsc-twobittofa-357-0.tar.bz2",
            "labels": [
                "main",
                "cf201901"
            ],
            "md5": "86bf1561d09be019f725225d9d03ca77",
            "ndownloads": 219,
            "owner": "bioconda",
            "size": 441686,
            "type": "conda",
            "upload_time": "2017-11-18 01:35:33.502000+00:00",
            "version": "357"
        },
        {
            "attrs": {
                "arch": "x86_64",
                "build": "h1341992_0",
                "build_number": 0,
                "depends": [
                    "zlib >=1.2.11,<1.3.0a0"
                ],
                "has_prefix": false,
                "license": "varies; see http://genome.ucsc.edu/license",
                "machine": "x86_64",
                "operatingsystem": "darwin",
                "platform": "osx",
                "subdir": "osx-64",
                "target-triplet": "x86_64-any-darwin",
                "timestamp": 1536972162131
            },
            "basename": "osx-64/ucsc-twobittofa-366-h1341992_0.tar.bz2",
            "dependencies": {
                "depends": [
                    {
                        "name": "zlib",
                        "specs": [
                            [
                                ">=",
                                "1.2.11,<1.3.0a0"
                            ]
                        ]
                    }
                ]
            },
            "description": null,
            "distribution_type": "conda",
            "download_url": "//api.anaconda.org/download/bioconda/ucsc-twobittofa/366/osx-64/ucsc-twobittofa-366-h1341992_0.tar.bz2",
            "full_name": "bioconda/ucsc-twobittofa/366/osx-64/ucsc-twobittofa-366-h1341992_0.tar.bz2",
            "labels": [
                "main",
                "cf201901"
            ],
            "md5": "8eb06ed5ca9e15833b81b520731c6836",
            "ndownloads": 186,
            "owner": "bioconda",
            "size": 445324,
            "type": "conda",
            "upload_time": "2018-09-15 00:42:51.834000+00:00",
            "version": "366"
        },
        {
            "attrs": {
                "arch": "x86_64",
                "build": "0",
                "build_number": 0,
                "depends": [
                    "libgcc",
                    "libpng",
                    "libuuid",
                    "mysql-connector-c",
                    "openssl",
                    "zlib"
                ],
                "has_prefix": true,
                "license": "varies; see http://genome.ucsc.edu/license",
                "machine": "x86_64",
                "operatingsystem": "linux",
                "platform": "linux",
                "subdir": "linux-64",
                "target-triplet": "x86_64-any-linux"
            },
            "basename": "linux-64/ucsc-twobittofa-357-0.tar.bz2",
            "dependencies": {
                "depends": [
                    {
                        "name": "libgcc",
                        "specs": []
                    },
                    {
                        "name": "libpng",
                        "specs": []
                    },
                    {
                        "name": "libuuid",
                        "specs": []
                    },
                    {
                        "name": "mysql-connector-c",
                        "specs": []
                    },
                    {
                        "name": "openssl",
                        "specs": []
                    },
                    {
                        "name": "zlib",
                        "specs": []
                    }
                ]
            },
            "description": null,
            "distribution_type": "conda",
            "download_url": "//api.anaconda.org/download/bioconda/ucsc-twobittofa/357/linux-64/ucsc-twobittofa-357-0.tar.bz2",
            "full_name": "bioconda/ucsc-twobittofa/357/linux-64/ucsc-twobittofa-357-0.tar.bz2",
            "labels": [
                "main",
                "cf201901"
            ],
            "md5": "a104ad00c140ebcade856fe5f0703b75",
            "ndownloads": 1318,
            "owner": "bioconda",
            "size": 1118958,
            "type": "conda",
            "upload_time": "2017-11-17 18:40:08.891000+00:00",
            "version": "357"
        },
        {
            "attrs": {
                "arch": "x86_64",
                "build": "1",
                "build_number": 1,
                "depends": [
                    "libgcc",
                    "libpng",
                    "libuuid",
                    "mysql-connector-c",
                    "openssl",
                    "zlib 1.2.11*"
                ],
                "has_prefix": true,
                "license": "varies; see http://genome.ucsc.edu/license",
                "machine": "x86_64",
                "operatingsystem": "linux",
                "platform": "linux",
                "subdir": "linux-64",
                "target-triplet": "x86_64-any-linux"
            },
            "basename": "linux-64/ucsc-twobittofa-357-1.tar.bz2",
            "dependencies": {
                "depends": [
                    {
                        "name": "libgcc",
                        "specs": []
                    },
                    {
                        "name": "libpng",
                        "specs": []
                    },
                    {
                        "name": "libuuid",
                        "specs": []
                    },
                    {
                        "name": "mysql-connector-c",
                        "specs": []
                    },
                    {
                        "name": "openssl",
                        "specs": []
                    },
                    {
                        "name": "zlib",
                        "specs": [
                            [
                                "==",
                                "1.2.11"
                            ]
                        ]
                    }
                ]
            },
            "description": null,
            "distribution_type": "conda",
            "download_url": "//api.anaconda.org/download/bioconda/ucsc-twobittofa/357/linux-64/ucsc-twobittofa-357-1.tar.bz2",
            "full_name": "bioconda/ucsc-twobittofa/357/linux-64/ucsc-twobittofa-357-1.tar.bz2",
            "labels": [
                "main",
                "cf201901"
            ],
            "md5": "74768a93b6e4d478f58c63abca3d297e",
            "ndownloads": 2636,
            "owner": "bioconda",
            "size": 1119268,
            "type": "conda",
            "upload_time": "2018-02-04 00:06:56.202000+00:00",
            "version": "357"
        },
        {
            "attrs": {
                "arch": "x86_64",
                "build": "h5eb252a_0",
                "build_number": 0,
                "depends": [
                    "libgcc-ng >=4.9",
                    "libpng >=1.6.34,<1.7.0a0",
                    "libuuid",
                    "mysql-connector-c",
                    "openssl >=1.0.2o,<1.0.3a",
                    "zlib >=1.2.11,<1.3.0a0"
                ],
                "has_prefix": true,
                "license": "varies; see http://genome.ucsc.edu/license",
                "machine": "x86_64",
                "operatingsystem": "linux",
                "platform": "linux",
                "subdir": "linux-64",
                "target-triplet": "x86_64-any-linux",
                "timestamp": 1529432999977
            },
            "basename": "linux-64/ucsc-twobittofa-366-h5eb252a_0.tar.bz2",
            "dependencies": {
                "depends": [
                    {
                        "name": "libgcc-ng",
                        "specs": [
                            [
                                ">=",
                                "4.9"
                            ]
                        ]
                    },
                    {
                        "name": "libpng",
                        "specs": [
                            [
                                ">=",
                                "1.6.34,<1.7.0a0"
                            ]
                        ]
                    },
                    {
                        "name": "libuuid",
                        "specs": []
                    },
                    {
                        "name": "mysql-connector-c",
                        "specs": []
                    },
                    {
                        "name": "openssl",
                        "specs": [
                            [
                                ">=",
                                "1.0.2o,<1.0.3a"
                            ]
                        ]
                    },
                    {
                        "name": "zlib",
                        "specs": [
                            [
                                ">=",
                                "1.2.11,<1.3.0a0"
                            ]
                        ]
                    }
                ]
            },
            "description": null,
            "distribution_type": "conda",
            "download_url": "//api.anaconda.org/download/bioconda/ucsc-twobittofa/366/linux-64/ucsc-twobittofa-366-h5eb252a_0.tar.bz2",
            "full_name": "bioconda/ucsc-twobittofa/366/linux-64/ucsc-twobittofa-366-h5eb252a_0.tar.bz2",
            "labels": [
                "main",
                "cf201901"
            ],
            "md5": "1e87c54f194be0e498ef722ad1a743db",
            "ndownloads": 1088,
            "owner": "bioconda",
            "size": 1119233,
            "type": "conda",
            "upload_time": "2018-06-19 18:31:33.023000+00:00",
            "version": "366"
        },
        {
            "attrs": {
                "arch": "x86_64",
                "build": "hdd26221_0",
                "build_number": 0,
                "depends": [
                    "libgcc-ng >=4.9",
                    "libpng >=1.6.34,<1.7.0a0",
                    "libuuid >=2.32.1,<3.0a0",
                    "mysql-connector-c",
                    "openssl >=1.0.2p,<1.0.3a",
                    "zlib >=1.2.11,<1.3.0a0"
                ],
                "has_prefix": true,
                "license": "varies; see http://genome.ucsc.edu/license",
                "machine": "x86_64",
                "operatingsystem": "linux",
                "platform": "linux",
                "subdir": "linux-64",
                "target-triplet": "x86_64-any-linux",
                "timestamp": 1537151728998
            },
            "basename": "linux-64/ucsc-twobittofa-366-hdd26221_0.tar.bz2",
            "dependencies": {
                "depends": [
                    {
                        "name": "libgcc-ng",
                        "specs": [
                            [
                                ">=",
                                "4.9"
                            ]
                        ]
                    },
                    {
                        "name": "libpng",
                        "specs": [
                            [
                                ">=",
                                "1.6.34,<1.7.0a0"
                            ]
                        ]
                    },
                    {
                        "name": "libuuid",
                        "specs": [
                            [
                                ">=",
                                "2.32.1,<3.0a0"
                            ]
                        ]
                    },
                    {
                        "name": "mysql-connector-c",
                        "specs": []
                    },
                    {
                        "name": "openssl",
                        "specs": [
                            [
                                ">=",
                                "1.0.2p,<1.0.3a"
                            ]
                        ]
                    },
                    {
                        "name": "zlib",
                        "specs": [
                            [
                                ">=",
                                "1.2.11,<1.3.0a0"
                            ]
                        ]
                    }
                ]
            },
            "description": null,
            "distribution_type": "conda",
            "download_url": "//api.anaconda.org/download/bioconda/ucsc-twobittofa/366/linux-64/ucsc-twobittofa-366-hdd26221_0.tar.bz2",
            "full_name": "bioconda/ucsc-twobittofa/366/linux-64/ucsc-twobittofa-366-hdd26221_0.tar.bz2",
            "labels": [
                "main",
                "cf201901"
            ],
            "md5": "3a14dd0074154c1b81e6cc3d4c64d8b7",
            "ndownloads": 738,
            "owner": "bioconda",
            "size": 1119490,
            "type": "conda",
            "upload_time": "2018-09-17 02:36:50.166000+00:00",
            "version": "366"
        },
        {
            "attrs": {
                "arch": "x86_64",
                "build": "h8b15c51_0",
                "build_number": 0,
                "depends": [
                    "libpng >=1.6.35,<1.7.0a0",
                    "libuuid >=2.32.1,<3.0a0",
                    "mysql-connector-c >=6.1.11,<6.1.12.0a0",
                    "openssl >=1.0.2p,<1.0.3a",
                    "zlib >=1.2.11,<1.3.0a0"
                ],
                "has_prefix": false,
                "license": "varies; see http://genome.ucsc.edu/license",
                "machine": "x86_64",
                "operatingsystem": "darwin",
                "platform": "osx",
                "subdir": "osx-64",
                "target-triplet": "x86_64-any-darwin",
                "timestamp": 1550701702595
            },
            "basename": "osx-64/ucsc-twobittofa-377-h8b15c51_0.tar.bz2",
            "dependencies": {
                "depends": [
                    {
                        "name": "libpng",
                        "specs": [
                            [
                                ">=",
                                "1.6.35,<1.7.0a0"
                            ]
                        ]
                    },
                    {
                        "name": "libuuid",
                        "specs": [
                            [
                                ">=",
                                "2.32.1,<3.0a0"
                            ]
                        ]
                    },
                    {
                        "name": "mysql-connector-c",
                        "specs": [
                            [
                                ">=",
                                "6.1.11,<6.1.12.0a0"
                            ]
                        ]
                    },
                    {
                        "name": "openssl",
                        "specs": [
                            [
                                ">=",
                                "1.0.2p,<1.0.3a"
                            ]
                        ]
                    },
                    {
                        "name": "zlib",
                        "specs": [
                            [
                                ">=",
                                "1.2.11,<1.3.0a0"
                            ]
                        ]
                    }
                ]
            },
            "description": null,
            "distribution_type": "conda",
            "download_url": "//api.anaconda.org/download/bioconda/ucsc-twobittofa/377/osx-64/ucsc-twobittofa-377-h8b15c51_0.tar.bz2",
            "full_name": "bioconda/ucsc-twobittofa/377/osx-64/ucsc-twobittofa-377-h8b15c51_0.tar.bz2",
            "labels": [
                "main"
            ],
            "md5": "841cf7c5610035114ea4caaa66c632f6",
            "ndownloads": 69,
            "owner": "bioconda",
            "size": 416141,
            "type": "conda",
            "upload_time": "2019-02-20 22:28:35.820000+00:00",
            "version": "377"
        },
        {
            "attrs": {
                "arch": "x86_64",
                "build": "h199ee4e_0",
                "build_number": 0,
                "depends": [
                    "libgcc-ng >=7.3.0",
                    "libpng >=1.6.35,<1.7.0a0",
                    "libuuid >=2.32.1,<3.0a0",
                    "mysql-connector-c",
                    "openssl >=1.0.2p,<1.0.3a",
                    "zlib >=1.2.11,<1.3.0a0"
                ],
                "has_prefix": false,
                "license": "varies; see http://genome.ucsc.edu/license",
                "machine": "x86_64",
                "operatingsystem": "linux",
                "platform": "linux",
                "subdir": "linux-64",
                "target-triplet": "x86_64-any-linux",
                "timestamp": 1550701890084
            },
            "basename": "linux-64/ucsc-twobittofa-377-h199ee4e_0.tar.bz2",
            "dependencies": {
                "depends": [
                    {
                        "name": "libgcc-ng",
                        "specs": [
                            [
                                ">=",
                                "7.3.0"
                            ]
                        ]
                    },
                    {
                        "name": "libpng",
                        "specs": [
                            [
                                ">=",
                                "1.6.35,<1.7.0a0"
                            ]
                        ]
                    },
                    {
                        "name": "libuuid",
                        "specs": [
                            [
                                ">=",
                                "2.32.1,<3.0a0"
                            ]
                        ]
                    },
                    {
                        "name": "mysql-connector-c",
                        "specs": []
                    },
                    {
                        "name": "openssl",
                        "specs": [
                            [
                                ">=",
                                "1.0.2p,<1.0.3a"
                            ]
                        ]
                    },
                    {
                        "name": "zlib",
                        "specs": [
                            [
                                ">=",
                                "1.2.11,<1.3.0a0"
                            ]
                        ]
                    }
                ]
            },
            "description": null,
            "distribution_type": "conda",
            "download_url": "//api.anaconda.org/download/bioconda/ucsc-twobittofa/377/linux-64/ucsc-twobittofa-377-h199ee4e_0.tar.bz2",
            "full_name": "bioconda/ucsc-twobittofa/377/linux-64/ucsc-twobittofa-377-h199ee4e_0.tar.bz2",
            "labels": [
                "main"
            ],
            "md5": "e551889ef3b7c9973f2f573807d5d010",
            "ndownloads": 838,
            "owner": "bioconda",
            "size": 450321,
            "type": "conda",
            "upload_time": "2019-02-20 22:32:59.291000+00:00",
            "version": "377"
        },
        {
            "attrs": {
                "arch": "x86_64",
                "build": "he2eb843_1",
                "build_number": 1,
                "depends": [
                    "libpng >=1.6.35,<1.7.0a0",
                    "libuuid >=2.32.1,<3.0a0",
                    "mysql-connector-c >=6.1.11,<6.1.12.0a0",
                    "openssl >=1.1.1a,<1.1.2a",
                    "zlib >=1.2.11,<1.3.0a0"
                ],
                "has_prefix": false,
                "license": "varies; see http://genome.ucsc.edu/license",
                "machine": "x86_64",
                "operatingsystem": "darwin",
                "platform": "osx",
                "subdir": "osx-64",
                "target-triplet": "x86_64-any-darwin",
                "timestamp": 1552094356940
            },
            "basename": "osx-64/ucsc-twobittofa-377-he2eb843_1.tar.bz2",
            "dependencies": {
                "depends": [
                    {
                        "name": "libpng",
                        "specs": [
                            [
                                ">=",
                                "1.6.35,<1.7.0a0"
                            ]
                        ]
                    },
                    {
                        "name": "libuuid",
                        "specs": [
                            [
                                ">=",
                                "2.32.1,<3.0a0"
                            ]
                        ]
                    },
                    {
                        "name": "mysql-connector-c",
                        "specs": [
                            [
                                ">=",
                                "6.1.11,<6.1.12.0a0"
                            ]
                        ]
                    },
                    {
                        "name": "openssl",
                        "specs": [
                            [
                                ">=",
                                "1.1.1a,<1.1.2a"
                            ]
                        ]
                    },
                    {
                        "name": "zlib",
                        "specs": [
                            [
                                ">=",
                                "1.2.11,<1.3.0a0"
                            ]
                        ]
                    }
                ]
            },
            "description": null,
            "distribution_type": "conda",
            "download_url": "//api.anaconda.org/download/bioconda/ucsc-twobittofa/377/osx-64/ucsc-twobittofa-377-he2eb843_1.tar.bz2",
            "full_name": "bioconda/ucsc-twobittofa/377/osx-64/ucsc-twobittofa-377-he2eb843_1.tar.bz2",
            "labels": [
                "main"
            ],
            "md5": "a61d690335cff87d1163661deb24890b",
            "ndownloads": 800,
            "owner": "bioconda",
            "size": 416114,
            "type": "conda",
            "upload_time": "2019-03-09 01:19:34.483000+00:00",
            "version": "377"
        },
        {
            "attrs": {
                "arch": "x86_64",
                "build": "h35c10e6_1",
                "build_number": 1,
                "depends": [
                    "libgcc-ng >=7.3.0",
                    "libpng >=1.6.35,<1.7.0a0",
                    "libuuid >=2.32.1,<3.0a0",
                    "mysql-connector-c >=6.1.11,<6.1.12.0a0",
                    "openssl >=1.1.1a,<1.1.2a",
                    "zlib >=1.2.11,<1.3.0a0"
                ],
                "has_prefix": false,
                "license": "varies; see http://genome.ucsc.edu/license",
                "machine": "x86_64",
                "operatingsystem": "linux",
                "platform": "linux",
                "subdir": "linux-64",
                "target-triplet": "x86_64-any-linux",
                "timestamp": 1552119284445
            },
            "basename": "linux-64/ucsc-twobittofa-377-h35c10e6_1.tar.bz2",
            "dependencies": {
                "depends": [
                    {
                        "name": "libgcc-ng",
                        "specs": [
                            [
                                ">=",
                                "7.3.0"
                            ]
                        ]
                    },
                    {
                        "name": "libpng",
                        "specs": [
                            [
                                ">=",
                                "1.6.35,<1.7.0a0"
                            ]
                        ]
                    },
                    {
                        "name": "libuuid",
                        "specs": [
                            [
                                ">=",
                                "2.32.1,<3.0a0"
                            ]
                        ]
                    },
                    {
                        "name": "mysql-connector-c",
                        "specs": [
                            [
                                ">=",
                                "6.1.11,<6.1.12.0a0"
                            ]
                        ]
                    },
                    {
                        "name": "openssl",
                        "specs": [
                            [
                                ">=",
                                "1.1.1a,<1.1.2a"
                            ]
                        ]
                    },
                    {
                        "name": "zlib",
                        "specs": [
                            [
                                ">=",
                                "1.2.11,<1.3.0a0"
                            ]
                        ]
                    }
                ]
            },
            "description": null,
            "distribution_type": "conda",
            "download_url": "//api.anaconda.org/download/bioconda/ucsc-twobittofa/377/linux-64/ucsc-twobittofa-377-h35c10e6_1.tar.bz2",
            "full_name": "bioconda/ucsc-twobittofa/377/linux-64/ucsc-twobittofa-377-h35c10e6_1.tar.bz2",
            "labels": [
                "main"
            ],
            "md5": "99243965b1cd7487ddc6ea088e1a3bd6",
            "ndownloads": 4695,
            "owner": "bioconda",
            "size": 450191,
            "type": "conda",
            "upload_time": "2019-03-09 08:16:16.866000+00:00",
            "version": "377"
        },
        {
            "attrs": {
                "arch": "x86_64",
                "build": "h35c10e6_3",
                "build_number": 3,
                "depends": [
                    "libgcc-ng >=7.3.0",
                    "libpng >=1.6.35,<1.7.0a0",
                    "libuuid >=2.32.1,<3.0a0",
                    "mysql-connector-c >=6.1.11,<6.1.12.0a0",
                    "openssl >=1.1.1a,<1.1.2a",
                    "zlib >=1.2.11,<1.3.0a0"
                ],
                "has_prefix": false,
                "license": "varies; see http://genome.ucsc.edu/license",
                "machine": "x86_64",
                "operatingsystem": "linux",
                "platform": "linux",
                "subdir": "linux-64",
                "target-triplet": "x86_64-any-linux",
                "timestamp": 1554893178882
            },
            "basename": "linux-64/ucsc-twobittofa-357-h35c10e6_3.tar.bz2",
            "dependencies": {
                "depends": [
                    {
                        "name": "libgcc-ng",
                        "specs": [
                            [
                                ">=",
                                "7.3.0"
                            ]
                        ]
                    },
                    {
                        "name": "libpng",
                        "specs": [
                            [
                                ">=",
                                "1.6.35,<1.7.0a0"
                            ]
                        ]
                    },
                    {
                        "name": "libuuid",
                        "specs": [
                            [
                                ">=",
                                "2.32.1,<3.0a0"
                            ]
                        ]
                    },
                    {
                        "name": "mysql-connector-c",
                        "specs": [
                            [
                                ">=",
                                "6.1.11,<6.1.12.0a0"
                            ]
                        ]
                    },
                    {
                        "name": "openssl",
                        "specs": [
                            [
                                ">=",
                                "1.1.1a,<1.1.2a"
                            ]
                        ]
                    },
                    {
                        "name": "zlib",
                        "specs": [
                            [
                                ">=",
                                "1.2.11,<1.3.0a0"
                            ]
                        ]
                    }
                ]
            },
            "description": null,
            "distribution_type": "conda",
            "download_url": "//api.anaconda.org/download/bioconda/ucsc-twobittofa/357/linux-64/ucsc-twobittofa-357-h35c10e6_3.tar.bz2",
            "full_name": "bioconda/ucsc-twobittofa/357/linux-64/ucsc-twobittofa-357-h35c10e6_3.tar.bz2",
            "labels": [
                "main"
            ],
            "md5": "8223e8aba325a3fbf28e26a2b970cf0c",
            "ndownloads": 179,
            "owner": "bioconda",
            "size": 364761,
            "type": "conda",
            "upload_time": "2019-04-10 10:47:44.820000+00:00",
            "version": "357"
        }
    ],
    "full_name": "bioconda/ucsc-twobittofa",
    "home": "None",
    "html_url": "http://anaconda.org/bioconda/ucsc-twobittofa",
    "id": "56d5c83f266fe40292861522",
    "latest_version": "377",
    "license": "varies; see http://genome.ucsc.edu/license",
    "license_url": null,
    "modified_at": "2019-04-10 10:47:45.148000+00:00",
    "name": "ucsc-twobittofa",
    "owner": {
        "company": "",
        "created_at": "2015-09-11 22:59:20.880000+00:00",
        "description": "Bioconda is a distribution of bioinformatics software realized as a channel for the versatile Conda package manager.",
        "location": "",
        "login": "bioconda",
        "name": "bioconda",
        "url": "",
        "user_type": "org"
    },
    "package_types": [
        "conda"
    ],
    "public": true,
    "releases": [
        {
            "distributions": [
                "linux-64/ucsc-twobittofa-324-0.tar.bz2"
            ],
            "full_name": "bioconda/ucsc-twobittofa/324",
            "version": "324"
        },
        {
            "distributions": [
                "linux-64/ucsc-twobittofa-332-0.tar.bz2",
                "osx-64/ucsc-twobittofa-332-0.tar.bz2"
            ],
            "full_name": "bioconda/ucsc-twobittofa/332",
            "version": "332"
        },
        {
            "distributions": [],
            "full_name": "bioconda/ucsc-twobittofa/357",
            "version": "357"
        },
        {
            "distributions": [],
            "full_name": "bioconda/ucsc-twobittofa/366",
            "version": "366"
        },
        {
            "distributions": [],
            "full_name": "bioconda/ucsc-twobittofa/377",
            "version": "377"
        }
    ],
    "revision": 11,
    "source_git_tag": null,
    "source_git_url": null,
    "summary": "Convert all or part of .2bit file to fasta",
    "upvoted": 0,
    "url": "http://api.anaconda.org/packages/bioconda/ucsc-twobittofa",
    "versions": [
        "324",
        "332",
        "357",
        "366",
        "377"
    ],
    "watchers": 1
}