{
    "app_entry": {},
    "app_summary": {},
    "app_type": {},
    "builds": [
        "h199ee4e_0",
        "1",
        "0",
        "h5eb252a_2",
        "h8b15c51_0",
        "h5eb252a_0"
    ],
    "conda_platforms": [
        "linux-64",
        "osx-64"
    ],
    "created_at": "2017-11-19 02:16:07.477000+00:00",
    "description": "",
    "dev_url": null,
    "doc_url": null,
    "files": [
        {
            "attrs": {
                "arch": "x86_64",
                "build": "1",
                "build_number": 1,
                "depends": [],
                "has_prefix": false,
                "license": "varies; see http://genome.ucsc.edu/license",
                "machine": "x86_64",
                "operatingsystem": "darwin",
                "platform": "osx",
                "subdir": "osx-64",
                "target-triplet": "x86_64-any-darwin"
            },
            "basename": "osx-64/ucsc-maftobigmaf-357-1.tar.bz2",
            "dependencies": {
                "depends": []
            },
            "description": null,
            "distribution_type": "conda",
            "download_url": "//api.anaconda.org/download/bioconda/ucsc-maftobigmaf/357/osx-64/ucsc-maftobigmaf-357-1.tar.bz2",
            "full_name": "bioconda/ucsc-maftobigmaf/357/osx-64/ucsc-maftobigmaf-357-1.tar.bz2",
            "labels": [
                "main",
                "cf201901"
            ],
            "md5": "a0c1400c7550c7398e2ebb237c08cd80",
            "ndownloads": 26,
            "owner": "bioconda",
            "size": 389116,
            "type": "conda",
            "upload_time": "2018-02-04 01:21:10.315000+00:00",
            "version": "357"
        },
        {
            "attrs": {
                "arch": "x86_64",
                "build": "h5eb252a_2",
                "build_number": 2,
                "depends": [
                    "zlib >=1.2.11,<1.3.0a0"
                ],
                "has_prefix": false,
                "license": "varies; see http://genome.ucsc.edu/license",
                "machine": "x86_64",
                "operatingsystem": "darwin",
                "platform": "osx",
                "subdir": "osx-64",
                "target-triplet": "x86_64-any-darwin",
                "timestamp": 1529360554895
            },
            "basename": "osx-64/ucsc-maftobigmaf-357-h5eb252a_2.tar.bz2",
            "dependencies": {
                "depends": [
                    {
                        "name": "zlib",
                        "specs": [
                            [
                                ">=",
                                "1.2.11,<1.3.0a0"
                            ]
                        ]
                    }
                ]
            },
            "description": null,
            "distribution_type": "conda",
            "download_url": "//api.anaconda.org/download/bioconda/ucsc-maftobigmaf/357/osx-64/ucsc-maftobigmaf-357-h5eb252a_2.tar.bz2",
            "full_name": "bioconda/ucsc-maftobigmaf/357/osx-64/ucsc-maftobigmaf-357-h5eb252a_2.tar.bz2",
            "labels": [
                "main",
                "cf201901"
            ],
            "md5": "974785cd7e5d9ed7b266929830250439",
            "ndownloads": 757,
            "owner": "bioconda",
            "size": 389038,
            "type": "conda",
            "upload_time": "2018-06-18 22:22:43.523000+00:00",
            "version": "357"
        },
        {
            "attrs": {
                "arch": "x86_64",
                "build": "h5eb252a_0",
                "build_number": 0,
                "depends": [
                    "zlib >=1.2.11,<1.3.0a0"
                ],
                "has_prefix": false,
                "license": "varies; see http://genome.ucsc.edu/license",
                "machine": "x86_64",
                "operatingsystem": "darwin",
                "platform": "osx",
                "subdir": "osx-64",
                "target-triplet": "x86_64-any-darwin",
                "timestamp": 1529450179998
            },
            "basename": "osx-64/ucsc-maftobigmaf-366-h5eb252a_0.tar.bz2",
            "dependencies": {
                "depends": [
                    {
                        "name": "zlib",
                        "specs": [
                            [
                                ">=",
                                "1.2.11,<1.3.0a0"
                            ]
                        ]
                    }
                ]
            },
            "description": null,
            "distribution_type": "conda",
            "download_url": "//api.anaconda.org/download/bioconda/ucsc-maftobigmaf/366/osx-64/ucsc-maftobigmaf-366-h5eb252a_0.tar.bz2",
            "full_name": "bioconda/ucsc-maftobigmaf/366/osx-64/ucsc-maftobigmaf-366-h5eb252a_0.tar.bz2",
            "labels": [
                "main",
                "cf201901"
            ],
            "md5": "398f2ef0c48c6f84f13c30d9731eb25e",
            "ndownloads": 758,
            "owner": "bioconda",
            "size": 389326,
            "type": "conda",
            "upload_time": "2018-06-19 23:16:28.074000+00:00",
            "version": "366"
        },
        {
            "attrs": {
                "arch": "x86_64",
                "build": "0",
                "build_number": 0,
                "depends": [],
                "has_prefix": false,
                "license": "varies; see http://genome.ucsc.edu/license",
                "machine": "x86_64",
                "operatingsystem": "darwin",
                "platform": "osx",
                "subdir": "osx-64",
                "target-triplet": "x86_64-any-darwin"
            },
            "basename": "osx-64/ucsc-maftobigmaf-357-0.tar.bz2",
            "dependencies": {
                "depends": []
            },
            "description": null,
            "distribution_type": "conda",
            "download_url": "//api.anaconda.org/download/bioconda/ucsc-maftobigmaf/357/osx-64/ucsc-maftobigmaf-357-0.tar.bz2",
            "full_name": "bioconda/ucsc-maftobigmaf/357/osx-64/ucsc-maftobigmaf-357-0.tar.bz2",
            "labels": [
                "main",
                "cf201901"
            ],
            "md5": "28bd93940e1b948bba08ab186bddd82f",
            "ndownloads": 22,
            "owner": "bioconda",
            "size": 387843,
            "type": "conda",
            "upload_time": "2017-11-19 02:16:07.952000+00:00",
            "version": "357"
        },
        {
            "attrs": {
                "arch": "x86_64",
                "build": "0",
                "build_number": 0,
                "depends": [
                    "libgcc",
                    "libpng",
                    "libuuid",
                    "mysql-connector-c",
                    "openssl",
                    "zlib"
                ],
                "has_prefix": true,
                "license": "varies; see http://genome.ucsc.edu/license",
                "machine": "x86_64",
                "operatingsystem": "linux",
                "platform": "linux",
                "subdir": "linux-64",
                "target-triplet": "x86_64-any-linux"
            },
            "basename": "linux-64/ucsc-maftobigmaf-357-0.tar.bz2",
            "dependencies": {
                "depends": [
                    {
                        "name": "libgcc",
                        "specs": []
                    },
                    {
                        "name": "libpng",
                        "specs": []
                    },
                    {
                        "name": "libuuid",
                        "specs": []
                    },
                    {
                        "name": "mysql-connector-c",
                        "specs": []
                    },
                    {
                        "name": "openssl",
                        "specs": []
                    },
                    {
                        "name": "zlib",
                        "specs": []
                    }
                ]
            },
            "description": null,
            "distribution_type": "conda",
            "download_url": "//api.anaconda.org/download/bioconda/ucsc-maftobigmaf/357/linux-64/ucsc-maftobigmaf-357-0.tar.bz2",
            "full_name": "bioconda/ucsc-maftobigmaf/357/linux-64/ucsc-maftobigmaf-357-0.tar.bz2",
            "labels": [
                "main",
                "cf201901"
            ],
            "md5": "0b42313e56bb47a62aa68b35b703afb3",
            "ndownloads": 497,
            "owner": "bioconda",
            "size": 965418,
            "type": "conda",
            "upload_time": "2017-11-19 02:25:51.008000+00:00",
            "version": "357"
        },
        {
            "attrs": {
                "arch": "x86_64",
                "build": "1",
                "build_number": 1,
                "depends": [
                    "libgcc",
                    "libpng",
                    "libuuid",
                    "mysql-connector-c",
                    "openssl",
                    "zlib 1.2.11*"
                ],
                "has_prefix": true,
                "license": "varies; see http://genome.ucsc.edu/license",
                "machine": "x86_64",
                "operatingsystem": "linux",
                "platform": "linux",
                "subdir": "linux-64",
                "target-triplet": "x86_64-any-linux"
            },
            "basename": "linux-64/ucsc-maftobigmaf-357-1.tar.bz2",
            "dependencies": {
                "depends": [
                    {
                        "name": "libgcc",
                        "specs": []
                    },
                    {
                        "name": "libpng",
                        "specs": []
                    },
                    {
                        "name": "libuuid",
                        "specs": []
                    },
                    {
                        "name": "mysql-connector-c",
                        "specs": []
                    },
                    {
                        "name": "openssl",
                        "specs": []
                    },
                    {
                        "name": "zlib",
                        "specs": [
                            [
                                "==",
                                "1.2.11"
                            ]
                        ]
                    }
                ]
            },
            "description": null,
            "distribution_type": "conda",
            "download_url": "//api.anaconda.org/download/bioconda/ucsc-maftobigmaf/357/linux-64/ucsc-maftobigmaf-357-1.tar.bz2",
            "full_name": "bioconda/ucsc-maftobigmaf/357/linux-64/ucsc-maftobigmaf-357-1.tar.bz2",
            "labels": [
                "main",
                "cf201901"
            ],
            "md5": "db3435d695adfacdc18220aeb171b5b2",
            "ndownloads": 133,
            "owner": "bioconda",
            "size": 965952,
            "type": "conda",
            "upload_time": "2018-02-04 10:09:41.625000+00:00",
            "version": "357"
        },
        {
            "attrs": {
                "arch": "x86_64",
                "build": "h5eb252a_0",
                "build_number": 0,
                "depends": [
                    "libgcc-ng >=4.9",
                    "libpng >=1.6.34,<1.7.0a0",
                    "libuuid",
                    "mysql-connector-c",
                    "openssl >=1.0.2o,<1.0.3a",
                    "zlib >=1.2.11,<1.3.0a0"
                ],
                "has_prefix": true,
                "license": "varies; see http://genome.ucsc.edu/license",
                "machine": "x86_64",
                "operatingsystem": "linux",
                "platform": "linux",
                "subdir": "linux-64",
                "target-triplet": "x86_64-any-linux",
                "timestamp": 1529465815896
            },
            "basename": "linux-64/ucsc-maftobigmaf-366-h5eb252a_0.tar.bz2",
            "dependencies": {
                "depends": [
                    {
                        "name": "libgcc-ng",
                        "specs": [
                            [
                                ">=",
                                "4.9"
                            ]
                        ]
                    },
                    {
                        "name": "libpng",
                        "specs": [
                            [
                                ">=",
                                "1.6.34,<1.7.0a0"
                            ]
                        ]
                    },
                    {
                        "name": "libuuid",
                        "specs": []
                    },
                    {
                        "name": "mysql-connector-c",
                        "specs": []
                    },
                    {
                        "name": "openssl",
                        "specs": [
                            [
                                ">=",
                                "1.0.2o,<1.0.3a"
                            ]
                        ]
                    },
                    {
                        "name": "zlib",
                        "specs": [
                            [
                                ">=",
                                "1.2.11,<1.3.0a0"
                            ]
                        ]
                    }
                ]
            },
            "description": null,
            "distribution_type": "conda",
            "download_url": "//api.anaconda.org/download/bioconda/ucsc-maftobigmaf/366/linux-64/ucsc-maftobigmaf-366-h5eb252a_0.tar.bz2",
            "full_name": "bioconda/ucsc-maftobigmaf/366/linux-64/ucsc-maftobigmaf-366-h5eb252a_0.tar.bz2",
            "labels": [
                "main",
                "cf201901"
            ],
            "md5": "099fc841cc7fd237f7a62f9fdc7c80d2",
            "ndownloads": 256,
            "owner": "bioconda",
            "size": 976334,
            "type": "conda",
            "upload_time": "2018-06-20 03:38:14.251000+00:00",
            "version": "366"
        },
        {
            "attrs": {
                "arch": "x86_64",
                "build": "h8b15c51_0",
                "build_number": 0,
                "depends": [
                    "libpng >=1.6.35,<1.7.0a0",
                    "libuuid >=2.32.1,<3.0a0",
                    "mysql-connector-c >=6.1.11,<6.1.12.0a0",
                    "openssl >=1.0.2p,<1.0.3a",
                    "zlib >=1.2.11,<1.3.0a0"
                ],
                "has_prefix": false,
                "license": "varies; see http://genome.ucsc.edu/license",
                "machine": "x86_64",
                "operatingsystem": "darwin",
                "platform": "osx",
                "subdir": "osx-64",
                "target-triplet": "x86_64-any-darwin",
                "timestamp": 1550834019143
            },
            "basename": "osx-64/ucsc-maftobigmaf-377-h8b15c51_0.tar.bz2",
            "dependencies": {
                "depends": [
                    {
                        "name": "libpng",
                        "specs": [
                            [
                                ">=",
                                "1.6.35,<1.7.0a0"
                            ]
                        ]
                    },
                    {
                        "name": "libuuid",
                        "specs": [
                            [
                                ">=",
                                "2.32.1,<3.0a0"
                            ]
                        ]
                    },
                    {
                        "name": "mysql-connector-c",
                        "specs": [
                            [
                                ">=",
                                "6.1.11,<6.1.12.0a0"
                            ]
                        ]
                    },
                    {
                        "name": "openssl",
                        "specs": [
                            [
                                ">=",
                                "1.0.2p,<1.0.3a"
                            ]
                        ]
                    },
                    {
                        "name": "zlib",
                        "specs": [
                            [
                                ">=",
                                "1.2.11,<1.3.0a0"
                            ]
                        ]
                    }
                ]
            },
            "description": null,
            "distribution_type": "conda",
            "download_url": "//api.anaconda.org/download/bioconda/ucsc-maftobigmaf/377/osx-64/ucsc-maftobigmaf-377-h8b15c51_0.tar.bz2",
            "full_name": "bioconda/ucsc-maftobigmaf/377/osx-64/ucsc-maftobigmaf-377-h8b15c51_0.tar.bz2",
            "labels": [
                "main"
            ],
            "md5": "ba0f7cf0f09ba8e30c857b854dbd6c22",
            "ndownloads": 650,
            "owner": "bioconda",
            "size": 288360,
            "type": "conda",
            "upload_time": "2019-02-22 11:13:52.723000+00:00",
            "version": "377"
        },
        {
            "attrs": {
                "arch": "x86_64",
                "build": "h199ee4e_0",
                "build_number": 0,
                "depends": [
                    "libgcc-ng >=7.3.0",
                    "libpng >=1.6.35,<1.7.0a0",
                    "libuuid >=2.32.1,<3.0a0",
                    "mysql-connector-c >=6.1.11,<6.1.12.0a0",
                    "openssl >=1.0.2p,<1.0.3a",
                    "zlib >=1.2.11,<1.3.0a0"
                ],
                "has_prefix": false,
                "license": "varies; see http://genome.ucsc.edu/license",
                "machine": "x86_64",
                "operatingsystem": "linux",
                "platform": "linux",
                "subdir": "linux-64",
                "target-triplet": "x86_64-any-linux",
                "timestamp": 1550840865711
            },
            "basename": "linux-64/ucsc-maftobigmaf-377-h199ee4e_0.tar.bz2",
            "dependencies": {
                "depends": [
                    {
                        "name": "libgcc-ng",
                        "specs": [
                            [
                                ">=",
                                "7.3.0"
                            ]
                        ]
                    },
                    {
                        "name": "libpng",
                        "specs": [
                            [
                                ">=",
                                "1.6.35,<1.7.0a0"
                            ]
                        ]
                    },
                    {
                        "name": "libuuid",
                        "specs": [
                            [
                                ">=",
                                "2.32.1,<3.0a0"
                            ]
                        ]
                    },
                    {
                        "name": "mysql-connector-c",
                        "specs": [
                            [
                                ">=",
                                "6.1.11,<6.1.12.0a0"
                            ]
                        ]
                    },
                    {
                        "name": "openssl",
                        "specs": [
                            [
                                ">=",
                                "1.0.2p,<1.0.3a"
                            ]
                        ]
                    },
                    {
                        "name": "zlib",
                        "specs": [
                            [
                                ">=",
                                "1.2.11,<1.3.0a0"
                            ]
                        ]
                    }
                ]
            },
            "description": null,
            "distribution_type": "conda",
            "download_url": "//api.anaconda.org/download/bioconda/ucsc-maftobigmaf/377/linux-64/ucsc-maftobigmaf-377-h199ee4e_0.tar.bz2",
            "full_name": "bioconda/ucsc-maftobigmaf/377/linux-64/ucsc-maftobigmaf-377-h199ee4e_0.tar.bz2",
            "labels": [
                "main"
            ],
            "md5": "26b56fa00d60dc990c44191b471f4d80",
            "ndownloads": 91,
            "owner": "bioconda",
            "size": 316753,
            "type": "conda",
            "upload_time": "2019-02-22 13:09:16.778000+00:00",
            "version": "377"
        }
    ],
    "full_name": "bioconda/ucsc-maftobigmaf",
    "home": "http://hgdownload.cse.ucsc.edu/admin/exe/",
    "html_url": "http://anaconda.org/bioconda/ucsc-maftobigmaf",
    "id": "5a10e967393ec61206d3472b",
    "latest_version": "377",
    "license": "varies; see http://genome.ucsc.edu/license",
    "license_url": null,
    "modified_at": "2019-02-22 13:09:17.238000+00:00",
    "name": "ucsc-maftobigmaf",
    "owner": {
        "company": "",
        "created_at": "2015-09-11 22:59:20.880000+00:00",
        "description": "Bioconda is a distribution of bioinformatics software realized as a channel for the versatile Conda package manager.",
        "location": "",
        "login": "bioconda",
        "name": "bioconda",
        "url": "",
        "user_type": "org"
    },
    "package_types": [
        "conda"
    ],
    "public": true,
    "releases": [
        {
            "distributions": [],
            "full_name": "bioconda/ucsc-maftobigmaf/357",
            "version": "357"
        },
        {
            "distributions": [],
            "full_name": "bioconda/ucsc-maftobigmaf/366",
            "version": "366"
        },
        {
            "distributions": [],
            "full_name": "bioconda/ucsc-maftobigmaf/377",
            "version": "377"
        }
    ],
    "revision": 6,
    "source_git_tag": null,
    "source_git_url": null,
    "summary": "Put ucsc standard maf file into bigMaf format",
    "upvoted": 0,
    "url": "http://api.anaconda.org/packages/bioconda/ucsc-maftobigmaf",
    "versions": [
        "357",
        "366",
        "377"
    ],
    "watchers": 1
}