{
    "app_entry": {},
    "app_summary": {},
    "app_type": {},
    "builds": [
        "h199ee4e_0",
        "1",
        "0",
        "h5eb252a_2",
        "h8b15c51_0",
        "h5eb252a_0"
    ],
    "conda_platforms": [
        "linux-64",
        "osx-64"
    ],
    "created_at": "2016-04-08 11:36:19.499000+00:00",
    "description": "",
    "dev_url": null,
    "doc_url": null,
    "files": [
        {
            "attrs": {
                "arch": "x86_64",
                "build": "h5eb252a_2",
                "build_number": 2,
                "depends": [
                    "zlib >=1.2.11,<1.3.0a0"
                ],
                "has_prefix": false,
                "license": "varies; see http://genome.ucsc.edu/license",
                "machine": "x86_64",
                "operatingsystem": "darwin",
                "platform": "osx",
                "subdir": "osx-64",
                "target-triplet": "x86_64-any-darwin",
                "timestamp": 1529357871580
            },
            "basename": "osx-64/ucsc-tolower-357-h5eb252a_2.tar.bz2",
            "dependencies": {
                "depends": [
                    {
                        "name": "zlib",
                        "specs": [
                            [
                                ">=",
                                "1.2.11,<1.3.0a0"
                            ]
                        ]
                    }
                ]
            },
            "description": null,
            "distribution_type": "conda",
            "download_url": "//api.anaconda.org/download/bioconda/ucsc-tolower/357/osx-64/ucsc-tolower-357-h5eb252a_2.tar.bz2",
            "full_name": "bioconda/ucsc-tolower/357/osx-64/ucsc-tolower-357-h5eb252a_2.tar.bz2",
            "labels": [
                "main",
                "cf201901"
            ],
            "md5": "29acd6376f96db3130864597cfefd688",
            "ndownloads": 529,
            "owner": "bioconda",
            "size": 379008,
            "type": "conda",
            "upload_time": "2018-06-18 21:37:59.729000+00:00",
            "version": "357"
        },
        {
            "attrs": {
                "arch": "x86_64",
                "build": "0",
                "build_number": 0,
                "depends": [],
                "license": "varies; see http://genome.ucsc.edu/license",
                "machine": "x86_64",
                "operatingsystem": "darwin",
                "platform": "osx",
                "subdir": "osx-64",
                "target-triplet": "x86_64-any-darwin"
            },
            "basename": "osx-64/ucsc-tolower-324-0.tar.bz2",
            "dependencies": {
                "depends": []
            },
            "description": null,
            "distribution_type": "conda",
            "download_url": "//api.anaconda.org/download/bioconda/ucsc-tolower/324/osx-64/ucsc-tolower-324-0.tar.bz2",
            "full_name": "bioconda/ucsc-tolower/324/osx-64/ucsc-tolower-324-0.tar.bz2",
            "labels": [
                "main",
                "cf201901"
            ],
            "md5": "4b860c39574033575ec40c6f351ef8c7",
            "ndownloads": 849,
            "owner": "bioconda",
            "size": 181028,
            "type": "conda",
            "upload_time": "2016-04-08 11:36:19.746000+00:00",
            "version": "324"
        },
        {
            "attrs": {
                "arch": "x86_64",
                "build": "0",
                "build_number": 0,
                "depends": [
                    "libgcc",
                    "libpng",
                    "mysql",
                    "openssl",
                    "zlib"
                ],
                "license": "varies; see http://genome.ucsc.edu/license",
                "machine": "x86_64",
                "operatingsystem": "linux",
                "platform": "linux",
                "subdir": "linux-64",
                "target-triplet": "x86_64-any-linux"
            },
            "basename": "linux-64/ucsc-tolower-324-0.tar.bz2",
            "dependencies": {
                "depends": [
                    {
                        "name": "libgcc",
                        "specs": []
                    },
                    {
                        "name": "libpng",
                        "specs": []
                    },
                    {
                        "name": "mysql",
                        "specs": []
                    },
                    {
                        "name": "openssl",
                        "specs": []
                    },
                    {
                        "name": "zlib",
                        "specs": []
                    }
                ]
            },
            "description": null,
            "distribution_type": "conda",
            "download_url": "//api.anaconda.org/download/bioconda/ucsc-tolower/324/linux-64/ucsc-tolower-324-0.tar.bz2",
            "full_name": "bioconda/ucsc-tolower/324/linux-64/ucsc-tolower-324-0.tar.bz2",
            "labels": [
                "main",
                "cf201901"
            ],
            "md5": "a44120e15bebe52eabad4c25de70c2bd",
            "ndownloads": 566,
            "owner": "bioconda",
            "size": 324764,
            "type": "conda",
            "upload_time": "2016-04-08 11:47:50.670000+00:00",
            "version": "324"
        },
        {
            "attrs": {
                "arch": "x86_64",
                "build": "0",
                "build_number": 0,
                "depends": [],
                "license": "varies; see http://genome.ucsc.edu/license",
                "machine": "x86_64",
                "operatingsystem": "darwin",
                "platform": "osx",
                "subdir": "osx-64",
                "target-triplet": "x86_64-any-darwin"
            },
            "basename": "osx-64/ucsc-tolower-332-0.tar.bz2",
            "dependencies": {
                "depends": []
            },
            "description": null,
            "distribution_type": "conda",
            "download_url": "//api.anaconda.org/download/bioconda/ucsc-tolower/332/osx-64/ucsc-tolower-332-0.tar.bz2",
            "full_name": "bioconda/ucsc-tolower/332/osx-64/ucsc-tolower-332-0.tar.bz2",
            "labels": [
                "main",
                "cf201901"
            ],
            "md5": "cda46983c2215270bc7aa25f1384ebc0",
            "ndownloads": 1574,
            "owner": "bioconda",
            "size": 184933,
            "type": "conda",
            "upload_time": "2016-06-10 21:32:30.980000+00:00",
            "version": "332"
        },
        {
            "attrs": {
                "arch": "x86_64",
                "build": "0",
                "build_number": 0,
                "depends": [
                    "libgcc",
                    "libpng",
                    "mysql",
                    "openssl",
                    "zlib"
                ],
                "license": "varies; see http://genome.ucsc.edu/license",
                "machine": "x86_64",
                "operatingsystem": "linux",
                "platform": "linux",
                "subdir": "linux-64",
                "target-triplet": "x86_64-any-linux"
            },
            "basename": "linux-64/ucsc-tolower-332-0.tar.bz2",
            "dependencies": {
                "depends": [
                    {
                        "name": "libgcc",
                        "specs": []
                    },
                    {
                        "name": "libpng",
                        "specs": []
                    },
                    {
                        "name": "mysql",
                        "specs": []
                    },
                    {
                        "name": "openssl",
                        "specs": []
                    },
                    {
                        "name": "zlib",
                        "specs": []
                    }
                ]
            },
            "description": null,
            "distribution_type": "conda",
            "download_url": "//api.anaconda.org/download/bioconda/ucsc-tolower/332/linux-64/ucsc-tolower-332-0.tar.bz2",
            "full_name": "bioconda/ucsc-tolower/332/linux-64/ucsc-tolower-332-0.tar.bz2",
            "labels": [
                "main",
                "cf201901"
            ],
            "md5": "91efdf0ad4f0861473a08c6e808cf93e",
            "ndownloads": 981,
            "owner": "bioconda",
            "size": 329487,
            "type": "conda",
            "upload_time": "2016-06-10 21:50:12.532000+00:00",
            "version": "332"
        },
        {
            "attrs": {
                "arch": "x86_64",
                "build": "1",
                "build_number": 1,
                "depends": [],
                "has_prefix": false,
                "license": "varies; see http://genome.ucsc.edu/license",
                "machine": "x86_64",
                "operatingsystem": "darwin",
                "platform": "osx",
                "subdir": "osx-64",
                "target-triplet": "x86_64-any-darwin"
            },
            "basename": "osx-64/ucsc-tolower-357-1.tar.bz2",
            "dependencies": {
                "depends": []
            },
            "description": null,
            "distribution_type": "conda",
            "download_url": "//api.anaconda.org/download/bioconda/ucsc-tolower/357/osx-64/ucsc-tolower-357-1.tar.bz2",
            "full_name": "bioconda/ucsc-tolower/357/osx-64/ucsc-tolower-357-1.tar.bz2",
            "labels": [
                "main",
                "cf201901"
            ],
            "md5": "1927b1a960f4be96db0c3776b32578a6",
            "ndownloads": 29,
            "owner": "bioconda",
            "size": 378160,
            "type": "conda",
            "upload_time": "2018-02-03 23:38:45.613000+00:00",
            "version": "357"
        },
        {
            "attrs": {
                "arch": "x86_64",
                "build": "0",
                "build_number": 0,
                "depends": [],
                "has_prefix": false,
                "license": "varies; see http://genome.ucsc.edu/license",
                "machine": "x86_64",
                "operatingsystem": "darwin",
                "platform": "osx",
                "subdir": "osx-64",
                "target-triplet": "x86_64-any-darwin"
            },
            "basename": "osx-64/ucsc-tolower-357-0.tar.bz2",
            "dependencies": {
                "depends": []
            },
            "description": null,
            "distribution_type": "conda",
            "download_url": "//api.anaconda.org/download/bioconda/ucsc-tolower/357/osx-64/ucsc-tolower-357-0.tar.bz2",
            "full_name": "bioconda/ucsc-tolower/357/osx-64/ucsc-tolower-357-0.tar.bz2",
            "labels": [
                "main",
                "cf201901"
            ],
            "md5": "34983cb19e2f131aa9849c2881465064",
            "ndownloads": 269,
            "owner": "bioconda",
            "size": 377265,
            "type": "conda",
            "upload_time": "2017-11-17 22:11:05.478000+00:00",
            "version": "357"
        },
        {
            "attrs": {
                "arch": "x86_64",
                "build": "0",
                "build_number": 0,
                "depends": [
                    "libgcc",
                    "libpng",
                    "libuuid",
                    "mysql-connector-c",
                    "openssl",
                    "zlib"
                ],
                "has_prefix": true,
                "license": "varies; see http://genome.ucsc.edu/license",
                "machine": "x86_64",
                "operatingsystem": "linux",
                "platform": "linux",
                "subdir": "linux-64",
                "target-triplet": "x86_64-any-linux"
            },
            "basename": "linux-64/ucsc-tolower-357-0.tar.bz2",
            "dependencies": {
                "depends": [
                    {
                        "name": "libgcc",
                        "specs": []
                    },
                    {
                        "name": "libpng",
                        "specs": []
                    },
                    {
                        "name": "libuuid",
                        "specs": []
                    },
                    {
                        "name": "mysql-connector-c",
                        "specs": []
                    },
                    {
                        "name": "openssl",
                        "specs": []
                    },
                    {
                        "name": "zlib",
                        "specs": []
                    }
                ]
            },
            "description": null,
            "distribution_type": "conda",
            "download_url": "//api.anaconda.org/download/bioconda/ucsc-tolower/357/linux-64/ucsc-tolower-357-0.tar.bz2",
            "full_name": "bioconda/ucsc-tolower/357/linux-64/ucsc-tolower-357-0.tar.bz2",
            "labels": [
                "main",
                "cf201901"
            ],
            "md5": "5c2976129c768ce4e037fc0261201724",
            "ndownloads": 403,
            "owner": "bioconda",
            "size": 947180,
            "type": "conda",
            "upload_time": "2017-11-17 19:42:50.027000+00:00",
            "version": "357"
        },
        {
            "attrs": {
                "arch": "x86_64",
                "build": "1",
                "build_number": 1,
                "depends": [
                    "libgcc",
                    "libpng",
                    "libuuid",
                    "mysql-connector-c",
                    "openssl",
                    "zlib 1.2.11*"
                ],
                "has_prefix": true,
                "license": "varies; see http://genome.ucsc.edu/license",
                "machine": "x86_64",
                "operatingsystem": "linux",
                "platform": "linux",
                "subdir": "linux-64",
                "target-triplet": "x86_64-any-linux"
            },
            "basename": "linux-64/ucsc-tolower-357-1.tar.bz2",
            "dependencies": {
                "depends": [
                    {
                        "name": "libgcc",
                        "specs": []
                    },
                    {
                        "name": "libpng",
                        "specs": []
                    },
                    {
                        "name": "libuuid",
                        "specs": []
                    },
                    {
                        "name": "mysql-connector-c",
                        "specs": []
                    },
                    {
                        "name": "openssl",
                        "specs": []
                    },
                    {
                        "name": "zlib",
                        "specs": [
                            [
                                "==",
                                "1.2.11"
                            ]
                        ]
                    }
                ]
            },
            "description": null,
            "distribution_type": "conda",
            "download_url": "//api.anaconda.org/download/bioconda/ucsc-tolower/357/linux-64/ucsc-tolower-357-1.tar.bz2",
            "full_name": "bioconda/ucsc-tolower/357/linux-64/ucsc-tolower-357-1.tar.bz2",
            "labels": [
                "main",
                "cf201901"
            ],
            "md5": "b6a8ae2523b038e37e4d523273c905c2",
            "ndownloads": 313,
            "owner": "bioconda",
            "size": 947202,
            "type": "conda",
            "upload_time": "2018-02-04 00:44:16.400000+00:00",
            "version": "357"
        },
        {
            "attrs": {
                "arch": "x86_64",
                "build": "h5eb252a_0",
                "build_number": 0,
                "depends": [
                    "zlib >=1.2.11,<1.3.0a0"
                ],
                "has_prefix": false,
                "license": "varies; see http://genome.ucsc.edu/license",
                "machine": "x86_64",
                "operatingsystem": "darwin",
                "platform": "osx",
                "subdir": "osx-64",
                "target-triplet": "x86_64-any-darwin",
                "timestamp": 1529431227179
            },
            "basename": "osx-64/ucsc-tolower-366-h5eb252a_0.tar.bz2",
            "dependencies": {
                "depends": [
                    {
                        "name": "zlib",
                        "specs": [
                            [
                                ">=",
                                "1.2.11,<1.3.0a0"
                            ]
                        ]
                    }
                ]
            },
            "description": null,
            "distribution_type": "conda",
            "download_url": "//api.anaconda.org/download/bioconda/ucsc-tolower/366/osx-64/ucsc-tolower-366-h5eb252a_0.tar.bz2",
            "full_name": "bioconda/ucsc-tolower/366/osx-64/ucsc-tolower-366-h5eb252a_0.tar.bz2",
            "labels": [
                "main",
                "cf201901"
            ],
            "md5": "603fb5a62f4e60b66fafd0e2420c5f8c",
            "ndownloads": 782,
            "owner": "bioconda",
            "size": 379373,
            "type": "conda",
            "upload_time": "2018-06-19 18:00:36.899000+00:00",
            "version": "366"
        },
        {
            "attrs": {
                "arch": "x86_64",
                "build": "h5eb252a_0",
                "build_number": 0,
                "depends": [
                    "libgcc-ng >=4.9",
                    "libpng >=1.6.34,<1.7.0a0",
                    "libuuid",
                    "mysql-connector-c",
                    "openssl >=1.0.2o,<1.0.3a",
                    "zlib >=1.2.11,<1.3.0a0"
                ],
                "has_prefix": true,
                "license": "varies; see http://genome.ucsc.edu/license",
                "machine": "x86_64",
                "operatingsystem": "linux",
                "platform": "linux",
                "subdir": "linux-64",
                "target-triplet": "x86_64-any-linux",
                "timestamp": 1529435082833
            },
            "basename": "linux-64/ucsc-tolower-366-h5eb252a_0.tar.bz2",
            "dependencies": {
                "depends": [
                    {
                        "name": "libgcc-ng",
                        "specs": [
                            [
                                ">=",
                                "4.9"
                            ]
                        ]
                    },
                    {
                        "name": "libpng",
                        "specs": [
                            [
                                ">=",
                                "1.6.34,<1.7.0a0"
                            ]
                        ]
                    },
                    {
                        "name": "libuuid",
                        "specs": []
                    },
                    {
                        "name": "mysql-connector-c",
                        "specs": []
                    },
                    {
                        "name": "openssl",
                        "specs": [
                            [
                                ">=",
                                "1.0.2o,<1.0.3a"
                            ]
                        ]
                    },
                    {
                        "name": "zlib",
                        "specs": [
                            [
                                ">=",
                                "1.2.11,<1.3.0a0"
                            ]
                        ]
                    }
                ]
            },
            "description": null,
            "distribution_type": "conda",
            "download_url": "//api.anaconda.org/download/bioconda/ucsc-tolower/366/linux-64/ucsc-tolower-366-h5eb252a_0.tar.bz2",
            "full_name": "bioconda/ucsc-tolower/366/linux-64/ucsc-tolower-366-h5eb252a_0.tar.bz2",
            "labels": [
                "main",
                "cf201901"
            ],
            "md5": "f0cea419545b9e67cfa9305d6f6537bb",
            "ndownloads": 283,
            "owner": "bioconda",
            "size": 953694,
            "type": "conda",
            "upload_time": "2018-06-19 19:06:02.395000+00:00",
            "version": "366"
        },
        {
            "attrs": {
                "arch": "x86_64",
                "build": "h8b15c51_0",
                "build_number": 0,
                "depends": [
                    "libpng >=1.6.35,<1.7.0a0",
                    "libuuid >=2.32.1,<3.0a0",
                    "mysql-connector-c >=6.1.11,<6.1.12.0a0",
                    "openssl >=1.0.2p,<1.0.3a",
                    "zlib >=1.2.11,<1.3.0a0"
                ],
                "has_prefix": false,
                "license": "varies; see http://genome.ucsc.edu/license",
                "machine": "x86_64",
                "operatingsystem": "darwin",
                "platform": "osx",
                "subdir": "osx-64",
                "target-triplet": "x86_64-any-darwin",
                "timestamp": 1550914956559
            },
            "basename": "osx-64/ucsc-tolower-377-h8b15c51_0.tar.bz2",
            "dependencies": {
                "depends": [
                    {
                        "name": "libpng",
                        "specs": [
                            [
                                ">=",
                                "1.6.35,<1.7.0a0"
                            ]
                        ]
                    },
                    {
                        "name": "libuuid",
                        "specs": [
                            [
                                ">=",
                                "2.32.1,<3.0a0"
                            ]
                        ]
                    },
                    {
                        "name": "mysql-connector-c",
                        "specs": [
                            [
                                ">=",
                                "6.1.11,<6.1.12.0a0"
                            ]
                        ]
                    },
                    {
                        "name": "openssl",
                        "specs": [
                            [
                                ">=",
                                "1.0.2p,<1.0.3a"
                            ]
                        ]
                    },
                    {
                        "name": "zlib",
                        "specs": [
                            [
                                ">=",
                                "1.2.11,<1.3.0a0"
                            ]
                        ]
                    }
                ]
            },
            "description": null,
            "distribution_type": "conda",
            "download_url": "//api.anaconda.org/download/bioconda/ucsc-tolower/377/osx-64/ucsc-tolower-377-h8b15c51_0.tar.bz2",
            "full_name": "bioconda/ucsc-tolower/377/osx-64/ucsc-tolower-377-h8b15c51_0.tar.bz2",
            "labels": [
                "main"
            ],
            "md5": "7a1a161e08ba896cc39ee023a3fe8d28",
            "ndownloads": 655,
            "owner": "bioconda",
            "size": 281120,
            "type": "conda",
            "upload_time": "2019-02-23 09:42:50.078000+00:00",
            "version": "377"
        },
        {
            "attrs": {
                "arch": "x86_64",
                "build": "h199ee4e_0",
                "build_number": 0,
                "depends": [
                    "libgcc-ng >=7.3.0",
                    "libpng >=1.6.35,<1.7.0a0",
                    "libuuid >=2.32.1,<3.0a0",
                    "mysql-connector-c >=6.1.11,<6.1.12.0a0",
                    "openssl >=1.0.2p,<1.0.3a",
                    "zlib >=1.2.11,<1.3.0a0"
                ],
                "has_prefix": false,
                "license": "varies; see http://genome.ucsc.edu/license",
                "machine": "x86_64",
                "operatingsystem": "linux",
                "platform": "linux",
                "subdir": "linux-64",
                "target-triplet": "x86_64-any-linux",
                "timestamp": 1550924159259
            },
            "basename": "linux-64/ucsc-tolower-377-h199ee4e_0.tar.bz2",
            "dependencies": {
                "depends": [
                    {
                        "name": "libgcc-ng",
                        "specs": [
                            [
                                ">=",
                                "7.3.0"
                            ]
                        ]
                    },
                    {
                        "name": "libpng",
                        "specs": [
                            [
                                ">=",
                                "1.6.35,<1.7.0a0"
                            ]
                        ]
                    },
                    {
                        "name": "libuuid",
                        "specs": [
                            [
                                ">=",
                                "2.32.1,<3.0a0"
                            ]
                        ]
                    },
                    {
                        "name": "mysql-connector-c",
                        "specs": [
                            [
                                ">=",
                                "6.1.11,<6.1.12.0a0"
                            ]
                        ]
                    },
                    {
                        "name": "openssl",
                        "specs": [
                            [
                                ">=",
                                "1.0.2p,<1.0.3a"
                            ]
                        ]
                    },
                    {
                        "name": "zlib",
                        "specs": [
                            [
                                ">=",
                                "1.2.11,<1.3.0a0"
                            ]
                        ]
                    }
                ]
            },
            "description": null,
            "distribution_type": "conda",
            "download_url": "//api.anaconda.org/download/bioconda/ucsc-tolower/377/linux-64/ucsc-tolower-377-h199ee4e_0.tar.bz2",
            "full_name": "bioconda/ucsc-tolower/377/linux-64/ucsc-tolower-377-h199ee4e_0.tar.bz2",
            "labels": [
                "main"
            ],
            "md5": "234475dff83f3d8d8abed2fb096627ef",
            "ndownloads": 112,
            "owner": "bioconda",
            "size": 310022,
            "type": "conda",
            "upload_time": "2019-02-23 12:17:22.094000+00:00",
            "version": "377"
        }
    ],
    "full_name": "bioconda/ucsc-tolower",
    "home": "None",
    "html_url": "http://anaconda.org/bioconda/ucsc-tolower",
    "id": "570797b3752ed00b54b3de00",
    "latest_version": "377",
    "license": "varies; see http://genome.ucsc.edu/license",
    "license_url": null,
    "modified_at": "2019-02-23 12:17:22.921000+00:00",
    "name": "ucsc-tolower",
    "owner": {
        "company": "",
        "created_at": "2015-09-11 22:59:20.880000+00:00",
        "description": "Bioconda is a distribution of bioinformatics software realized as a channel for the versatile Conda package manager.",
        "location": "",
        "login": "bioconda",
        "name": "bioconda",
        "url": "",
        "user_type": "org"
    },
    "package_types": [
        "conda"
    ],
    "public": true,
    "releases": [
        {
            "distributions": [
                "osx-64/ucsc-tolower-324-0.tar.bz2",
                "linux-64/ucsc-tolower-324-0.tar.bz2"
            ],
            "full_name": "bioconda/ucsc-tolower/324",
            "version": "324"
        },
        {
            "distributions": [
                "osx-64/ucsc-tolower-332-0.tar.bz2",
                "linux-64/ucsc-tolower-332-0.tar.bz2"
            ],
            "full_name": "bioconda/ucsc-tolower/332",
            "version": "332"
        },
        {
            "distributions": [],
            "full_name": "bioconda/ucsc-tolower/357",
            "version": "357"
        },
        {
            "distributions": [],
            "full_name": "bioconda/ucsc-tolower/366",
            "version": "366"
        },
        {
            "distributions": [],
            "full_name": "bioconda/ucsc-tolower/377",
            "version": "377"
        }
    ],
    "revision": 12,
    "source_git_tag": null,
    "source_git_url": null,
    "summary": "Convert upper case to lower case in file. Leave other chars alone",
    "upvoted": 0,
    "url": "http://api.anaconda.org/packages/bioconda/ucsc-tolower",
    "versions": [
        "324",
        "332",
        "357",
        "366",
        "377"
    ],
    "watchers": 1
}