{
    "app_entry": {},
    "app_summary": {},
    "app_type": {},
    "builds": [
        "h199ee4e_0",
        "1",
        "0",
        "h5eb252a_2",
        "h8b15c51_0",
        "h5eb252a_0"
    ],
    "conda_platforms": [
        "linux-64",
        "osx-64"
    ],
    "created_at": "2015-11-06 20:36:37.367000+00:00",
    "description": "",
    "dev_url": null,
    "doc_url": null,
    "files": [
        {
            "attrs": {
                "arch": "x86_64",
                "build": "0",
                "build_number": 0,
                "depends": [
                    "libpng",
                    "mysql",
                    "openssl",
                    "zlib"
                ],
                "license": "varies; see http://genome.ucsc.edu/license",
                "machine": "x86_64",
                "operatingsystem": "linux",
                "platform": "linux",
                "subdir": "linux-64",
                "target-triplet": "x86_64-any-linux"
            },
            "basename": "linux-64/ucsc-bedintersect-324-0.tar.bz2",
            "dependencies": {
                "depends": [
                    {
                        "name": "libpng",
                        "specs": []
                    },
                    {
                        "name": "mysql",
                        "specs": []
                    },
                    {
                        "name": "openssl",
                        "specs": []
                    },
                    {
                        "name": "zlib",
                        "specs": []
                    }
                ]
            },
            "description": null,
            "distribution_type": "conda",
            "download_url": "//api.anaconda.org/download/bioconda/ucsc-bedintersect/324/linux-64/ucsc-bedintersect-324-0.tar.bz2",
            "full_name": "bioconda/ucsc-bedintersect/324/linux-64/ucsc-bedintersect-324-0.tar.bz2",
            "labels": [
                "main",
                "cf201901"
            ],
            "md5": "471855dc98887c23298e293eb0837b15",
            "ndownloads": 529,
            "owner": "bioconda",
            "size": 14218807,
            "type": "conda",
            "upload_time": "2015-11-06 20:36:37.596000+00:00",
            "version": "324"
        },
        {
            "attrs": {
                "arch": "x86_64",
                "build": "0",
                "build_number": 0,
                "depends": [],
                "license": "varies; see http://genome.ucsc.edu/license",
                "machine": "x86_64",
                "operatingsystem": "darwin",
                "platform": "osx",
                "subdir": "osx-64",
                "target-triplet": "x86_64-any-darwin"
            },
            "basename": "osx-64/ucsc-bedintersect-324-0.tar.bz2",
            "dependencies": {
                "depends": []
            },
            "description": null,
            "distribution_type": "conda",
            "download_url": "//api.anaconda.org/download/bioconda/ucsc-bedintersect/324/osx-64/ucsc-bedintersect-324-0.tar.bz2",
            "full_name": "bioconda/ucsc-bedintersect/324/osx-64/ucsc-bedintersect-324-0.tar.bz2",
            "labels": [
                "main",
                "cf201901"
            ],
            "md5": "0f0e39e131bae0dcfbe77b82f33c28e7",
            "ndownloads": 737,
            "owner": "bioconda",
            "size": 14055373,
            "type": "conda",
            "upload_time": "2015-12-24 19:06:20.847000+00:00",
            "version": "324"
        },
        {
            "attrs": {
                "arch": "x86_64",
                "build": "0",
                "build_number": 0,
                "depends": [],
                "license": "varies; see http://genome.ucsc.edu/license",
                "machine": "x86_64",
                "operatingsystem": "darwin",
                "platform": "osx",
                "subdir": "osx-64",
                "target-triplet": "x86_64-any-darwin"
            },
            "basename": "osx-64/ucsc-bedintersect-332-0.tar.bz2",
            "dependencies": {
                "depends": []
            },
            "description": null,
            "distribution_type": "conda",
            "download_url": "//api.anaconda.org/download/bioconda/ucsc-bedintersect/332/osx-64/ucsc-bedintersect-332-0.tar.bz2",
            "full_name": "bioconda/ucsc-bedintersect/332/osx-64/ucsc-bedintersect-332-0.tar.bz2",
            "labels": [
                "main",
                "cf201901"
            ],
            "md5": "faa2b32251a30e97423dfbdf9cdf37b5",
            "ndownloads": 840,
            "owner": "bioconda",
            "size": 14056640,
            "type": "conda",
            "upload_time": "2016-05-25 19:36:21.751000+00:00",
            "version": "332"
        },
        {
            "attrs": {
                "arch": "x86_64",
                "build": "0",
                "build_number": 0,
                "depends": [
                    "libgcc",
                    "libpng",
                    "mysql",
                    "openssl",
                    "zlib"
                ],
                "license": "varies; see http://genome.ucsc.edu/license",
                "machine": "x86_64",
                "operatingsystem": "linux",
                "platform": "linux",
                "subdir": "linux-64",
                "target-triplet": "x86_64-any-linux"
            },
            "basename": "linux-64/ucsc-bedintersect-332-0.tar.bz2",
            "dependencies": {
                "depends": [
                    {
                        "name": "libgcc",
                        "specs": []
                    },
                    {
                        "name": "libpng",
                        "specs": []
                    },
                    {
                        "name": "mysql",
                        "specs": []
                    },
                    {
                        "name": "openssl",
                        "specs": []
                    },
                    {
                        "name": "zlib",
                        "specs": []
                    }
                ]
            },
            "description": null,
            "distribution_type": "conda",
            "download_url": "//api.anaconda.org/download/bioconda/ucsc-bedintersect/332/linux-64/ucsc-bedintersect-332-0.tar.bz2",
            "full_name": "bioconda/ucsc-bedintersect/332/linux-64/ucsc-bedintersect-332-0.tar.bz2",
            "labels": [
                "main",
                "cf201901"
            ],
            "md5": "423f38c09b5662cc5c00c69d6086f7bc",
            "ndownloads": 661,
            "owner": "bioconda",
            "size": 14193268,
            "type": "conda",
            "upload_time": "2016-05-25 19:34:57.758000+00:00",
            "version": "332"
        },
        {
            "attrs": {
                "arch": "x86_64",
                "build": "1",
                "build_number": 1,
                "depends": [],
                "has_prefix": false,
                "license": "varies; see http://genome.ucsc.edu/license",
                "machine": "x86_64",
                "operatingsystem": "darwin",
                "platform": "osx",
                "subdir": "osx-64",
                "target-triplet": "x86_64-any-darwin"
            },
            "basename": "osx-64/ucsc-bedintersect-357-1.tar.bz2",
            "dependencies": {
                "depends": []
            },
            "description": null,
            "distribution_type": "conda",
            "download_url": "//api.anaconda.org/download/bioconda/ucsc-bedintersect/357/osx-64/ucsc-bedintersect-357-1.tar.bz2",
            "full_name": "bioconda/ucsc-bedintersect/357/osx-64/ucsc-bedintersect-357-1.tar.bz2",
            "labels": [
                "main",
                "cf201901"
            ],
            "md5": "548fe5a4afa293852aa0b7aa70d44e63",
            "ndownloads": 204,
            "owner": "bioconda",
            "size": 14228468,
            "type": "conda",
            "upload_time": "2018-02-04 03:48:15.810000+00:00",
            "version": "357"
        },
        {
            "attrs": {
                "arch": "x86_64",
                "build": "h5eb252a_2",
                "build_number": 2,
                "depends": [
                    "zlib >=1.2.11,<1.3.0a0"
                ],
                "has_prefix": false,
                "license": "varies; see http://genome.ucsc.edu/license",
                "machine": "x86_64",
                "operatingsystem": "darwin",
                "platform": "osx",
                "subdir": "osx-64",
                "target-triplet": "x86_64-any-darwin",
                "timestamp": 1529391292040
            },
            "basename": "osx-64/ucsc-bedintersect-357-h5eb252a_2.tar.bz2",
            "dependencies": {
                "depends": [
                    {
                        "name": "zlib",
                        "specs": [
                            [
                                ">=",
                                "1.2.11,<1.3.0a0"
                            ]
                        ]
                    }
                ]
            },
            "description": null,
            "distribution_type": "conda",
            "download_url": "//api.anaconda.org/download/bioconda/ucsc-bedintersect/357/osx-64/ucsc-bedintersect-357-h5eb252a_2.tar.bz2",
            "full_name": "bioconda/ucsc-bedintersect/357/osx-64/ucsc-bedintersect-357-h5eb252a_2.tar.bz2",
            "labels": [
                "main",
                "cf201901"
            ],
            "md5": "a04e8ab09b15f0a43abdc5ca3d1b11d3",
            "ndownloads": 551,
            "owner": "bioconda",
            "size": 14225399,
            "type": "conda",
            "upload_time": "2018-06-19 06:55:06.962000+00:00",
            "version": "357"
        },
        {
            "attrs": {
                "arch": "x86_64",
                "build": "h5eb252a_0",
                "build_number": 0,
                "depends": [
                    "zlib >=1.2.11,<1.3.0a0"
                ],
                "has_prefix": false,
                "license": "varies; see http://genome.ucsc.edu/license",
                "machine": "x86_64",
                "operatingsystem": "darwin",
                "platform": "osx",
                "subdir": "osx-64",
                "target-triplet": "x86_64-any-darwin",
                "timestamp": 1529455703165
            },
            "basename": "osx-64/ucsc-bedintersect-366-h5eb252a_0.tar.bz2",
            "dependencies": {
                "depends": [
                    {
                        "name": "zlib",
                        "specs": [
                            [
                                ">=",
                                "1.2.11,<1.3.0a0"
                            ]
                        ]
                    }
                ]
            },
            "description": null,
            "distribution_type": "conda",
            "download_url": "//api.anaconda.org/download/bioconda/ucsc-bedintersect/366/osx-64/ucsc-bedintersect-366-h5eb252a_0.tar.bz2",
            "full_name": "bioconda/ucsc-bedintersect/366/osx-64/ucsc-bedintersect-366-h5eb252a_0.tar.bz2",
            "labels": [
                "main",
                "cf201901"
            ],
            "md5": "b7930fa244bea0869d79cce4395afccc",
            "ndownloads": 750,
            "owner": "bioconda",
            "size": 14225993,
            "type": "conda",
            "upload_time": "2018-06-20 00:48:41.825000+00:00",
            "version": "366"
        },
        {
            "attrs": {
                "arch": "x86_64",
                "build": "0",
                "build_number": 0,
                "depends": [],
                "has_prefix": false,
                "license": "varies; see http://genome.ucsc.edu/license",
                "machine": "x86_64",
                "operatingsystem": "darwin",
                "platform": "osx",
                "subdir": "osx-64",
                "target-triplet": "x86_64-any-darwin"
            },
            "basename": "osx-64/ucsc-bedintersect-357-0.tar.bz2",
            "dependencies": {
                "depends": []
            },
            "description": null,
            "distribution_type": "conda",
            "download_url": "//api.anaconda.org/download/bioconda/ucsc-bedintersect/357/osx-64/ucsc-bedintersect-357-0.tar.bz2",
            "full_name": "bioconda/ucsc-bedintersect/357/osx-64/ucsc-bedintersect-357-0.tar.bz2",
            "labels": [
                "main",
                "cf201901"
            ],
            "md5": "bd17a7c1bf9e42c7dcfdc7e7ddd2329f",
            "ndownloads": 28,
            "owner": "bioconda",
            "size": 14228083,
            "type": "conda",
            "upload_time": "2017-11-18 01:47:31.369000+00:00",
            "version": "357"
        },
        {
            "attrs": {
                "arch": "x86_64",
                "build": "0",
                "build_number": 0,
                "depends": [
                    "libgcc",
                    "libpng",
                    "libuuid",
                    "mysql-connector-c",
                    "openssl",
                    "zlib"
                ],
                "has_prefix": true,
                "license": "varies; see http://genome.ucsc.edu/license",
                "machine": "x86_64",
                "operatingsystem": "linux",
                "platform": "linux",
                "subdir": "linux-64",
                "target-triplet": "x86_64-any-linux"
            },
            "basename": "linux-64/ucsc-bedintersect-357-0.tar.bz2",
            "dependencies": {
                "depends": [
                    {
                        "name": "libgcc",
                        "specs": []
                    },
                    {
                        "name": "libpng",
                        "specs": []
                    },
                    {
                        "name": "libuuid",
                        "specs": []
                    },
                    {
                        "name": "mysql-connector-c",
                        "specs": []
                    },
                    {
                        "name": "openssl",
                        "specs": []
                    },
                    {
                        "name": "zlib",
                        "specs": []
                    }
                ]
            },
            "description": null,
            "distribution_type": "conda",
            "download_url": "//api.anaconda.org/download/bioconda/ucsc-bedintersect/357/linux-64/ucsc-bedintersect-357-0.tar.bz2",
            "full_name": "bioconda/ucsc-bedintersect/357/linux-64/ucsc-bedintersect-357-0.tar.bz2",
            "labels": [
                "main",
                "cf201901"
            ],
            "md5": "c639cb7317ba6da736bf29dad9089007",
            "ndownloads": 394,
            "owner": "bioconda",
            "size": 14825981,
            "type": "conda",
            "upload_time": "2017-11-18 08:51:04.790000+00:00",
            "version": "357"
        },
        {
            "attrs": {
                "arch": "x86_64",
                "build": "1",
                "build_number": 1,
                "depends": [
                    "libgcc",
                    "libpng",
                    "libuuid",
                    "mysql-connector-c",
                    "openssl",
                    "zlib 1.2.11*"
                ],
                "has_prefix": true,
                "license": "varies; see http://genome.ucsc.edu/license",
                "machine": "x86_64",
                "operatingsystem": "linux",
                "platform": "linux",
                "subdir": "linux-64",
                "target-triplet": "x86_64-any-linux"
            },
            "basename": "linux-64/ucsc-bedintersect-357-1.tar.bz2",
            "dependencies": {
                "depends": [
                    {
                        "name": "libgcc",
                        "specs": []
                    },
                    {
                        "name": "libpng",
                        "specs": []
                    },
                    {
                        "name": "libuuid",
                        "specs": []
                    },
                    {
                        "name": "mysql-connector-c",
                        "specs": []
                    },
                    {
                        "name": "openssl",
                        "specs": []
                    },
                    {
                        "name": "zlib",
                        "specs": [
                            [
                                "==",
                                "1.2.11"
                            ]
                        ]
                    }
                ]
            },
            "description": null,
            "distribution_type": "conda",
            "download_url": "//api.anaconda.org/download/bioconda/ucsc-bedintersect/357/linux-64/ucsc-bedintersect-357-1.tar.bz2",
            "full_name": "bioconda/ucsc-bedintersect/357/linux-64/ucsc-bedintersect-357-1.tar.bz2",
            "labels": [
                "main",
                "cf201901"
            ],
            "md5": "da47bb5b73897a88a4caa59fcd8fa73e",
            "ndownloads": 341,
            "owner": "bioconda",
            "size": 14826620,
            "type": "conda",
            "upload_time": "2018-02-05 03:00:51.113000+00:00",
            "version": "357"
        },
        {
            "attrs": {
                "arch": "x86_64",
                "build": "h5eb252a_0",
                "build_number": 0,
                "depends": [
                    "libgcc-ng >=4.9",
                    "libpng >=1.6.34,<1.7.0a0",
                    "libuuid",
                    "mysql-connector-c",
                    "openssl >=1.0.2o,<1.0.3a",
                    "zlib >=1.2.11,<1.3.0a0"
                ],
                "has_prefix": true,
                "license": "varies; see http://genome.ucsc.edu/license",
                "machine": "x86_64",
                "operatingsystem": "linux",
                "platform": "linux",
                "subdir": "linux-64",
                "target-triplet": "x86_64-any-linux",
                "timestamp": 1529525658425
            },
            "basename": "linux-64/ucsc-bedintersect-366-h5eb252a_0.tar.bz2",
            "dependencies": {
                "depends": [
                    {
                        "name": "libgcc-ng",
                        "specs": [
                            [
                                ">=",
                                "4.9"
                            ]
                        ]
                    },
                    {
                        "name": "libpng",
                        "specs": [
                            [
                                ">=",
                                "1.6.34,<1.7.0a0"
                            ]
                        ]
                    },
                    {
                        "name": "libuuid",
                        "specs": []
                    },
                    {
                        "name": "mysql-connector-c",
                        "specs": []
                    },
                    {
                        "name": "openssl",
                        "specs": [
                            [
                                ">=",
                                "1.0.2o,<1.0.3a"
                            ]
                        ]
                    },
                    {
                        "name": "zlib",
                        "specs": [
                            [
                                ">=",
                                "1.2.11,<1.3.0a0"
                            ]
                        ]
                    }
                ]
            },
            "description": null,
            "distribution_type": "conda",
            "download_url": "//api.anaconda.org/download/bioconda/ucsc-bedintersect/366/linux-64/ucsc-bedintersect-366-h5eb252a_0.tar.bz2",
            "full_name": "bioconda/ucsc-bedintersect/366/linux-64/ucsc-bedintersect-366-h5eb252a_0.tar.bz2",
            "labels": [
                "main",
                "cf201901"
            ],
            "md5": "367131fed5068ca7fb3707a3f706c0e0",
            "ndownloads": 289,
            "owner": "bioconda",
            "size": 14841766,
            "type": "conda",
            "upload_time": "2018-06-20 20:15:45.538000+00:00",
            "version": "366"
        },
        {
            "attrs": {
                "arch": "x86_64",
                "build": "h8b15c51_0",
                "build_number": 0,
                "depends": [
                    "libpng >=1.6.35,<1.7.0a0",
                    "libuuid >=2.32.1,<3.0a0",
                    "mysql-connector-c >=6.1.11,<6.1.12.0a0",
                    "openssl >=1.0.2p,<1.0.3a",
                    "zlib >=1.2.11,<1.3.0a0"
                ],
                "has_prefix": false,
                "license": "varies; see http://genome.ucsc.edu/license",
                "machine": "x86_64",
                "operatingsystem": "darwin",
                "platform": "osx",
                "subdir": "osx-64",
                "target-triplet": "x86_64-any-darwin",
                "timestamp": 1550743052266
            },
            "basename": "osx-64/ucsc-bedintersect-377-h8b15c51_0.tar.bz2",
            "dependencies": {
                "depends": [
                    {
                        "name": "libpng",
                        "specs": [
                            [
                                ">=",
                                "1.6.35,<1.7.0a0"
                            ]
                        ]
                    },
                    {
                        "name": "libuuid",
                        "specs": [
                            [
                                ">=",
                                "2.32.1,<3.0a0"
                            ]
                        ]
                    },
                    {
                        "name": "mysql-connector-c",
                        "specs": [
                            [
                                ">=",
                                "6.1.11,<6.1.12.0a0"
                            ]
                        ]
                    },
                    {
                        "name": "openssl",
                        "specs": [
                            [
                                ">=",
                                "1.0.2p,<1.0.3a"
                            ]
                        ]
                    },
                    {
                        "name": "zlib",
                        "specs": [
                            [
                                ">=",
                                "1.2.11,<1.3.0a0"
                            ]
                        ]
                    }
                ]
            },
            "description": null,
            "distribution_type": "conda",
            "download_url": "//api.anaconda.org/download/bioconda/ucsc-bedintersect/377/osx-64/ucsc-bedintersect-377-h8b15c51_0.tar.bz2",
            "full_name": "bioconda/ucsc-bedintersect/377/osx-64/ucsc-bedintersect-377-h8b15c51_0.tar.bz2",
            "labels": [
                "main"
            ],
            "md5": "fb319c0a8ba9f11d7318583d174f5e7d",
            "ndownloads": 627,
            "owner": "bioconda",
            "size": 14160355,
            "type": "conda",
            "upload_time": "2019-02-21 09:57:54.034000+00:00",
            "version": "377"
        },
        {
            "attrs": {
                "arch": "x86_64",
                "build": "h199ee4e_0",
                "build_number": 0,
                "depends": [
                    "libgcc-ng >=7.3.0",
                    "libpng >=1.6.35,<1.7.0a0",
                    "libuuid >=2.32.1,<3.0a0",
                    "mysql-connector-c",
                    "openssl >=1.0.2p,<1.0.3a",
                    "zlib >=1.2.11,<1.3.0a0"
                ],
                "has_prefix": false,
                "license": "varies; see http://genome.ucsc.edu/license",
                "machine": "x86_64",
                "operatingsystem": "linux",
                "platform": "linux",
                "subdir": "linux-64",
                "target-triplet": "x86_64-any-linux",
                "timestamp": 1550747841378
            },
            "basename": "linux-64/ucsc-bedintersect-377-h199ee4e_0.tar.bz2",
            "dependencies": {
                "depends": [
                    {
                        "name": "libgcc-ng",
                        "specs": [
                            [
                                ">=",
                                "7.3.0"
                            ]
                        ]
                    },
                    {
                        "name": "libpng",
                        "specs": [
                            [
                                ">=",
                                "1.6.35,<1.7.0a0"
                            ]
                        ]
                    },
                    {
                        "name": "libuuid",
                        "specs": [
                            [
                                ">=",
                                "2.32.1,<3.0a0"
                            ]
                        ]
                    },
                    {
                        "name": "mysql-connector-c",
                        "specs": []
                    },
                    {
                        "name": "openssl",
                        "specs": [
                            [
                                ">=",
                                "1.0.2p,<1.0.3a"
                            ]
                        ]
                    },
                    {
                        "name": "zlib",
                        "specs": [
                            [
                                ">=",
                                "1.2.11,<1.3.0a0"
                            ]
                        ]
                    }
                ]
            },
            "description": null,
            "distribution_type": "conda",
            "download_url": "//api.anaconda.org/download/bioconda/ucsc-bedintersect/377/linux-64/ucsc-bedintersect-377-h199ee4e_0.tar.bz2",
            "full_name": "bioconda/ucsc-bedintersect/377/linux-64/ucsc-bedintersect-377-h199ee4e_0.tar.bz2",
            "labels": [
                "main"
            ],
            "md5": "8361a8b33867dfb2fdf4febfa7dee6cd",
            "ndownloads": 129,
            "owner": "bioconda",
            "size": 14184045,
            "type": "conda",
            "upload_time": "2019-02-21 11:18:59.484000+00:00",
            "version": "377"
        }
    ],
    "full_name": "bioconda/ucsc-bedintersect",
    "home": "None",
    "html_url": "http://anaconda.org/bioconda/ucsc-bedintersect",
    "id": "563d0f551ff7c551fc8dccf9",
    "latest_version": "377",
    "license": "varies; see http://genome.ucsc.edu/license",
    "license_url": null,
    "modified_at": "2019-02-21 11:19:00.202000+00:00",
    "name": "ucsc-bedintersect",
    "owner": {
        "company": "",
        "created_at": "2015-09-11 22:59:20.880000+00:00",
        "description": "Bioconda is a distribution of bioinformatics software realized as a channel for the versatile Conda package manager.",
        "location": "",
        "login": "bioconda",
        "name": "bioconda",
        "url": "",
        "user_type": "org"
    },
    "package_types": [
        "conda"
    ],
    "public": true,
    "releases": [
        {
            "distributions": [
                "linux-64/ucsc-bedintersect-324-0.tar.bz2",
                "osx-64/ucsc-bedintersect-324-0.tar.bz2"
            ],
            "full_name": "bioconda/ucsc-bedintersect/324",
            "version": "324"
        },
        {
            "distributions": [
                "linux-64/ucsc-bedintersect-332-0.tar.bz2",
                "osx-64/ucsc-bedintersect-332-0.tar.bz2"
            ],
            "full_name": "bioconda/ucsc-bedintersect/332",
            "version": "332"
        },
        {
            "distributions": [],
            "full_name": "bioconda/ucsc-bedintersect/357",
            "version": "357"
        },
        {
            "distributions": [],
            "full_name": "bioconda/ucsc-bedintersect/366",
            "version": "366"
        },
        {
            "distributions": [],
            "full_name": "bioconda/ucsc-bedintersect/377",
            "version": "377"
        }
    ],
    "revision": 12,
    "source_git_tag": null,
    "source_git_url": null,
    "summary": "Intersect two bed files",
    "upvoted": 0,
    "url": "http://api.anaconda.org/packages/bioconda/ucsc-bedintersect",
    "versions": [
        "324",
        "332",
        "357",
        "366",
        "377"
    ],
    "watchers": 1
}