{
    "app_entry": {},
    "app_summary": {},
    "app_type": {},
    "builds": [
        "h199ee4e_0",
        "1",
        "0",
        "h5eb252a_2",
        "h8b15c51_0",
        "h5eb252a_0"
    ],
    "conda_platforms": [
        "linux-64",
        "osx-64"
    ],
    "created_at": "2015-11-21 20:26:57.403000+00:00",
    "description": "",
    "dev_url": null,
    "doc_url": null,
    "files": [
        {
            "attrs": {
                "arch": "x86_64",
                "build": "0",
                "build_number": 0,
                "depends": [
                    "libpng",
                    "mysql",
                    "openssl",
                    "zlib"
                ],
                "license": "varies; see http://genome.ucsc.edu/license",
                "machine": "x86_64",
                "operatingsystem": "linux",
                "platform": "linux",
                "subdir": "linux-64",
                "target-triplet": "x86_64-any-linux"
            },
            "basename": "linux-64/ucsc-pslfilter-324-0.tar.bz2",
            "dependencies": {
                "depends": [
                    {
                        "name": "libpng",
                        "specs": []
                    },
                    {
                        "name": "mysql",
                        "specs": []
                    },
                    {
                        "name": "openssl",
                        "specs": []
                    },
                    {
                        "name": "zlib",
                        "specs": []
                    }
                ]
            },
            "description": null,
            "distribution_type": "conda",
            "download_url": "//api.anaconda.org/download/bioconda/ucsc-pslfilter/324/linux-64/ucsc-pslfilter-324-0.tar.bz2",
            "full_name": "bioconda/ucsc-pslfilter/324/linux-64/ucsc-pslfilter-324-0.tar.bz2",
            "labels": [
                "main",
                "cf201901"
            ],
            "md5": "8fcf03b4594a52685d8d43d317952607",
            "ndownloads": 553,
            "owner": "bioconda",
            "size": 461174,
            "type": "conda",
            "upload_time": "2015-11-21 20:26:57.611000+00:00",
            "version": "324"
        },
        {
            "attrs": {
                "arch": "x86_64",
                "build": "0",
                "build_number": 0,
                "depends": [],
                "license": "varies; see http://genome.ucsc.edu/license",
                "machine": "x86_64",
                "operatingsystem": "darwin",
                "platform": "osx",
                "subdir": "osx-64",
                "target-triplet": "x86_64-any-darwin"
            },
            "basename": "osx-64/ucsc-pslfilter-324-0.tar.bz2",
            "dependencies": {
                "depends": []
            },
            "description": null,
            "distribution_type": "conda",
            "download_url": "//api.anaconda.org/download/bioconda/ucsc-pslfilter/324/osx-64/ucsc-pslfilter-324-0.tar.bz2",
            "full_name": "bioconda/ucsc-pslfilter/324/osx-64/ucsc-pslfilter-324-0.tar.bz2",
            "labels": [
                "main",
                "cf201901"
            ],
            "md5": "b6055b6b79e4f960a694cbd68d357c9b",
            "ndownloads": 846,
            "owner": "bioconda",
            "size": 218514,
            "type": "conda",
            "upload_time": "2015-12-24 19:29:20.817000+00:00",
            "version": "324"
        },
        {
            "attrs": {
                "arch": "x86_64",
                "build": "h5eb252a_2",
                "build_number": 2,
                "depends": [
                    "zlib >=1.2.11,<1.3.0a0"
                ],
                "has_prefix": false,
                "license": "varies; see http://genome.ucsc.edu/license",
                "machine": "x86_64",
                "operatingsystem": "darwin",
                "platform": "osx",
                "subdir": "osx-64",
                "target-triplet": "x86_64-any-darwin",
                "timestamp": 1529359554656
            },
            "basename": "osx-64/ucsc-pslfilter-357-h5eb252a_2.tar.bz2",
            "dependencies": {
                "depends": [
                    {
                        "name": "zlib",
                        "specs": [
                            [
                                ">=",
                                "1.2.11,<1.3.0a0"
                            ]
                        ]
                    }
                ]
            },
            "description": null,
            "distribution_type": "conda",
            "download_url": "//api.anaconda.org/download/bioconda/ucsc-pslfilter/357/osx-64/ucsc-pslfilter-357-h5eb252a_2.tar.bz2",
            "full_name": "bioconda/ucsc-pslfilter/357/osx-64/ucsc-pslfilter-357-h5eb252a_2.tar.bz2",
            "labels": [
                "main",
                "cf201901"
            ],
            "md5": "91fd975b64562589937a6ca22e9f145b",
            "ndownloads": 522,
            "owner": "bioconda",
            "size": 412360,
            "type": "conda",
            "upload_time": "2018-06-18 22:06:06.536000+00:00",
            "version": "357"
        },
        {
            "attrs": {
                "arch": "x86_64",
                "build": "h5eb252a_0",
                "build_number": 0,
                "depends": [
                    "zlib >=1.2.11,<1.3.0a0"
                ],
                "has_prefix": false,
                "license": "varies; see http://genome.ucsc.edu/license",
                "machine": "x86_64",
                "operatingsystem": "darwin",
                "platform": "osx",
                "subdir": "osx-64",
                "target-triplet": "x86_64-any-darwin",
                "timestamp": 1529448803610
            },
            "basename": "osx-64/ucsc-pslfilter-366-h5eb252a_0.tar.bz2",
            "dependencies": {
                "depends": [
                    {
                        "name": "zlib",
                        "specs": [
                            [
                                ">=",
                                "1.2.11,<1.3.0a0"
                            ]
                        ]
                    }
                ]
            },
            "description": null,
            "distribution_type": "conda",
            "download_url": "//api.anaconda.org/download/bioconda/ucsc-pslfilter/366/osx-64/ucsc-pslfilter-366-h5eb252a_0.tar.bz2",
            "full_name": "bioconda/ucsc-pslfilter/366/osx-64/ucsc-pslfilter-366-h5eb252a_0.tar.bz2",
            "labels": [
                "main",
                "cf201901"
            ],
            "md5": "aa7c355b4cad4aed6669f19039450b28",
            "ndownloads": 780,
            "owner": "bioconda",
            "size": 412617,
            "type": "conda",
            "upload_time": "2018-06-19 22:53:31.926000+00:00",
            "version": "366"
        },
        {
            "attrs": {
                "arch": "x86_64",
                "build": "0",
                "build_number": 0,
                "depends": [],
                "license": "varies; see http://genome.ucsc.edu/license",
                "machine": "x86_64",
                "operatingsystem": "darwin",
                "platform": "osx",
                "subdir": "osx-64",
                "target-triplet": "x86_64-any-darwin"
            },
            "basename": "osx-64/ucsc-pslfilter-332-0.tar.bz2",
            "dependencies": {
                "depends": []
            },
            "description": null,
            "distribution_type": "conda",
            "download_url": "//api.anaconda.org/download/bioconda/ucsc-pslfilter/332/osx-64/ucsc-pslfilter-332-0.tar.bz2",
            "full_name": "bioconda/ucsc-pslfilter/332/osx-64/ucsc-pslfilter-332-0.tar.bz2",
            "labels": [
                "main",
                "cf201901"
            ],
            "md5": "06bc8901125744820b59ba48187c3940",
            "ndownloads": 1576,
            "owner": "bioconda",
            "size": 223245,
            "type": "conda",
            "upload_time": "2016-06-10 21:32:12.961000+00:00",
            "version": "332"
        },
        {
            "attrs": {
                "arch": "x86_64",
                "build": "0",
                "build_number": 0,
                "depends": [
                    "libgcc",
                    "libpng",
                    "mysql",
                    "openssl",
                    "zlib"
                ],
                "license": "varies; see http://genome.ucsc.edu/license",
                "machine": "x86_64",
                "operatingsystem": "linux",
                "platform": "linux",
                "subdir": "linux-64",
                "target-triplet": "x86_64-any-linux"
            },
            "basename": "linux-64/ucsc-pslfilter-332-0.tar.bz2",
            "dependencies": {
                "depends": [
                    {
                        "name": "libgcc",
                        "specs": []
                    },
                    {
                        "name": "libpng",
                        "specs": []
                    },
                    {
                        "name": "mysql",
                        "specs": []
                    },
                    {
                        "name": "openssl",
                        "specs": []
                    },
                    {
                        "name": "zlib",
                        "specs": []
                    }
                ]
            },
            "description": null,
            "distribution_type": "conda",
            "download_url": "//api.anaconda.org/download/bioconda/ucsc-pslfilter/332/linux-64/ucsc-pslfilter-332-0.tar.bz2",
            "full_name": "bioconda/ucsc-pslfilter/332/linux-64/ucsc-pslfilter-332-0.tar.bz2",
            "labels": [
                "main",
                "cf201901"
            ],
            "md5": "0505965b1abea15e8669427056c57d01",
            "ndownloads": 921,
            "owner": "bioconda",
            "size": 430852,
            "type": "conda",
            "upload_time": "2016-06-10 21:50:21.193000+00:00",
            "version": "332"
        },
        {
            "attrs": {
                "arch": "x86_64",
                "build": "1",
                "build_number": 1,
                "depends": [],
                "has_prefix": false,
                "license": "varies; see http://genome.ucsc.edu/license",
                "machine": "x86_64",
                "operatingsystem": "darwin",
                "platform": "osx",
                "subdir": "osx-64",
                "target-triplet": "x86_64-any-darwin"
            },
            "basename": "osx-64/ucsc-pslfilter-357-1.tar.bz2",
            "dependencies": {
                "depends": []
            },
            "description": null,
            "distribution_type": "conda",
            "download_url": "//api.anaconda.org/download/bioconda/ucsc-pslfilter/357/osx-64/ucsc-pslfilter-357-1.tar.bz2",
            "full_name": "bioconda/ucsc-pslfilter/357/osx-64/ucsc-pslfilter-357-1.tar.bz2",
            "labels": [
                "main",
                "cf201901"
            ],
            "md5": "b9b5822d4a443422943495f142907f77",
            "ndownloads": 278,
            "owner": "bioconda",
            "size": 409650,
            "type": "conda",
            "upload_time": "2018-02-04 00:26:34.501000+00:00",
            "version": "357"
        },
        {
            "attrs": {
                "arch": "x86_64",
                "build": "0",
                "build_number": 0,
                "depends": [],
                "has_prefix": false,
                "license": "varies; see http://genome.ucsc.edu/license",
                "machine": "x86_64",
                "operatingsystem": "darwin",
                "platform": "osx",
                "subdir": "osx-64",
                "target-triplet": "x86_64-any-darwin"
            },
            "basename": "osx-64/ucsc-pslfilter-357-0.tar.bz2",
            "dependencies": {
                "depends": []
            },
            "description": null,
            "distribution_type": "conda",
            "download_url": "//api.anaconda.org/download/bioconda/ucsc-pslfilter/357/osx-64/ucsc-pslfilter-357-0.tar.bz2",
            "full_name": "bioconda/ucsc-pslfilter/357/osx-64/ucsc-pslfilter-357-0.tar.bz2",
            "labels": [
                "main",
                "cf201901"
            ],
            "md5": "20bab7695307c9a97aba76016d7da3af",
            "ndownloads": 32,
            "owner": "bioconda",
            "size": 409351,
            "type": "conda",
            "upload_time": "2017-11-18 05:07:16.710000+00:00",
            "version": "357"
        },
        {
            "attrs": {
                "arch": "x86_64",
                "build": "0",
                "build_number": 0,
                "depends": [
                    "libgcc",
                    "libpng",
                    "libuuid",
                    "mysql-connector-c",
                    "openssl",
                    "zlib"
                ],
                "has_prefix": true,
                "license": "varies; see http://genome.ucsc.edu/license",
                "machine": "x86_64",
                "operatingsystem": "linux",
                "platform": "linux",
                "subdir": "linux-64",
                "target-triplet": "x86_64-any-linux"
            },
            "basename": "linux-64/ucsc-pslfilter-357-0.tar.bz2",
            "dependencies": {
                "depends": [
                    {
                        "name": "libgcc",
                        "specs": []
                    },
                    {
                        "name": "libpng",
                        "specs": []
                    },
                    {
                        "name": "libuuid",
                        "specs": []
                    },
                    {
                        "name": "mysql-connector-c",
                        "specs": []
                    },
                    {
                        "name": "openssl",
                        "specs": []
                    },
                    {
                        "name": "zlib",
                        "specs": []
                    }
                ]
            },
            "description": null,
            "distribution_type": "conda",
            "download_url": "//api.anaconda.org/download/bioconda/ucsc-pslfilter/357/linux-64/ucsc-pslfilter-357-0.tar.bz2",
            "full_name": "bioconda/ucsc-pslfilter/357/linux-64/ucsc-pslfilter-357-0.tar.bz2",
            "labels": [
                "main",
                "cf201901"
            ],
            "md5": "963d0ab3c866e24e7f4a076625af9bc1",
            "ndownloads": 380,
            "owner": "bioconda",
            "size": 1020001,
            "type": "conda",
            "upload_time": "2017-11-18 16:11:58.237000+00:00",
            "version": "357"
        },
        {
            "attrs": {
                "arch": "x86_64",
                "build": "1",
                "build_number": 1,
                "depends": [
                    "libgcc",
                    "libpng",
                    "libuuid",
                    "mysql-connector-c",
                    "openssl",
                    "zlib 1.2.11*"
                ],
                "has_prefix": true,
                "license": "varies; see http://genome.ucsc.edu/license",
                "machine": "x86_64",
                "operatingsystem": "linux",
                "platform": "linux",
                "subdir": "linux-64",
                "target-triplet": "x86_64-any-linux"
            },
            "basename": "linux-64/ucsc-pslfilter-357-1.tar.bz2",
            "dependencies": {
                "depends": [
                    {
                        "name": "libgcc",
                        "specs": []
                    },
                    {
                        "name": "libpng",
                        "specs": []
                    },
                    {
                        "name": "libuuid",
                        "specs": []
                    },
                    {
                        "name": "mysql-connector-c",
                        "specs": []
                    },
                    {
                        "name": "openssl",
                        "specs": []
                    },
                    {
                        "name": "zlib",
                        "specs": [
                            [
                                "==",
                                "1.2.11"
                            ]
                        ]
                    }
                ]
            },
            "description": null,
            "distribution_type": "conda",
            "download_url": "//api.anaconda.org/download/bioconda/ucsc-pslfilter/357/linux-64/ucsc-pslfilter-357-1.tar.bz2",
            "full_name": "bioconda/ucsc-pslfilter/357/linux-64/ucsc-pslfilter-357-1.tar.bz2",
            "labels": [
                "main",
                "cf201901"
            ],
            "md5": "803434e7d4f1406b1859924cd48f0f65",
            "ndownloads": 348,
            "owner": "bioconda",
            "size": 1020328,
            "type": "conda",
            "upload_time": "2018-02-04 07:45:04.860000+00:00",
            "version": "357"
        },
        {
            "attrs": {
                "arch": "x86_64",
                "build": "h5eb252a_0",
                "build_number": 0,
                "depends": [
                    "libgcc-ng >=4.9",
                    "libpng >=1.6.34,<1.7.0a0",
                    "libuuid",
                    "mysql-connector-c",
                    "openssl >=1.0.2o,<1.0.3a",
                    "zlib >=1.2.11,<1.3.0a0"
                ],
                "has_prefix": true,
                "license": "varies; see http://genome.ucsc.edu/license",
                "machine": "x86_64",
                "operatingsystem": "linux",
                "platform": "linux",
                "subdir": "linux-64",
                "target-triplet": "x86_64-any-linux",
                "timestamp": 1529455372150
            },
            "basename": "linux-64/ucsc-pslfilter-366-h5eb252a_0.tar.bz2",
            "dependencies": {
                "depends": [
                    {
                        "name": "libgcc-ng",
                        "specs": [
                            [
                                ">=",
                                "4.9"
                            ]
                        ]
                    },
                    {
                        "name": "libpng",
                        "specs": [
                            [
                                ">=",
                                "1.6.34,<1.7.0a0"
                            ]
                        ]
                    },
                    {
                        "name": "libuuid",
                        "specs": []
                    },
                    {
                        "name": "mysql-connector-c",
                        "specs": []
                    },
                    {
                        "name": "openssl",
                        "specs": [
                            [
                                ">=",
                                "1.0.2o,<1.0.3a"
                            ]
                        ]
                    },
                    {
                        "name": "zlib",
                        "specs": [
                            [
                                ">=",
                                "1.2.11,<1.3.0a0"
                            ]
                        ]
                    }
                ]
            },
            "description": null,
            "distribution_type": "conda",
            "download_url": "//api.anaconda.org/download/bioconda/ucsc-pslfilter/366/linux-64/ucsc-pslfilter-366-h5eb252a_0.tar.bz2",
            "full_name": "bioconda/ucsc-pslfilter/366/linux-64/ucsc-pslfilter-366-h5eb252a_0.tar.bz2",
            "labels": [
                "main",
                "cf201901"
            ],
            "md5": "4c7cac7eb7c62234f48d17caf948aaf9",
            "ndownloads": 278,
            "owner": "bioconda",
            "size": 1028157,
            "type": "conda",
            "upload_time": "2018-06-20 00:44:24.197000+00:00",
            "version": "366"
        },
        {
            "attrs": {
                "arch": "x86_64",
                "build": "h8b15c51_0",
                "build_number": 0,
                "depends": [
                    "libpng >=1.6.35,<1.7.0a0",
                    "libuuid >=2.32.1,<3.0a0",
                    "mysql-connector-c >=6.1.11,<6.1.12.0a0",
                    "openssl >=1.0.2p,<1.0.3a",
                    "zlib >=1.2.11,<1.3.0a0"
                ],
                "has_prefix": false,
                "license": "varies; see http://genome.ucsc.edu/license",
                "machine": "x86_64",
                "operatingsystem": "darwin",
                "platform": "osx",
                "subdir": "osx-64",
                "target-triplet": "x86_64-any-darwin",
                "timestamp": 1550841739050
            },
            "basename": "osx-64/ucsc-pslfilter-377-h8b15c51_0.tar.bz2",
            "dependencies": {
                "depends": [
                    {
                        "name": "libpng",
                        "specs": [
                            [
                                ">=",
                                "1.6.35,<1.7.0a0"
                            ]
                        ]
                    },
                    {
                        "name": "libuuid",
                        "specs": [
                            [
                                ">=",
                                "2.32.1,<3.0a0"
                            ]
                        ]
                    },
                    {
                        "name": "mysql-connector-c",
                        "specs": [
                            [
                                ">=",
                                "6.1.11,<6.1.12.0a0"
                            ]
                        ]
                    },
                    {
                        "name": "openssl",
                        "specs": [
                            [
                                ">=",
                                "1.0.2p,<1.0.3a"
                            ]
                        ]
                    },
                    {
                        "name": "zlib",
                        "specs": [
                            [
                                ">=",
                                "1.2.11,<1.3.0a0"
                            ]
                        ]
                    }
                ]
            },
            "description": null,
            "distribution_type": "conda",
            "download_url": "//api.anaconda.org/download/bioconda/ucsc-pslfilter/377/osx-64/ucsc-pslfilter-377-h8b15c51_0.tar.bz2",
            "full_name": "bioconda/ucsc-pslfilter/377/osx-64/ucsc-pslfilter-377-h8b15c51_0.tar.bz2",
            "labels": [
                "main"
            ],
            "md5": "70a7409eb75c7b5509ee467c7a5df818",
            "ndownloads": 650,
            "owner": "bioconda",
            "size": 303255,
            "type": "conda",
            "upload_time": "2019-02-22 13:22:32.790000+00:00",
            "version": "377"
        },
        {
            "attrs": {
                "arch": "x86_64",
                "build": "h199ee4e_0",
                "build_number": 0,
                "depends": [
                    "libgcc-ng >=7.3.0",
                    "libpng >=1.6.35,<1.7.0a0",
                    "libuuid >=2.32.1,<3.0a0",
                    "mysql-connector-c >=6.1.11,<6.1.12.0a0",
                    "openssl >=1.0.2p,<1.0.3a",
                    "zlib >=1.2.11,<1.3.0a0"
                ],
                "has_prefix": false,
                "license": "varies; see http://genome.ucsc.edu/license",
                "machine": "x86_64",
                "operatingsystem": "linux",
                "platform": "linux",
                "subdir": "linux-64",
                "target-triplet": "x86_64-any-linux",
                "timestamp": 1550857642570
            },
            "basename": "linux-64/ucsc-pslfilter-377-h199ee4e_0.tar.bz2",
            "dependencies": {
                "depends": [
                    {
                        "name": "libgcc-ng",
                        "specs": [
                            [
                                ">=",
                                "7.3.0"
                            ]
                        ]
                    },
                    {
                        "name": "libpng",
                        "specs": [
                            [
                                ">=",
                                "1.6.35,<1.7.0a0"
                            ]
                        ]
                    },
                    {
                        "name": "libuuid",
                        "specs": [
                            [
                                ">=",
                                "2.32.1,<3.0a0"
                            ]
                        ]
                    },
                    {
                        "name": "mysql-connector-c",
                        "specs": [
                            [
                                ">=",
                                "6.1.11,<6.1.12.0a0"
                            ]
                        ]
                    },
                    {
                        "name": "openssl",
                        "specs": [
                            [
                                ">=",
                                "1.0.2p,<1.0.3a"
                            ]
                        ]
                    },
                    {
                        "name": "zlib",
                        "specs": [
                            [
                                ">=",
                                "1.2.11,<1.3.0a0"
                            ]
                        ]
                    }
                ]
            },
            "description": null,
            "distribution_type": "conda",
            "download_url": "//api.anaconda.org/download/bioconda/ucsc-pslfilter/377/linux-64/ucsc-pslfilter-377-h199ee4e_0.tar.bz2",
            "full_name": "bioconda/ucsc-pslfilter/377/linux-64/ucsc-pslfilter-377-h199ee4e_0.tar.bz2",
            "labels": [
                "main"
            ],
            "md5": "1cde19406aa0c7943fe0ddbbe4a29ffe",
            "ndownloads": 102,
            "owner": "bioconda",
            "size": 335696,
            "type": "conda",
            "upload_time": "2019-02-22 17:48:45.936000+00:00",
            "version": "377"
        }
    ],
    "full_name": "bioconda/ucsc-pslfilter",
    "home": "None",
    "html_url": "http://anaconda.org/bioconda/ucsc-pslfilter",
    "id": "5650d391ea546b522e9cf378",
    "latest_version": "377",
    "license": "varies; see http://genome.ucsc.edu/license",
    "license_url": null,
    "modified_at": "2019-02-22 17:48:46.423000+00:00",
    "name": "ucsc-pslfilter",
    "owner": {
        "company": "",
        "created_at": "2015-09-11 22:59:20.880000+00:00",
        "description": "Bioconda is a distribution of bioinformatics software realized as a channel for the versatile Conda package manager.",
        "location": "",
        "login": "bioconda",
        "name": "bioconda",
        "url": "",
        "user_type": "org"
    },
    "package_types": [
        "conda"
    ],
    "public": true,
    "releases": [
        {
            "distributions": [
                "linux-64/ucsc-pslfilter-324-0.tar.bz2",
                "osx-64/ucsc-pslfilter-324-0.tar.bz2"
            ],
            "full_name": "bioconda/ucsc-pslfilter/324",
            "version": "324"
        },
        {
            "distributions": [
                "osx-64/ucsc-pslfilter-332-0.tar.bz2",
                "linux-64/ucsc-pslfilter-332-0.tar.bz2"
            ],
            "full_name": "bioconda/ucsc-pslfilter/332",
            "version": "332"
        },
        {
            "distributions": [],
            "full_name": "bioconda/ucsc-pslfilter/357",
            "version": "357"
        },
        {
            "distributions": [],
            "full_name": "bioconda/ucsc-pslfilter/366",
            "version": "366"
        },
        {
            "distributions": [],
            "full_name": "bioconda/ucsc-pslfilter/377",
            "version": "377"
        }
    ],
    "revision": 12,
    "source_git_tag": null,
    "source_git_url": null,
    "summary": "filter out psl file",
    "upvoted": 0,
    "url": "http://api.anaconda.org/packages/bioconda/ucsc-pslfilter",
    "versions": [
        "324",
        "332",
        "357",
        "366",
        "377"
    ],
    "watchers": 1
}