{
    "app_entry": {},
    "app_summary": {},
    "app_type": {},
    "builds": [
        "h199ee4e_0",
        "1",
        "0",
        "h5eb252a_2",
        "h8b15c51_0",
        "h5eb252a_0"
    ],
    "conda_platforms": [
        "linux-64",
        "osx-64"
    ],
    "created_at": "2015-11-06 23:12:26.110000+00:00",
    "description": "",
    "dev_url": null,
    "doc_url": null,
    "files": [
        {
            "attrs": {
                "arch": "x86_64",
                "build": "0",
                "build_number": 0,
                "depends": [
                    "libpng",
                    "mysql",
                    "openssl",
                    "zlib"
                ],
                "license": "varies; see http://genome.ucsc.edu/license",
                "machine": "x86_64",
                "operatingsystem": "linux",
                "platform": "linux",
                "subdir": "linux-64",
                "target-triplet": "x86_64-any-linux"
            },
            "basename": "linux-64/ucsc-netchainsubset-324-0.tar.bz2",
            "dependencies": {
                "depends": [
                    {
                        "name": "libpng",
                        "specs": []
                    },
                    {
                        "name": "mysql",
                        "specs": []
                    },
                    {
                        "name": "openssl",
                        "specs": []
                    },
                    {
                        "name": "zlib",
                        "specs": []
                    }
                ]
            },
            "description": null,
            "distribution_type": "conda",
            "download_url": "//api.anaconda.org/download/bioconda/ucsc-netchainsubset/324/linux-64/ucsc-netchainsubset-324-0.tar.bz2",
            "full_name": "bioconda/ucsc-netchainsubset/324/linux-64/ucsc-netchainsubset-324-0.tar.bz2",
            "labels": [
                "main",
                "cf201901"
            ],
            "md5": "270288f5448d1f0c44c63b67586f6a16",
            "ndownloads": 587,
            "owner": "bioconda",
            "size": 398834,
            "type": "conda",
            "upload_time": "2015-11-06 23:12:26.341000+00:00",
            "version": "324"
        },
        {
            "attrs": {
                "arch": "x86_64",
                "build": "0",
                "build_number": 0,
                "depends": [],
                "license": "varies; see http://genome.ucsc.edu/license",
                "machine": "x86_64",
                "operatingsystem": "darwin",
                "platform": "osx",
                "subdir": "osx-64",
                "target-triplet": "x86_64-any-darwin"
            },
            "basename": "osx-64/ucsc-netchainsubset-324-0.tar.bz2",
            "dependencies": {
                "depends": []
            },
            "description": null,
            "distribution_type": "conda",
            "download_url": "//api.anaconda.org/download/bioconda/ucsc-netchainsubset/324/osx-64/ucsc-netchainsubset-324-0.tar.bz2",
            "full_name": "bioconda/ucsc-netchainsubset/324/osx-64/ucsc-netchainsubset-324-0.tar.bz2",
            "labels": [
                "main",
                "cf201901"
            ],
            "md5": "c7c1cbbee9ac80ebaf11ff9467cd3748",
            "ndownloads": 742,
            "owner": "bioconda",
            "size": 198523,
            "type": "conda",
            "upload_time": "2015-12-24 19:28:50.281000+00:00",
            "version": "324"
        },
        {
            "attrs": {
                "arch": "x86_64",
                "build": "h5eb252a_2",
                "build_number": 2,
                "depends": [
                    "zlib >=1.2.11,<1.3.0a0"
                ],
                "has_prefix": false,
                "license": "varies; see http://genome.ucsc.edu/license",
                "machine": "x86_64",
                "operatingsystem": "darwin",
                "platform": "osx",
                "subdir": "osx-64",
                "target-triplet": "x86_64-any-darwin",
                "timestamp": 1529360295606
            },
            "basename": "osx-64/ucsc-netchainsubset-357-h5eb252a_2.tar.bz2",
            "dependencies": {
                "depends": [
                    {
                        "name": "zlib",
                        "specs": [
                            [
                                ">=",
                                "1.2.11,<1.3.0a0"
                            ]
                        ]
                    }
                ]
            },
            "description": null,
            "distribution_type": "conda",
            "download_url": "//api.anaconda.org/download/bioconda/ucsc-netchainsubset/357/osx-64/ucsc-netchainsubset-357-h5eb252a_2.tar.bz2",
            "full_name": "bioconda/ucsc-netchainsubset/357/osx-64/ucsc-netchainsubset-357-h5eb252a_2.tar.bz2",
            "labels": [
                "main",
                "cf201901"
            ],
            "md5": "0e5c055eb73e1b0cfccf05a0bfc82fc0",
            "ndownloads": 728,
            "owner": "bioconda",
            "size": 390676,
            "type": "conda",
            "upload_time": "2018-06-18 22:18:23.295000+00:00",
            "version": "357"
        },
        {
            "attrs": {
                "arch": "x86_64",
                "build": "h5eb252a_0",
                "build_number": 0,
                "depends": [
                    "zlib >=1.2.11,<1.3.0a0"
                ],
                "has_prefix": false,
                "license": "varies; see http://genome.ucsc.edu/license",
                "machine": "x86_64",
                "operatingsystem": "darwin",
                "platform": "osx",
                "subdir": "osx-64",
                "target-triplet": "x86_64-any-darwin",
                "timestamp": 1529449920373
            },
            "basename": "osx-64/ucsc-netchainsubset-366-h5eb252a_0.tar.bz2",
            "dependencies": {
                "depends": [
                    {
                        "name": "zlib",
                        "specs": [
                            [
                                ">=",
                                "1.2.11,<1.3.0a0"
                            ]
                        ]
                    }
                ]
            },
            "description": null,
            "distribution_type": "conda",
            "download_url": "//api.anaconda.org/download/bioconda/ucsc-netchainsubset/366/osx-64/ucsc-netchainsubset-366-h5eb252a_0.tar.bz2",
            "full_name": "bioconda/ucsc-netchainsubset/366/osx-64/ucsc-netchainsubset-366-h5eb252a_0.tar.bz2",
            "labels": [
                "main",
                "cf201901"
            ],
            "md5": "3d3f74e5e235ca11e981f21ca902ca6d",
            "ndownloads": 747,
            "owner": "bioconda",
            "size": 390965,
            "type": "conda",
            "upload_time": "2018-06-19 23:12:08.059000+00:00",
            "version": "366"
        },
        {
            "attrs": {
                "arch": "x86_64",
                "build": "0",
                "build_number": 0,
                "depends": [],
                "has_prefix": false,
                "license": "varies; see http://genome.ucsc.edu/license",
                "machine": "x86_64",
                "operatingsystem": "darwin",
                "platform": "osx",
                "subdir": "osx-64",
                "target-triplet": "x86_64-any-darwin"
            },
            "basename": "osx-64/ucsc-netchainsubset-357-0.tar.bz2",
            "dependencies": {
                "depends": []
            },
            "description": null,
            "distribution_type": "conda",
            "download_url": "//api.anaconda.org/download/bioconda/ucsc-netchainsubset/357/osx-64/ucsc-netchainsubset-357-0.tar.bz2",
            "full_name": "bioconda/ucsc-netchainsubset/357/osx-64/ucsc-netchainsubset-357-0.tar.bz2",
            "labels": [
                "main",
                "cf201901"
            ],
            "md5": "5c59ab0f386f27c6441d4cd20c00c512",
            "ndownloads": 27,
            "owner": "bioconda",
            "size": 389258,
            "type": "conda",
            "upload_time": "2017-11-17 22:04:32.713000+00:00",
            "version": "357"
        },
        {
            "attrs": {
                "arch": "x86_64",
                "build": "0",
                "build_number": 0,
                "depends": [
                    "libgcc",
                    "libpng",
                    "libuuid",
                    "mysql-connector-c",
                    "openssl",
                    "zlib"
                ],
                "has_prefix": true,
                "license": "varies; see http://genome.ucsc.edu/license",
                "machine": "x86_64",
                "operatingsystem": "linux",
                "platform": "linux",
                "subdir": "linux-64",
                "target-triplet": "x86_64-any-linux"
            },
            "basename": "linux-64/ucsc-netchainsubset-357-0.tar.bz2",
            "dependencies": {
                "depends": [
                    {
                        "name": "libgcc",
                        "specs": []
                    },
                    {
                        "name": "libpng",
                        "specs": []
                    },
                    {
                        "name": "libuuid",
                        "specs": []
                    },
                    {
                        "name": "mysql-connector-c",
                        "specs": []
                    },
                    {
                        "name": "openssl",
                        "specs": []
                    },
                    {
                        "name": "zlib",
                        "specs": []
                    }
                ]
            },
            "description": null,
            "distribution_type": "conda",
            "download_url": "//api.anaconda.org/download/bioconda/ucsc-netchainsubset/357/linux-64/ucsc-netchainsubset-357-0.tar.bz2",
            "full_name": "bioconda/ucsc-netchainsubset/357/linux-64/ucsc-netchainsubset-357-0.tar.bz2",
            "labels": [
                "main",
                "cf201901"
            ],
            "md5": "91b567737612e98dbd5fd85eb6d7af00",
            "ndownloads": 505,
            "owner": "bioconda",
            "size": 968377,
            "type": "conda",
            "upload_time": "2017-11-18 10:16:36.129000+00:00",
            "version": "357"
        },
        {
            "attrs": {
                "arch": "x86_64",
                "build": "1",
                "build_number": 1,
                "depends": [],
                "has_prefix": false,
                "license": "varies; see http://genome.ucsc.edu/license",
                "machine": "x86_64",
                "operatingsystem": "darwin",
                "platform": "osx",
                "subdir": "osx-64",
                "target-triplet": "x86_64-any-darwin"
            },
            "basename": "osx-64/ucsc-netchainsubset-357-1.tar.bz2",
            "dependencies": {
                "depends": []
            },
            "description": null,
            "distribution_type": "conda",
            "download_url": "//api.anaconda.org/download/bioconda/ucsc-netchainsubset/357/osx-64/ucsc-netchainsubset-357-1.tar.bz2",
            "full_name": "bioconda/ucsc-netchainsubset/357/osx-64/ucsc-netchainsubset-357-1.tar.bz2",
            "labels": [
                "main",
                "cf201901"
            ],
            "md5": "8134966fc878a7802a1411619637d84f",
            "ndownloads": 27,
            "owner": "bioconda",
            "size": 390443,
            "type": "conda",
            "upload_time": "2018-02-04 01:13:35.483000+00:00",
            "version": "357"
        },
        {
            "attrs": {
                "arch": "x86_64",
                "build": "1",
                "build_number": 1,
                "depends": [
                    "libgcc",
                    "libpng",
                    "libuuid",
                    "mysql-connector-c",
                    "openssl",
                    "zlib 1.2.11*"
                ],
                "has_prefix": true,
                "license": "varies; see http://genome.ucsc.edu/license",
                "machine": "x86_64",
                "operatingsystem": "linux",
                "platform": "linux",
                "subdir": "linux-64",
                "target-triplet": "x86_64-any-linux"
            },
            "basename": "linux-64/ucsc-netchainsubset-357-1.tar.bz2",
            "dependencies": {
                "depends": [
                    {
                        "name": "libgcc",
                        "specs": []
                    },
                    {
                        "name": "libpng",
                        "specs": []
                    },
                    {
                        "name": "libuuid",
                        "specs": []
                    },
                    {
                        "name": "mysql-connector-c",
                        "specs": []
                    },
                    {
                        "name": "openssl",
                        "specs": []
                    },
                    {
                        "name": "zlib",
                        "specs": [
                            [
                                "==",
                                "1.2.11"
                            ]
                        ]
                    }
                ]
            },
            "description": null,
            "distribution_type": "conda",
            "download_url": "//api.anaconda.org/download/bioconda/ucsc-netchainsubset/357/linux-64/ucsc-netchainsubset-357-1.tar.bz2",
            "full_name": "bioconda/ucsc-netchainsubset/357/linux-64/ucsc-netchainsubset-357-1.tar.bz2",
            "labels": [
                "main",
                "cf201901"
            ],
            "md5": "d829690c85dda5a37c7e816b38c39df7",
            "ndownloads": 226,
            "owner": "bioconda",
            "size": 968417,
            "type": "conda",
            "upload_time": "2018-02-04 09:32:20.669000+00:00",
            "version": "357"
        },
        {
            "attrs": {
                "arch": "x86_64",
                "build": "h5eb252a_0",
                "build_number": 0,
                "depends": [
                    "libgcc-ng >=4.9",
                    "libpng >=1.6.34,<1.7.0a0",
                    "libuuid",
                    "mysql-connector-c",
                    "openssl >=1.0.2o,<1.0.3a",
                    "zlib >=1.2.11,<1.3.0a0"
                ],
                "has_prefix": true,
                "license": "varies; see http://genome.ucsc.edu/license",
                "machine": "x86_64",
                "operatingsystem": "linux",
                "platform": "linux",
                "subdir": "linux-64",
                "target-triplet": "x86_64-any-linux",
                "timestamp": 1529463828126
            },
            "basename": "linux-64/ucsc-netchainsubset-366-h5eb252a_0.tar.bz2",
            "dependencies": {
                "depends": [
                    {
                        "name": "libgcc-ng",
                        "specs": [
                            [
                                ">=",
                                "4.9"
                            ]
                        ]
                    },
                    {
                        "name": "libpng",
                        "specs": [
                            [
                                ">=",
                                "1.6.34,<1.7.0a0"
                            ]
                        ]
                    },
                    {
                        "name": "libuuid",
                        "specs": []
                    },
                    {
                        "name": "mysql-connector-c",
                        "specs": []
                    },
                    {
                        "name": "openssl",
                        "specs": [
                            [
                                ">=",
                                "1.0.2o,<1.0.3a"
                            ]
                        ]
                    },
                    {
                        "name": "zlib",
                        "specs": [
                            [
                                ">=",
                                "1.2.11,<1.3.0a0"
                            ]
                        ]
                    }
                ]
            },
            "description": null,
            "distribution_type": "conda",
            "download_url": "//api.anaconda.org/download/bioconda/ucsc-netchainsubset/366/linux-64/ucsc-netchainsubset-366-h5eb252a_0.tar.bz2",
            "full_name": "bioconda/ucsc-netchainsubset/366/linux-64/ucsc-netchainsubset-366-h5eb252a_0.tar.bz2",
            "labels": [
                "main",
                "cf201901"
            ],
            "md5": "dbda6e7d2cc7255e9d3dd793759bdaee",
            "ndownloads": 296,
            "owner": "bioconda",
            "size": 977941,
            "type": "conda",
            "upload_time": "2018-06-20 03:05:06.559000+00:00",
            "version": "366"
        },
        {
            "attrs": {
                "arch": "x86_64",
                "build": "h8b15c51_0",
                "build_number": 0,
                "depends": [
                    "libpng >=1.6.35,<1.7.0a0",
                    "libuuid >=2.32.1,<3.0a0",
                    "mysql-connector-c >=6.1.11,<6.1.12.0a0",
                    "openssl >=1.0.2p,<1.0.3a",
                    "zlib >=1.2.11,<1.3.0a0"
                ],
                "has_prefix": false,
                "license": "varies; see http://genome.ucsc.edu/license",
                "machine": "x86_64",
                "operatingsystem": "darwin",
                "platform": "osx",
                "subdir": "osx-64",
                "target-triplet": "x86_64-any-darwin",
                "timestamp": 1550835596218
            },
            "basename": "osx-64/ucsc-netchainsubset-377-h8b15c51_0.tar.bz2",
            "dependencies": {
                "depends": [
                    {
                        "name": "libpng",
                        "specs": [
                            [
                                ">=",
                                "1.6.35,<1.7.0a0"
                            ]
                        ]
                    },
                    {
                        "name": "libuuid",
                        "specs": [
                            [
                                ">=",
                                "2.32.1,<3.0a0"
                            ]
                        ]
                    },
                    {
                        "name": "mysql-connector-c",
                        "specs": [
                            [
                                ">=",
                                "6.1.11,<6.1.12.0a0"
                            ]
                        ]
                    },
                    {
                        "name": "openssl",
                        "specs": [
                            [
                                ">=",
                                "1.0.2p,<1.0.3a"
                            ]
                        ]
                    },
                    {
                        "name": "zlib",
                        "specs": [
                            [
                                ">=",
                                "1.2.11,<1.3.0a0"
                            ]
                        ]
                    }
                ]
            },
            "description": null,
            "distribution_type": "conda",
            "download_url": "//api.anaconda.org/download/bioconda/ucsc-netchainsubset/377/osx-64/ucsc-netchainsubset-377-h8b15c51_0.tar.bz2",
            "full_name": "bioconda/ucsc-netchainsubset/377/osx-64/ucsc-netchainsubset-377-h8b15c51_0.tar.bz2",
            "labels": [
                "main"
            ],
            "md5": "d32f520bc00755c138e5ce0b481d59f3",
            "ndownloads": 628,
            "owner": "bioconda",
            "size": 288975,
            "type": "conda",
            "upload_time": "2019-02-22 11:40:09.899000+00:00",
            "version": "377"
        },
        {
            "attrs": {
                "arch": "x86_64",
                "build": "h199ee4e_0",
                "build_number": 0,
                "depends": [
                    "libgcc-ng >=7.3.0",
                    "libpng >=1.6.35,<1.7.0a0",
                    "libuuid >=2.32.1,<3.0a0",
                    "mysql-connector-c >=6.1.11,<6.1.12.0a0",
                    "openssl >=1.0.2p,<1.0.3a",
                    "zlib >=1.2.11,<1.3.0a0"
                ],
                "has_prefix": false,
                "license": "varies; see http://genome.ucsc.edu/license",
                "machine": "x86_64",
                "operatingsystem": "linux",
                "platform": "linux",
                "subdir": "linux-64",
                "target-triplet": "x86_64-any-linux",
                "timestamp": 1550843506545
            },
            "basename": "linux-64/ucsc-netchainsubset-377-h199ee4e_0.tar.bz2",
            "dependencies": {
                "depends": [
                    {
                        "name": "libgcc-ng",
                        "specs": [
                            [
                                ">=",
                                "7.3.0"
                            ]
                        ]
                    },
                    {
                        "name": "libpng",
                        "specs": [
                            [
                                ">=",
                                "1.6.35,<1.7.0a0"
                            ]
                        ]
                    },
                    {
                        "name": "libuuid",
                        "specs": [
                            [
                                ">=",
                                "2.32.1,<3.0a0"
                            ]
                        ]
                    },
                    {
                        "name": "mysql-connector-c",
                        "specs": [
                            [
                                ">=",
                                "6.1.11,<6.1.12.0a0"
                            ]
                        ]
                    },
                    {
                        "name": "openssl",
                        "specs": [
                            [
                                ">=",
                                "1.0.2p,<1.0.3a"
                            ]
                        ]
                    },
                    {
                        "name": "zlib",
                        "specs": [
                            [
                                ">=",
                                "1.2.11,<1.3.0a0"
                            ]
                        ]
                    }
                ]
            },
            "description": null,
            "distribution_type": "conda",
            "download_url": "//api.anaconda.org/download/bioconda/ucsc-netchainsubset/377/linux-64/ucsc-netchainsubset-377-h199ee4e_0.tar.bz2",
            "full_name": "bioconda/ucsc-netchainsubset/377/linux-64/ucsc-netchainsubset-377-h199ee4e_0.tar.bz2",
            "labels": [
                "main"
            ],
            "md5": "f95bf6635a13b0daaee8405bb0307caa",
            "ndownloads": 100,
            "owner": "bioconda",
            "size": 317697,
            "type": "conda",
            "upload_time": "2019-02-22 13:53:12.918000+00:00",
            "version": "377"
        }
    ],
    "full_name": "bioconda/ucsc-netchainsubset",
    "home": "None",
    "html_url": "http://anaconda.org/bioconda/ucsc-netchainsubset",
    "id": "563d33da1ff7c551fd8dce2c",
    "latest_version": "377",
    "license": "varies; see http://genome.ucsc.edu/license",
    "license_url": null,
    "modified_at": "2019-02-22 13:53:13.393000+00:00",
    "name": "ucsc-netchainsubset",
    "owner": {
        "company": "",
        "created_at": "2015-09-11 22:59:20.880000+00:00",
        "description": "Bioconda is a distribution of bioinformatics software realized as a channel for the versatile Conda package manager.",
        "location": "",
        "login": "bioconda",
        "name": "bioconda",
        "url": "",
        "user_type": "org"
    },
    "package_types": [
        "conda"
    ],
    "public": true,
    "releases": [
        {
            "distributions": [
                "linux-64/ucsc-netchainsubset-324-0.tar.bz2",
                "osx-64/ucsc-netchainsubset-324-0.tar.bz2"
            ],
            "full_name": "bioconda/ucsc-netchainsubset/324",
            "version": "324"
        },
        {
            "distributions": [],
            "full_name": "bioconda/ucsc-netchainsubset/357",
            "version": "357"
        },
        {
            "distributions": [],
            "full_name": "bioconda/ucsc-netchainsubset/366",
            "version": "366"
        },
        {
            "distributions": [],
            "full_name": "bioconda/ucsc-netchainsubset/377",
            "version": "377"
        }
    ],
    "revision": 9,
    "source_git_tag": null,
    "source_git_url": null,
    "summary": "Create chain file with subset of chains that appear in the net",
    "upvoted": 0,
    "url": "http://api.anaconda.org/packages/bioconda/ucsc-netchainsubset",
    "versions": [
        "324",
        "357",
        "366",
        "377"
    ],
    "watchers": 1
}