{
    "app_entry": {},
    "app_summary": {},
    "app_type": {},
    "builds": [
        "0",
        "h601c9b8_2",
        "h6376f6d_3",
        "he56e5df_0"
    ],
    "conda_platforms": [
        "linux-64"
    ],
    "created_at": "2018-06-08 10:48:28.011000+00:00",
    "description": "",
    "dev_url": null,
    "doc_url": null,
    "files": [
        {
            "attrs": {
                "arch": "x86_64",
                "build": "0",
                "build_number": 0,
                "depends": [
                    "bzip2 1.0*",
                    "curl",
                    "libgcc",
                    "openssl",
                    "zlib 1.2.11*"
                ],
                "has_prefix": true,
                "license": "MIT",
                "machine": "x86_64",
                "operatingsystem": "linux",
                "platform": "linux",
                "subdir": "linux-64",
                "target-triplet": "x86_64-any-linux"
            },
            "basename": "linux-64/verifybamid2-1.0.4-0.tar.bz2",
            "dependencies": {
                "depends": [
                    {
                        "name": "bzip2",
                        "specs": [
                            [
                                "==",
                                "1.0"
                            ]
                        ]
                    },
                    {
                        "name": "curl",
                        "specs": []
                    },
                    {
                        "name": "libgcc",
                        "specs": []
                    },
                    {
                        "name": "openssl",
                        "specs": []
                    },
                    {
                        "name": "zlib",
                        "specs": [
                            [
                                "==",
                                "1.2.11"
                            ]
                        ]
                    }
                ]
            },
            "description": null,
            "distribution_type": "conda",
            "download_url": "//api.anaconda.org/download/bioconda/verifybamid2/1.0.4/linux-64/verifybamid2-1.0.4-0.tar.bz2",
            "full_name": "bioconda/verifybamid2/1.0.4/linux-64/verifybamid2-1.0.4-0.tar.bz2",
            "labels": [
                "main",
                "cf201901"
            ],
            "md5": "4e5b5f975c3a832caae652fc1fe28d33",
            "ndownloads": 1022,
            "owner": "bioconda",
            "size": 21851056,
            "type": "conda",
            "upload_time": "2018-06-08 10:48:29.483000+00:00",
            "version": "1.0.4"
        },
        {
            "attrs": {
                "arch": "x86_64",
                "build": "0",
                "build_number": 0,
                "depends": [
                    "bzip2 1.0*",
                    "curl",
                    "libgcc",
                    "openssl",
                    "zlib 1.2.11*"
                ],
                "has_prefix": true,
                "license": "MIT",
                "machine": "x86_64",
                "operatingsystem": "linux",
                "platform": "linux",
                "subdir": "linux-64",
                "target-triplet": "x86_64-any-linux"
            },
            "basename": "linux-64/verifybamid2-1.0.5-0.tar.bz2",
            "dependencies": {
                "depends": [
                    {
                        "name": "bzip2",
                        "specs": [
                            [
                                "==",
                                "1.0"
                            ]
                        ]
                    },
                    {
                        "name": "curl",
                        "specs": []
                    },
                    {
                        "name": "libgcc",
                        "specs": []
                    },
                    {
                        "name": "openssl",
                        "specs": []
                    },
                    {
                        "name": "zlib",
                        "specs": [
                            [
                                "==",
                                "1.2.11"
                            ]
                        ]
                    }
                ]
            },
            "description": null,
            "distribution_type": "conda",
            "download_url": "//api.anaconda.org/download/bioconda/verifybamid2/1.0.5/linux-64/verifybamid2-1.0.5-0.tar.bz2",
            "full_name": "bioconda/verifybamid2/1.0.5/linux-64/verifybamid2-1.0.5-0.tar.bz2",
            "labels": [
                "main",
                "cf201901"
            ],
            "md5": "7de1569a13d287cd479a8fe2b1211111",
            "ndownloads": 726,
            "owner": "bioconda",
            "size": 21850490,
            "type": "conda",
            "upload_time": "2018-06-14 13:05:48.545000+00:00",
            "version": "1.0.5"
        },
        {
            "attrs": {
                "arch": "x86_64",
                "build": "h601c9b8_2",
                "build_number": 2,
                "depends": [
                    "bzip2 >=1.0.6,<2.0a0",
                    "curl >=7.59.0,<8.0a0",
                    "libgcc-ng >=4.9",
                    "libstdcxx-ng >=4.9",
                    "openssl >=1.0.2o,<1.0.3a",
                    "zlib >=1.2.11,<1.3.0a0"
                ],
                "has_prefix": false,
                "license": "MIT",
                "machine": "x86_64",
                "operatingsystem": "linux",
                "platform": "linux",
                "subdir": "linux-64",
                "target-triplet": "x86_64-any-linux",
                "timestamp": 1531778142794
            },
            "basename": "linux-64/verifybamid2-1.0.5-h601c9b8_2.tar.bz2",
            "dependencies": {
                "depends": [
                    {
                        "name": "bzip2",
                        "specs": [
                            [
                                ">=",
                                "1.0.6,<2.0a0"
                            ]
                        ]
                    },
                    {
                        "name": "curl",
                        "specs": [
                            [
                                ">=",
                                "7.59.0,<8.0a0"
                            ]
                        ]
                    },
                    {
                        "name": "libgcc-ng",
                        "specs": [
                            [
                                ">=",
                                "4.9"
                            ]
                        ]
                    },
                    {
                        "name": "libstdcxx-ng",
                        "specs": [
                            [
                                ">=",
                                "4.9"
                            ]
                        ]
                    },
                    {
                        "name": "openssl",
                        "specs": [
                            [
                                ">=",
                                "1.0.2o,<1.0.3a"
                            ]
                        ]
                    },
                    {
                        "name": "zlib",
                        "specs": [
                            [
                                ">=",
                                "1.2.11,<1.3.0a0"
                            ]
                        ]
                    }
                ]
            },
            "description": null,
            "distribution_type": "conda",
            "download_url": "//api.anaconda.org/download/bioconda/verifybamid2/1.0.5/linux-64/verifybamid2-1.0.5-h601c9b8_2.tar.bz2",
            "full_name": "bioconda/verifybamid2/1.0.5/linux-64/verifybamid2-1.0.5-h601c9b8_2.tar.bz2",
            "labels": [
                "main",
                "cf201901"
            ],
            "md5": "9f7472dbee20b1aee10a6dc291fa7de7",
            "ndownloads": 1349,
            "owner": "bioconda",
            "size": 21125766,
            "type": "conda",
            "upload_time": "2018-07-16 21:57:28.046000+00:00",
            "version": "1.0.5"
        },
        {
            "attrs": {
                "arch": "x86_64",
                "build": "h6376f6d_3",
                "build_number": 3,
                "depends": [
                    "bzip2 >=1.0.6,<2.0a0",
                    "curl >=7.64.0,<8.0a0",
                    "libgcc-ng >=7.3.0",
                    "libstdcxx-ng >=7.3.0",
                    "openssl >=1.1.1a,<1.1.2a",
                    "zlib >=1.2.11,<1.3.0a0"
                ],
                "has_prefix": false,
                "license": "MIT",
                "machine": "x86_64",
                "operatingsystem": "linux",
                "platform": "linux",
                "subdir": "linux-64",
                "target-triplet": "x86_64-any-linux",
                "timestamp": 1552388795247
            },
            "basename": "linux-64/verifybamid2-1.0.5-h6376f6d_3.tar.bz2",
            "dependencies": {
                "depends": [
                    {
                        "name": "bzip2",
                        "specs": [
                            [
                                ">=",
                                "1.0.6,<2.0a0"
                            ]
                        ]
                    },
                    {
                        "name": "curl",
                        "specs": [
                            [
                                ">=",
                                "7.64.0,<8.0a0"
                            ]
                        ]
                    },
                    {
                        "name": "libgcc-ng",
                        "specs": [
                            [
                                ">=",
                                "7.3.0"
                            ]
                        ]
                    },
                    {
                        "name": "libstdcxx-ng",
                        "specs": [
                            [
                                ">=",
                                "7.3.0"
                            ]
                        ]
                    },
                    {
                        "name": "openssl",
                        "specs": [
                            [
                                ">=",
                                "1.1.1a,<1.1.2a"
                            ]
                        ]
                    },
                    {
                        "name": "zlib",
                        "specs": [
                            [
                                ">=",
                                "1.2.11,<1.3.0a0"
                            ]
                        ]
                    }
                ]
            },
            "description": null,
            "distribution_type": "conda",
            "download_url": "//api.anaconda.org/download/bioconda/verifybamid2/1.0.5/linux-64/verifybamid2-1.0.5-h6376f6d_3.tar.bz2",
            "full_name": "bioconda/verifybamid2/1.0.5/linux-64/verifybamid2-1.0.5-h6376f6d_3.tar.bz2",
            "labels": [
                "main"
            ],
            "md5": "979f81a0e268c0bce63937c4c1bb8ac9",
            "ndownloads": 1403,
            "owner": "bioconda",
            "size": 21221174,
            "type": "conda",
            "upload_time": "2019-03-12 11:09:45.556000+00:00",
            "version": "1.0.5"
        },
        {
            "attrs": {
                "arch": "x86_64",
                "build": "he56e5df_0",
                "build_number": 0,
                "depends": [
                    "bzip2 >=1.0.8,<2.0a0",
                    "curl >=7.64.1,<8.0a0",
                    "htslib >=1.9,<1.10.0a0",
                    "libgcc-ng >=7.3.0",
                    "libstdcxx-ng >=7.3.0",
                    "openssl >=1.1.1a,<1.1.2a",
                    "xz >=5.2.4,<5.3.0a0",
                    "zlib >=1.2.11,<1.3.0a0"
                ],
                "has_prefix": false,
                "license": "MIT",
                "machine": "x86_64",
                "operatingsystem": "linux",
                "platform": "linux",
                "subdir": "linux-64",
                "target-triplet": "x86_64-any-linux",
                "timestamp": 1565179002495
            },
            "basename": "linux-64/verifybamid2-1.0.6-he56e5df_0.tar.bz2",
            "dependencies": {
                "depends": [
                    {
                        "name": "bzip2",
                        "specs": [
                            [
                                ">=",
                                "1.0.8,<2.0a0"
                            ]
                        ]
                    },
                    {
                        "name": "curl",
                        "specs": [
                            [
                                ">=",
                                "7.64.1,<8.0a0"
                            ]
                        ]
                    },
                    {
                        "name": "htslib",
                        "specs": [
                            [
                                ">=",
                                "1.9,<1.10.0a0"
                            ]
                        ]
                    },
                    {
                        "name": "libgcc-ng",
                        "specs": [
                            [
                                ">=",
                                "7.3.0"
                            ]
                        ]
                    },
                    {
                        "name": "libstdcxx-ng",
                        "specs": [
                            [
                                ">=",
                                "7.3.0"
                            ]
                        ]
                    },
                    {
                        "name": "openssl",
                        "specs": [
                            [
                                ">=",
                                "1.1.1a,<1.1.2a"
                            ]
                        ]
                    },
                    {
                        "name": "xz",
                        "specs": [
                            [
                                ">=",
                                "5.2.4,<5.3.0a0"
                            ]
                        ]
                    },
                    {
                        "name": "zlib",
                        "specs": [
                            [
                                ">=",
                                "1.2.11,<1.3.0a0"
                            ]
                        ]
                    }
                ]
            },
            "description": null,
            "distribution_type": "conda",
            "download_url": "//api.anaconda.org/download/bioconda/verifybamid2/1.0.6/linux-64/verifybamid2-1.0.6-he56e5df_0.tar.bz2",
            "full_name": "bioconda/verifybamid2/1.0.6/linux-64/verifybamid2-1.0.6-he56e5df_0.tar.bz2",
            "labels": [
                "main"
            ],
            "md5": "053ca4e1e212ca16f6ef060a694ca16b",
            "ndownloads": 811,
            "owner": "bioconda",
            "size": 14874518,
            "type": "conda",
            "upload_time": "2019-08-07 11:58:59.122000+00:00",
            "version": "1.0.6"
        }
    ],
    "full_name": "bioconda/verifybamid2",
    "home": "https://github.com/Griffan/VerifyBamID",
    "html_url": "http://anaconda.org/bioconda/verifybamid2",
    "id": "5b1a5efc5d3358120d784c03",
    "latest_version": "1.0.6",
    "license": "MIT",
    "license_url": null,
    "modified_at": "2019-08-07 11:58:59.719000+00:00",
    "name": "verifybamid2",
    "owner": {
        "company": "",
        "created_at": "2015-09-11 22:59:20.880000+00:00",
        "description": "Bioconda is a distribution of bioinformatics software realized as a channel for the versatile Conda package manager.",
        "location": "",
        "login": "bioconda",
        "name": "bioconda",
        "url": "",
        "user_type": "org"
    },
    "package_types": [
        "conda"
    ],
    "public": true,
    "releases": [
        {
            "distributions": [],
            "full_name": "bioconda/verifybamid2/1.0.4",
            "version": "1.0.4"
        },
        {
            "distributions": [],
            "full_name": "bioconda/verifybamid2/1.0.5",
            "version": "1.0.5"
        },
        {
            "distributions": [],
            "full_name": "bioconda/verifybamid2/1.0.6",
            "version": "1.0.6"
        }
    ],
    "revision": 6,
    "source_git_tag": null,
    "source_git_url": null,
    "summary": "A robust tool for DNA contamination estimation from sequence reads using ancestry-agnostic method.",
    "upvoted": 0,
    "url": "http://api.anaconda.org/packages/bioconda/verifybamid2",
    "versions": [
        "1.0.4",
        "1.0.5",
        "1.0.6"
    ],
    "watchers": 1
}