{
    "app_entry": {},
    "app_summary": {},
    "app_type": {},
    "builds": [
        "py36_0",
        "py35_0",
        "py27_0"
    ],
    "conda_platforms": [
        "linux-64",
        "osx-64"
    ],
    "created_at": "2017-06-30 14:04:07.246000+00:00",
    "description": "",
    "dev_url": null,
    "doc_url": null,
    "files": [
        {
            "attrs": {
                "arch": "x86_64",
                "build": "py35_0",
                "build_number": 0,
                "depends": [
                    "python 3.5*"
                ],
                "has_prefix": false,
                "license": "ISC License (ISCL)",
                "license_family": "Public-Domain",
                "machine": "x86_64",
                "operatingsystem": "linux",
                "platform": "linux",
                "subdir": "linux-64",
                "target-triplet": "x86_64-any-linux"
            },
            "basename": "linux-64/xdg-1.0.5-py35_0.tar.bz2",
            "dependencies": {
                "depends": [
                    {
                        "name": "python",
                        "specs": [
                            [
                                "==",
                                "3.5"
                            ]
                        ]
                    }
                ]
            },
            "description": null,
            "distribution_type": "conda",
            "download_url": "//api.anaconda.org/download/bioconda/xdg/1.0.5/linux-64/xdg-1.0.5-py35_0.tar.bz2",
            "full_name": "bioconda/xdg/1.0.5/linux-64/xdg-1.0.5-py35_0.tar.bz2",
            "labels": [
                "main",
                "cf201901"
            ],
            "md5": "26662f9c5755b3721ba50d0958e59b30",
            "ndownloads": 719,
            "owner": "bioconda",
            "size": 7766,
            "type": "conda",
            "upload_time": "2017-06-30 14:04:07.719000+00:00",
            "version": "1.0.5"
        },
        {
            "attrs": {
                "arch": "x86_64",
                "build": "py27_0",
                "build_number": 0,
                "depends": [
                    "python 2.7*"
                ],
                "has_prefix": false,
                "license": "ISC License (ISCL)",
                "license_family": "Public-Domain",
                "machine": "x86_64",
                "operatingsystem": "linux",
                "platform": "linux",
                "subdir": "linux-64",
                "target-triplet": "x86_64-any-linux"
            },
            "basename": "linux-64/xdg-1.0.5-py27_0.tar.bz2",
            "dependencies": {
                "depends": [
                    {
                        "name": "python",
                        "specs": [
                            [
                                "==",
                                "2.7"
                            ]
                        ]
                    }
                ]
            },
            "description": null,
            "distribution_type": "conda",
            "download_url": "//api.anaconda.org/download/bioconda/xdg/1.0.5/linux-64/xdg-1.0.5-py27_0.tar.bz2",
            "full_name": "bioconda/xdg/1.0.5/linux-64/xdg-1.0.5-py27_0.tar.bz2",
            "labels": [
                "main",
                "cf201901"
            ],
            "md5": "a3386ed1f522b8343599c609a0545244",
            "ndownloads": 594,
            "owner": "bioconda",
            "size": 7719,
            "type": "conda",
            "upload_time": "2017-06-30 14:06:25.780000+00:00",
            "version": "1.0.5"
        },
        {
            "attrs": {
                "arch": "x86_64",
                "build": "py36_0",
                "build_number": 0,
                "depends": [
                    "python 3.6*"
                ],
                "has_prefix": false,
                "license": "ISC License (ISCL)",
                "license_family": "Public-Domain",
                "machine": "x86_64",
                "operatingsystem": "linux",
                "platform": "linux",
                "subdir": "linux-64",
                "target-triplet": "x86_64-any-linux"
            },
            "basename": "linux-64/xdg-1.0.5-py36_0.tar.bz2",
            "dependencies": {
                "depends": [
                    {
                        "name": "python",
                        "specs": [
                            [
                                "==",
                                "3.6"
                            ]
                        ]
                    }
                ]
            },
            "description": null,
            "distribution_type": "conda",
            "download_url": "//api.anaconda.org/download/bioconda/xdg/1.0.5/linux-64/xdg-1.0.5-py36_0.tar.bz2",
            "full_name": "bioconda/xdg/1.0.5/linux-64/xdg-1.0.5-py36_0.tar.bz2",
            "labels": [
                "main",
                "cf201901"
            ],
            "md5": "b40fcafc7189951dc3d2a0b9185fcd55",
            "ndownloads": 963,
            "owner": "bioconda",
            "size": 7771,
            "type": "conda",
            "upload_time": "2017-06-30 14:08:37.756000+00:00",
            "version": "1.0.5"
        },
        {
            "attrs": {
                "arch": "x86_64",
                "build": "py27_0",
                "build_number": 0,
                "depends": [
                    "python 2.7*"
                ],
                "has_prefix": false,
                "license": "ISC License (ISCL)",
                "license_family": "Public-Domain",
                "machine": "x86_64",
                "operatingsystem": "darwin",
                "platform": "osx",
                "subdir": "osx-64",
                "target-triplet": "x86_64-any-darwin"
            },
            "basename": "osx-64/xdg-1.0.5-py27_0.tar.bz2",
            "dependencies": {
                "depends": [
                    {
                        "name": "python",
                        "specs": [
                            [
                                "==",
                                "2.7"
                            ]
                        ]
                    }
                ]
            },
            "description": null,
            "distribution_type": "conda",
            "download_url": "//api.anaconda.org/download/bioconda/xdg/1.0.5/osx-64/xdg-1.0.5-py27_0.tar.bz2",
            "full_name": "bioconda/xdg/1.0.5/osx-64/xdg-1.0.5-py27_0.tar.bz2",
            "labels": [
                "main",
                "cf201901"
            ],
            "md5": "42dd0f85ddf3ff5ffab9e8adf711fcee",
            "ndownloads": 135,
            "owner": "bioconda",
            "size": 7396,
            "type": "conda",
            "upload_time": "2017-06-30 14:18:51.481000+00:00",
            "version": "1.0.5"
        },
        {
            "attrs": {
                "arch": "x86_64",
                "build": "py36_0",
                "build_number": 0,
                "depends": [
                    "python 3.6*"
                ],
                "has_prefix": false,
                "license": "ISC License (ISCL)",
                "license_family": "Public-Domain",
                "machine": "x86_64",
                "operatingsystem": "darwin",
                "platform": "osx",
                "subdir": "osx-64",
                "target-triplet": "x86_64-any-darwin"
            },
            "basename": "osx-64/xdg-1.0.5-py36_0.tar.bz2",
            "dependencies": {
                "depends": [
                    {
                        "name": "python",
                        "specs": [
                            [
                                "==",
                                "3.6"
                            ]
                        ]
                    }
                ]
            },
            "description": null,
            "distribution_type": "conda",
            "download_url": "//api.anaconda.org/download/bioconda/xdg/1.0.5/osx-64/xdg-1.0.5-py36_0.tar.bz2",
            "full_name": "bioconda/xdg/1.0.5/osx-64/xdg-1.0.5-py36_0.tar.bz2",
            "labels": [
                "main",
                "cf201901"
            ],
            "md5": "93f03eff4bb2f383cff14d22ad13e13c",
            "ndownloads": 936,
            "owner": "bioconda",
            "size": 7432,
            "type": "conda",
            "upload_time": "2017-06-30 14:22:00.100000+00:00",
            "version": "1.0.5"
        },
        {
            "attrs": {
                "arch": "x86_64",
                "build": "py35_0",
                "build_number": 0,
                "depends": [
                    "python 3.5*"
                ],
                "has_prefix": false,
                "license": "ISC License (ISCL)",
                "license_family": "Public-Domain",
                "machine": "x86_64",
                "operatingsystem": "darwin",
                "platform": "osx",
                "subdir": "osx-64",
                "target-triplet": "x86_64-any-darwin"
            },
            "basename": "osx-64/xdg-1.0.5-py35_0.tar.bz2",
            "dependencies": {
                "depends": [
                    {
                        "name": "python",
                        "specs": [
                            [
                                "==",
                                "3.5"
                            ]
                        ]
                    }
                ]
            },
            "description": null,
            "distribution_type": "conda",
            "download_url": "//api.anaconda.org/download/bioconda/xdg/1.0.5/osx-64/xdg-1.0.5-py35_0.tar.bz2",
            "full_name": "bioconda/xdg/1.0.5/osx-64/xdg-1.0.5-py35_0.tar.bz2",
            "labels": [
                "main",
                "cf201901"
            ],
            "md5": "e2e7cb9377e197a2fae3c3bbbe7fdeff",
            "ndownloads": 38,
            "owner": "bioconda",
            "size": 7449,
            "type": "conda",
            "upload_time": "2017-06-30 14:25:11.067000+00:00",
            "version": "1.0.5"
        }
    ],
    "full_name": "bioconda/xdg",
    "home": "https://github.com/srstevenson/xdg",
    "html_url": "http://anaconda.org/bioconda/xdg",
    "id": "59565a579cf1641271648161",
    "latest_version": "1.0.5",
    "license": "ISC License (ISCL)",
    "license_url": null,
    "modified_at": "2017-06-30 14:25:11.919000+00:00",
    "name": "xdg",
    "owner": {
        "company": "",
        "created_at": "2015-09-11 22:59:20.880000+00:00",
        "description": "Bioconda is a distribution of bioinformatics software realized as a channel for the versatile Conda package manager.",
        "location": "",
        "login": "bioconda",
        "name": "bioconda",
        "url": "",
        "user_type": "org"
    },
    "package_types": [
        "conda"
    ],
    "public": true,
    "releases": [
        {
            "distributions": [],
            "full_name": "bioconda/xdg/1.0.5",
            "version": "1.0.5"
        }
    ],
    "revision": 2,
    "source_git_tag": null,
    "source_git_url": null,
    "summary": "Variables defined by the XDG Base Directory Specification",
    "upvoted": 0,
    "url": "http://api.anaconda.org/packages/bioconda/xdg",
    "versions": [
        "1.0.5"
    ],
    "watchers": 1
}