{
    "app_entry": {},
    "app_summary": {},
    "app_type": {},
    "builds": [
        "py36_0",
        "py34_0",
        "py35_0",
        "py27_0"
    ],
    "conda_platforms": [
        "linux-64",
        "osx-64"
    ],
    "created_at": "2015-10-08 00:11:50.047000+00:00",
    "description": "None",
    "dev_url": {},
    "doc_url": {},
    "files": [
        {
            "attrs": {
                "arch": "x86_64",
                "build": "py27_0",
                "build_number": 0,
                "depends": [
                    "python 2.7*"
                ],
                "license": "MIT License",
                "machine": "x86_64",
                "operatingsystem": "linux",
                "platform": "linux",
                "subdir": "linux-64",
                "target-triplet": "x86_64-any-linux"
            },
            "basename": "linux-64/xmltodict-0.9.2-py27_0.tar.bz2",
            "dependencies": {
                "depends": [
                    {
                        "name": "python",
                        "specs": [
                            [
                                "==",
                                "2.7"
                            ]
                        ]
                    }
                ]
            },
            "description": null,
            "distribution_type": "conda",
            "download_url": "//api.anaconda.org/download/bioconda/xmltodict/0.9.2/linux-64/xmltodict-0.9.2-py27_0.tar.bz2",
            "full_name": "bioconda/xmltodict/0.9.2/linux-64/xmltodict-0.9.2-py27_0.tar.bz2",
            "labels": [
                "main",
                "cf201901"
            ],
            "md5": "614870062094b5def1aa3f070961aab3",
            "ndownloads": 1851,
            "owner": "bioconda",
            "size": 12007,
            "type": "conda",
            "upload_time": "2015-10-08 00:11:50.326000+00:00",
            "version": "0.9.2"
        },
        {
            "attrs": {
                "arch": "x86_64",
                "build": "py34_0",
                "build_number": 0,
                "depends": [
                    "python 3.4*"
                ],
                "license": "MIT License",
                "machine": "x86_64",
                "operatingsystem": "linux",
                "platform": "linux",
                "subdir": "linux-64",
                "target-triplet": "x86_64-any-linux"
            },
            "basename": "linux-64/xmltodict-0.9.2-py34_0.tar.bz2",
            "dependencies": {
                "depends": [
                    {
                        "name": "python",
                        "specs": [
                            [
                                "==",
                                "3.4"
                            ]
                        ]
                    }
                ]
            },
            "description": null,
            "distribution_type": "conda",
            "download_url": "//api.anaconda.org/download/bioconda/xmltodict/0.9.2/linux-64/xmltodict-0.9.2-py34_0.tar.bz2",
            "full_name": "bioconda/xmltodict/0.9.2/linux-64/xmltodict-0.9.2-py34_0.tar.bz2",
            "labels": [
                "main",
                "cf201901"
            ],
            "md5": "e1d505c31b4b62532af481cb0d8ffe8f",
            "ndownloads": 985,
            "owner": "bioconda",
            "size": 12086,
            "type": "conda",
            "upload_time": "2015-10-08 00:12:01.459000+00:00",
            "version": "0.9.2"
        },
        {
            "attrs": {
                "arch": "x86_64",
                "build": "py34_0",
                "build_number": 0,
                "depends": [
                    "python 3.4*"
                ],
                "license": "MIT License",
                "machine": "x86_64",
                "operatingsystem": "darwin",
                "platform": "osx",
                "subdir": "osx-64",
                "target-triplet": "x86_64-any-darwin"
            },
            "basename": "osx-64/xmltodict-0.9.2-py34_0.tar.bz2",
            "dependencies": {
                "depends": [
                    {
                        "name": "python",
                        "specs": [
                            [
                                "==",
                                "3.4"
                            ]
                        ]
                    }
                ]
            },
            "description": null,
            "distribution_type": "conda",
            "download_url": "//api.anaconda.org/download/bioconda/xmltodict/0.9.2/osx-64/xmltodict-0.9.2-py34_0.tar.bz2",
            "full_name": "bioconda/xmltodict/0.9.2/osx-64/xmltodict-0.9.2-py34_0.tar.bz2",
            "labels": [
                "main",
                "cf201901"
            ],
            "md5": "b2962bf58a00b461a7ff72aeedd505ce",
            "ndownloads": 83,
            "owner": "bioconda",
            "size": 12104,
            "type": "conda",
            "upload_time": "2015-10-08 13:25:35.433000+00:00",
            "version": "0.9.2"
        },
        {
            "attrs": {
                "arch": "x86_64",
                "build": "py27_0",
                "build_number": 0,
                "depends": [
                    "python 2.7*"
                ],
                "license": "MIT License",
                "machine": "x86_64",
                "operatingsystem": "darwin",
                "platform": "osx",
                "subdir": "osx-64",
                "target-triplet": "x86_64-any-darwin"
            },
            "basename": "osx-64/xmltodict-0.9.2-py27_0.tar.bz2",
            "dependencies": {
                "depends": [
                    {
                        "name": "python",
                        "specs": [
                            [
                                "==",
                                "2.7"
                            ]
                        ]
                    }
                ]
            },
            "description": null,
            "distribution_type": "conda",
            "download_url": "//api.anaconda.org/download/bioconda/xmltodict/0.9.2/osx-64/xmltodict-0.9.2-py27_0.tar.bz2",
            "full_name": "bioconda/xmltodict/0.9.2/osx-64/xmltodict-0.9.2-py27_0.tar.bz2",
            "labels": [
                "main",
                "cf201901"
            ],
            "md5": "573664473da18e015b8c76b3c95a6353",
            "ndownloads": 611,
            "owner": "bioconda",
            "size": 12068,
            "type": "conda",
            "upload_time": "2015-10-08 13:25:37.800000+00:00",
            "version": "0.9.2"
        },
        {
            "attrs": {
                "arch": "x86_64",
                "build": "py35_0",
                "build_number": 0,
                "depends": [
                    "python 3.5*"
                ],
                "license": "MIT License",
                "machine": "x86_64",
                "operatingsystem": "darwin",
                "platform": "osx",
                "subdir": "osx-64",
                "target-triplet": "x86_64-any-darwin"
            },
            "basename": "osx-64/xmltodict-0.9.2-py35_0.tar.bz2",
            "dependencies": {
                "depends": [
                    {
                        "name": "python",
                        "specs": [
                            [
                                "==",
                                "3.5"
                            ]
                        ]
                    }
                ]
            },
            "description": null,
            "distribution_type": "conda",
            "download_url": "//api.anaconda.org/download/bioconda/xmltodict/0.9.2/osx-64/xmltodict-0.9.2-py35_0.tar.bz2",
            "full_name": "bioconda/xmltodict/0.9.2/osx-64/xmltodict-0.9.2-py35_0.tar.bz2",
            "labels": [
                "main",
                "cf201901"
            ],
            "md5": "fb8264aa06903a3d37a43147002bdabb",
            "ndownloads": 438,
            "owner": "bioconda",
            "size": 12060,
            "type": "conda",
            "upload_time": "2015-10-21 03:10:58.238000+00:00",
            "version": "0.9.2"
        },
        {
            "attrs": {
                "arch": "x86_64",
                "build": "py36_0",
                "build_number": 0,
                "depends": [
                    "python 3.6*"
                ],
                "has_prefix": false,
                "license": "MIT License",
                "machine": "x86_64",
                "operatingsystem": "darwin",
                "platform": "osx",
                "subdir": "osx-64",
                "target-triplet": "x86_64-any-darwin"
            },
            "basename": "osx-64/xmltodict-0.9.2-py36_0.tar.bz2",
            "dependencies": {
                "depends": [
                    {
                        "name": "python",
                        "specs": [
                            [
                                "==",
                                "3.6"
                            ]
                        ]
                    }
                ]
            },
            "description": null,
            "distribution_type": "conda",
            "download_url": "//api.anaconda.org/download/bioconda/xmltodict/0.9.2/osx-64/xmltodict-0.9.2-py36_0.tar.bz2",
            "full_name": "bioconda/xmltodict/0.9.2/osx-64/xmltodict-0.9.2-py36_0.tar.bz2",
            "labels": [
                "main",
                "cf201901"
            ],
            "md5": "d3f32760f3446b57c63548efe1ae3c30",
            "ndownloads": 1103,
            "owner": "bioconda",
            "size": 12640,
            "type": "conda",
            "upload_time": "2017-05-09 13:41:36.230000+00:00",
            "version": "0.9.2"
        },
        {
            "attrs": {
                "arch": "x86_64",
                "build": "py35_0",
                "build_number": 0,
                "depends": [
                    "python 3.5*"
                ],
                "license": "MIT License",
                "machine": "x86_64",
                "operatingsystem": "linux",
                "platform": "linux",
                "subdir": "linux-64",
                "target-triplet": "x86_64-any-linux"
            },
            "basename": "linux-64/xmltodict-0.9.2-py35_0.tar.bz2",
            "dependencies": {
                "depends": [
                    {
                        "name": "python",
                        "specs": [
                            [
                                "==",
                                "3.5"
                            ]
                        ]
                    }
                ]
            },
            "description": null,
            "distribution_type": "conda",
            "download_url": "//api.anaconda.org/download/bioconda/xmltodict/0.9.2/linux-64/xmltodict-0.9.2-py35_0.tar.bz2",
            "full_name": "bioconda/xmltodict/0.9.2/linux-64/xmltodict-0.9.2-py35_0.tar.bz2",
            "labels": [
                "main",
                "cf201901"
            ],
            "md5": "6d4d50ed31df788c8b70feaace03de4b",
            "ndownloads": 4587,
            "owner": "bioconda",
            "size": 12040,
            "type": "conda",
            "upload_time": "2015-10-21 14:22:20.524000+00:00",
            "version": "0.9.2"
        },
        {
            "attrs": {
                "arch": "x86_64",
                "build": "py36_0",
                "build_number": 0,
                "depends": [
                    "python 3.6*"
                ],
                "has_prefix": false,
                "license": "MIT License",
                "machine": "x86_64",
                "operatingsystem": "linux",
                "platform": "linux",
                "subdir": "linux-64",
                "target-triplet": "x86_64-any-linux"
            },
            "basename": "linux-64/xmltodict-0.9.2-py36_0.tar.bz2",
            "dependencies": {
                "depends": [
                    {
                        "name": "python",
                        "specs": [
                            [
                                "==",
                                "3.6"
                            ]
                        ]
                    }
                ]
            },
            "description": null,
            "distribution_type": "conda",
            "download_url": "//api.anaconda.org/download/bioconda/xmltodict/0.9.2/linux-64/xmltodict-0.9.2-py36_0.tar.bz2",
            "full_name": "bioconda/xmltodict/0.9.2/linux-64/xmltodict-0.9.2-py36_0.tar.bz2",
            "labels": [
                "main",
                "cf201901"
            ],
            "md5": "33742d09bf7f607208a509006e018696",
            "ndownloads": 6792,
            "owner": "bioconda",
            "size": 12982,
            "type": "conda",
            "upload_time": "2017-05-06 09:06:52.412000+00:00",
            "version": "0.9.2"
        }
    ],
    "full_name": "bioconda/xmltodict",
    "home": "None",
    "html_url": "http://anaconda.org/bioconda/xmltodict",
    "id": "5615b4c6b7eda55c628b1d2a",
    "latest_version": "0.9.2",
    "license": "MIT License",
    "license_url": {},
    "modified_at": "2017-05-09 13:41:37.610000+00:00",
    "name": "xmltodict",
    "owner": {
        "company": "",
        "created_at": "2015-09-11 22:59:20.880000+00:00",
        "description": "Bioconda is a distribution of bioinformatics software realized as a channel for the versatile Conda package manager.",
        "location": "",
        "login": "bioconda",
        "name": "bioconda",
        "url": "",
        "user_type": "org"
    },
    "package_types": [
        "conda"
    ],
    "public": true,
    "releases": [
        {
            "distributions": [
                "linux-64/xmltodict-0.9.2-py27_0.tar.bz2",
                "linux-64/xmltodict-0.9.2-py34_0.tar.bz2",
                "osx-64/xmltodict-0.9.2-py34_0.tar.bz2",
                "osx-64/xmltodict-0.9.2-py27_0.tar.bz2",
                "osx-64/xmltodict-0.9.2-py35_0.tar.bz2",
                "linux-64/xmltodict-0.9.2-py35_0.tar.bz2"
            ],
            "full_name": "bioconda/xmltodict/0.9.2",
            "version": "0.9.2"
        }
    ],
    "revision": 7,
    "source_git_tag": {},
    "source_git_url": {},
    "summary": "Makes working with XML feel like you are working with JSON",
    "upvoted": 0,
    "url": "http://api.anaconda.org/packages/bioconda/xmltodict",
    "versions": [
        "0.9.2"
    ],
    "watchers": 1
}