{
    "app_entry": {},
    "app_summary": {},
    "app_type": {},
    "builds": [
        "py35h2d50403_1",
        "py27_0",
        "py36_0",
        "py27h2d50403_1",
        "py36h2d50403_1",
        "py35_0"
    ],
    "conda_platforms": [
        "linux-64",
        "osx-64"
    ],
    "created_at": "2017-06-30 14:10:33.376000+00:00",
    "description": "",
    "dev_url": null,
    "doc_url": null,
    "files": [
        {
            "attrs": {
                "arch": "x86_64",
                "build": "py27h2d50403_1",
                "build_number": 1,
                "depends": [
                    "python >=2.7,<2.8.0a0"
                ],
                "has_prefix": true,
                "license": "BSD License",
                "license_family": "BSD",
                "machine": "x86_64",
                "operatingsystem": "darwin",
                "platform": "osx",
                "subdir": "osx-64",
                "target-triplet": "x86_64-any-darwin",
                "timestamp": 1532612212228
            },
            "basename": "osx-64/xxhash-1.0.1-py27h2d50403_1.tar.bz2",
            "dependencies": {
                "depends": [
                    {
                        "name": "python",
                        "specs": [
                            [
                                ">=",
                                "2.7,<2.8.0a0"
                            ]
                        ]
                    }
                ]
            },
            "description": null,
            "distribution_type": "conda",
            "download_url": "//api.anaconda.org/download/bioconda/xxhash/1.0.1/osx-64/xxhash-1.0.1-py27h2d50403_1.tar.bz2",
            "full_name": "bioconda/xxhash/1.0.1/osx-64/xxhash-1.0.1-py27h2d50403_1.tar.bz2",
            "labels": [
                "main",
                "cf201901"
            ],
            "md5": "dcae7d889e195c8ab3bdbaa40cfbbc9c",
            "ndownloads": 39,
            "owner": "bioconda",
            "size": 17285,
            "type": "conda",
            "upload_time": "2018-07-26 13:39:07.993000+00:00",
            "version": "1.0.1"
        },
        {
            "attrs": {
                "arch": "x86_64",
                "build": "py35h2d50403_1",
                "build_number": 1,
                "depends": [
                    "python >=3.5,<3.6.0a0"
                ],
                "has_prefix": true,
                "license": "BSD License",
                "license_family": "BSD",
                "machine": "x86_64",
                "operatingsystem": "darwin",
                "platform": "osx",
                "subdir": "osx-64",
                "target-triplet": "x86_64-any-darwin",
                "timestamp": 1532612321097
            },
            "basename": "osx-64/xxhash-1.0.1-py35h2d50403_1.tar.bz2",
            "dependencies": {
                "depends": [
                    {
                        "name": "python",
                        "specs": [
                            [
                                ">=",
                                "3.5,<3.6.0a0"
                            ]
                        ]
                    }
                ]
            },
            "description": null,
            "distribution_type": "conda",
            "download_url": "//api.anaconda.org/download/bioconda/xxhash/1.0.1/osx-64/xxhash-1.0.1-py35h2d50403_1.tar.bz2",
            "full_name": "bioconda/xxhash/1.0.1/osx-64/xxhash-1.0.1-py35h2d50403_1.tar.bz2",
            "labels": [
                "main",
                "cf201901"
            ],
            "md5": "a8c863f58374d20da99f99968f998cc0",
            "ndownloads": 26,
            "owner": "bioconda",
            "size": 17502,
            "type": "conda",
            "upload_time": "2018-07-26 13:39:16.053000+00:00",
            "version": "1.0.1"
        },
        {
            "attrs": {
                "arch": "x86_64",
                "build": "py36h2d50403_1",
                "build_number": 1,
                "depends": [
                    "python >=3.6,<3.7.0a0"
                ],
                "has_prefix": true,
                "license": "BSD License",
                "license_family": "BSD",
                "machine": "x86_64",
                "operatingsystem": "darwin",
                "platform": "osx",
                "subdir": "osx-64",
                "target-triplet": "x86_64-any-darwin",
                "timestamp": 1532612269989
            },
            "basename": "osx-64/xxhash-1.0.1-py36h2d50403_1.tar.bz2",
            "dependencies": {
                "depends": [
                    {
                        "name": "python",
                        "specs": [
                            [
                                ">=",
                                "3.6,<3.7.0a0"
                            ]
                        ]
                    }
                ]
            },
            "description": null,
            "distribution_type": "conda",
            "download_url": "//api.anaconda.org/download/bioconda/xxhash/1.0.1/osx-64/xxhash-1.0.1-py36h2d50403_1.tar.bz2",
            "full_name": "bioconda/xxhash/1.0.1/osx-64/xxhash-1.0.1-py36h2d50403_1.tar.bz2",
            "labels": [
                "main",
                "cf201901"
            ],
            "md5": "ce028faa795c1780e8509d4bbf71f61e",
            "ndownloads": 631,
            "owner": "bioconda",
            "size": 17487,
            "type": "conda",
            "upload_time": "2018-07-26 13:39:11.587000+00:00",
            "version": "1.0.1"
        },
        {
            "attrs": {
                "arch": "x86_64",
                "build": "py27h2d50403_1",
                "build_number": 1,
                "depends": [
                    "libstdcxx-ng >=4.9",
                    "python >=2.7,<2.8.0a0"
                ],
                "has_prefix": true,
                "license": "BSD License",
                "license_family": "BSD",
                "machine": "x86_64",
                "operatingsystem": "linux",
                "platform": "linux",
                "subdir": "linux-64",
                "target-triplet": "x86_64-any-linux",
                "timestamp": 1532613641724
            },
            "basename": "linux-64/xxhash-1.0.1-py27h2d50403_1.tar.bz2",
            "dependencies": {
                "depends": [
                    {
                        "name": "libstdcxx-ng",
                        "specs": [
                            [
                                ">=",
                                "4.9"
                            ]
                        ]
                    },
                    {
                        "name": "python",
                        "specs": [
                            [
                                ">=",
                                "2.7,<2.8.0a0"
                            ]
                        ]
                    }
                ]
            },
            "description": null,
            "distribution_type": "conda",
            "download_url": "//api.anaconda.org/download/bioconda/xxhash/1.0.1/linux-64/xxhash-1.0.1-py27h2d50403_1.tar.bz2",
            "full_name": "bioconda/xxhash/1.0.1/linux-64/xxhash-1.0.1-py27h2d50403_1.tar.bz2",
            "labels": [
                "main",
                "cf201901"
            ],
            "md5": "c2a80c94ad2d19a07611f72744a69046",
            "ndownloads": 180,
            "owner": "bioconda",
            "size": 44222,
            "type": "conda",
            "upload_time": "2018-07-26 14:05:31.687000+00:00",
            "version": "1.0.1"
        },
        {
            "attrs": {
                "arch": "x86_64",
                "build": "py35h2d50403_1",
                "build_number": 1,
                "depends": [
                    "libstdcxx-ng >=4.9",
                    "python >=3.5,<3.6.0a0"
                ],
                "has_prefix": true,
                "license": "BSD License",
                "license_family": "BSD",
                "machine": "x86_64",
                "operatingsystem": "linux",
                "platform": "linux",
                "subdir": "linux-64",
                "target-triplet": "x86_64-any-linux",
                "timestamp": 1532613688445
            },
            "basename": "linux-64/xxhash-1.0.1-py35h2d50403_1.tar.bz2",
            "dependencies": {
                "depends": [
                    {
                        "name": "libstdcxx-ng",
                        "specs": [
                            [
                                ">=",
                                "4.9"
                            ]
                        ]
                    },
                    {
                        "name": "python",
                        "specs": [
                            [
                                ">=",
                                "3.5,<3.6.0a0"
                            ]
                        ]
                    }
                ]
            },
            "description": null,
            "distribution_type": "conda",
            "download_url": "//api.anaconda.org/download/bioconda/xxhash/1.0.1/linux-64/xxhash-1.0.1-py35h2d50403_1.tar.bz2",
            "full_name": "bioconda/xxhash/1.0.1/linux-64/xxhash-1.0.1-py35h2d50403_1.tar.bz2",
            "labels": [
                "main",
                "cf201901"
            ],
            "md5": "1f58123b3e855c60f73d127f121061e5",
            "ndownloads": 161,
            "owner": "bioconda",
            "size": 45194,
            "type": "conda",
            "upload_time": "2018-07-26 14:05:26.421000+00:00",
            "version": "1.0.1"
        },
        {
            "attrs": {
                "arch": "x86_64",
                "build": "py36_0",
                "build_number": 0,
                "depends": [
                    "python 3.6*"
                ],
                "has_prefix": true,
                "license": "BSD License",
                "license_family": "BSD",
                "machine": "x86_64",
                "operatingsystem": "darwin",
                "platform": "osx",
                "subdir": "osx-64",
                "target-triplet": "x86_64-any-darwin"
            },
            "basename": "osx-64/xxhash-1.0.1-py36_0.tar.bz2",
            "dependencies": {
                "depends": [
                    {
                        "name": "python",
                        "specs": [
                            [
                                "==",
                                "3.6"
                            ]
                        ]
                    }
                ]
            },
            "description": null,
            "distribution_type": "conda",
            "download_url": "//api.anaconda.org/download/bioconda/xxhash/1.0.1/osx-64/xxhash-1.0.1-py36_0.tar.bz2",
            "full_name": "bioconda/xxhash/1.0.1/osx-64/xxhash-1.0.1-py36_0.tar.bz2",
            "labels": [
                "main",
                "cf201901"
            ],
            "md5": "db4590cfa7cb10eb00c2896b91f9b9b5",
            "ndownloads": 415,
            "owner": "bioconda",
            "size": 17078,
            "type": "conda",
            "upload_time": "2017-06-30 14:10:33.729000+00:00",
            "version": "1.0.1"
        },
        {
            "attrs": {
                "arch": "x86_64",
                "build": "py27_0",
                "build_number": 0,
                "depends": [
                    "python 2.7*"
                ],
                "has_prefix": false,
                "license": "BSD License",
                "license_family": "BSD",
                "machine": "x86_64",
                "operatingsystem": "linux",
                "platform": "linux",
                "subdir": "linux-64",
                "target-triplet": "x86_64-any-linux"
            },
            "basename": "linux-64/xxhash-1.0.1-py27_0.tar.bz2",
            "dependencies": {
                "depends": [
                    {
                        "name": "python",
                        "specs": [
                            [
                                "==",
                                "2.7"
                            ]
                        ]
                    }
                ]
            },
            "description": null,
            "distribution_type": "conda",
            "download_url": "//api.anaconda.org/download/bioconda/xxhash/1.0.1/linux-64/xxhash-1.0.1-py27_0.tar.bz2",
            "full_name": "bioconda/xxhash/1.0.1/linux-64/xxhash-1.0.1-py27_0.tar.bz2",
            "labels": [
                "main",
                "cf201901"
            ],
            "md5": "b1595875ce6d735ee89228c1eabe17bd",
            "ndownloads": 1269,
            "owner": "bioconda",
            "size": 44482,
            "type": "conda",
            "upload_time": "2017-06-30 14:10:53.355000+00:00",
            "version": "1.0.1"
        },
        {
            "attrs": {
                "arch": "x86_64",
                "build": "py27_0",
                "build_number": 0,
                "depends": [
                    "python 2.7*"
                ],
                "has_prefix": false,
                "license": "BSD License",
                "license_family": "BSD",
                "machine": "x86_64",
                "operatingsystem": "darwin",
                "platform": "osx",
                "subdir": "osx-64",
                "target-triplet": "x86_64-any-darwin"
            },
            "basename": "osx-64/xxhash-1.0.1-py27_0.tar.bz2",
            "dependencies": {
                "depends": [
                    {
                        "name": "python",
                        "specs": [
                            [
                                "==",
                                "2.7"
                            ]
                        ]
                    }
                ]
            },
            "description": null,
            "distribution_type": "conda",
            "download_url": "//api.anaconda.org/download/bioconda/xxhash/1.0.1/osx-64/xxhash-1.0.1-py27_0.tar.bz2",
            "full_name": "bioconda/xxhash/1.0.1/osx-64/xxhash-1.0.1-py27_0.tar.bz2",
            "labels": [
                "main",
                "cf201901"
            ],
            "md5": "1e4d8dd6f6f45658cf7ee223e5ac05a3",
            "ndownloads": 55,
            "owner": "bioconda",
            "size": 17845,
            "type": "conda",
            "upload_time": "2017-06-30 14:13:38.786000+00:00",
            "version": "1.0.1"
        },
        {
            "attrs": {
                "arch": "x86_64",
                "build": "py35_0",
                "build_number": 0,
                "depends": [
                    "python 3.5*"
                ],
                "has_prefix": true,
                "license": "BSD License",
                "license_family": "BSD",
                "machine": "x86_64",
                "operatingsystem": "linux",
                "platform": "linux",
                "subdir": "linux-64",
                "target-triplet": "x86_64-any-linux"
            },
            "basename": "linux-64/xxhash-1.0.1-py35_0.tar.bz2",
            "dependencies": {
                "depends": [
                    {
                        "name": "python",
                        "specs": [
                            [
                                "==",
                                "3.5"
                            ]
                        ]
                    }
                ]
            },
            "description": null,
            "distribution_type": "conda",
            "download_url": "//api.anaconda.org/download/bioconda/xxhash/1.0.1/linux-64/xxhash-1.0.1-py35_0.tar.bz2",
            "full_name": "bioconda/xxhash/1.0.1/linux-64/xxhash-1.0.1-py35_0.tar.bz2",
            "labels": [
                "main",
                "cf201901"
            ],
            "md5": "fe84d08774448a04d3fcd8f4bd49dd15",
            "ndownloads": 515,
            "owner": "bioconda",
            "size": 45211,
            "type": "conda",
            "upload_time": "2017-06-30 14:14:25.086000+00:00",
            "version": "1.0.1"
        },
        {
            "attrs": {
                "arch": "x86_64",
                "build": "py35_0",
                "build_number": 0,
                "depends": [
                    "python 3.5*"
                ],
                "has_prefix": true,
                "license": "BSD License",
                "license_family": "BSD",
                "machine": "x86_64",
                "operatingsystem": "darwin",
                "platform": "osx",
                "subdir": "osx-64",
                "target-triplet": "x86_64-any-darwin"
            },
            "basename": "osx-64/xxhash-1.0.1-py35_0.tar.bz2",
            "dependencies": {
                "depends": [
                    {
                        "name": "python",
                        "specs": [
                            [
                                "==",
                                "3.5"
                            ]
                        ]
                    }
                ]
            },
            "description": null,
            "distribution_type": "conda",
            "download_url": "//api.anaconda.org/download/bioconda/xxhash/1.0.1/osx-64/xxhash-1.0.1-py35_0.tar.bz2",
            "full_name": "bioconda/xxhash/1.0.1/osx-64/xxhash-1.0.1-py35_0.tar.bz2",
            "labels": [
                "main",
                "cf201901"
            ],
            "md5": "55d4a76cf97691e4eed58352a6425840",
            "ndownloads": 39,
            "owner": "bioconda",
            "size": 17063,
            "type": "conda",
            "upload_time": "2017-06-30 14:16:44.934000+00:00",
            "version": "1.0.1"
        },
        {
            "attrs": {
                "arch": "x86_64",
                "build": "py36_0",
                "build_number": 0,
                "depends": [
                    "python 3.6*"
                ],
                "has_prefix": true,
                "license": "BSD License",
                "license_family": "BSD",
                "machine": "x86_64",
                "operatingsystem": "linux",
                "platform": "linux",
                "subdir": "linux-64",
                "target-triplet": "x86_64-any-linux"
            },
            "basename": "linux-64/xxhash-1.0.1-py36_0.tar.bz2",
            "dependencies": {
                "depends": [
                    {
                        "name": "python",
                        "specs": [
                            [
                                "==",
                                "3.6"
                            ]
                        ]
                    }
                ]
            },
            "description": null,
            "distribution_type": "conda",
            "download_url": "//api.anaconda.org/download/bioconda/xxhash/1.0.1/linux-64/xxhash-1.0.1-py36_0.tar.bz2",
            "full_name": "bioconda/xxhash/1.0.1/linux-64/xxhash-1.0.1-py36_0.tar.bz2",
            "labels": [
                "main",
                "cf201901"
            ],
            "md5": "131e38690dcff6260dbc3241b527672f",
            "ndownloads": 754,
            "owner": "bioconda",
            "size": 45240,
            "type": "conda",
            "upload_time": "2017-06-30 14:17:43.516000+00:00",
            "version": "1.0.1"
        },
        {
            "attrs": {
                "arch": "x86_64",
                "build": "py36h2d50403_1",
                "build_number": 1,
                "depends": [
                    "libstdcxx-ng >=4.9",
                    "python >=3.6,<3.7.0a0"
                ],
                "has_prefix": true,
                "license": "BSD License",
                "license_family": "BSD",
                "machine": "x86_64",
                "operatingsystem": "linux",
                "platform": "linux",
                "subdir": "linux-64",
                "target-triplet": "x86_64-any-linux",
                "timestamp": 1532613603585
            },
            "basename": "linux-64/xxhash-1.0.1-py36h2d50403_1.tar.bz2",
            "dependencies": {
                "depends": [
                    {
                        "name": "libstdcxx-ng",
                        "specs": [
                            [
                                ">=",
                                "4.9"
                            ]
                        ]
                    },
                    {
                        "name": "python",
                        "specs": [
                            [
                                ">=",
                                "3.6,<3.7.0a0"
                            ]
                        ]
                    }
                ]
            },
            "description": null,
            "distribution_type": "conda",
            "download_url": "//api.anaconda.org/download/bioconda/xxhash/1.0.1/linux-64/xxhash-1.0.1-py36h2d50403_1.tar.bz2",
            "full_name": "bioconda/xxhash/1.0.1/linux-64/xxhash-1.0.1-py36h2d50403_1.tar.bz2",
            "labels": [
                "main",
                "cf201901"
            ],
            "md5": "8a6d6019e1fb48d8873ae48c36ec8255",
            "ndownloads": 311,
            "owner": "bioconda",
            "size": 45210,
            "type": "conda",
            "upload_time": "2018-07-26 14:05:23.665000+00:00",
            "version": "1.0.1"
        }
    ],
    "full_name": "bioconda/xxhash",
    "home": "https://github.com/ifduyue/python-xxhash",
    "html_url": "http://anaconda.org/bioconda/xxhash",
    "id": "59565bd9ca7a6112468159e4",
    "latest_version": "1.0.1",
    "license": "BSD License",
    "license_url": null,
    "modified_at": "2018-07-26 14:05:32.131000+00:00",
    "name": "xxhash",
    "owner": {
        "company": "",
        "created_at": "2015-09-11 22:59:20.880000+00:00",
        "description": "Bioconda is a distribution of bioinformatics software realized as a channel for the versatile Conda package manager.",
        "location": "",
        "login": "bioconda",
        "name": "bioconda",
        "url": "",
        "user_type": "org"
    },
    "package_types": [
        "conda"
    ],
    "public": true,
    "releases": [
        {
            "distributions": [],
            "full_name": "bioconda/xxhash/1.0.1",
            "version": "1.0.1"
        }
    ],
    "revision": 2,
    "source_git_tag": null,
    "source_git_url": null,
    "summary": "Python binding for xxHash",
    "upvoted": 0,
    "url": "http://api.anaconda.org/packages/bioconda/xxhash",
    "versions": [
        "1.0.1"
    ],
    "watchers": 1
}